code,provider,platformKey,name,gameType,img,localImage
"49","JILI","JILI_SLOT","super ace","1","20260312226eeaf8-f4a4-41ae-a366-19b02624297a.webp","images/JILI__super_ace__49.webp"
"1492288","PG","PG_SLOT","Pinata Wins","1","20260520153ff711-73cc-4221-bed4-a08acc09262a.png","images/PG__Pinata_Wins__1492288.png"
"leqhceumaq6qfoug","EVO","EVO_LIVE","speed baccarat a","2","20260622501843d8-828a-4f7a-ac00-e44b7b4c6667.png","images/EVO__speed_baccarat_a__leqhceumaq6qfoug.png"
"807","JILI","JILI_SLOT","fortune garuda 1000","1","202607010c5e4ca6-64b4-4e4b-b7d0-feb9ef2a87d0.png","images/JILI__fortune_garuda_1000__807.png"
"135","PG","PG_SLOT","wild bounty showdown","1","20260312ecab26fb-ec71-4c2d-9e1b-0739f460a3f0.webp","images/PG__wild_bounty_showdown__135.webp"
"CrazyTime0000002","EVO","EVO_LIVE","crazy time a","2","202606225297dd26-ec95-4eef-8d34-7bb010b1ddb2.png","images/EVO__crazy_time_a__CrazyTime0000002.png"
"S5G-H5-99928","5G","5G_SLOT","piñata 1000","1","20260626111821df-d5a1-408d-ac5f-f11eac6fcbc5.png","images/5G__pi_ata_1000__S5G-H5-99928.png"
"403","JILI","JILI_SLOT","super ace deluxe","1","20250829ac23cb12-3d4e-48c8-9663-3642622e18fc.webp","images/JILI__super_ace_deluxe__403.webp"
"101007","OP","OMNIPLAY_SLOT","super gems","1","20260614b48916ea-41ec-4446-b930-dd596ec3e3c8.jpg","images/OP__super_gems__101007.jpg"
"696","JILI","JILI_SLOT","fortune garuda 500","1","20260520b904daf9-d44c-4da8-8e12-a95d190bbf5d.png","images/JILI__fortune_garuda_500__696.png"
"74","PG","PG_SLOT","Mahjong Ways 2","1","202508286e2282ed-46a0-473b-bd9e-56c49d6673c7.png","images/PG__Mahjong_Ways_2__74.png"
"300","JILI","JILI_SLOT","Fortune Gems 3","1","20260312e4311142-bf0b-4d4b-aa39-82cbef2b1ad5.webp","images/JILI__Fortune_Gems_3__300.webp"
"223","JILI","JILI_SLOT","Fortune Gems 2","1","2025082981a42f5f-ff66-4748-a3a2-11ad88bccff0.webp","images/JILI__Fortune_Gems_2__223.webp"
"542","JILI","JILI_SLOT","Super Ace 2","1","2025092418ec4c38-0fa4-4636-8744-11a5143752df.webp","images/JILI__Super_Ace_2__542.webp"
"103","JILI","JILI_SLOT","Golden Empire","1","20250829669e647f-9258-4fe5-8d9c-c5e0960f11c7.webp","images/JILI__Golden_Empire__103.webp"
"664","JILI","JILI_SLOT","lucky jaguar 500 ","1","2026040883886c0d-e23f-46ce-a1ab-10f6b135dd23.webp","images/JILI__lucky_jaguar_500__664.webp"
"101008","OP","OMNIPLAY_SLOT","candy blast 1000","1","20260509af42fc16-d6cd-4189-a48e-5a683284afd5.webp","images/OP__candy_blast_1000__101008.webp"
"22071","FC","FC_SLOT","Sugar Bang Bang 2","1","20260312412309a2-5b77-4396-bd51-30b35a2aaee5.webp","images/FC__Sugar_Bang_Bang_2__22071.webp"
"22064","FC","FC_SLOT","chinese new year moreways","1","20260521a6a050a2-f68f-44d7-bf25-e07af5da87d7.jpg","images/FC__chinese_new_year_moreways__22064.jpg"
"22020","FC","FC_SLOT","chinese new year","1","2025082942ea0e32-65cf-4c9a-a497-120adb2cdc57.webp","images/FC__chinese_new_year__22020.webp"
"14093","JDB","JDB_SLOT","magic ace wild lock","1","20251008f0eb2cf7-3f57-454a-ad5e-62f9c401f161.webp","images/JDB__magic_ace_wild_lock__14093.webp"
"109","JILI","JILI_SLOT","Fortune Gems","1","202603129b939f38-815e-4644-bce7-8166130bb92d.webp","images/JILI__Fortune_Gems__109.webp"
"101010","OP","OMNIPLAY_SLOT","wild train","1","20260509abacd150-d5d7-4c52-bb77-1626939fe18f.jpg","images/OP__wild_train__101010.jpg"
"22092","FC","FC_SLOT","dj boom boom","1","202603263147fded-b54b-4987-b551-f3972ec89951.webp","images/FC__dj_boom_boom__22092.webp"
"104","PG","PG_SLOT","Wild Bandito","1","202508299f96622b-8f23-4383-83c4-eb62be79ed4b.png","images/PG__Wild_Bandito__104.png"
"588","JILI","JILI_SLOT","super ace 3","1","202604278a791ef2-7235-4fa4-a2c1-1bb8a8e4a864.png","images/JILI__super_ace_3__588.png"
"51","JILI","JILI_SLOT","Money Coming","1","2025082955915324-88a6-45b6-a0c5-9b1f0618dbd8.webp","images/JILI__Money_Coming__51.webp"
"65","PG","PG_SLOT","Mahjong Ways","1","202508280e8866f2-097a-4269-9ccd-f54922b2defa.png","images/PG__Mahjong_Ways__65.png"
"vs20sugarrushx","PP","PP_SLOT","Sugar Rush 1000","1","20260311c80502a8-1b32-4485-806e-ccf67912ae16.webp","images/PP__Sugar_Rush_1000__vs20sugarrushx.webp"
"87","PG","PG_SLOT","Treasures of Aztec","1","202508284863d17c-9414-4d9c-ab06-94fcfff9cc1c.png","images/PG__Treasures_of_Aztec__87.png"
"22047","FC","FC_SLOT","golden genie","1","20250829dbc1e40c-a988-4c83-8e58-bad462831d63.webp","images/FC__golden_genie__22047.webp"
"1508783","PG","PG_SLOT","Wild Ape #3258","1","20260312bced885f-bb48-4fa0-a483-f398ba2d7786.webp","images/PG__Wild_Ape_3258__1508783.webp"
"77","JILI","JILI_SLOT","Boxing King","1","20250829d5225b2c-9ba9-4ab5-8c73-a86eaf644d32.webp","images/JILI__Boxing_King__77.webp"
"22086","FC","FC_SLOT","open vault","1","202605211810fba4-4b53-4cb3-aaa4-a9fb98c34f5e.jpg","images/FC__open_vault__22086.jpg"
"vs20olympx","PP","PP_SLOT","Gates of Olympus 1000","1","2025072228519530-00d6-42df-81dd-2115377bca56.png","images/PP__Gates_of_Olympus_1000__vs20olympx.png"
"392","JILI","JILI_SLOT","Coin Tree","1","20251029c2a92322-3704-4ed5-bd36-eb993e538175.webp","images/JILI__Coin_Tree__392.webp"
"33","JILI","JILI_SLOT","FortunePig","1","2025082947928c1e-79c1-48d4-a62d-7acb63e5247c.webp","images/JILI__FortunePig__33.webp"
"1760238","PG","PG_SLOT","Yakuza Honor","1","2025100882f0e0ee-8773-444a-8376-3d137917b5c1.png","images/PG__Yakuza_Honor__1760238.png"
"KYS-H5-99980","5G","5G_SLOT","golden island","1","20260123e1b28355-fd98-4b5f-b6db-6ea653700e44.png","images/5G__golden_island__KYS-H5-99980.png"
"S5G-H5-99947","5G","5G_SLOT","wild bounty","1","2026012388f0dc8b-b8a7-41ca-9f35-5799ac0feb64.png","images/5G__wild_bounty__S5G-H5-99947.png"
"S5G-H5-99956","5G","5G_SLOT","fortune trio","1","2026012399a4492d-0f7a-4fb2-8e73-71c2cedd7561.png","images/5G__fortune_trio__S5G-H5-99956.png"
"S5G-H5-99958","5G","5G_SLOT","sugar high 5","1","2026012339f592a1-dcb2-4fc2-8eec-5422930facb2.png","images/5G__sugar_high_5__S5G-H5-99958.png"
"S5G-H5-99957","5G","5G_SLOT","color bingo","1","20260123100abe72-eaa9-4928-8331-69f1ef699093.png","images/5G__color_bingo__S5G-H5-99957.png"
"6","JILI","JILI_SLOT","Fortune Tree","1","2025082982c7728a-42dc-4b66-8cc9-bacfa8e681ac.webp","images/JILI__Fortune_Tree__6.webp"
"vs20fruitsw","PP","PP_SLOT","sweet bonanza","1","202601049bdcb760-91c1-4ec9-9771-a124621de936.png","images/PP__sweet_bonanza__vs20fruitsw.png"
"vs20starlightx","PP","PP_SLOT","Starlight Princess 1000","1","202603117cf3f2a8-3529-49de-b00f-eddbeceab6f2.webp","images/PP__Starlight_Princess_1000__vs20starlightx.webp"
"vs20sugrux","PP","PP_SLOT","Sugar Rush Xmas","1","2026011885e6986d-5bf3-4310-97f2-ee810015d5ca.webp","images/PP__Sugar_Rush_Xmas__vs20sugrux.webp"
"84","PG","PG_SLOT","Queen of Bounty","1","2025082911de6d89-cc1e-4de9-a66f-93c3ea3848ab.png","images/PG__Queen_of_Bounty__84.png"
"421","JILI","JILI_SLOT","lucky jaguar","1","20260118504f2a64-72b4-4f9d-9663-5ddc0eaaca34.webp","images/JILI__lucky_jaguar__421.webp"
"vs20fruitswx","PP","PP_SLOT","sweet bonanza 1000","1","20260311ea2ff86b-298d-4d2f-953c-44e8a91948df.webp","images/PP__sweet_bonanza_1000__vs20fruitswx.webp"
"vs20procountx","PP","PP_SLOT","Wisdom of Athena 1000","1","2025100887fbb8a2-5d0a-405d-b2d6-ed7c9cfebad0.jpg","images/PP__Wisdom_of_Athena_1000__vs20procountx.jpg"
"vs20olympgcl","PP","PP_SLOT","fortune of olympus","1","20260408b66d01d9-f565-4161-b72a-ac31af9d24f8.webp","images/PP__fortune_of_olympus__vs20olympgcl.webp"
"vs20olympgold","PP","PP_SLOT","gates of olympus super scatter","1","202604084c2aeab6-4d2e-4504-ae16-981d143ade82.webp","images/PP__gates_of_olympus_super_scatter__vs20olympgold.webp"
"vs20sugrushss","PP","PP_SLOT","sugar rush super scatter","1","2026040898a450ba-75ca-44cd-93c0-5730f205fb50.webp","images/PP__sugar_rush_super_scatter__vs20sugrushss.webp"
"vs20swrbon","PP","PP_SLOT","sweet rush bonanza","1","20260408fd3ad4e4-17d3-43c4-893f-44089e5774e7.webp","images/PP__sweet_rush_bonanza__vs20swrbon.webp"
"47","JILI","JILI_SLOT","Charge Buffalo","1","20250829862e5f65-3d72-4778-923b-dbb6be35f74e.webp","images/JILI__Charge_Buffalo__47.webp"
"110","JILI","JILI_SLOT","Alibaba","1","202508299216f7c0-0d6a-4afe-b878-2505b2dcceea.webp","images/JILI__Alibaba__110.webp"
"181","JILI","JILI_SLOT","Wild Ace","1","202508295b230065-544a-4fd0-b54e-8cfc1c8e524f.webp","images/JILI__Wild_Ace__181.webp"
"22041","FC","FC_SLOT","chinese new year 2","1","20250829e9a19c29-f9ca-4ac0-a6be-f91f40445c1b.webp","images/FC__chinese_new_year_2__22041.webp"
"22029","FC","FC_SLOT","cowboys","1","202604258f05d423-3b8d-4c30-a8ff-c2b7f867ee22.webp","images/FC__cowboys__22029.webp"
"22040","FC","FC_SLOT","lucky fortunes","1","20260311019619c5-c3b8-4928-9998-899461c755ed.webp","images/FC__lucky_fortunes__22040.webp"
"22018","FC","FC_SLOT","night market","1","202508291648be82-a22f-4617-abaa-ab99c6ec80de.webp","images/FC__night_market__22018.webp"
"22054","FC","FC_SLOT","night market 2","1","202508299f3c3cb2-e464-4b7f-bf1d-96f4e153f551.webp","images/FC__night_market_2__22054.webp"
"22043","FC","FC_SLOT","sugar bang bang","1","20260521d3c5f69c-6fc3-4cc1-8854-7f1caf83cbc8.jpg","images/FC__sugar_bang_bang__22043.jpg"
"22055","FC","FC_SLOT","super elements","1","2025082985d04372-cf86-46e7-8750-97733b9c0c37.webp","images/FC__super_elements__22055.webp"
"22049","FC","FC_SLOT","zeus","1","202508292f8fd226-75e9-4abe-b6e7-c272e8f98189.webp","images/FC__zeus__22049.webp"
"543","JILI","JILI_SLOT","Money Coming 2","1","20250924f1dcf5b0-e5f2-44e0-954c-a3e493dd90d4.webp","images/JILI__Money_Coming_2__543.webp"
"252","JILI","JILI_SLOT","Zeus","1","202508297af50bd3-2d99-40c2-aa8d-eb64cc3d70c4.webp","images/JILI__Zeus__252.webp"
"14104","JDB","JDB_SLOT","voyage of daring queen x-lock","1","202604096144d657-c1ce-4004-b77f-3acb5ae954ab.webp","images/JDB__voyage_of_daring_queen_x-lock__14104.webp"
"53","PG","PG_SLOT","The Great Icescape","1","20250829cf0758f4-e76d-4460-a26b-357f42e77277.png","images/PG__The_Great_Icescape__53.png"
"258","JILI","JILI_SLOT","Devil Fire 2","1","20250829db37599a-4602-491e-a760-b6e17be3f514.webp","images/JILI__Devil_Fire_2__258.webp"
"1040","YB","YEB_SLOT","LUCKY MEOW","1","20260409daebd18c-c4c7-42b6-9a91-9751605d133d.webp","images/YB__LUCKY_MEOW__1040.webp"
"1046","YB","YEB_SLOT"," Dragon Gems","1","20260118438c379e-821a-47a5-a8b5-a27f6ae49291.webp","images/YB__Dragon_Gems__1046.webp"
"98","PG","PG_SLOT","Fortune Ox","1","20251008feb2685e-df01-4b57-b931-5f60e5551de0.png","images/PG__Fortune_Ox__98.png"
"89","PG","PG_SLOT","Lucky Neko","1","202508288e5922b6-8250-4d1a-a802-fa2a79b1720f.png","images/PG__Lucky_Neko__89.png"
"14095","JDB","JDB_SLOT","fortune jewel","1","2026022287ecf1d5-854c-4738-9969-8c071bac642c.webp","images/JDB__fortune_jewel__14095.webp"
"460","JILI","JILI_SLOT","3 Charge Buffalo","1","2025092439120105-8f7e-44b9-8148-9e093977da10.webp","images/JILI__3_Charge_Buffalo__460.webp"
"523","JILI","JILI_SLOT","fortune coins","1","202601182feaa33f-157e-4644-9c50-6066cce4f609.webp","images/JILI__fortune_coins__523.webp"
"106","PG","PG_SLOT","Ways of the Qilin","1","20251008cdae9421-ac6d-4d3e-a081-b25b31be006a.png","images/PG__Ways_of_the_Qilin__106.png"
"134","JILI","JILI_SLOT","Mega Ace","1","202510089cf5e993-f872-4bfc-9ba5-1de3bc6fe30d.webp","images/JILI__Mega_Ace__134.webp"
"409","JILI","JILI_SLOT","Super Ace Joker","1","20251008f50d0757-7eb4-4013-996d-e6efba8818fa.webp","images/JILI__Super_Ace_Joker__409.webp"
"539","JILI","JILI_SLOT","super ace speed","1","202606153be7fe5b-5c62-434b-8d26-bd91c5b1f309.png","images/JILI__super_ace_speed__539.png"
"S5G-H5-99945","5G","5G_SLOT","super ace royal","1","202606263a312ddb-55df-492f-b975-5ac2c4feb16a.png","images/5G__super_ace_royal__S5G-H5-99945.png"
"101024","OP","OMNIPLAY_SLOT","super gems 1000","1","202606152e05b074-6250-4068-818a-a8ce49354d08.jpg","images/OP__super_gems_1000__101024.jpg"
"22098","FC","FC_SLOT","super elements 2","1","202604298d5bde46-e52a-4092-9eea-92912ded1f77.webp","images/FC__super_elements_2__22098.webp"
"1997301","PG","PG_SLOT","mayan destiny","1","2026042495335706-fece-4023-8d27-9e6c52491f45.webp","images/PG__mayan_destiny__1997301.webp"
"1950910","PG","PG_SLOT","inferno mayhem","1","20260424ebd8ed93-6c9c-4ad5-b044-d9eb7f1f62b8.webp","images/PG__inferno_mayhem__1950910.webp"
"737","JILI","JILI_CHESS","jackpot football","6","2026061735acdb96-f424-4626-a141-3b5695ccef1a.png","images/JILI__jackpot_football__737.png"
"621","JILI","JILI_SLOT","crown of fortune","1","20260617a52a76a9-c5c8-4a39-959f-bc2060f4cd93.png","images/JILI__crown_of_fortune__621.png"
"677","JILI","JILI_SLOT","high noon","1","20260702cf1bd286-17f3-4e68-ab1b-652e6ff0132c.png","images/JILI__high_noon__677.png"
"716","JILI","JILI_SLOT","blazing train","1","202607027b7098cf-0d57-4e5b-bcae-64dd28926ea6.png","images/JILI__blazing_train__716.png"
"vs20swbon2500","PP","PP_SLOT","sweet bonanza 2500","1","2026050298e52319-a4d5-40cc-a0fe-8e31f82a41d2.webp","images/PP__sweet_bonanza_2500__vs20swbon2500.webp"
"22060","FC","FC_SLOT","Poker Win","1","20260613d05d1d88-0e44-4e56-af8d-7e99aa5e8ea5.webp","images/FC__Poker_Win__22060.webp"
"22096","FC","FC_SLOT","revolver hare","1","20260702410118ea-50fc-4caa-a5cc-08059f198adf.jpg","images/FC__revolver_hare__22096.jpg"
"21004","FC","FC_FISH","bao chuan fishing","5","20250827c31ebce3-c776-46b1-bf4d-44f604e569a0.webp","images/FC__bao_chuan_fishing__21004.webp"
"vs50grghsts","PP","PP_SLOT","great ghosts","1","202605019ed1944c-7607-435b-8168-1d03eb4cd8fb.webp","images/PP__great_ghosts__vs50grghsts.webp"
"1918451","PG","PG_SLOT","galaxy miner","1","202604249ae1171e-8b24-4a25-af23-b7cebdcc8407.webp","images/PG__galaxy_miner__1918451.webp"
"101022","OP","OMNIPLAY_SLOT","champion dunk","1","2026051495ac9054-cff7-4ee1-bc39-4a9f4eaa3a93.webp","images/OP__champion_dunk__101022.webp"
"594","JILI","JILI_SLOT","fortune hook boom","1","2026051764fdac1d-ca13-40b0-8594-f7f4356d172c.png","images/JILI__fortune_hook_boom__594.png"
"598","JILI","JILI_SLOT","lucky macaw","1","20260506e57fa53a-835c-40b5-aca6-e4fe358dfc65.webp","images/JILI__lucky_macaw__598.webp"
"105010","OP","OMNIPLAY_SLOT","huang chao mei ren","1","20260514064abe4a-75d4-422e-85ab-e6f2402de8b8.webp","images/OP__huang_chao_mei_ren__105010.webp"
"105001","OP","OMNIPLAY_SLOT","hao yun cai shen","1","202605140b8b1647-76ea-4ba3-b983-75902f5aeb52.jpg","images/OP__hao_yun_cai_shen__105001.jpg"
"105003","OP","OMNIPLAY_SLOT","rong hua fu gui","1","202605145f05b30a-19d3-4386-8b63-bc40ff0e35dc.jpg","images/OP__rong_hua_fu_gui__105003.jpg"
"540","JILI","JILI_SLOT","fortune gems 500","1","202607011983923c-00dd-4575-809c-1be82073c918.png","images/JILI__fortune_gems_500__540.png"
"705","JILI","JILI_SLOT","storm of seth 2","1","202607016a632b84-0562-4d88-9d7d-2e0c1d308880.png","images/JILI__storm_of_seth_2__705.png"
"595","JILI","JILI_CHESS","dice & drop","6","20260701ed274553-cdd7-4b5d-9095-3c4f13ca80aa.png","images/JILI__dice_drop__595.png"
"652","JILI","JILI_CHESS","speed andarbahar","6","20260701ad422caf-ff21-4ff3-bf6b-19111cc24953.png","images/JILI__speed_andarbahar__652.png"
"1827457","PG","PG_SLOT","doomsday rampage","1","202604247147cc41-d687-4e58-8a2d-b783af7f7b2b.webp","images/PG__doomsday_rampage__1827457.webp"
"106002","OP","OMNIPLAY_SLOT","sugar pop","1","20260701b230fd81-8bb0-4a15-81f8-5d172759cbe0.jpg","images/OP__sugar_pop__106002.jpg"
"812","JILI","JILI_SLOT","fortune gems legend","1","20260412eecdba3c-e70c-43c1-86ef-f2d42ee642bb.webp","images/JILI__fortune_gems_legend__812.webp"
"vs10fdwhorses","PP","PP_SLOT","Floating Dragon Year of the Snake","1","2026022037b705fa-1f4e-4158-b7ef-bbd5bb46da63.webp","images/PP__Floating_Dragon_Year_of_the_Snake__vs10fdwhorses.webp"
"597","JILI","JILI_SLOT","supernova","1","20260521d69b82c0-d0ba-4b08-9d8d-93a800d61e9a.png","images/JILI__supernova__597.png"
"586","JILI","JILI_SLOT","party ape","1","2026050150ba613d-2300-40fa-9e7e-c3950beaf09c.png","images/JILI__party_ape__586.png"
"536","JILI","JILI_SLOT","lucky jaguar 2","1","20260501b0c0e1a7-f399-4323-92ba-8d9d823c369f.png","images/JILI__lucky_jaguar_2__536.png"
"591","JILI","JILI_SLOT","100 blazing clover","1","202604302c6716b4-e9e7-4a66-ad2a-b6b8d711ff6a.png","images/JILI__100_blazing_clover__591.png"
"590","JILI","JILI_SLOT","clover coins 4x4","1","2026041567ee2614-8d39-4123-9161-78bc543ebc39.webp","images/JILI__clover_coins_4x4__590.webp"
"589","JILI","JILI_SLOT","40 sparkling crown","1","20260412db77cbeb-5224-4b3c-8b15-49ac262c54a8.webp","images/JILI__40_sparkling_crown__589.webp"
"786","JILI","JILI_CHESS","football golden cup","6","202605218951015d-6f97-4844-9b7e-d3df5de111cb.png","images/JILI__football_golden_cup__786.png"
"vswaysmrcursc","PP","PP_SLOT","mr null’s wicked wares","1","2026050515d6b67b-d716-4882-b58e-8c00bb0d6261.webp","images/PP__mr_null_s_wicked_wares__vswaysmrcursc.webp"
"22050","FC","FC_SLOT","win win neko","1","2025060679acb8b6-4f39-411a-8398-6afdf0f022c6.jpg","images/FC__win_win_neko__22050.jpg"
"21003","FC","FC_FISH","monkey king fishing","5","20250606c8d8c063-f73e-431e-86fe-5199200746d0.jpg","images/FC__monkey_king_fishing__21003.jpg"
"Supercolorgame02","EVO","EVO_LIVE","perya super color game","2","20260430caa9f150-a267-45fb-bf00-3b11ccf27a50.webp","images/EVO__perya_super_color_game__Supercolorgame02.webp"
"supercolorgame01","EVO","EVO_LIVE","super color game","2","20260430e09dae6a-e862-49d4-83ef-0d30c76e0a18.webp","images/EVO__super_color_game__supercolorgame01.webp"
"SuperSicBo000001","EVO","EVO_LIVE","super sic bo","2","20260430029f2d23-9c26-45cf-9f19-98836bcdd87d.webp","images/EVO__super_sic_bo__SuperSicBo000001.webp"
"774SuperSpeedBac","EVO","EVO_LIVE","super speed baccarat","2","20260502fe8e4b6f-4308-4aad-a30b-b56f7e086537.png","images/EVO__super_speed_baccarat__774SuperSpeedBac.png"
"NoCommBac0000001","EVO","EVO_LIVE","no commission baccarat","2","20260430bf885c8e-0f55-4007-80d8-d61aba5209c6.webp","images/EVO__no_commission_baccarat__NoCommBac0000001.webp"
"CrazyTime0000001","EVO","EVO_LIVE","crazy time","2","202604307fab64c0-2344-4329-9fdc-01d98d4db05d.webp","images/EVO__crazy_time__CrazyTime0000001.webp"
"qsf65xtoyvbqoaop","EVO","EVO_LIVE","speed baccarat 1","2","20260430d9a0eb4c-ba9c-41a6-bb6f-22de8fdbb433.webp","images/EVO__speed_baccarat_1__qsf65xtoyvbqoaop.webp"
"lv2kzclunt2qnxo5","EVO","EVO_LIVE","speed baccarat b","2","20260502f65b0f69-09df-49a7-9a1e-4b8519854f53.png","images/EVO__speed_baccarat_b__lv2kzclunt2qnxo5.png"
"ndgvwvgthfuaad3q","EVO","EVO_LIVE","speed baccarat c","2","20260508dcefc697-5dca-4fce-a45f-61116f161a8c.png","images/EVO__speed_baccarat_c__ndgvwvgthfuaad3q.png"
"nmwde3fd7hvqhq43","EVO","EVO_LIVE","speed baccarat f","2","20260508fb3298a6-5e19-418a-a69b-04802cc90eca.png","images/EVO__speed_baccarat_f__nmwde3fd7hvqhq43.png"
"IceFishing000001","EVO","EVO_LIVE","ice fishing","2","20260430089cb342-4009-4967-8782-627b0e3baeaf.webp","images/EVO__ice_fishing__IceFishing000001.webp"
"FunkyTime0000001","EVO","EVO_LIVE","funky time","2","20260501fcd675e6-89f8-4a21-986f-d7a4c368c5bc.webp","images/EVO__funky_time__FunkyTime0000001.webp"
"LightningTable01","EVO","EVO_LIVE","lightning roulette","2","20260430d81c0168-a411-4d5a-bdd6-3571266b9e1c.webp","images/EVO__lightning_roulette__LightningTable01.webp"
"wzg6kdkad1oe7m5k","EVO","EVO_LIVE","vip roulette","2","202604303de175a6-fc61-485b-ba31-8531dcce806b.webp","images/EVO__vip_roulette__wzg6kdkad1oe7m5k.webp"
"PeryaSpeedBac001","EVO","EVO_LIVE","pd speed baccarat 1","2","202605010da141d1-9894-4406-9ba7-f1ce57adfdcd.png","images/EVO__pd_speed_baccarat_1__PeryaSpeedBac001.png"
"War0000000000001","EVO","EVO_LIVE","war","2","20260430c18d9c02-c079-4b87-a72b-f58eeb70c270.webp","images/EVO__war__War0000000000001.webp"
"XXXtremeLB000001","EVO","EVO_LIVE","xxxtreme lightning baccarat","2","20260521e39757c2-15ba-4ea6-b7bf-fc8619b3c1a2.png","images/EVO__xxxtreme_lightning_baccarat__XXXtremeLB000001.png"
"o4kyj7tgpwqqy4m4","EVO","EVO_LIVE","speed baccarat q","2","2026050806dabf8c-30b8-4654-aba3-1fa170038559.webp","images/EVO__speed_baccarat_q__o4kyj7tgpwqqy4m4.webp"
"nmwdzhbg7hvqh6a7","EVO","EVO_LIVE","speed baccarat g","2","20260508ea3dcea6-ddea-4d80-b379-008de4f0e064.png","images/EVO__speed_baccarat_g__nmwdzhbg7hvqh6a7.png"
"nxpj4wumgclak2lx","EVO","EVO_LIVE","speed baccarat h","2","20260508fc87dbac-0e44-48fc-bdc9-a429ed767c8c.png","images/EVO__speed_baccarat_h__nxpj4wumgclak2lx.png"
"nxpkul2hgclallno","EVO","EVO_LIVE","speed baccarat i","2","202605081e70b821-b159-419e-8f73-9ea5b063575d.png","images/EVO__speed_baccarat_i__nxpkul2hgclallno.png"
"obj64qcnqfunjelj","EVO","EVO_LIVE","speed baccarat j","2","20260508797556ff-8c3f-4700-947b-dbeaaaaa7f7d.png","images/EVO__speed_baccarat_j__obj64qcnqfunjelj.png"
"ovu5cwp54ccmymck","EVO","EVO_LIVE","speed baccarat l","2","20260508b6027140-e20a-4698-aaf5-7705fca90af9.webp","images/EVO__speed_baccarat_l__ovu5cwp54ccmymck.webp"
"ovu5eja74ccmyoiq","EVO","EVO_LIVE","speed baccarat n","2","20260508fe733102-4c15-4ece-9dac-b1c69c671ddf.webp","images/EVO__speed_baccarat_n__ovu5eja74ccmyoiq.webp"
"o4kymodby2fa2c7g","EVO","EVO_LIVE","speed baccarat s","2","202605081b01760b-6c8c-4f0e-a89f-3decee0eb60c.webp","images/EVO__speed_baccarat_s__o4kymodby2fa2c7g.webp"
"qgonc7t4ucdiel4o","EVO","EVO_LIVE","speed baccarat t","2","202605087037434b-b3e2-47ed-b08b-1f98f56596b7.webp","images/EVO__speed_baccarat_t__qgonc7t4ucdiel4o.webp"
"qgqrhfvsvltnueqf","EVO","EVO_LIVE","speed baccarat u","2","2026050848afeed8-3e68-4aa2-bd22-434f713b9de8.png","images/EVO__speed_baccarat_u__qgqrhfvsvltnueqf.png"
"qgqrrnuqvltnvejx","EVO","EVO_LIVE","speed baccarat v","2","20260508a509759d-704f-4922-b481-b5893ee5029f.webp","images/EVO__speed_baccarat_v__qgqrrnuqvltnvejx.webp"
"qgqrucipvltnvnvq","EVO","EVO_LIVE","speed baccarat w","2","2026050827147387-7cd5-4892-823b-1ce3d4ee53be.webp","images/EVO__speed_baccarat_w__qgqrucipvltnvnvq.webp"
"qgqrv4asvltnvuty","EVO","EVO_LIVE","speed baccarat x","2","20260508ecb54be8-e32f-49e4-a92d-50b55be26bbc.webp","images/EVO__speed_baccarat_x__qgqrv4asvltnvuty.webp"
"qsf63ownyvbqnz33","EVO","EVO_LIVE","speed baccarat z","2","202605082e46d622-1721-480b-960a-0aac2bc35025.webp","images/EVO__speed_baccarat_z__qsf63ownyvbqnz33.webp"
"UTHTable00000001","EVO","EVO_LIVE","ultimate texas hold'em","2","20260430bc4fbba7-a86a-4e49-983c-2cd74849a576.webp","images/EVO__ultimate_texas_hold_em__UTHTable00000001.webp"
"gwbaccarat000001","EVO","EVO_LIVE","golden wealth baccarat","2","20260521181bbcec-e657-4ef0-9e38-872fa82e1d38.png","images/EVO__golden_wealth_baccarat__gwbaccarat000001.png"
"PeryaSpeedBac002","EVO","EVO_LIVE","PD Speed Baccarat 2","2","20260614d058b297-d812-4115-bbc4-0854ebc945eb.png","images/EVO__PD_Speed_Baccarat_2__PeryaSpeedBac002.png"
"PeryaSpeedBac003","EVO","EVO_LIVE","PD Speed Baccarat 3","2","20260614f3dc282d-53b3-4f18-bfb7-29c035995eda.png","images/EVO__PD_Speed_Baccarat_3__PeryaSpeedBac003.png"
"PeryaSpeedBac004","EVO","EVO_LIVE","PD Speed Baccarat 4","2","20260614d969ef91-38c4-404a-9c6a-b5a2aca42c73.png","images/EVO__PD_Speed_Baccarat_4__PeryaSpeedBac004.png"
"SpeedBlackjack02","EVO","EVO_LIVE","speed vip blackjack b","2","20260430447b0252-ebe0-44ae-bd2c-87f03e5517bd.webp","images/EVO__speed_vip_blackjack_b__SpeedBlackjack02.webp"
"SpeedBlackjack03","EVO","EVO_LIVE","speed vip blackjack c","2","20260430a0d1e0e2-4091-4cc2-bb96-1b167aabac89.webp","images/EVO__speed_vip_blackjack_c__SpeedBlackjack03.webp"
"SpeedBlackjack04","EVO","EVO_LIVE","speed vip blackjack d","2","2026043099a7d8b8-be37-4cf3-9186-c9ab97b03542.webp","images/EVO__speed_vip_blackjack_d__SpeedBlackjack04.webp"
"ps3uhj7gteskex37","EVO","EVO_LIVE","speed vip blackjack f","2","20260430191e84d6-d742-4c0d-8f50-b34b2d2d89a1.webp","images/EVO__speed_vip_blackjack_f__ps3uhj7gteskex37.webp"
"p2f2uxiym2tmvzgq","EVO","EVO_LIVE","speed vip blackjack h","2","2026043020894037-b697-45c3-8478-589164c79091.webp","images/EVO__speed_vip_blackjack_h__p2f2uxiym2tmvzgq.webp"
"qfyyxolocjhfau7y","EVO","EVO_LIVE","speed vip blackjack k","2","20260430c88430c7-7fa5-45a8-83ed-86da3863646b.webp","images/EVO__speed_vip_blackjack_k__qfyyxolocjhfau7y.webp"
"teenpattitable01","EVO","EVO_LIVE","teen patti","2","202604306c5ab774-c989-4147-8118-8b04115959b3.webp","images/EVO__teen_patti__teenpattitable01.webp"
"n5emwq5c5dwepwam","EVO","EVO_LIVE","three card poker","2","2026043089df1456-93d7-45e5-9aa9-72419fa76d85.webp","images/EVO__three_card_poker__n5emwq5c5dwepwam.webp"
"surtfpwgbqpab4ur","EVO","EVO_LIVE","thai speed baccarat c","2","20260430ba18e122-c43b-429b-ae77-7c3c2cd2d695.webp","images/EVO__thai_speed_baccarat_c__surtfpwgbqpab4ur.webp"
"suropcmnbqpabwko","EVO","EVO_LIVE","thai speed baccarat b","2","20260430009bbed9-f9e8-423f-a7ba-b80b0de6b078.webp","images/EVO__thai_speed_baccarat_b__suropcmnbqpabwko.webp"
"pezjou3ltf6hvzjk","EVO","EVO_LIVE","thai speed baccarat a","2","20260430e2d6c2d3-fb2a-4125-8d78-cb03870e69cc.webp","images/EVO__thai_speed_baccarat_a__pezjou3ltf6hvzjk.webp"
"THBTable00000001","EVO","EVO_LIVE","texas hold'em bonus poker","2","20260430c8c1275a-d2ff-4263-a8ac-acd1e7732ca8.webp","images/EVO__texas_hold_em_bonus_poker__THBTable00000001.webp"
"197","JILI","JILI_CHESS","Color Game","6","2025090129eb99d0-9242-4593-9907-05307d17fb6c.webp","images/JILI__Color_Game__197.webp"
"653","JILI","JILI_CHESS","crash fruit","6","202606096ca4d377-303b-4eea-9aa2-4620c6740e30.webp","images/JILI__crash_fruit__653.webp"
"124","JILI","JILI_CHESS","7 up 7 down","6","20250901dc9d5399-adea-4281-a77a-8e9b2289f4ea.webp","images/JILI__7_up_7_down__124.webp"
"479","JILI","JILI_CHESS","color game extreme","6","202602164dd5e327-f279-474b-83da-1fd3461dafb6.webp","images/JILI__color_game_extreme__479.webp"
"27007","FC","FC_CHESS","super color game","6","20260216cdbcebe4-cebb-4d2b-b4c5-85a351e4c6ca.webp","images/FC__super_color_game__27007.webp"
"9010","JDB","JDB_CHESS","lucky color game","6","2026022036ead054-d3cc-4cdc-9e82-ef9ea956706a.webp","images/JDB__lucky_color_game__9010.webp"
"204","JILI","JILI_CHESS","color prediction","6","20260609fda087d7-3918-4bb3-98ae-37fc0c1640a5.webp","images/JILI__color_prediction__204.webp"
"28001","FC","FC_CHESS","Lucky 9","6","20250925e91f8215-36c3-4ae3-96ce-223927002462.webp","images/FC__Lucky_9__28001.webp"
"554","JILI","JILI_CHESS","golden treasure","6","20260213122a31d3-7dce-4389-bfa9-db473b44cca6.webp","images/JILI__golden_treasure__554.webp"
"22002","JDB","JDB_CHESS","dice","6","2026022126ee1ad5-06dd-410a-812b-87db2faad2e5.webp","images/JDB__dice__22002.webp"
"9017","JDB","JDB_CHESS","hilo","6","202604294e233ace-6033-4620-94b0-e93d970dff4e.png","images/JDB__hilo__9017.png"
"233","JILI","JILI_CHESS","HILO","6","2025090154d616e4-5f64-4292-a8f1-263f0914c925.webp","images/JILI__HILO__233.webp"
"179","JILI","JILI_CHESS","win drop","6","20260502c2dbd3ae-71ae-4f11-a793-f79b16215d1d.png","images/JILI__win_drop__179.png"
"262","JILI","JILI_CHESS","Speed Baccarat","6","20250901e6d94553-b0b3-4da6-8f7e-61b23b176990.webp","images/JILI__Speed_Baccarat__262.webp"
"221","JILI","JILI_CHESS","Mini Flush","6","202509015e1f2020-c9cd-4fcc-b0f7-5fce488aa61f.webp","images/JILI__Mini_Flush__221.webp"
"113","JILI","JILI_CHESS","Poker King","6","20250605f279b949-dac0-465f-993b-43b9c1946623.png","images/JILI__Poker_King__113.png"
"152","JILI","JILI_CHESS","Baccarat","6","202509016261e430-07d3-4df1-8e3e-a6ac302b3f4c.webp","images/JILI__Baccarat__152.webp"
"62","JILI","JILI_CHESS","Dice","6","20250901e21d741d-ec32-486c-8338-d204f341131a.webp","images/JILI__Dice__62.webp"
"219","JILI","JILI_CHESS","Blackjack","6","202509012e5be4b9-51d9-439d-8ca3-a3f888817207.webp","images/JILI__Blackjack__219.webp"
"18026","JDB","JDB_CHESS","dragon tiger joker bonus","6","20260221341a43be-bef2-4380-ac86-67ce82b05494.webp","images/JDB__dragon_tiger_joker_bonus__18026.webp"
"27009","FC","FC_CHESS","mines","6","2026022316001b8a-e6cc-4419-9e1c-8909a6360d79.webp","images/FC__mines__27009.webp"
"27002","FC","FC_CHESS","circus dozer","6","20260223dea54fbe-6d6c-46ad-9f69-9087dc20667d.webp","images/FC__circus_dozer__27002.webp"
"27003","FC","FC_CHESS","fa chai dozer","6","2026022325663f17-bb57-47fa-9031-f2f89e45937b.webp","images/FC__fa_chai_dozer__27003.webp"
"27008","FC","FC_CHESS","gogo rise","6","202602232b197d6d-7f80-4274-b3c4-be4e14a87198.webp","images/FC__gogo_rise__27008.webp"
"27005","FC","FC_CHESS","lightning bomb","6","2026022332ce0e87-4137-447a-a48c-f0f454835d9b.webp","images/FC__lightning_bomb__27005.webp"
"27001","FC","FC_CHESS","money tree dozer","6","20260223924b1e4a-554c-4a60-8b3a-9ef3b661b0ab.webp","images/FC__money_tree_dozer__27001.webp"
"27010","FC","FC_CHESS","tower","6","202602239c91a274-b513-4aec-9721-22531e924b9d.webp","images/FC__tower__27010.webp"
"18024","JDB","JDB_CHESS","pusoy","6","20250605de60b55e-4725-4e1f-a509-9dd8aa2a078f.png","images/JDB__pusoy__18024.png"
"18025","JDB","JDB_CHESS","tongits","6","20250605499cac06-60d9-453b-9306-9be58c493251.png","images/JDB__tongits__18025.png"
"9015","JDB","JDB_CHESS","firework burst","6","20260221d7c8c158-ca30-485c-8d8d-b3234c0f067f.webp","images/JDB__firework_burst__9015.webp"
"174","JILI","JILI_BINGO","jackpot bingo","12","20260430eee12ba1-af1b-47aa-8fd9-a3b6f5569312.webp","images/JILI__jackpot_bingo__174.webp"
"151","JILI","JILI_BINGO","super bingo","12","2026043026522246-2640-4cd8-9258-766e389f592c.png","images/JILI__super_bingo__151.png"
"3008","YB","YEB_BINGO","heat bingo","12","20260430bd82cddf-7dab-4e3a-acb3-4c77a343a267.jpg","images/YB__heat_bingo__3008.jpg"
"3007","YB","YEB_BINGO","money bingo","12","20260430f696313a-a9cb-4197-82f4-899bd027953e.jpg","images/YB__money_bingo__3007.jpg"
"122","JILI","JILI_BINGO","irich bingo","12","2026043072107730-bbe4-443f-9e34-4b575dcbf40c.png","images/JILI__irich_bingo__122.png"
"150","JILI","JILI_BINGO","lucky bingo","12","20260430711e08cb-97e9-48b7-a44a-570fea0da03e.webp","images/JILI__lucky_bingo__150.webp"
"Plus3_Bingo_Traditional","FBM","FBMBINGO_BINGO","plus3","12","2026060466fdad9e-103a-4290-b67b-c855e471d50e.png","images/FBM__plus3__Plus3_Bingo_Traditional.png"
"MultiMega_Bingo_Traditional","FBM","FBMBINGO_BINGO","multi mega","12","20260604cc336fc9-6273-4cbe-91b2-faec7c802b61.png","images/FBM__multi_mega__MultiMega_Bingo_Traditional.png"
"229","JILI","JILI_BINGO","mines","12","20260502bbe3024d-f564-4e89-a6b1-319315d1fea3.jpg","images/JILI__mines__229.jpg"
"439","JILI","JILI_BINGO","super ace scratch","12","202605027c74468f-82ca-400b-ab30-ed0ac127fdc8.webp","images/JILI__super_ace_scratch__439.webp"
"3001","YB","YEB_BINGO","win cai shen","12","20260430db024f20-bbb1-4c60-96a3-6e0ee22fdf00.jpg","images/YB__win_cai_shen__3001.jpg"
"3002","YB","YEB_BINGO","open sesame","12","20260430c33e8dba-b0fe-4a87-9eff-1fe4a9d94581.jpg","images/YB__open_sesame__3002.jpg"
"3003","YB","YEB_BINGO","bingo bingo","12","2026043066b95fd6-a440-4a0e-a6ca-cd37c5715362.jpg","images/YB__bingo_bingo__3003.jpg"
"3004","YB","YEB_BINGO","atlantis","12","20260430c40a061d-0ec6-45fc-8a15-3a07be2264c8.jpg","images/YB__atlantis__3004.jpg"
"3005","YB","YEB_BINGO","bingo bonanza","12","20260430e4f5652f-bb2d-4fcb-8eed-ae7ae90aabf1.jpg","images/YB__bingo_bonanza__3005.jpg"
"3006","YB","YEB_BINGO","beasty bingo","12","20260430146e9d10-ff47-4f21-81cd-f832ab068308.jpg","images/YB__beasty_bingo__3006.jpg"
"3009","YB","YEB_BINGO","lightning bingo","12","2026043091d1aa3c-6d03-4683-951a-420eb7082e3a.jpg","images/YB__lightning_bingo__3009.jpg"
"3010","YB","YEB_BINGO","joy bingo","12","20260430ed67b58e-5c7d-47bf-b56b-ea9b6a8026fe.jpg","images/YB__joy_bingo__3010.jpg"
"3011","YB","YEB_BINGO","ez bingo","12","20260430231fbc4e-b8a8-4dac-b48b-97caf652674c.jpg","images/YB__ez_bingo__3011.jpg"
"3012","YB","YEB_BINGO","super 30 bingo","12","202604308d0c2722-c745-4f4e-aa35-4bfa021855c9.jpg","images/YB__super_30_bingo__3012.jpg"
"241","JILI","JILI_BINGO","keno","12","20260502c4e9eecb-a737-49ee-b0f9-58726f34d583.png","images/JILI__keno__241.png"
"139","JILI","JILI_BINGO","fortune bingo","12","2026043085b29f9d-96a2-40ec-a7e5-58622082cc72.png","images/JILI__fortune_bingo__139.png"
"148","JILI","JILI_BINGO","bingo carnaval","12","20260430c92216f4-6462-4ca1-b17c-a2a07868395f.webp","images/JILI__bingo_carnaval__148.webp"
"178","JILI","JILI_BINGO","go goal bingo","12","20260430f960e6bf-93e0-4353-a427-65e37b33c814.png","images/JILI__go_goal_bingo__178.png"
"149","JILI","JILI_BINGO","calaca bingo","12","20260430efaf2eb0-ff2f-4248-9569-792b3818eef6.webp","images/JILI__calaca_bingo__149.webp"
"173","JILI","JILI_BINGO","west hunter bingo","12","202604309de0fd99-415f-495a-b4be-8c35a1b88c27.png","images/JILI__west_hunter_bingo__173.png"
"216","JILI","JILI_BINGO","candyland bingo","12","2026043033c63dc8-61a5-487e-8083-07333a969c61.webp","images/JILI__candyland_bingo__216.webp"
"217","JILI","JILI_BINGO","magic lamp bingo","12","20260430eddcf70a-b194-4538-aa11-e4b8eaff4832.webp","images/JILI__magic_lamp_bingo__217.webp"
"195","JILI","JILI_BINGO","pearls of bingo","12","202604307c92ce6f-db64-4248-8c2c-2fd8c4852a26.webp","images/JILI__pearls_of_bingo__195.webp"
"441","JILI","JILI_BINGO","fortune gems scratch","12","20260501173d9aab-8443-45f7-bbf7-606eed3db502.webp","images/JILI__fortune_gems_scratch__441.webp"
"272","JILI","JILI_BINGO","keno bonus number","12","202605013560e58c-6dec-418c-b105-ab028931776a.webp","images/JILI__keno_bonus_number__272.webp"
"440","JILI","JILI_BINGO","boxing extravaganza","12","2026050118f6483f-51e2-4ed3-b835-dd7b7dceec44.webp","images/JILI__boxing_extravaganza__440.webp"
"177","JILI","JILI_BINGO","bingo adventure","12","2026050167f9a230-5c16-4e15-9d6c-8075806e16f6.png","images/JILI__bingo_adventure__177.png"
"442","JILI","JILI_BINGO","go for champion","12","2026050150edf230-9399-48e2-a0f9-18a76046d93b.png","images/JILI__go_for_champion__442.png"
"32","JILI","JILI_FISH","Jackpot Fishing","5","2025082864e09cf3-b1e3-4699-a471-a202d6612e0e.webp","images/JILI__Jackpot_Fishing__32.webp"
"82","JILI","JILI_FISH","Happy Fishing","5","202506059ecf3c0f-82a1-4b6b-851b-3f162ff79162.png","images/JILI__Happy_Fishing__82.png"
"212","JILI","JILI_FISH","Dinosaur Tycoon II","5","202509010e6bfa2b-3b0a-4231-8ceb-a2b47f5ed4f3.webp","images/JILI__Dinosaur_Tycoon_II__212.webp"
"7002","JDB","JDB_FISH","dragon fishing ii","5","2025060752451a81-3cdf-46a0-b22d-d1cce3b023f5.png","images/JDB__dragon_fishing_ii__7002.png"
"7003","JDB","JDB_FISH","cai shen fishing","5","202506072a7027f7-d328-43b1-86a0-0b7f30c799da.png","images/JDB__cai_shen_fishing__7003.png"
"21007","FC","FC_FISH","fa chai fishing","5","20250829282fcfb3-c4f0-4a6f-badd-95a2bf72a6e0.webp","images/FC__fa_chai_fishing__21007.webp"
"74","JILI","JILI_FISH","Mega Fishing","5","20250828d8b40c0f-3394-4ff5-a306-c3dcc20ef80e.webp","images/JILI__Mega_Fishing__74.webp"
"60","JILI","JILI_FISH","Dragon Fortune","5","202508283f8fe5c3-7295-4655-8263-8c20abd5f4e7.webp","images/JILI__Dragon_Fortune__60.webp"
"42","JILI","JILI_FISH","Dinosaur Tycoon","5","20250828460ba2dc-dd90-4fcc-a076-b78dee5d2ef9.webp","images/JILI__Dinosaur_Tycoon__42.webp"
"71","JILI","JILI_FISH","Boom Legend","5","20250828a326f528-2f3c-4cba-8f29-f04f9cc7cf2c.webp","images/JILI__Boom_Legend__71.webp"
"20","JILI","JILI_FISH","Bombing Fishing","5","2025082875e1e86e-4658-420d-bcee-879bdea183ac.webp","images/JILI__Bombing_Fishing__20.webp"
"21006","FC","FC_FISH","fierce fishing","5","2025082902992445-7932-4dfe-af88-6fb45355ccd0.webp","images/FC__fierce_fishing__21006.webp"
"1","JILI","JILI_FISH","Royal Fishing","5","20250828c42d2c32-fa67-4cb7-91a1-ec818f19e881.webp","images/JILI__Royal_Fishing__1.webp"
"7001","JDB","JDB_FISH","dragon fishing","5","20250607801b1001-d55e-49e7-908a-8d1ac7692ca3.png","images/JDB__dragon_fishing__7001.png"
"119","JILI","JILI_FISH","all star fishing","5","202508282270997a-7720-4302-91a0-baba99820659.webp","images/JILI__all_star_fishing__119.webp"
"21009","FC","FC_FISH","gods grant fortune","5","20250829711777e3-3835-404e-a591-5eab1d9e1be5.webp","images/FC__gods_grant_fortune__21009.webp"
"21008","FC","FC_FISH","star hunter","5","202508292e730956-b5a0-4eb3-9e16-e1779d8a8588.webp","images/FC__star_hunter__21008.webp"
"289","JILI","JILI_FISH","Ocean King Jackpot","5","20250828c7dd2783-fea7-48bd-9d51-3fb5fafe7a26.webp","images/JILI__Ocean_King_Jackpot__289.webp"
"199","JILI","JILI_FISH","Tongits Go","5","20250605816dd494-7b77-44f9-bc7d-f690998aa6f4.png","images/JILI__Tongits_Go__199.png"
"464","JILI","JILI_FISH","Fortune King Jackpot","5","202508281a6fb69b-90c6-4626-ae3f-74ffec3a2878.webp","images/JILI__Fortune_King_Jackpot__464.webp"
"7004","JDB","JDB_FISH","shade dragons fishing","5","20250605a5e84494-4bb6-4829-b740-666d84a7213e.png","images/JDB__shade_dragons_fishing__7004.png"
"7005","JDB","JDB_FISH","fishing yilufa","5","202506055b8fbaa2-d022-4e4d-858d-965f68bdd0ae.png","images/JDB__fishing_yilufa__7005.png"
"7007","JDB","JDB_FISH","fishing disco","5","20250605e2f8e7a4-8d9c-4527-bfd4-6e782c4b1d94.png","images/JDB__fishing_disco__7007.png"
"302","JILI","JILI_SLOT","Money Coming Expand Bets","1","20250828857692c7-44ba-4925-b91b-14b3c9d3e47b.webp","images/JILI__Money_Coming_Expand_Bets__302.webp"
"573","JILI","JILI_SLOT","fortune coins 2","1","20260425b31f9846-f25b-41ce-b68c-fdfd14ff4271.webp","images/JILI__fortune_coins_2__573.webp"
"301","JILI","JILI_SLOT","jackpot joker","1","2026052968dac202-c9c8-4c89-b971-df9567291f3f.png","images/JILI__jackpot_joker__301.png"
"179","JILI","JILI_SLOT","Win Drop","1","202506051e2cc032-032f-41e8-beb3-21867062b28c.png","images/JILI__Win_Drop__179.png"
"66","JILI","JILI_SLOT","Lucky Number","1","20250605d41be411-5841-4ac9-969d-ac43b1f59a51.png","images/JILI__Lucky_Number__66.png"
"10","JILI","JILI_SLOT","Gem Party","1","20250828773cdade-23d6-4975-9ed7-0a0fe3f6756d.webp","images/JILI__Gem_Party__10.webp"
"307","JILI","JILI_SLOT","Treasure Quest","1","20250604870f4d17-e7da-454a-b402-2344f68b2808.png","images/JILI__Treasure_Quest__307.png"
"593","JILI","JILI_SLOT","devil fire twins","1","2026052705774bc8-5a30-4c5e-b8a9-37b9d38a21da.png","images/JILI__devil_fire_twins__593.png"
"376","JILI","JILI_SLOT","Shogun","1","2025060535548c40-4510-40ca-be44-3911cdd582d2.png","images/JILI__Shogun__376.png"
"91","JILI","JILI_SLOT","Lucky Coming","1","20250828bcb06d9d-f5a8-4870-a063-fb67a4f82384.webp","images/JILI__Lucky_Coming__91.webp"
"17","JILI","JILI_SLOT","Shanghai Beauty","1","2025082886a22727-9aa8-4adf-b941-7d2cc206df9a.webp","images/JILI__Shanghai_Beauty__17.webp"
"27","JILI","JILI_SLOT","Seven Seven Seven","1","2025060504d5d780-3ae6-4458-8118-6c9683ae665e.png","images/JILI__Seven_Seven_Seven__27.png"
"78","JILI","JILI_SLOT","Secret Treasure","1","20250828e73bf9c3-074c-4215-b716-685222f54bd6.webp","images/JILI__Secret_Treasure__78.webp"
"102","JILI","JILI_SLOT","Roma X","1","20250828fcbee467-9c3b-4e47-b6c0-0e6b786e526e.webp","images/JILI__Roma_X__102.webp"
"85","JILI","JILI_SLOT","Pharaoh Treasure","1","2025082804b60369-33f0-48ce-84cc-34bab4811e3c.webp","images/JILI__Pharaoh_Treasure__85.webp"
"76","JILI","JILI_SLOT","Party Night","1","20250828b28f8079-4bee-435b-a8c2-5ad4cab6268e.webp","images/JILI__Party_Night__76.webp"
"101","JILI","JILI_SLOT","Medusa","1","20250828c3b661c2-c3b7-4888-9419-3a52737b0bf7.webp","images/JILI__Medusa__101.webp"
"108","JILI","JILI_SLOT","Magic Lamp","1","202508289c68206a-e8c0-430c-afe6-2fa8f879a91b.webp","images/JILI__Magic_Lamp__108.webp"
"48","JILI","JILI_SLOT","Lucky Goldbricks","1","202508289b30a77f-02f9-47ff-8d7e-78e3d825c300.webp","images/JILI__Lucky_Goldbricks__48.webp"
"100","JILI","JILI_SLOT","Super Rich","1","202508280a7c6bc8-0e2a-40f3-9533-70213e30797a.webp","images/JILI__Super_Rich__100.webp"
"13","JILI","JILI_SLOT","Lucky Ball","1","202508282644f438-d2c8-4f49-97d2-0a3c733781f0.webp","images/JILI__Lucky_Ball__13.webp"
"16","JILI","JILI_SLOT","Jungle King","1","20250828e04bce93-b1ea-419a-b23d-401f4eb49e3d.webp","images/JILI__Jungle_King__16.webp"
"14","JILI","JILI_SLOT","Hyper Burst","1","202508287f538a91-b6ae-4fd4-98fb-aeae8f59c650.webp","images/JILI__Hyper_Burst__14.webp"
"5","JILI","JILI_SLOT","Hot Chilli","1","202508286d28d551-5d5f-4ca7-81ec-a2ede3301f73.webp","images/JILI__Hot_Chilli__5.webp"
"26","JILI","JILI_SLOT","Hawaii Beauty","1","20250828f251d03b-8ce9-43d3-87c7-23e2d0054951.webp","images/JILI__Hawaii_Beauty__26.webp"
"116","JILI","JILI_SLOT","Happy Taxi","1","20250828d0d5d288-a059-4672-854f-768f3e7430b5.webp","images/JILI__Happy_Taxi__116.webp"
"45","JILI","JILI_SLOT","Golden Bank","1","202508284074211c-731c-48e1-8178-818ddf55ebaa.webp","images/JILI__Golden_Bank__45.webp"
"137","JILI","JILI_SLOT","Gold Rush","1","202508287de45362-afdc-4a95-a0cd-01ba7cfc4374.webp","images/JILI__Gold_Rush__137.webp"
"4","JILI","JILI_SLOT","God Of Martial","1","202508280ad6def3-dbb3-4d58-ac39-9e1a43c459a9.webp","images/JILI__God_Of_Martial__4.webp"
"209","JILI","JILI_SLOT","Aztec Priestess","1","2025082831530aea-3a06-4076-ba8d-beb0426a857c.webp","images/JILI__Aztec_Priestess__209.webp"
"183","JILI","JILI_SLOT","Golden Joker","1","2025060521c81ca7-a4e1-457e-aeb4-d21f4698bf9f.png","images/JILI__Golden_Joker__183.png"
"303","JILI","JILI_SLOT","Fortune Monkey","1","2025082830fce1aa-0e03-4747-96fc-71b35ba2424e.webp","images/JILI__Fortune_Monkey__303.webp"
"193","JILI","JILI_SLOT","Devil Fire","1","2025060409f2f421-e4c9-4f37-a636-cb4437897dff.png","images/JILI__Devil_Fire__193.png"
"239","JILI","JILI_SLOT","Dabanggg","1","2025082852542d4e-7988-44db-8bf6-44a6eccbe0a3.webp","images/JILI__Dabanggg__239.webp"
"230","JILI","JILI_SLOT","Cricket Sah 75","1","2025060479bf6322-0836-4590-b212-4e0bdcb110c7.png","images/JILI__Cricket_Sah_75__230.png"
"225","JILI","JILI_SLOT","Cricket King 18","1","20250604cbebd4c9-cdcd-4746-970a-1b181a1a2bc8.png","images/JILI__Cricket_King_18__225.png"
"259","JILI","JILI_SLOT","Charge Buffalo Ascent","1","20250828446894d4-4a06-4237-b652-5cac933bd278.webp","images/JILI__Charge_Buffalo_Ascent__259.webp"
"142","JILI","JILI_SLOT","Bonus Hunter","1","20250828b15cacff-4555-444e-af5b-f83712c2cfde.webp","images/JILI__Bonus_Hunter__142.webp"
"238","JILI","JILI_SLOT","Bangla Beauty","1","20250828623269e8-f720-401f-9139-4337157ed902.webp","images/JILI__Bangla_Beauty__238.webp"
"228","JILI","JILI_SLOT","Arena Fighter","1","2025090128dee5ce-7cd5-4261-b41a-d3053cbe7722.webp","images/JILI__Arena_Fighter__228.webp"
"135","JILI","JILI_SLOT","Mayan Empire","1","20250607f30b71d0-c8c3-4dca-b71e-428e8bd9e267.png","images/JILI__Mayan_Empire__135.png"
"58","JILI","JILI_SLOT","Golden Queen","1","20250828f69c9bb3-5910-498e-8ca4-0d653a1fd188.webp","images/JILI__Golden_Queen__58.webp"
"126","JILI","JILI_SLOT","Bone Fortune","1","20250901c87dd111-c0a3-4d1a-9768-182f12ed918c.webp","images/JILI__Bone_Fortune__126.webp"
"224","JILI","JILI_SLOT","Go Rush","1","202506054e628485-ac1b-4054-bf61-f1579bed661e.png","images/JILI__Go_Rush__224.png"
"43","JILI","JILI_SLOT","XiYangYang","1","2025082820fff0bc-301d-46b7-8013-82e5214e9b45.webp","images/JILI__XiYangYang__43.webp"
"9","JILI","JILI_SLOT","War Of Dragons","1","20250828be022b3f-dd82-4b5e-ab9d-b18c1c62b98f.webp","images/JILI__War_Of_Dragons__9.webp"
"106","JILI","JILI_SLOT","TWIN WINS","1","20250604eedf8d09-17da-48a8-aef7-cea05cf154f3.png","images/JILI__TWIN_WINS__106.png"
"130","JILI","JILI_SLOT","Thor X","1","202508282a131659-d034-4e3f-aea8-e2e79121c2e3.webp","images/JILI__Thor_X__130.webp"
"378","JILI","JILI_SLOT","Golden Bank 2","1","202509248a09fbbb-8e71-4376-8c1e-2f793870a6c0.webp","images/JILI__Golden_Bank_2__378.webp"
"526","JILI","JILI_SLOT","10 Sparkling Crown","1","20250924f56e062b-9273-4349-8dfc-d12e8ef1bfe9.webp","images/JILI__10_Sparkling_Crown__526.webp"
"463","JILI","JILI_SLOT","3 lucky lions","1","2026021358318c68-b64b-45fc-b4ad-63b92d6dd0bf.webp","images/JILI__3_lucky_lions__463.webp"
"112","JILI","JILI_SLOT","journey west m","1","20260213f75f6312-cf2b-49b5-a8ea-64f49be23688.webp","images/JILI__journey_west_m__112.webp"
"448","JILI","JILI_SLOT","rapid gems 777","1","202602136e5c0319-7e6b-4874-b145-718586ea730b.webp","images/JILI__rapid_gems_777__448.webp"
"655","JILI","JILI_SLOT","3 lightning blitz","1","20260408ceb1b432-550f-4606-a07b-5d5cc952b0b7.webp","images/JILI__3_lightning_blitz__655.webp"
"485","JILI","JILI_SLOT","3 Coin Wild Horse","1","2025092474aa8336-f46d-4534-8182-16baebcdc2fd.webp","images/JILI__3_Coin_Wild_Horse__485.webp"
"623","JILI","JILI_SLOT","coin of lightning","1","2026041280c83c18-d46f-4add-a656-53b5e3de115c.webp","images/JILI__coin_of_lightning__623.webp"
"38","JILI","JILI_SLOT","Fengshen","1","20250828835961e8-0296-4ed7-be61-552cc438d213.webp","images/JILI__Fengshen__38.webp"
"21","JILI","JILI_SLOT","Fa Fa Fa","1","202508280a66fc59-f86f-4565-bd1c-e83ccd61e9eb.webp","images/JILI__Fa_Fa_Fa__21.webp"
"46","JILI","JILI_SLOT","Dragon Treasure","1","202508284a27f8eb-a0fa-4083-a4c2-c4d221a89e04.webp","images/JILI__Dragon_Treasure__46.webp"
"44","JILI","JILI_SLOT","DiamondParty","1","20250828926f6cad-5d5b-4664-ad55-c0792d29d4cd.webp","images/JILI__DiamondParty__44.webp"
"35","JILI","JILI_SLOT","Crazy777","1","20250828e535085f-916a-45b7-a35e-504be5519f67.webp","images/JILI__Crazy777__35.webp"
"92","JILI","JILI_SLOT","Crazy Hunter","1","202508281f11fc96-c2e4-476d-b38c-a7b08e1454a7.webp","images/JILI__Crazy_Hunter__92.webp"
"40","JILI","JILI_SLOT","Crazy FaFaFa","1","202508288ef4a74c-44ac-42f3-a81d-b538c74c7232.webp","images/JILI__Crazy_FaFaFa__40.webp"
"2","JILI","JILI_SLOT","Chin Shi Huang","1","20250828042b54c1-5151-48df-9c7a-4edaa27902c2.webp","images/JILI__Chin_Shi_Huang__2.webp"
"324","JILI","JILI_SLOT","Nightfall Hunting","1","202506046d1e2e69-d2b2-4d80-b198-c9c36146d6fa.png","images/JILI__Nightfall_Hunting__324.png"
"23","JILI","JILI_SLOT","Candy Baby","1","2025082872b2ea8d-05d3-4b4d-9902-5a24dc581aa3.webp","images/JILI__Candy_Baby__23.webp"
"30","JILI","JILI_SLOT","Bubble Beauty","1","2025060413f75a7b-194a-4504-9113-173a10906ddd.png","images/JILI__Bubble_Beauty__30.png"
"87","JILI","JILI_SLOT","Book of Gold","1","20250828bbf7fcf1-959e-4581-9300-a6105149167e.webp","images/JILI__Book_of_Gold__87.webp"
"36","JILI","JILI_SLOT","Bao boon chin","1","202508289ca17480-56a6-4e04-8887-0ea2f648779a.webp","images/JILI__Bao_boon_chin__36.webp"
"115","JILI","JILI_SLOT","Agent Ace","1","20250828f9574028-bf7d-4bca-ba62-b12ca8765282.webp","images/JILI__Agent_Ace__115.webp"
"472","JILI","JILI_SLOT","3 Coin Treasures 2","1","20250924dd349749-afc7-4ccd-bec3-d18c3a0b6acb.webp","images/JILI__3_Coin_Treasures_2__472.webp"
"399","JILI","JILI_SLOT","3 Coin Treasures","1","20250924ce3e7948-911b-4493-a590-2f29889dc14b.png","images/JILI__3_Coin_Treasures__399.png"
"144","JILI","JILI_SLOT","JILI CAISHEN","1","20250828c27cb39c-b4c1-4d43-963e-01f6107499c2.webp","images/JILI__JILI_CAISHEN__144.webp"
"372","JILI","JILI_SLOT","3 Pot Dragons","1","2025082874115204-36ff-41e5-9608-7c1482062302.webp","images/JILI__3_Pot_Dragons__372.webp"
"264","JILI","JILI_SLOT","Egypt's Glow","1","20250828302ba487-0ab4-4cc7-9dd4-049d5c05636f.webp","images/JILI__Egypt_s_Glow__264.webp"
"422","JILI","JILI_SLOT","Fruity Wheel","1","20250604c55d65e1-fd0e-46cb-8fb6-e7c02d04d8d2.png","images/JILI__Fruity_Wheel__422.png"
"180","JILI","JILI_SLOT","Legacy of Egypt","1","202508284f9a3d2f-f6d2-4d8a-aaca-74f6403c605c.webp","images/JILI__Legacy_of_Egypt__180.webp"
"379","JILI","JILI_SLOT","Money Pot","1","20250604616b5e8a-1986-4136-af1a-3672dac4de36.png","images/JILI__Money_Pot__379.png"
"240","JILI","JILI_SLOT","Party Star","1","20250828a65dbb84-b99d-47df-afc2-0c6474cc5659.webp","images/JILI__Party_Star__240.webp"
"191","JILI","JILI_SLOT","Golden Temple","1","2025082883dc50e3-c8d0-44a9-8457-d75318ebe5d0.webp","images/JILI__Golden_Temple__191.webp"
"400","JILI","JILI_SLOT","3 Lucky Piggy","1","2025082823081b36-4ff2-4e46-b3a3-af8a7407a28f.webp","images/JILI__3_Lucky_Piggy__400.webp"
"263","JILI","JILI_SLOT","The Pig House","1","202508289e98b574-e9be-466d-9cf1-fc224e4c7af9.webp","images/JILI__The_Pig_House__263.webp"
"172","JILI","JILI_SLOT","Elf Bingo","1","20250828e93b78b0-0e31-4360-ae15-3c302907c1f6.webp","images/JILI__Elf_Bingo__172.webp"
"153","JILI","JILI_SLOT","Crazy Pusher","1","202506047fa7cb27-34db-438a-b9db-c94c285b973b.png","images/JILI__Crazy_Pusher__153.png"
"420","JILI","JILI_SLOT","Crazy Hunter 2","1","202506041ad6c96b-f4ae-4c45-a309-e57bc4339f35.png","images/JILI__Crazy_Hunter_2__420.png"
"299","JILI","JILI_SLOT","Potion Wizard","1","20250828e6319dc9-e440-48db-b7b8-0089aa984427.webp","images/JILI__Potion_Wizard__299.webp"
"226","JILI","JILI_SLOT","Witches Night","1","202506042696ccf4-4001-46c7-8caa-cb1b3405a63e.png","images/JILI__Witches_Night__226.png"
"146","JILI","JILI_SLOT","World Cup","1","2025060401cf3507-6c5c-4e3b-8f92-51f923a3942f.png","images/JILI__World_Cup__146.png"
"214","JILI","JILI_SLOT","King Arthur","1","2025060404ad86d8-8035-4d68-8523-86e288baeb9b.png","images/JILI__King_Arthur__214.png"
"176","JILI","JILI_SLOT","Master Tiger","1","20250604c0bac245-fa28-4951-bf3e-0e3a027f2247.png","images/JILI__Master_Tiger__176.png"
"145","JILI","JILI_SLOT","Neko Fortune","1","20250828ae140a4c-cb5a-479a-9657-2183db9ed9af.webp","images/JILI__Neko_Fortune__145.webp"
"37","JILI","JILI_SLOT","Night City","1","2025082835d0c571-e95f-4be9-8083-802221fe845b.webp","images/JILI__Night_City__37.webp"
"164","JILI","JILI_SLOT","Pirate Queen","1","2025082870834528-d192-47ad-93cd-a7da95116cb0.webp","images/JILI__Pirate_Queen__164.webp"
"136","JILI","JILI_SLOT","Samba","1","20250828aff74ab8-7692-46aa-99d3-687494e209e2.webp","images/JILI__Samba__136.webp"
"171","JILI","JILI_SLOT","Sin City","1","202508284e8499ce-4691-445f-9bb2-405317b3b142.webp","images/JILI__Sin_City__171.webp"
"198","JILI","JILI_SLOT","Sweet Land","1","202508286bbedeb3-83e7-4aef-9219-81f905b3c814.webp","images/JILI__Sweet_Land__198.webp"
"208","JILI","JILI_SLOT","Trial of Phoenix","1","20250604fb69f743-9614-49ff-8124-8710a3cb8d4b.png","images/JILI__Trial_of_Phoenix__208.png"
"166","JILI","JILI_SLOT","Wild Racer","1","20250828f88857f8-db4c-4a8f-8700-97c17d594c6d.webp","images/JILI__Wild_Racer__166.webp"
"1623475","PG","PG_SLOT","Anubis Wrath","1","20250828727d9cc8-a35f-4fd9-b3cc-1139e72889d0.png","images/PG__Anubis_Wrath__1623475.png"
"82","PG","PG_SLOT","Phoenix Rises","1","2025082855c20429-3860-4df5-ac70-6bcaf5739669.png","images/PG__Phoenix_Rises__82.png"
"127","PG","PG_SLOT","Speed Winner","1","20250828b68612ab-a064-4e08-9ac6-d83c2dca4d65.png","images/PG__Speed_Winner__127.png"
"123","PG","PG_SLOT","Rooster Rumble","1","202508288514fbb7-740c-405a-9b3f-1c528458c402.png","images/PG__Rooster_Rumble__123.png"
"101","PG","PG_SLOT","Rise of Apollo","1","20250828a615ab36-54f8-4e3e-9157-baf165b3d0a9.png","images/PG__Rise_of_Apollo__101.png"
"100","PG","PG_SLOT","Candy Bonanza","1","20250828419febd8-0e13-49a2-af0d-eb46424d24e0.png","images/PG__Candy_Bonanza__100.png"
"36","PG","PG_SLOT","Prosperity Lion","1","20250828e54a5417-2ccc-4b96-ab85-833015b110f7.png","images/PG__Prosperity_Lion__36.png"
"25","PG","PG_SLOT","Plushie Frenzy","1","20250828ddcc3093-6d1f-498b-a74b-8730fa447c94.png","images/PG__Plushie_Frenzy__25.png"
"18","PG","PG_SLOT","Hood vs Wolf","1","202508281d29c4ef-3ca2-450a-8177-44951ea542c4.png","images/PG__Hood_vs_Wolf__18.png"
"39","PG","PG_SLOT","Piggy Gold","1","20250828f8c95d7d-355d-4857-9b4e-5006eddb4cd1.png","images/PG__Piggy_Gold__39.png"
"6","PG","PG_SLOT","Medusa II","1","20250828bdbbafba-88ac-4f42-812b-9ca3ca7b2b20.png","images/PG__Medusa_II__6.png"
"28","PG","PG_SLOT","Hotpot","1","20250828aca2bd2b-cec7-4c3f-a131-43bc49cfe7a2.png","images/PG__Hotpot__28.png"
"40","PG","PG_SLOT","Jungle Delight","1","2025082867ef935b-1bae-45a4-af69-1b08989c2308.png","images/PG__Jungle_Delight__40.png"
"34","PG","PG_SLOT","Legend of Hou Yi","1","20250828e0c3a3d2-4d7b-44b7-8434-9a636f5fd4a7.png","images/PG__Legend_of_Hou_Yi__34.png"
"107","PG","PG_SLOT","Legendary Monkey King","1","202508281897aca2-159e-4411-821c-15a59ba204fa.png","images/PG__Legendary_Monkey_King__107.png"
"7","PG","PG_SLOT","Medusa","1","2025082882a20607-1432-47da-859d-fc8e5d45e200.png","images/PG__Medusa__7.png"
"35","PG","PG_SLOT","Mr. Hallow-Win","1","202508283691d1fc-6a78-487f-80eb-8c200db11c04.png","images/PG__Mr._Hallow-Win__35.png"
"102","PG","PG_SLOT","Mermaid Riches","1","2025082812049241-2f00-474f-85c8-a4ab2a870252.png","images/PG__Mermaid_Riches__102.png"
"1372643","PG","PG_SLOT","Diner Delights","1","202508289a5bc546-0cf3-425f-8950-eb91dff6d81b.png","images/PG__Diner_Delights__1372643.png"
"86","PG","PG_SLOT","Galactic Gems","1","20250828b11149ed-46b1-418d-8298-b8ea977d05f8.png","images/PG__Galactic_Gems__86.png"
"1397455","PG","PG_SLOT","Fruity Candy","1","2025082815cce2cb-4647-4df6-9e26-67a4808368b9.png","images/PG__Fruity_Candy__1397455.png"
"126","PG","PG_SLOT","Fortune Tiger","1","20250828fb80a931-3cd5-4e7e-81e5-517caee8ba29.png","images/PG__Fortune_Tiger__126.png"
"1543462","PG","PG_SLOT","Fortune Rabbit","1","20250828961dbd54-709b-4d2d-8778-3e1e94970a62.png","images/PG__Fortune_Rabbit__1543462.png"
"68","PG","PG_SLOT","Fortune Mouse","1","2025082829ce4243-903f-4609-90d9-ba2c528b003d.png","images/PG__Fortune_Mouse__68.png"
"1695365","PG","PG_SLOT","Fortune Dragon","1","20250828830ae8c9-1356-458d-a00a-63356ded4363.png","images/PG__Fortune_Dragon__1695365.png"
"1555350","PG","PG_SLOT","Forge of Wealth","1","2025082842d1ec46-2a7e-4124-b7e1-94b9b1334096.png","images/PG__Forge_of_Wealth__1555350.png"
"61","PG","PG_SLOT","Flirting Scholar","1","202508282ae83545-a8a2-456a-beb6-fd8be7e98a61.png","images/PG__Flirting_Scholar__61.png"
"114","PG","PG_SLOT","Emoji Riches","1","20250828feb0f27a-58f0-43ef-8c37-15221eca9d17.png","images/PG__Emoji_Riches__114.png"
"73","PG","PG_SLOT","Egypt's Book of Mystery","1","20250828b5c6f968-1892-4ed8-ab2c-fe9026878f51.png","images/PG__Egypt_s_Book_of_Mystery__73.png"
"29","PG","PG_SLOT","Dragon Legend","1","20250828dc07734f-6295-43ea-b55d-8921286ddc93.png","images/PG__Dragon_Legend__29.png"
"1451122","PG","PG_SLOT","Dragon Hatch 2","1","20250828bca23fd8-b53f-4223-8a60-257dfc1a742e.png","images/PG__Dragon_Hatch_2__1451122.png"
"57","PG","PG_SLOT","Dragon Hatch","1","202508287af5e0f6-17ce-47c0-9f3f-7c52d24a31e4.png","images/PG__Dragon_Hatch__57.png"
"48","PG","PG_SLOT","Double Fortune","1","202508281c1e74c8-acd7-460c-97a7-37c8f8097163.png","images/PG__Double_Fortune__48.png"
"119","PG","PG_SLOT","Spirited Wonders","1","202508287f6b8564-3014-490b-9832-f98f481d5d64.png","images/PG__Spirited_Wonders__119.png"
"103","PG","PG_SLOT","Crypto Gold","1","2025082817660fd8-1ee8-42a4-9bdf-645d2be0ed43.png","images/PG__Crypto_Gold__103.png"
"1473388","PG","PG_SLOT","Cruise Royale","1","20250828c4a2ee12-fcb5-4573-9b5f-b80b73dee96f.png","images/PG__Cruise_Royale__1473388.png"
"1682240","PG","PG_SLOT","Cash Mania","1","202508282454ea14-5672-4add-ad4e-0bd699a0e8cf.png","images/PG__Cash_Mania__1682240.png"
"1418544","PG","PG_SLOT","Bakery Bonanza","1","20250828102f2a91-2bcc-419c-ba28-79dd063cae8b.png","images/PG__Bakery_Bonanza__1418544.png"
"1340277","PG","PG_SLOT","Asgardian Rising","1","2025082865c429f2-241c-4ec6-ae54-3e6e8fda6b0c.png","images/PG__Asgardian_Rising__1340277.png"
"1368367","PG","PG_SLOT","Alchemy Gold","1","20250828e3a1334b-bbab-4eb2-b59c-b367d09adef3.png","images/PG__Alchemy_Gold__1368367.png"
"24","PG","PG_SLOT","Win Win Won","1","20250828bcf108b4-fb43-4c67-8107-afe828405ed6.png","images/PG__Win_Win_Won__24.png"
"129","PG","PG_SLOT","Win Win Fish Prawn Crab","1","2025082839f8ff69-d6d2-49ca-aa75-64bae645a92a.png","images/PG__Win_Win_Fish_Prawn_Crab__129.png"
"83","PG","PG_SLOT","Wild Fireworks","1","20250828f7601f0d-752f-43c0-983b-7cd42c1587d2.png","images/PG__Wild_Fireworks__83.png"
"26","PG","PG_SLOT","Tree of Fortune","1","2025082841019774-6284-494b-9794-5e01b71ed301.png","images/PG__Tree_of_Fortune__26.png"
"120","PG","PG_SLOT","The Queen's Banquet","1","20250828738cb1bb-1687-4d54-bedf-0f89ba764e34.png","images/PG__The_Queen_s_Banquet__120.png"
"41","PG","PG_SLOT","Symbols of Egypt","1","202508285702b434-e221-4aa7-8216-f0422437c1fc.png","images/PG__Symbols_of_Egypt__41.png"
"1615454","PG","PG_SLOT","Werewolf's Hunt","1","20250828a06dd25d-ce24-425e-ab7f-3386e4c421a9.png","images/PG__Werewolf_s_Hunt__1615454.png"
"20","PG","PG_SLOT","Reel Love","1","20250828cf83140f-2ed5-43d6-b0cc-12f00912f500.png","images/PG__Reel_Love__20.png"
"1594259","PG","PG_SLOT","Safari Wilds","1","202508285994da96-3f58-46c9-a210-70d601bb62da.png","images/PG__Safari_Wilds__1594259.png"
"67","PG","PG_SLOT","Shaolin Soccer","1","20250828f9828827-4cec-4b99-8764-ead68d30061e.png","images/PG__Shaolin_Soccer__67.png"
"1448762","PG","PG_SLOT","Songkran Splash","1","20250828b11e631d-4d7d-4b94-a819-9a5fae367049.png","images/PG__Songkran_Splash__1448762.png"
"1513328","PG","PG_SLOT","Super Golf Drive","1","202508287e631f0a-db7f-4e19-aac0-2e981c7ccc31.png","images/PG__Super_Golf_Drive__1513328.png"
"115","PG","PG_SLOT","Supermarket Spree","1","20250828f01254af-0242-492d-aaef-ca98d3961e3b.png","images/PG__Supermarket_Spree__115.png"
"92","PG","PG_SLOT","Thai River Wonders","1","20250828157828b9-12a5-45bb-b87a-14f4adec3151.png","images/PG__Thai_River_Wonders__92.png"
"1338274","PG","PG_SLOT","Totem Wonders","1","2025082803831b95-2efa-493a-8a7a-a5b08b58682b.png","images/PG__Totem_Wonders__1338274.png"
"1655268","PG","PG_SLOT","Tsar Treasures","1","2025082858ec963c-63aa-449b-9c71-d213c7e8a130.png","images/PG__Tsar_Treasures__1655268.png"
"1489936","PG","PG_SLOT","Ultimate Striker","1","20250828d44b3b5d-a3a1-4589-8548-4a4788874c31.png","images/PG__Ultimate_Striker__1489936.png"
"58","PG","PG_SLOT","Vampire's Charm","1","20250828ce6a1b46-33e1-4325-b0ab-0bdf51e1fd05.png","images/PG__Vampire_s_Charm__58.png"
"1420892","PG","PG_SLOT","Rave Party Fever","1","20250828d9858aa8-b7b7-43f0-a507-55dc7678aabf.png","images/PG__Rave_Party_Fever__1420892.png"
"132","PG","PG_SLOT","Wild Coaster","1","20250828cf4f6157-d73a-466e-ab66-5705e3097049.png","images/PG__Wild_Coaster__132.png"
"1568554","PG","PG_SLOT","Wild Heist Cashout","1","20250828a2c1e0de-38b3-4144-ae8d-e29e922c63e8.png","images/PG__Wild_Heist_Cashout__1568554.png"
"1738001","PG","PG_SLOT","Chicky Run","1","20250828167c0d53-b365-460c-b0ec-ca99f8c86f07.png","images/PG__Chicky_Run__1738001.png"
"1778752","PG","PG_SLOT","Futebol Fever","1","202508284270ecf5-77d8-42e9-a56b-24ade4a74c35.png","images/PG__Futebol_Fever__1778752.png"
"1572362","PG","PG_SLOT","Gladiator's Glory","1","2025082801f68aff-c1db-4888-9d28-52c445fd12cc.png","images/PG__Gladiator_s_Glory__1572362.png"
"1755623","PG","PG_SLOT","Museum Mystery","1","202508286044cfef-db6e-43ee-8c55-3c24d4451139.png","images/PG__Museum_Mystery__1755623.png"
"1815268","PG","PG_SLOT","Oishi Delights","1","202508281c5e2745-e937-4cc7-8f60-80ea6d89bfbc.png","images/PG__Oishi_Delights__1815268.png"
"1648578","PG","PG_SLOT","Shark Bounty","1","20250828640908fe-afc0-4660-bdf2-6e21dfefee05.png","images/PG__Shark_Bounty__1648578.png"
"1727711","PG","PG_SLOT","Three Crazy Piggies","1","202508280ec4300b-342b-41ed-bbf5-4e19871eff5c.png","images/PG__Three_Crazy_Piggies__1727711.png"
"1747549","PG","PG_SLOT","Wings of Iguazu","1","202508281c856c94-1338-4b10-a4e6-4632fcd80f82.png","images/PG__Wings_of_Iguazu__1747549.png"
"1635221","PG","PG_SLOT","Zombie Outbreak","1","20250828f4e97fe3-ca75-46aa-808f-1ec1b34639de.png","images/PG__Zombie_Outbreak__1635221.png"
"1580541","PG","PG_SLOT","Mafia Mayhem","1","20250828d9f0960e-f998-4f42-8fb7-7f4eb616bf6d.png","images/PG__Mafia_Mayhem__1580541.png"
"2","PG","PG_SLOT","Gem Saviour","1","2025082885a0f67b-f0bb-4311-b190-8ca689c1c408.png","images/PG__Gem_Saviour__2.png"
"62","PG","PG_SLOT","Gem Saviour Conquest","1","202508283ee812cf-c1d7-44b7-bc2b-384999ffcd3d.png","images/PG__Gem_Saviour_Conquest__62.png"
"1671262","PG","PG_SLOT","Gemstones Gold","1","202508289eb3815a-8cad-4bb0-9195-1d4795e3ac55.png","images/PG__Gemstones_Gold__1671262.png"
"85","PG","PG_SLOT","Genie's 3 Wishes","1","20250828ef08630b-f83e-42e2-a0ee-52a9d4f1cf67.png","images/PG__Genie_s_3_Wishes__85.png"
"1381200","PG","PG_SLOT","Hawaiian Tiki","1","20250828c1a94646-16dd-443c-a7e8-4fcd443ef27d.png","images/PG__Hawaiian_Tiki__1381200.png"
"97","PG","PG_SLOT","Jack Frost's Winter","1","20250828a009fd8a-7af6-4b17-ad49-f38f8ccd01f1.png","images/PG__Jack_Frost_s_Winter__97.png"
"88","PG","PG_SLOT","Jewels of Prosperity","1","20250828ae19449e-688d-4b37-b8b8-a93e76d27e46.png","images/PG__Jewels_of_Prosperity__88.png"
"50","PG","PG_SLOT","Journey to the Wealth","1","202508284b942b1d-0753-4d35-a315-2b218499fabb.png","images/PG__Journey_to_the_Wealth__50.png"
"110","PG","PG_SLOT","Jurassic Kingdom","1","202508282cf9a7e0-d16c-4918-b1d4-59efc8037029.png","images/PG__Jurassic_Kingdom__110.png"
"128","PG","PG_SLOT","Legend of Perseus","1","20250828e26fcca5-c0cd-4711-a26f-af3070872cdc.png","images/PG__Legend_of_Perseus__128.png"
"60","PG","PG_SLOT","Leprechaun Riches","1","20250828affb1c60-f2e6-491c-9c26-b66bc28646b8.png","images/PG__Leprechaun_Riches__60.png"
"130","PG","PG_SLOT","Lucky Piggy","1","202508283a01d8e5-e72d-457b-8553-19756afcb157.png","images/PG__Lucky_Piggy__130.png"
"122","PG","PG_SLOT","Garuda Gems","1","2025082868d25c4d-42c7-4c88-94bc-59377e221717.png","images/PG__Garuda_Gems__122.png"
"95","PG","PG_SLOT","Majestic Treasures","1","202508283bdad09b-5fcd-416e-a11d-119141159463.png","images/PG__Majestic_Treasures__95.png"
"118","PG","PG_SLOT","Mask Carnival","1","20250828c6613859-3b92-4340-a645-59d42a74e92d.png","images/PG__Mask_Carnival__118.png"
"1402846","PG","PG_SLOT","Midas Fortune","1","20250828144446d5-0619-4a15-ad57-3d0ed9f097bc.png","images/PG__Midas_Fortune__1402846.png"
"64","PG","PG_SLOT","Muay Thai Champion","1","202508289a686009-184f-4f43-997a-a404306a116c.png","images/PG__Muay_Thai_Champion__64.png"
"1717688","PG","PG_SLOT","Mystic Potion","1","202508286cc8eed8-eec7-4ea6-b284-a93f7619f5de.png","images/PG__Mystic_Potion__1717688.png"
"1432733","PG","PG_SLOT","Mystical Spirits","1","202508288bfd3a60-d8f6-4ede-9847-8dfe94046521.png","images/PG__Mystical_Spirits__1432733.png"
"59","PG","PG_SLOT","Ninja vs Samurai","1","202508285d68f351-ae6b-4988-9230-bf18db9fa6f5.png","images/PG__Ninja_vs_Samurai__59.png"
"93","PG","PG_SLOT","Opera Dynasty","1","2025082801be3910-be85-426e-86c6-af1da4366d47.png","images/PG__Opera_Dynasty__93.png"
"112","PG","PG_SLOT","Oriental Prosperity","1","20250828a7a238c1-55cb-43c3-aff3-119a7a53bbb4.png","images/PG__Oriental_Prosperity__112.png"
"1312883","PG","PG_SLOT","Prosperity Fortune Tree","1","202508286ff0c842-1002-48e9-82ea-60a73d642448.png","images/PG__Prosperity_Fortune_Tree__1312883.png"
"113","PG","PG_SLOT","Raider Jane's Crypt of Fortune","1","2025082870e850b1-3f22-46ba-b2a2-288025ee2238.png","images/PG__Raider_Jane_s_Crypt_of_Fortune__113.png"
"1850016","PG","PG_SLOT","Incan Wonders","1","2025101269ef20bc-3f9a-405c-b7d8-b8782df9cb8b.png","images/PG__Incan_Wonders__1850016.png"
"91","PG","PG_SLOT","Guardians of Ice & Fire","1","20251012136a7933-d4b1-47f2-99a4-cef4c6247334.png","images/PG__Guardians_of_Ice_Fire__91.png"
"1804577","PG","PG_SLOT","graffiti rush","1","20260327f674eeb0-ec1d-4268-9033-2d221de73beb.webp","images/PG__graffiti_rush__1804577.webp"
"1702123","PG","PG_SLOT","Geisha's Revenge","1","202510123125cbe7-f694-424d-9231-1ee626397fb5.png","images/PG__Geisha_s_Revenge__1702123.png"
"1879752","PG","PG_SLOT","Fortune Snake","1","20251012f14b0232-beb8-47ec-8d8e-c55de0383a2b.png","images/PG__Fortune_Snake__1879752.png"
"1897678","PG","PG_SLOT","dragon's treasure quest","1","2026032748b74ff1-5e35-4630-8acd-d503b9a62d7a.webp","images/PG__dragon_s_treasure_quest__1897678.webp"
"1935269","PG","PG_SLOT","diner frenzy spins","1","20260327dd110412-c9b3-4782-88b6-3fd008d1d749.webp","images/PG__diner_frenzy_spins__1935269.webp"
"1865521","PG","PG_SLOT","dead man's riches","1","202603270825f7ad-5e97-4250-a4fb-884366738631.webp","images/PG__dead_man_s_riches__1865521.webp"
"1666445","PG","PG_SLOT","Chocolate Deluxe","1","20251012618c55b2-6562-402b-8942-bdae607ccc67.png","images/PG__Chocolate_Deluxe__1666445.png"
"2100928","PG","PG_SLOT","fortune horse","1","20260326b0e71fe7-19a3-4dbd-9258-6936ed57e5e7.webp","images/PG__fortune_horse__2100928.webp"
"33","PG","PG_SLOT","Hip Hop Panda","1","202508288468dfc8-1dea-48f4-8d52-4a7ff401a57c.png","images/PG__Hip_Hop_Panda__33.png"
"1981965","PG","PG_SLOT","forbidden alchemy","1","20260327acf467a6-aba5-4daf-9488-34aa287c4d93.webp","images/PG__forbidden_alchemy__1981965.webp"
"1849515","PG","PG_SLOT","mythical guardians","1","20260327f938a989-4c21-4dc9-ad7c-25c5cb1dabb3.webp","images/PG__mythical_guardians__1849515.webp"
"2009635","PG","PG_SLOT","poker kingdom win","1","20260327f4344929-e1a1-47e5-afb4-83e406cbf05f.webp","images/PG__poker_kingdom_win__2009635.webp"
"1940257","PG","PG_SLOT","alibaba's cave of fortune","1","2026032758ef542a-a856-4f09-b333-2265ed12cab3.webp","images/PG__alibaba_s_cave_of_fortune__1940257.webp"
"2012025","PG","PG_SLOT","skylight wonders","1","20260327d12bbf84-317d-45ac-9aab-e1914cc8078f.webp","images/PG__skylight_wonders__2012025.webp"
"1964781","PG","PG_SLOT","pharaoh royals","1","20260327a5e1802b-2994-4388-8f2b-586375d20865.webp","images/PG__pharaoh_royals__1964781.webp"
"1929177","PG","PG_SLOT","kraken's gold rush","1","20260327de3920f3-974b-47ca-a6fd-99267bade307.webp","images/PG__kraken_s_gold_rush__1929177.webp"
"1971587","PG","PG_SLOT","majestic empire","1","202603276bfe5337-0bfe-43fe-8209-993566e9a9c0.webp","images/PG__majestic_empire__1971587.webp"
"1903012","PG","PG_SLOT","grimms' bounty: hansel & gretel","1","2026032759f00686-1efa-4657-bb67-64fe066b0f3c.webp","images/PG__grimms_bounty_hansel_gretel__1903012.webp"
"1755623","PG","PG_SLOT","museum wonders","1","20260425ebe0f186-eb02-4403-87cb-4a839e95116d.webp","images/PG__museum_wonders__1755623.webp"
"1","PG","PG_SLOT","Honey Trap of Diao Chan","1","20250828c5b0c522-a511-48a8-a71b-10779f6dc72e.png","images/PG__Honey_Trap_of_Diao_Chan__1.png"
"1881268","PG","PG_SLOT","knockout riches","1","202603273e912eea-6ffe-48de-b628-a040ab7f8fa8.webp","images/PG__knockout_riches__1881268.webp"
"1834850","PG","PG_SLOT","jack the giant hunter","1","2026032727813376-a58f-430b-830e-aa0eff17f4c1.webp","images/PG__jack_the_giant_hunter__1834850.webp"
"38","PG","PG_SLOT","Gem Saviour Sword","1","20250828327b5bbe-e153-4eb2-9487-239b77284057.png","images/PG__Gem_Saviour_Sword__38.png"
"42","PG","PG_SLOT","Ganesha Gold","1","20250828bfc3a32f-0ffd-4a23-a267-5eb719db2eea.png","images/PG__Ganesha_Gold__42.png"
"75","PG","PG_SLOT","Ganesha Fortune","1","2025082844ed9804-3216-4f15-832c-7c7267704b3c.png","images/PG__Ganesha_Fortune__75.png"
"3","PG","PG_SLOT","Fortune Gods","1","202508286c182c45-a986-473c-8906-52a84d50d7a3.png","images/PG__Fortune_Gods__3.png"
"44","PG","PG_SLOT","Emperor's Favour","1","2025082893709456-6d27-464d-8606-7bbee8173f05.png","images/PG__Emperor_s_Favour__44.png"
"79","PG","PG_SLOT","Dreams of Macau","1","2025082868819ba6-73ec-4347-8a42-e8bbccfbadfb.png","images/PG__Dreams_of_Macau__79.png"
"63","PG","PG_SLOT","Dragon Tiger Luck","1","20250828a712376d-e3ab-4489-9d3b-5de20f5d9e9e.png","images/PG__Dragon_Tiger_Luck__63.png"
"117","PG","PG_SLOT","Cocktail Nights","1","20250828a090a78d-80c0-462d-b389-1d0961c69741.png","images/PG__Cocktail_Nights__117.png"
"80","PG","PG_SLOT","Circus Delight","1","202508285d35a0c3-ed98-4697-97ce-37a306239658.png","images/PG__Circus_Delight__80.png"
"54","PG","PG_SLOT","Captain's Bounty","1","202508287d381489-5db7-4893-8fc8-5edd09fbbc9e.png","images/PG__Captain_s_Bounty__54.png"
"71","PG","PG_SLOT","Caishen Wins","1","2025082858d23a44-6088-4d53-8b04-7bfb7cd0b792.png","images/PG__Caishen_Wins__71.png"
"70","PG","PG_SLOT","Candy Burst","1","2025082808119690-aca4-48fe-8aba-04896dbfab98.png","images/PG__Candy_Burst__70.png"
"1799745","PG","PG_SLOT","Mr. Treasure’s Fortune","1","20251012b089bf6e-c587-4f23-9c15-c321b162fdc0.png","images/PG__Mr._Treasure_s_Fortune__1799745.png"
"1786529","PG","PG_SLOT","Rio Fantasia","1","202510124a9a1f99-b9ee-422c-bb6e-7f34e5ea3b4f.png","images/PG__Rio_Fantasia__1786529.png"
"37","PG","PG_SLOT","Santa's Gift Rush","1","202510129f9c5442-f8b5-495d-93fa-cf2dd867dd6e.png","images/PG__Santa_s_Gift_Rush__37.png"
"90","PG","PG_SLOT","Secrets of Cleopatra","1","20251012cc5b7bcd-342a-40a5-b52f-b41784692788.png","images/PG__Secrets_of_Cleopatra__90.png"
"94","PG","PG_SLOT","Bali Vacation","1","2025082837ff8ae6-1638-43d8-9353-3012172d4126.png","images/PG__Bali_Vacation__94.png"
"124","PG","PG_SLOT","Battleground Royale","1","20250828264be784-4835-4fdb-802a-9f8015181dee.png","images/PG__Battleground_Royale__124.png"
"69","PG","PG_SLOT","Bikini Paradise","1","20250828c523037a-837d-4162-aec6-5552ac40ef4c.png","images/PG__Bikini_Paradise__69.png"
"108","PG","PG_SLOT","Buffalo Win","1","2025082894ca6e06-cd1c-4261-a582-d9605a724414.png","images/PG__Buffalo_Win__108.png"
"125","PG","PG_SLOT","Butterfly Blossom","1","202508282a76f69d-088b-4644-909b-d2cba536bc3c.png","images/PG__Butterfly_Blossom__125.png"
"vswaysmwss","PP","PP_SLOT","mahjong wins super scatter","1","20260217de40a538-7081-405c-a16e-7c28dbf64712.webp","images/PP__mahjong_wins_super_scatter__vswaysmwss.webp"
"vs20gatotx","PP","PP_SLOT","Gates of Gatot Kaca 1000","1","2025070450a67710-04de-4c64-8ac7-18d5b8958f0a.jpg","images/PP__Gates_of_Gatot_Kaca_1000__vs20gatotx.jpg"
"vs1024mjwinbns","PP","PP_SLOT","Mahjong Wins Bonus","1","20250704325cee06-4df2-4ea1-b8cf-8b409df88c3f.jpg","images/PP__Mahjong_Wins_Bonus__vs1024mjwinbns.jpg"
"vswaysjapan","PP","PP_SLOT","Starlight Princess Pachi","1","20250704f6232b29-b411-463a-b62e-09c3686c4965.jpg","images/PP__Starlight_Princess_Pachi__vswaysjapan.jpg"
"vs20olympgate","PP","PP_SLOT","Gates of Olympus","1","20250702ccdfd32c-ba75-4880-b7fd-9cb59c3eca0f.png","images/PP__Gates_of_Olympus__vs20olympgate.png"
"vs20sugarrush","PP","PP_SLOT","Sugar Rush","1","202509036675c847-fa47-4b09-a9be-7d5a9f4a0e49.webp","images/PP__Sugar_Rush__vs20sugarrush.webp"
"vs20starlight","PP","PP_SLOT","Starlight Princess","1","2025070274625ccf-0714-44f2-98e7-81e809e15ff1.png","images/PP__Starlight_Princess__vs20starlight.png"
"vs1024mahjwins","PP","PP_SLOT","Mahjong Wins","1","20250704bd9407cc-5073-479a-ab6f-0312344a7140.jpg","images/PP__Mahjong_Wins__vs1024mahjwins.jpg"
"vs20bnnzdice","PP","PP_SLOT","Sweet Bonanza Dice","1","20250903c86fd9ea-3197-4fcc-915e-2426336f67ac.webp","images/PP__Sweet_Bonanza_Dice__vs20bnnzdice.webp"
"vs20bl","PP","PP_SLOT","Busy Bees","1","20250703a4c41e58-629f-472b-8c44-c566a28a1053.png","images/PP__Busy_Bees__vs20bl.png"
"vs25lagoon","PP","PP_SLOT","Great Lagoon","1","202507030b76d0b9-83cd-44df-836f-891a781fecf5.png","images/PP__Great_Lagoon__vs25lagoon.png"
"vpdt11","PP","PP_SLOT","Darts","1","2025070596333d4b-4a49-4c99-8e89-aa02b72b25e1.jpg","images/PP__Darts__vpdt11.jpg"
"vs10coffee","PP","PP_SLOT","Coffee Wild","1","202507036ec4a7ed-4321-4a7e-8b97-44496ae070f1.png","images/PP__Coffee_Wild__vs10coffee.png"
"vs25sea","PP","PP_SLOT","Great Reef","1","20250703d81584ae-f857-4319-9aba-d34b8e5779f3.png","images/PP__Great_Reef__vs25sea.png"
"483","PP","PP_SLOT","Chinese Speed Baccarat 3","1","2025070578a55578-f15b-4a23-998d-6975a5eb95c5.jpg","images/PP__Chinese_Speed_Baccarat_3__483.jpg"
"482","PP","PP_SLOT","Chinese Speed Baccarat 2","1","202507050b46845a-9e0e-406f-9d67-f439b1f006ec.jpg","images/PP__Chinese_Speed_Baccarat_2__482.jpg"
"481","PP","PP_SLOT","Chinese Speed Baccarat 1","1","202507052373b86f-2f04-4f6f-861a-e95c5c88f687.jpg","images/PP__Chinese_Speed_Baccarat_1__481.jpg"
"vs243ckemp","PP","PP_SLOT","Cheeky Emperor","1","20250703dadaf671-0a84-46da-82e9-6c0fdb27c5d0.png","images/PP__Cheeky_Emperor__vs243ckemp.png"
"vs20candvil","PP","PP_SLOT","Candy Village","1","2025070409a4bea7-7383-4222-a373-2dcd850b147e.jpg","images/PP__Candy_Village__vs20candvil.jpg"
"vs13g","PP","PP_SLOT","Devil's 13","1","20250703af51cf4d-a337-4429-a416-d31253d4c05b.png","images/PP__Devil_s_13__vs13g.png"
"vs25bullfiesta","PP","PP_SLOT","Bull Fiesta","1","20250704afca6417-6e58-49b4-ac96-ae12a14fe6c7.jpg","images/PP__Bull_Fiesta__vs25bullfiesta.jpg"
"vs10bblpop","PP","PP_SLOT","Bubble Pop","1","202507023d40f237-5531-45af-84a2-3cdf9a8459d1.png","images/PP__Bubble_Pop__vs10bblpop.png"
"237","PP","PP_SLOT","Brazilian Roulette","1","202507056611856d-3950-4dc3-adeb-25676df87f26.png","images/PP__Brazilian_Roulette__237.png"
"1401","PP","PP_SLOT","Boom City","1","20250705060c9a11-c19f-47b8-a9e8-c8e8c3c5ca72.png","images/PP__Boom_City__1401.png"
"vs10bookazteck","PP","PP_SLOT","Book of Aztec King","1","20250702af9a9c20-020e-4470-8525-c32cd99e0073.png","images/PP__Book_of_Aztec_King__vs10bookazteck.png"
"vs20bonzgold","PP","PP_SLOT","Bonanza Gold","1","20250702ea9f016a-044d-4522-b79d-2a4db6130ec4.png","images/PP__Bonanza_Gold__vs20bonzgold.png"
"3055","PP","PP_SLOT","BlackjackX 30 - Emerald","1","20250705ae5b313d-054b-4bfd-9ec5-5aec9ccea5ec.png","images/PP__BlackjackX_30_-_Emerald__3055.png"
"3054","PP","PP_SLOT","BlackjackX 29 - Emerald","1","20250705598e792e-13ed-4c4e-99d1-a34fa69de1de.png","images/PP__BlackjackX_29_-_Emerald__3054.png"
"3053","PP","PP_SLOT","BlackjackX 28 - Emerald","1","202507053ffa7e83-4d7c-4ced-80cd-fca378f6016f.png","images/PP__BlackjackX_28_-_Emerald__3053.png"
"vs1024fortune","PP","PP_SLOT","Fortune Ace","1","20250704426f4ec2-576d-40bf-974b-c43c0e3b98d7.jpg","images/PP__Fortune_Ace__vs1024fortune.jpg"
"vpdr7","PP","PP_SLOT","Greyhound Racing","1","20250705ac289c5e-4c73-43ea-b43e-844c4335d127.jpg","images/PP__Greyhound_Racing__vpdr7.jpg"
"vs20gatotfury","PP","PP_SLOT","Gatot Kaca's Fury","1","20250703892b4e1c-0a84-44e2-9fd0-3d1edc2264e5.png","images/PP__Gatot_Kaca_s_Fury__vs20gatotfury.png"
"vs20olympdice","PP","PP_SLOT","Gates of Olympus Dice","1","2025070465502655-6f35-4bb5-b631-2fb5857abe59.jpg","images/PP__Gates_of_Olympus_Dice__vs20olympdice.jpg"
"vs25gldox","PP","PP_SLOT","Golden Ox","1","20250703af806a7c-64bb-4f8d-b096-7745e9fdc926.png","images/PP__Golden_Ox__vs25gldox.png"
"vs20gatotgates","PP","PP_SLOT","Gates of Gatot Kaca","1","202507048f12746c-88e8-4754-8d89-4a4295bf255c.jpg","images/PP__Gates_of_Gatot_Kaca__vs20gatotgates.jpg"
"vs20aztecgates","PP","PP_SLOT","Gates of Aztec","1","202507030236aad7-401c-438f-9270-99c2df030d93.png","images/PP__Gates_of_Aztec__vs20aztecgates.png"
"vs1fufufu","PP","PP_SLOT","Fu Fu Fu","1","20250703757fc31a-3058-43fc-9d47-b9d239474959.png","images/PP__Fu_Fu_Fu__vs1fufufu.png"
"vs20framazon","PP","PP_SLOT","Fruits of the Amazon","1","2025070385ae8b90-33d0-4e5b-abe9-feb71876f967.png","images/PP__Fruits_of_the_Amazon__vs20framazon.png"
"vswaysfrbugs","PP","PP_SLOT","Frogs & Bugs","1","202507032acce2c8-4d2c-4986-a276-5100ddeab1dc.png","images/PP__Frogs_Bugs__vswaysfrbugs.png"
"vs243fdragon","PP","PP_SLOT","Fortune Dragon","1","20250704c1aa0f8c-70c3-498f-975d-8f6e6c8e35fb.jpg","images/PP__Fortune_Dragon__vs243fdragon.jpg"
"222","PP","PP_SLOT","German Roulette","1","202507051bbd4014-7bfb-40c2-b7c6-3729cf5672ec.jpg","images/PP__German_Roulette__222.jpg"
"434","PP","PP_SLOT","Fortune 6 Baccarat","1","202507053e7500c7-d9e9-47e6-9501-4fbdbbd59a61.jpg","images/PP__Fortune_6_Baccarat__434.jpg"
"vpmr9","PP","PP_SLOT","Force 1","1","20250705ee7c3013-265a-4ae1-961b-69236f7e3e9c.jpg","images/PP__Force_1__vpmr9.jpg"
"4001","PP","PP_SLOT","Super Trunfo
(Football Blitz Top Card)","1","202507059faf3e0a-70a0-41f7-8974-e030138e8184.jpg","images/PP__Super_Trunfo_Football_Blitz_Top_Card__4001.jpg"
"vplfl6","PP","PP_SLOT","Fantastic League","1","20250704888548f4-d938-48cd-b59b-2000d4b6a3e6.jpg","images/PP__Fantastic_League__vplfl6.jpg"
"vs243empcaishen","PP","PP_SLOT","Emperor Caishen","1","202507042e5beefa-9b28-4ddc-ace3-e09d9633abd6.jpg","images/PP__Emperor_Caishen__vs243empcaishen.jpg"
"vs25goldpig","PP","PP_SLOT","Golden Pig","1","20250703e3ef341f-bb92-4e78-a82c-de346865ca93.png","images/PP__Golden_Pig__vs25goldpig.png"
"bndt","PP","PP_SLOT","Dragon Tiger","1","20250703a51fe44c-a448-4074-b4ab-caa97fe50b94.jpg","images/PP__Dragon_Tiger__bndt.jpg"
"vs243discolady","PP","PP_SLOT","Disco Lady","1","202507031accd465-f391-4028-b9d2-8daf2e61d72d.png","images/PP__Disco_Lady__vs243discolady.png"
"cs3w","PP","PP_SLOT","Diamonds are Forever 3 Lines","1","2025070335bee6d1-9e52-4c7c-a7c0-e0626a336500.png","images/PP__Diamonds_are_Forever_3_Lines__cs3w.png"
"vs25aztecking","PP","PP_SLOT","Aztec King","1","2025070204ee74e4-ff32-45e7-b292-e00d560bbccf.png","images/PP__Aztec_King__vs25aztecking.png"
"3010","PP","PP_SLOT","Blackjack X 10 - Ruby","1","20250705642b89d8-f7cc-474a-8600-fd32cd01f428.jpg","images/PP__Blackjack_X_10_-_Ruby__3010.jpg"
"3001","PP","PP_SLOT","Blackjack X 1 - Azure","1","20250705cfb93465-f77b-4aae-a018-436f1aae9527.jpg","images/PP__Blackjack_X_1_-_Azure__3001.jpg"
"1320","PP","PP_SLOT","Big Bass Crash","1","202507026164561f-eff5-41a8-8835-cb151a575e64.png","images/PP__Big_Bass_Crash__1320.png"
"912","PP","PP_SLOT","Bet Behind Pro Blackjack","1","20250705616f2284-a5c7-4fe9-89f2-b361df131fa2.jpg","images/PP__Bet_Behind_Pro_Blackjack__912.jpg"
"436","PP","PP_SLOT","Baccarat 9","1","202507059f8ffe55-2695-4c9a-8fb3-d70122be0e6a.jpg","images/PP__Baccarat_9__436.jpg"
"425","PP","PP_SLOT","Baccarat 7","1","20250705988d1d1c-4959-4ff4-bc53-4fd3600ab347.jpg","images/PP__Baccarat_7__425.jpg"
"413","PP","PP_SLOT","Baccarat 6","1","20250705b7106f30-e929-4091-a650-1fa8f8a1b351.jpg","images/PP__Baccarat_6__413.jpg"
"411","PP","PP_SLOT","Baccarat 5","1","20250705d37cf9bd-8ba3-4155-9cdc-3bece904897f.jpg","images/PP__Baccarat_5__411.jpg"
"422f","PP","PP_SLOT","Baccarat 3","1","20250705736a7632-41a6-4611-acb3-2bb543e3a94c.jpg","images/PP__Baccarat_3__422f.jpg"
"404","PP","PP_SLOT","Baccarat 2","1","2025070520b83876-b4fb-48ae-872d-0cefa50703c2.jpg","images/PP__Baccarat_2__404.jpg"
"401","PP","PP_SLOT","Baccarat 1","1","202507050331d151-333e-4a3e-9863-cb0b320582bc.jpg","images/PP__Baccarat_1__401.jpg"
"vs5firehot","PP","PP_SLOT","Fire Hot 5","1","20250702e7c54131-1644-45ed-a209-370435e29c83.png","images/PP__Fire_Hot_5__vs5firehot.png"
"3014","PP","PP_SLOT","Blackjack X 14 - Ruby","1","20250705ff2a1d55-c108-4c41-aad6-c3147aa4760a.png","images/PP__Blackjack_X_14_-_Ruby__3014.png"
"225","PP","PP_SLOT","Auto Roulette","1","202507058068d59b-0bdf-4e7d-8737-27664e821e86.jpg","images/PP__Auto_Roulette__225.jpg"
"210","PP","PP_SLOT","Auto Mega Roulette","1","202507051052b06f-2517-43f6-9f6f-8cf6b7e49191.jpg","images/PP__Auto_Mega_Roulette__210.jpg"
"1024","PP","PP_SLOT","Andar Bahar","1","20250705283bcc54-ae11-491f-949f-7060d29122bf.jpg","images/PP__Andar_Bahar__1024.jpg"
"vs243goldfor","PP","PP_SLOT","888 Bonanza","1","202507025bfdf0b0-9dc6-436c-847f-2a30720747c0.png","images/PP__888_Bonanza__vs243goldfor.png"
"vswaysrabbits","PP","PP_SLOT","5 Rabbits Megaways","1","202507027b379199-8966-42ed-9ebe-200ac99a7643.png","images/PP__5_Rabbits_Megaways__vswaysrabbits.png"
"vs10luckcharm","PP","PP_SLOT","Lucky, Grace & Charm","1","2025070277b1ffd7-cc77-42a0-bfea-7991ffe7f254.png","images/PP__Lucky_Grace_Charm__vs10luckcharm.png"
"vs20saiman","PP","PP_SLOT","Saiyan Mania","1","20250704d3ebde38-2945-43b5-914a-57ae4d20e2e8.png","images/PP__Saiyan_Mania__vs20saiman.png"
"vs15samurai4","PP","PP_SLOT","Rise of Samurai 4","1","202507034bea1e11-25e4-4c23-a40f-8e4ed6e7d317.png","images/PP__Rise_of_Samurai_4__vs15samurai4.png"
"vs20cbrhst","PP","PP_SLOT","Cyber Heist","1","202507032fa34351-75e5-47ea-aa3b-4551694fb5b6.png","images/PP__Cyber_Heist__vs20cbrhst.png"
"vs20mesmult","PP","PP_SLOT","Yeti Quest","1","2025090698db3fda-72cd-408d-b278-48f33b5ac21e.webp","images/PP__Yeti_Quest__vs20mesmult.webp"
"vswaysaztecking","PP","PP_SLOT","Aztec King Megaways","1","20250702f49f2585-c37e-4275-8967-eb75c42b18ef.png","images/PP__Aztec_King_Megaways__vswaysaztecking.png"
"3007","PP","PP_SLOT","Blackjack X 7 - Azure","1","2025070595bfedab-26f1-4d9c-8a59-dce516514aa0.png","images/PP__Blackjack_X_7_-_Azure__3007.png"
"3051","PP","PP_SLOT","BlackjackX 26 - Emerald","1","2025070592fc8f52-1045-4f07-9ba8-9ecd93ab16c5.png","images/PP__BlackjackX_26_-_Emerald__3051.png"
"3025","PP","PP_SLOT","BlackjackX 25 - Azure","1","20250705ad7281c4-9c2a-4ca5-b4a2-f8065eac6fea.png","images/PP__BlackjackX_25_-_Azure__3025.png"
"3024","PP","PP_SLOT","BlackjackX 24 - Azure","1","20250705c8808731-94d2-4993-908c-c2923d599a5a.png","images/PP__BlackjackX_24_-_Azure__3024.png"
"3050","PP","PP_SLOT","BlackjackX 23 - Emerald","1","20250705e16cde09-bdef-487e-883e-bd22b7ffab56.png","images/PP__BlackjackX_23_-_Emerald__3050.png"
"3049","PP","PP_SLOT","BlackjackX 22 - Emerald","1","20250705de2f2c75-e896-4ce6-b38d-c0c7214c0b01.png","images/PP__BlackjackX_22_-_Emerald__3049.png"
"3021","PP","PP_SLOT","BlackjackX 21 - Ruby","1","2025070580d80945-82f6-492c-88ae-443c6cbd8fec.png","images/PP__BlackjackX_21_-_Ruby__3021.png"
"3048","PP","PP_SLOT","BlackjackX 13 - Emerald","1","20250705a247ea0d-46ec-4a1a-8230-f9268613f206.png","images/PP__BlackjackX_13_-_Emerald__3048.png"
"3047","PP","PP_SLOT","BlackjackX 12 - Emerald","1","202507054ae1ee4c-bcde-41c2-bd81-f03858a45657.png","images/PP__BlackjackX_12_-_Emerald__3047.png"
"3046","PP","PP_SLOT","BlackjackX 11 - Emerald","1","20250705874b1e06-eec5-48d2-9f6c-6293c5f72a59.png","images/PP__BlackjackX_11_-_Emerald__3046.png"
"3009","PP","PP_SLOT","Blackjack X 9 - Ruby","1","20250705335f56a7-83d9-4aff-8418-8230d86e99dd.png","images/PP__Blackjack_X_9_-_Ruby__3009.png"
"3008","PP","PP_SLOT","Blackjack X 8 - Ruby","1","20250705fd35affe-a115-4f76-b9a0-52795d415a9a.png","images/PP__Blackjack_X_8_-_Ruby__3008.png"
"3052","PP","PP_SLOT","BlackjackX 27 - Emerald","1","2025070559c433d7-2802-4954-887e-1e5d33963556.png","images/PP__BlackjackX_27_-_Emerald__3052.png"
"3006","PP","PP_SLOT","Blackjack X 6 - Azure","1","202507051f61f59d-2ed2-4ce2-8687-c53bc901c449.png","images/PP__Blackjack_X_6_-_Azure__3006.png"
"3005","PP","PP_SLOT","Blackjack X 5 - Ruby","1","20250705a8fe5715-6999-421f-86fb-2c25042b3020.png","images/PP__Blackjack_X_5_-_Ruby__3005.png"
"3004","PP","PP_SLOT","Blackjack X 4 - Ruby","1","20250705f7222357-8783-4416-91c0-1239faee537b.png","images/PP__Blackjack_X_4_-_Ruby__3004.png"
"3003","PP","PP_SLOT","Blackjack X 3 - Azure","1","2025070512717bb6-b0f1-40be-9166-de2ca51d721d.png","images/PP__Blackjack_X_3_-_Azure__3003.png"
"3020","PP","PP_SLOT","Blackjack X 20 - Ruby","1","202507054febb629-30aa-4c53-af9b-845a0f5ef457.png","images/PP__Blackjack_X_20_-_Ruby__3020.png"
"3002","PP","PP_SLOT","Blackjack X 2 - Azure","1","20250705cad8d8c5-227e-46fd-89dc-ab44d2b781ca.png","images/PP__Blackjack_X_2_-_Azure__3002.png"
"3019","PP","PP_SLOT","Blackjack X 19 - Ruby","1","202507059475b70e-7192-4f44-9445-accf84afdfef.jpg","images/PP__Blackjack_X_19_-_Ruby__3019.jpg"
"3018","PP","PP_SLOT","Blackjack X 18 - Azure","1","202507059629136d-3caa-476b-95ba-0e6b777c595c.png","images/PP__Blackjack_X_18_-_Azure__3018.png"
"3017","PP","PP_SLOT","Blackjack X 17 - Azure","1","202507056d44ba69-75a9-4153-86d2-473da646a0b7.png","images/PP__Blackjack_X_17_-_Azure__3017.png"
"3016","PP","PP_SLOT","Blackjack X 16 - Azure","1","202507052a1b3ba5-baaf-42b3-abf0-982255f01986.png","images/PP__Blackjack_X_16_-_Azure__3016.png"
"3015","PP","PP_SLOT","Blackjack X 15 - Ruby","1","20250705135c7bc6-b98d-4625-ac67-8243b09d8ae8.png","images/PP__Blackjack_X_15_-_Ruby__3015.png"
"234","PP","PP_SLOT","Spanish Roulette","1","202507059bef476d-ad43-45d1-a162-b347bf2f5c2f.jpg","images/PP__Spanish_Roulette__234.jpg"
"403","PP","PP_SLOT","Speed Baccarat 2","1","20250705bfff369e-3f90-4968-9c2b-a773b82b4ce6.png","images/PP__Speed_Baccarat_2__403.png"
"439","PP","PP_SLOT","Speed Baccarat 17","1","2025070551020ac1-b404-434a-9fcb-ea56219cc312.png","images/PP__Speed_Baccarat_17__439.png"
"435","PP","PP_SLOT","Speed Baccarat 16","1","20250705aff39602-82ed-4591-a2ef-2e40f5975fee.jpg","images/PP__Speed_Baccarat_16__435.jpg"
"427b","PP","PP_SLOT","Speed Baccarat 15","1","2025070514ae00d1-6bc1-4449-b0a2-5ad972c80381.png","images/PP__Speed_Baccarat_15__427b.png"
"405","PP","PP_SLOT","Speed Baccarat 14","1","202507053288670c-8aab-45d9-b3ad-ce82e9da14f8.jpg","images/PP__Speed_Baccarat_14__405.jpg"
"438f","PP","PP_SLOT","Speed Baccarat 13","1","20250705e1aa1fe6-5e30-443f-8070-cbc3fe19e20f.png","images/PP__Speed_Baccarat_13__438f.png"
"421f","PP","PP_SLOT","Speed Baccarat 12","1","2025070530db073f-d357-4617-943e-b102a27ba83e.png","images/PP__Speed_Baccarat_12__421f.png"
"424f","PP","PP_SLOT","Speed Baccarat 11","1","202507054b713c7a-0bd0-487c-886c-16efd07f538a.png","images/PP__Speed_Baccarat_11__424f.png"
"428","PP","PP_SLOT","Speed Baccarat 10","1","20250705041dbd35-d630-4bc7-9f02-7cb4eb6d1d27.jpg","images/PP__Speed_Baccarat_10__428.jpg"
"402","PP","PP_SLOT","Speed Baccarat 1","1","20250705eac557ba-9f12-41a0-b9d2-04f20142183d.png","images/PP__Speed_Baccarat_1__402.png"
"226","PP","PP_SLOT","Speed Auto Roulette","1","20250705999b314e-390f-4946-abe8-47813d8c427b.jpg","images/PP__Speed_Auto_Roulette__226.jpg"
"412","PP","PP_SLOT","Speed Baccarat 3","1","202507055063c581-2888-4b18-bfbf-71f8f390d8d9.jpg","images/PP__Speed_Baccarat_3__412.jpg"
"1301","PP","PP_SLOT","Spaceman","1","2025070555b2754c-c85d-42de-b44b-c4743c5605ff.jpg","images/PP__Spaceman__1301.jpg"
"1601","PP","PP_SLOT","Snakes & Ladders Live","1","2025070552f398df-fa51-4a24-9e45-ace14a1c2084.jpg","images/PP__Snakes_Ladders_Live__1601.jpg"
"711","PP","PP_SLOT","Sic Bo","1","20250705f5c29008-00fe-42b0-b9b0-516ffadcefe1.jpg","images/PP__Sic_Bo__711.jpg"
"vswaysseastory","PP","PP_SLOT","Sea Fantasy","1","20250704a2abafe7-14e5-4ee6-80e2-663e55541d8a.jpg","images/PP__Sea_Fantasy__vswaysseastory.jpg"
"221","PP","PP_SLOT","Russian Roulette","1","202507055e72b58e-9d8e-4d4e-a258-5c8f13698d66.jpg","images/PP__Russian_Roulette__221.jpg"
"230a20","PP","PP_SLOT","Roulette 3 - Ruby","1","20250705738a12ab-c929-45e7-8db7-f320ba98d112.jpg","images/PP__Roulette_3_-_Ruby__230a20.jpg"
"206","PP","PP_SLOT","Roulette Macao","1","2025070547c85644-7745-45e3-976e-2deb3c4f4abe.jpg","images/PP__Roulette_Macao__206.jpg"
"223","PP","PP_SLOT","Roulette Italia Tricolore","1","20250705ad5c77e6-18d4-4275-8a2b-c1381194d243.jpg","images/PP__Roulette_Italia_Tricolore__223.jpg"
"229","PP","PP_SLOT","Roulette Indian","1","20250705e5edc3c5-b6f1-48f0-a8ba-c8baaf08e9cc.png","images/PP__Roulette_Indian__229.png"
"201","PP","PP_SLOT","Roulette 2 - Green","1","202507056ca4f4a1-a379-4718-923e-e64936530d91.jpg","images/PP__Roulette_2_-_Green__201.jpg"
"vs20dhdice","PP","PP_SLOT","The Dog House Dice Show","1","202509039be0b04f-fe08-47d0-b3ff-63285f287bd7.webp","images/PP__The_Dog_House_Dice_Show__vs20dhdice.webp"
"vs15seoultrain","PP","PP_SLOT","Zombie Train","1","20250906be732098-d4de-4722-9062-499c583dff48.webp","images/PP__Zombie_Train__vs15seoultrain.webp"
"vs20wildman","PP","PP_SLOT","Wildman Super Bonanza","1","20250906c9b1f37c-ec1a-4299-9e40-5425056490d3.webp","images/PP__Wildman_Super_Bonanza__vs20wildman.webp"
"545","PP","PP_SLOT","VIP Roulette - The Club","1","20250704854c7881-2e76-47c4-a92b-ee61e5e65155.jpg","images/PP__VIP_Roulette_-_The_Club__545.jpg"
"266","PP","PP_SLOT","VIP Auto Roulette","1","20250705fd82d25f-da0d-4a80-ae21-52388c1f2ed0.jpg","images/PP__VIP_Auto_Roulette__266.jpg"
"479","PP","PP_SLOT","Vietnamese Speed Baccarat 1","1","20250705b4856146-38dd-4b33-9e0a-33de5bd33565.jpg","images/PP__Vietnamese_Speed_Baccarat_1__479.jpg"
"262","PP","PP_SLOT","Vietnamese Roulette","1","20250705fd2231f3-4552-47ee-9db7-e81ad4b71a20.jpg","images/PP__Vietnamese_Roulette__262.jpg"
"1501","PP","PP_SLOT","Vegas Ball Bonanza","1","20250705bcbcf287-e84e-4ab0-9618-d194d2ab054a.jpg","images/PP__Vegas_Ball_Bonanza__1501.jpg"
"224","PP","PP_SLOT","Turkish Roulette","1","2025070543e429b8-35e7-4758-b7a6-e1321c4d2e28.jpg","images/PP__Turkish_Roulette__224.jpg"
"208","PP","PP_SLOT","Turkish Mega Roulette","1","20250705600b766c-64c0-46d4-956e-e9088092a429.png","images/PP__Turkish_Mega_Roulette__208.png"
"vs20tweethouse","PP","PP_SLOT","The Tweety House","1","20250906994fefbb-2fd8-4d7e-9790-401dc8c4366e.webp","images/PP__The_Tweety_House__vs20tweethouse.webp"
"vs25tigerwar","PP","PP_SLOT","The Tiger Warrior","1","20250906046bd164-154b-4adc-9ed8-183d3394d008.webp","images/PP__The_Tiger_Warrior__vs25tigerwar.webp"
"227","PP","PP_SLOT","Roulette 1 - Azure","1","2025070521d20391-d311-43bb-a983-18e09afda01f.jpg","images/PP__Roulette_1_-_Azure__227.jpg"
"451","PP","PP_SLOT","Thai Speed Baccarat 1","1","20250705df0380c6-6f94-495f-821f-0c69452d5ba8.png","images/PP__Thai_Speed_Baccarat_1__451.png"
"1101","PP","PP_SLOT","Sweet Bonanza Candy land","1","2025070596f9fef3-7084-4155-addb-9a8da1e1191f.jpg","images/PP__Sweet_Bonanza_Candy_land__1101.jpg"
"433","PP","PP_SLOT","Super 8 Baccarat","1","20250705db7cb17e-6ea8-4665-b9d3-dfa77ab873c8.jpg","images/PP__Super_8_Baccarat__433.jpg"
"205","PP","PP_SLOT","Speed Roulette 2","1","20250705b47715bf-a570-4452-ab36-f74b83d25f3c.jpg","images/PP__Speed_Roulette_2__205.jpg"
"203","PP","PP_SLOT","Speed Roulette 1","1","2025070567ff311a-c309-43af-bf22-fe53cbcc21de.jpg","images/PP__Speed_Roulette_1__203.jpg"
"430","PP","PP_SLOT","Speed Baccarat 9","1","20250705df0a4dfd-6691-48ca-9b04-1b7a5f223bfc.jpg","images/PP__Speed_Baccarat_9__430.jpg"
"432","PP","PP_SLOT","Speed Baccarat 8","1","2025070598e391d3-9980-435d-ab1d-aa6f42ab25aa.jpg","images/PP__Speed_Baccarat_8__432.jpg"
"431","PP","PP_SLOT","Speed Baccarat 7","1","20250705337bcc22-3ad5-43be-8aff-4646cff33102.jpg","images/PP__Speed_Baccarat_7__431.jpg"
"415","PP","PP_SLOT","Speed Baccarat 6","1","202507054b8a7a7a-305f-43a0-b767-35aaa2d20e30.jpg","images/PP__Speed_Baccarat_6__415.jpg"
"414","PP","PP_SLOT","Speed Baccarat 5","1","202507059d2e5040-bbe9-4e2b-986d-88c6e035948b.jpg","images/PP__Speed_Baccarat_5__414.jpg"
"vs5jjwild","PP","PP_SLOT","Joker’s Jewels Wild","1","20250704e0d8b3dc-75e9-4aea-98a0-2f7e99960564.jpg","images/PP__Joker_s_Jewels_Wild__vs5jjwild.jpg"
"211","PP","PP_SLOT","Lucky 6 Roulette","1","20250705a35d8116-9f7f-401a-be0f-cb1fd9f333f4.jpg","images/PP__Lucky_6_Roulette__211.jpg"
"vs5littlegem","PP","PP_SLOT","Little Gem","1","20250704de41e85d-6b32-44c4-9609-34335859b408.jpg","images/PP__Little_Gem__vs5littlegem.jpg"
"499","PP","PP_SLOT","Korean Speed Baccarat 6","1","20250705d5eeac40-089a-4c3f-86a8-1adb94ccf57a.jpg","images/PP__Korean_Speed_Baccarat_6__499.jpg"
"476","PP","PP_SLOT","Korean Speed Baccarat 5","1","20250705706c6f6e-d945-4617-88c2-92b2a36b085a.jpg","images/PP__Korean_Speed_Baccarat_5__476.jpg"
"459","PP","PP_SLOT","Korean Speed Baccarat 3","1","20250705046397b7-21d5-42c4-b2d0-ef885b63b5a3.jpg","images/PP__Korean_Speed_Baccarat_3__459.jpg"
"449","PP","PP_SLOT","Korean Speed Baccarat 2","1","20250705a667036b-dc03-4b6e-9781-764007bb8171.jpg","images/PP__Korean_Speed_Baccarat_2__449.jpg"
"441","PP","PP_SLOT","Korean Speed Baccarat 1","1","202507054ce4388b-d189-4bf9-8e22-68fcdf02478f.jpg","images/PP__Korean_Speed_Baccarat_1__441.jpg"
"213","PP","PP_SLOT","Korean Roulette","1","20250705ca01dbb4-c36a-4ca4-86f1-bdb1601d12fd.jpg","images/PP__Korean_Roulette__213.jpg"
"vs243koipond","PP","PP_SLOT","Koi Pond","1","20250703f58b6378-a265-4f10-a325-86dedba8565b.png","images/PP__Koi_Pond__vs243koipond.png"
"vs20asgard","PP","PP_SLOT","Kingdom of Asgard","1","20250911009c64d1-8a31-433a-857d-8335be5d586f.webp","images/PP__Kingdom_of_Asgard__vs20asgard.webp"
"vs25journey","PP","PP_SLOT","Journey to the West","1","20250703097a3583-94c4-4da1-bfc4-32247620853b.png","images/PP__Journey_to_the_West__vs25journey.png"
"vs1ball","PP","PP_SLOT","Lucky Dragon Ball","1","2025070493c88b97-d3f8-44cb-908a-a42e13fe70f2.jpg","images/PP__Lucky_Dragon_Ball__vs1ball.jpg"
"vs25jokrace","PP","PP_SLOT","Joker Race","1","20250703a49c8d3f-288a-4be4-99d3-87994282dc27.png","images/PP__Joker_Race__vs25jokrace.png"
"vs5jokerdice","PP","PP_SLOT","Joker Jewels Dice","1","20250704d141d93a-e411-4531-9950-0dac2218918d.jpg","images/PP__Joker_Jewels_Dice__vs5jokerdice.jpg"
"490","PP","PP_SLOT","Japanese Speed Baccarat 3","1","20250705ffccffad-f67f-4006-9a08-ff260c5ecf74.jpg","images/PP__Japanese_Speed_Baccarat_3__490.jpg"
"489","PP","PP_SLOT","Japanese Speed Baccarat 2","1","20250705ab996e66-c0ef-4a3f-b98e-15c6e8ec4b07.jpg","images/PP__Japanese_Speed_Baccarat_2__489.jpg"
"488","PP","PP_SLOT","Japanese Speed Baccarat 1","1","20250705e3854649-21f2-46d9-856a-2a81c537d578.jpg","images/PP__Japanese_Speed_Baccarat_1__488.jpg"
"cs3irishcharms","PP","PP_SLOT","Irish Charms","1","2025070349a84afa-0731-4ac4-af7c-a777253279a7.png","images/PP__Irish_Charms__cs3irishcharms.png"
"450","PP","PP_SLOT","Indonesian Speed Baccarat 1","1","2025070508ff09cb-d8d0-499d-9c64-0edc4e087a8c.jpg","images/PP__Indonesian_Speed_Baccarat_1__450.jpg"
"vpfh3","PP","PP_SLOT","Horse Racing","1","202507057bb2b416-087f-49ee-ac12-f84dca91fe4f.jpg","images/PP__Horse_Racing__vpfh3.jpg"
"vs25holiday","PP","PP_SLOT","Holiday Ride","1","202509115720358c-6edc-481e-b767-7e3a4337d50d.webp","images/PP__Holiday_Ride__vs25holiday.webp"
"vs88hockattack","PP","PP_SLOT","Hockey Attack","1","20250911f782498b-2cc7-497b-84bb-c59be8bf95b1.webp","images/PP__Hockey_Attack__vs88hockattack.webp"
"cs5moneyroll","PP","PP_SLOT","Money Roll","1","20250703d38950a4-b46d-417a-8419-7c40ea51a603.png","images/PP__Money_Roll__cs5moneyroll.png"
"233","PP","PP_SLOT","Romanian Roulett","1","20250705c082d60d-4ff3-4f7c-884d-07fd973d09f5.png","images/PP__Romanian_Roulett__233.png"
"vs4096robber","PP","PP_SLOT","Robber Strike","1","2025070391686060-b431-40ab-9fff-5089972edf0a.png","images/PP__Robber_Strike__vs4096robber.png"
"vs25samurai","PP","PP_SLOT","Rise of Samurai","1","20250703ef95c75b-3aa1-4478-bd50-4d461d423e4e.png","images/PP__Rise_of_Samurai__vs25samurai.png"
"vs243chargebull","PP","PP_SLOT","Raging Bull","1","20250703a5bf3b19-cbab-4f30-afc6-ea890958e134.png","images/PP__Raging_Bull__vs243chargebull.png"
"491","PP","PP_SLOT","Punto Banco Italia Tricolore","1","2025070505f9e9bb-d856-48ca-adba-37970295b56a.jpg","images/PP__Punto_Banco_Italia_Tricolore__491.jpg"
"240","PP","PP_SLOT","PowerUp Roulette","1","20250705896877b2-eb2d-4ec6-b828-69afa555aa46.png","images/PP__PowerUp_Roulette__240.png"
"vppso4","PP","PP_SLOT","Penalty Shootout","1","20250705d7a23587-d9dc-4d64-bdc4-7fee8b66a968.png","images/PP__Penalty_Shootout__vppso4.png"
"904","PP","PP_SLOT","Turkish ONE Blackjack","1","2025070514377881-2e15-4469-9cb2-82209b5eb6ea.png","images/PP__Turkish_ONE_Blackjack__904.png"
"902a9","PP","PP_SLOT","ONE Blackjack 2 - Ruby","1","20250705c51470eb-0bb8-4f56-aeb5-01897b7140be.png","images/PP__ONE_Blackjack_2_-_Ruby__902a9.png"
"901","PP","PP_SLOT","One Blackjack","1","2025070550d77160-73c2-4b55-95b1-c9bf946cab00.png","images/PP__One_Blackjack__901.png"
"vs1024moonsh","PP","PP_SLOT","Moonshot","1","202507037cd6633c-cc89-4033-adb3-09ec0645e529.png","images/PP__Moonshot__vs1024moonsh.png"
"2201","PP","PP_SLOT","High Flyer (Crash Game)","1","202507042b75e82c-f161-4f8f-9bcd-dafdc2f58cdc.jpg","images/PP__High_Flyer_Crash_Game__2201.jpg"
"vs1money","PP","PP_SLOT","Money Money Money","1","20250703f8e73da6-6d81-4a23-be1d-a6437cbcddd3.png","images/PP__Money_Money_Money__vs1money.png"
"801","PP","PP_SLOT","Mega Wheel","1","202507059e7fcf94-0c53-4a53-94a9-cd5ebc9f8b09.png","images/PP__Mega_Wheel__801.png"
"701","PP","PP_SLOT","Mega Sic Bo","1","20250705ee0cd3f2-429a-492e-b43e-fe00db41e0b0.jpg","images/PP__Mega_Sic_Bo__701.jpg"
"2101","PP","PP_SLOT","Mega Sic Bac","1","202507051791aece-900f-4465-a686-1a856e3b0cf9.jpg","images/PP__Mega_Sic_Bac__2101.jpg"
"287","PP","PP_SLOT","Mega Roulette - Brazilian","1","20250705c3d5f737-b990-4920-b72f-06d06aa3fbb1.jpg","images/PP__Mega_Roulette_-_Brazilian__287.jpg"
"204","PP","PP_SLOT","Mega Roulette","1","2025070576300617-04f6-408e-ad55-b3826676f7d0.jpg","images/PP__Mega_Roulette__204.jpg"
"442","PP","PP_SLOT","Mega Baccarat","1","20250705f1eacd7f-878c-4616-a7a4-4cd9e92b6aec.png","images/PP__Mega_Baccarat__442.png"
"vs1024mahjpanda","PP","PP_SLOT","Mahjong Panda","1","20250703c231a12e-eacc-417d-8653-cb4e6ffa1f0b.png","images/PP__Mahjong_Panda__vs1024mahjpanda.png"
"vs25tigeryear","PP","PP_SLOT","Lucky New Year - Tiger Treasures","1","202507038afe602c-168d-44d2-adae-74166261ef5d.png","images/PP__Lucky_New_Year_-_Tiger_Treasures__vs25tigeryear.png"
"vswaysluckyfish","PP","PP_SLOT","Lucky Fishing Megaways","1","202509114380e5ae-3539-4455-959c-4e206a98e96d.webp","images/PP__Lucky_Fishing_Megaways__vswaysluckyfish.webp"
"vs243nudge4gold","PP","PP_SLOT","Hellvis Wild","1","202509117944e7e8-d907-45f3-b548-55bedcf064cb.webp","images/PP__Hellvis_Wild__vs243nudge4gold.webp"
"vs20earthquake","PP","PP_SLOT","Cyclops Smash","1","202507029be7f0a0-526c-49e4-bb61-cacb4633dce7.png","images/PP__Cyclops_Smash__vs20earthquake.png"
"vs20forge","PP","PP_SLOT","Forge of Olympus","1","202507023877c5dc-a8b8-4a14-85f0-53a909f4d946.png","images/PP__Forge_of_Olympus__vs20forge.png"
"vs20lvlup","PP","PP_SLOT","Pub Kings","1","202507020c0bf713-eefe-4588-9030-defeb800b389.png","images/PP__Pub_Kings__vs20lvlup.png"
"vs20piggybank","PP","PP_SLOT","Piggy Bankers","1","202509065d7db8fe-0bf5-462e-8fd9-e1d62dadbcc7.png","images/PP__Piggy_Bankers__vs20piggybank.png"
"vswaysrockblst","PP","PP_SLOT","Rocket Blast Megaways","1","202507021cb1a6cb-fa46-44e9-a0e1-a6fa033ec882.png","images/PP__Rocket_Blast_Megaways__vswaysrockblst.png"
"vs10trail","PP","PP_SLOT","Mustang Trail","1","2025070229f05ea8-587b-40d9-9453-1825060a29ca.png","images/PP__Mustang_Trail__vs10trail.png"
"vs50dmdcascade","PP","PP_SLOT","Diamond Cascade","1","2025070279c5d7ff-f919-4b1d-bd62-92c5beb9a234.png","images/PP__Diamond_Cascade__vs50dmdcascade.png"
"vs20lobcrab","PP","PP_SLOT","Lobster Bob's Crazy Crab Shack","1","20250702721c1ccc-54f0-4244-8457-b45227845632.png","images/PP__Lobster_Bob_s_Crazy_Crab_Shack__vs20lobcrab.png"
"vs20wildparty","PP","PP_SLOT","3 Buzzing Wilds","1","20250702d81609cb-4802-4b1c-a45b-d69cec52b94d.png","images/PP__3_Buzzing_Wilds__vs20wildparty.png"
"vs20splmystery","PP","PP_SLOT","Spellbinding Mystery","1","20250702e168de04-b526-46e5-8cb7-504cbab2f23f.png","images/PP__Spellbinding_Mystery__vs20splmystery.png"
"vswayspowzeus","PP","PP_SLOT","Power of Merlin Megaways","1","20250704fac4867f-0a98-443d-aed7-4838eeffb1a2.jpg","images/PP__Power_of_Merlin_Megaways__vswayspowzeus.jpg"
"vs50jucier","PP","PP_SLOT","Sky Bounty","1","20250702ec09fd35-2125-4b09-b9a6-4e6e09eaf4c6.png","images/PP__Sky_Bounty__vs50jucier.png"
"vs20cashmachine","PP","PP_SLOT","Cash Box","1","2025070243516126-18c1-4740-99c3-f96d37179979.png","images/PP__Cash_Box__vs20cashmachine.png"
"vswaysbbhas","PP","PP_SLOT","Big Bass Hold & Spinner Megaways","1","20250702df25ac2e-5992-4206-92ce-558e64c8f6a8.png","images/PP__Big_Bass_Hold_Spinner_Megaways__vswaysbbhas.png"
"vs20hstgldngt","PP","PP_SLOT","Heist for the Golden Nuggets","1","202509115310d96b-1fdb-4a32-a5b5-b7ffbf7b02b8.webp","images/PP__Heist_for_the_Golden_Nuggets__vs20hstgldngt.webp"
"vs10bbextreme","PP","PP_SLOT","Big Bass Amazon Xtreme","1","202507023808893b-31f2-4898-9e16-09bf5651c533.png","images/PP__Big_Bass_Amazon_Xtreme__vs10bbextreme.png"
"vs20beefed","PP","PP_SLOT","Fat Panda","1","202507023a8e9c83-450d-4907-9048-cc75758ea1dd.png","images/PP__Fat_Panda__vs20beefed.png"
"vs20procount","PP","PP_SLOT","Wisdom of Athena","1","2025090645144e25-25ad-4a03-b1e2-d6675f133488.webp","images/PP__Wisdom_of_Athena__vs20procount.webp"
"vs20jewelparty","PP","PP_SLOT","Jewel Rush","1","202507026652b73f-f7ab-42a1-97c9-7a1f17298f33.png","images/PP__Jewel_Rush__vs20jewelparty.png"
"vs9outlaw","PP","PP_SLOT","Pirates Pub","1","20250702fac9a7bb-ce9f-4307-bd0e-ad312135f9f8.png","images/PP__Pirates_Pub__vs9outlaw.png"
"vs20lampinf","PP","PP_SLOT","Lamp Of Infinity","1","20250702cb0b19ac-fc3a-4233-902a-81fbcb211722.png","images/PP__Lamp_Of_Infinity__vs20lampinf.png"
"vs20clustwild","PP","PP_SLOT","Sticky Bees","1","202509034e21086c-30be-41d6-8e7b-4f0dfbf46fe1.webp","images/PP__Sticky_Bees__vs20clustwild.webp"
"vs10fdrasbf","PP","PP_SLOT","Floating Dragon - Dragon Boat Festival Hold & Spin","1","20250702d4bced02-f4bc-4821-a9bf-5a1d40fa9770.png","images/PP__Floating_Dragon_-_Dragon_Boat_Festival_Hold_Spin__vs10fdrasbf.png"
"vs15godsofwar","PP","PP_SLOT","Zeus vs Hades - Gods of War","1","202509065aac1856-29f4-4698-9b37-599054d42c4a.webp","images/PP__Zeus_vs_Hades_-_Gods_of_War__vs15godsofwar.webp"
"vs25spotz","PP","PP_SLOT","Knight Hot Spotz","1","20250702be687c70-4822-43ed-8835-4b086017f1e3.png","images/PP__Knight_Hot_Spotz__vs25spotz.png"
"vs20excalibur","PP","PP_SLOT","Excalibur Unleashed","1","2025070214364dbf-090e-4931-b27c-67eeee59a184.png","images/PP__Excalibur_Unleashed__vs20excalibur.png"
"vs20stickywild","PP","PP_SLOT","Wild Bison Charge","1","20250906d7ac9024-483a-40c4-839c-79f43e7d39e4.webp","images/PP__Wild_Bison_Charge__vs20stickywild.webp"
"vs40demonpots","PP","PP_SLOT","Demon Pots","1","202507023924eb62-7809-40cc-8785-be5f932d335f.png","images/PP__Demon_Pots__vs40demonpots.png"
"vs20loksriches","PP","PP_SLOT","Loki's Riches","1","20250704fd05931a-7f77-41ca-9692-651e6b59bccc.jpg","images/PP__Loki_s_Riches__vs20loksriches.jpg"
"vs20mergedwndw","PP","PP_SLOT","Blade & Fangs","1","202507047c4f81e6-5c71-4f0f-8518-43dbee724d46.jpg","images/PP__Blade_Fangs__vs20mergedwndw.jpg"
"vs20bigdawgs","PP","PP_SLOT","The Big Dawgs","1","20250903185ca621-d548-4a10-a092-45457a752ef2.webp","images/PP__The_Big_Dawgs__vs20bigdawgs.webp"
"vswaysexpandng","PP","PP_SLOT","Castle of Fire","1","202507049bd67d2e-a90c-42c7-b6ed-eb692aac391b.jpg","images/PP__Castle_of_Fire__vswaysexpandng.jpg"
"vs10luckfort","PP","PP_SLOT","Good Luck & Good Fortune","1","20250704a589f51d-b255-46d2-acfa-dd32880ca464.jpg","images/PP__Good_Luck_Good_Fortune__vs10luckfort.jpg"
"vs20yotdk","PP","PP_SLOT","Year of the Dragon King","1","202509064dd31d9a-0ba8-44e7-87e1-c8ab5f9a2fcb.webp","images/PP__Year_of_the_Dragon_King__vs20yotdk.webp"
"vs20nilefort","PP","PP_SLOT","Nile Fortunes","1","202507027bd27c99-d009-4fd0-bb69-18a23e9b1897.png","images/PP__Nile_Fortunes__vs20nilefort.png"
"vs10bbsplxmas","PP","PP_SLOT","Big Bass Christmas Bash","1","20250702309e7f8d-9e87-418a-aa52-0f3315c5d2e2.png","images/PP__Big_Bass_Christmas_Bash__vs10bbsplxmas.png"
"vswaystimber","PP","PP_SLOT","Timber Stacks","1","20250906c3ebacc6-b8ca-4e1d-b288-a507d14c8412.webp","images/PP__Timber_Stacks__vswaystimber.webp"
"vswayscfglory","PP","PP_SLOT","Chase for Glory","1","202507028237cf24-8a0b-46ae-8fde-588677156c23.png","images/PP__Chase_for_Glory__vswayscfglory.png"
"vs20sugarnudge","PP","PP_SLOT","Sugar Supreme Powernudge","1","20250903ce28f1df-d22a-4069-a3ee-688b404d39ad.webp","images/PP__Sugar_Supreme_Powernudge__vs20sugarnudge.webp"
"vs20sugarcoins","PP","PP_SLOT","viking forge","1","202602260826ce4b-503a-48bd-bd81-a9e2eebb84b3.webp","images/PP__viking_forge__vs20sugarcoins.webp"
"vs20dhcluster","PP","PP_SLOT","Twilight Princess","1","202509064b032db4-e012-4426-b894-716165f44f13.webp","images/PP__Twilight_Princess__vs20dhcluster.webp"
"vswayseternity","PP","PP_SLOT","Diamonds of Egypt","1","20250702ae095d7d-7ac1-4a49-b9ef-2f952ccc4034.png","images/PP__Diamonds_of_Egypt__vswayseternity.png"
"vswaysmoneyman","PP","PP_SLOT","The Money Men Megaways","1","20250906b765e9d5-9557-4951-b7e9-08bcf147bb60.webp","images/PP__The_Money_Men_Megaways__vswaysmoneyman.webp"
"vs40rainbowr","PP","PP_SLOT","Rainbow Reels","1","20250702f3ddf03e-c4a3-4b87-a2f7-0caf1899fe1d.png","images/PP__Rainbow_Reels__vs40rainbowr.png"
"vs25wildies","PP","PP_SLOT","Wildies","1","202509067c1b5daa-0210-479e-9f62-57aef586e08c.webp","images/PP__Wildies__vs25wildies.webp"
"vs20maskgame","PP","PP_SLOT","Cash Chips","1","202507025e7a7965-3bb7-4df4-b7a7-f422bbd92cb7.png","images/PP__Cash_Chips__vs20maskgame.png"
"vswaysraghex","PP","PP_SLOT","Tundra's Fortune","1","20250906fe9d2d97-cdf4-4a86-9575-14044f7bf548.webp","images/PP__Tundra_s_Fortune__vswaysraghex.webp"
"vs20gravity","PP","PP_SLOT","Gravity Bonanza","1","20250702f383a1a0-7150-4adc-b1ac-8c901bdea2fc.png","images/PP__Gravity_Bonanza__vs20gravity.png"
"vs40infwild","PP","PP_SLOT","Infective Wild","1","20250702a199e3ee-acab-4031-b5b7-7c6b99b174a0.png","images/PP__Infective_Wild__vs40infwild.png"
"vswaysstrlght","PP","PP_SLOT","Fortunes of Aztec","1","20250702a3697e98-c940-42a8-a499-1e4ed0fbf52b.png","images/PP__Fortunes_of_Aztec__vswaysstrlght.png"
"vs20candyblitz","PP","PP_SLOT","Candy Blitz","1","20250702ff90f765-1b69-4f24-b226-2cc90129fb8c.png","images/PP__Candy_Blitz__vs20candyblitz.png"
"vswaystut","PP","PP_SLOT","John Hunter and the Book of Tut Megaways","1","2025091184b9e99a-beac-47b5-9190-a49a1d914019.webp","images/PP__John_Hunter_and_the_Book_of_Tut_Megaways__vswaystut.webp"
"vs10gdchalleng","PP","PP_SLOT","8 Golden Dragon Challenge","1","20250702cad89bb0-2b53-42cc-9dcb-e703968e104e.png","images/PP__8_Golden_Dragon_Challenge__vs10gdchalleng.png"
"vswaysincwnd","PP","PP_SLOT","Gold Oasis","1","20250702c55cb8d3-8935-4122-92a8-c511e7dd5e0f.png","images/PP__Gold_Oasis__vswaysincwnd.png"
"vswaysftropics","PP","PP_SLOT","Frozen Tropics","1","20250702399b0a1a-f995-441a-b957-354c561525a2.png","images/PP__Frozen_Tropics__vswaysftropics.png"
"vs20swordofares","PP","PP_SLOT","Sword of Ares","1","20250903a8367975-f448-4a4f-ac27-28168b5409c8.webp","images/PP__Sword_of_Ares__vs20swordofares.webp"
"vs25rlbank","PP","PP_SLOT","Reel Banks","1","2025070222f5eadd-d440-4bdc-a01d-426ac8952247.png","images/PP__Reel_Banks__vs25rlbank.png"
"vswayspizza","PP","PP_SLOT","PIZZA! PIZZA? PIZZA!","1","202507050756667d-827d-4725-928b-7ca4732a831a.jpg","images/PP__PIZZA_PIZZA_PIZZA__vswayspizza.jpg"
"vs20drgbless","PP","PP_SLOT","Dragon Hero","1","20250702316aea0a-dc36-44f9-b058-4bc05d5c88ab.png","images/PP__Dragon_Hero__vs20drgbless.png"
"vs10bbkir","PP","PP_SLOT","Big Bass Bonanza - Keeping it Reel","1","20250702bbc26b73-8c55-48b0-af47-c721f4bdde45.png","images/PP__Big_Bass_Bonanza_-_Keeping_it_Reel__vs10bbkir.png"
"vs20sparta","PP","PP_SLOT","Shield of Sparta","1","20250702ab993376-8402-4a75-b782-8b47350ef1c6.png","images/PP__Shield_of_Sparta__vs20sparta.png"
"vs20lcount","PP","PP_SLOT","Gems of Serengeti","1","20250704da215132-e911-4c5f-9737-d49a3b7c06bc.jpg","images/PP__Gems_of_Serengeti__vs20lcount.jpg"
"vs20mtreasure","PP","PP_SLOT","Pirate Golden Age","1","20250702ea4e0dab-ba3e-4411-b439-9b37caee6336.png","images/PP__Pirate_Golden_Age__vs20mtreasure.png"
"vs20theights","PP","PP_SLOT","Towering Fortunes","1","20250702ef595315-30dc-4bdf-aa17-5f7ff80b40e6.png","images/PP__Towering_Fortunes__vs20theights.png"
"vs20schristmas","PP","PP_SLOT","Starlight Christmas","1","2025070285f3d5a6-9724-4060-ba9d-6e68cb6c46b0.png","images/PP__Starlight_Christmas__vs20schristmas.png"
"vs20porbs","PP","PP_SLOT","Santa's Great Gifts","1","2025070282665933-7f70-4fc8-9578-c1ff5f7c502a.png","images/PP__Santa_s_Great_Gifts__vs20porbs.png"
"vs20kraken2","PP","PP_SLOT","Release the Kraken 2","1","20250702d99eb48e-8e3b-45b2-9709-3bb29f583976.png","images/PP__Release_the_Kraken_2__vs20kraken2.png"
"vs12bbbxmas","PP","PP_SLOT","Bigger Bass Blizzard - Christmas Catch","1","202507023372a46c-70bf-44f2-9d1b-407e61581030.png","images/PP__Bigger_Bass_Blizzard_-_Christmas_Catch__vs12bbbxmas.png"
"vswaysfrywld","PP","PP_SLOT","Spin & Score Megaways","1","20250702a19e9e07-3ecb-49c5-921c-fc376afe2d69.png","images/PP__Spin_Score_Megaways__vswaysfrywld.png"
"vs20clspwrndg","PP","PP_SLOT","Sweet Powernudge","1","20250702b370c8b7-a4ce-4bee-a20e-2d5b3264edfe.png","images/PP__Sweet_Powernudge__vs20clspwrndg.png"
"vswaysbook","PP","PP_SLOT","Book of Golden Sands","1","20250702c696ac9b-557d-4471-8ecc-776595751ba7.png","images/PP__Book_of_Golden_Sands__vswaysbook.png"
"vs20mparty","PP","PP_SLOT","Wild Hop & Drop","1","202509065f94e76e-1947-41c0-a23e-c696b6c8de3a.webp","images/PP__Wild_Hop_Drop__vs20mparty.webp"
"vs5strh","PP","PP_SLOT","Striking Hot 5","1","20250903ecf6396b-f30a-4203-9a39-3e56715a7229.webp","images/PP__Striking_Hot_5__vs5strh.webp"
"vs10crownfire","PP","PP_SLOT","Crown of Fire","1","20250702e624e9a6-c829-4274-b78e-74ab229b59e1.png","images/PP__Crown_of_Fire__vs10crownfire.png"
"vs20muertos","PP","PP_SLOT","Muertos Multiplier Megaways","1","20250702c65bebd1-726a-43ca-9d7f-e1b361a75b3c.png","images/PP__Muertos_Multiplier_Megaways__vs20muertos.png"
"vs20trswild2","PP","PP_SLOT","Black Bull","1","2025070292261ccb-0ac4-4211-886f-030da86afced.png","images/PP__Black_Bull__vs20trswild2.png"
"vswaysstrwild","PP","PP_SLOT","Candy Stars","1","20250702c1758819-b043-4608-933a-0636b7114e67.png","images/PP__Candy_Stars__vswaysstrwild.png"
"vswaysfltdrg","PP","PP_SLOT","Floating Dragon Megaways","1","202507049048570a-87b6-41c4-a3a1-2db6a22e9372.jpg","images/PP__Floating_Dragon_Megaways__vswaysfltdrg.jpg"
"vs20underground","PP","PP_SLOT","Down the Rails","1","202507027e9214c4-a888-4a1d-8e5f-28384ff3569e.png","images/PP__Down_the_Rails__vs20underground.png"
"vs20wolfie","PP","PP_SLOT","Greedy Wolf","1","20250702e2525d75-7a59-44ff-87b9-37d681d2f74b.png","images/PP__Greedy_Wolf__vs20wolfie.png"
"vs100firehot","PP","PP_SLOT","Fire Hot 100","1","202507020647ba79-a910-467a-b591-8daf257e4c0d.png","images/PP__Fire_Hot_100__vs100firehot.png"
"vs40firehot","PP","PP_SLOT","Fire Hot 40","1","2025070285e83385-094a-45e9-b257-0d859642cdd3.png","images/PP__Fire_Hot_40__vs40firehot.png"
"vs20fh","PP","PP_SLOT","Fire Hot 20","1","20250702a3ceab6b-8467-46f3-a0dc-9c47977cb4be.png","images/PP__Fire_Hot_20__vs20fh.png"
"vs20pistols","PP","PP_SLOT","Wild West Duels","1","20250906d694274a-a3a4-4ad5-b5e0-1b12224b16f0.webp","images/PP__Wild_West_Duels__vs20pistols.webp"
"vs20mvwild","PP","PP_SLOT","Jasmine Dreams","1","20250702ed90d0bd-78d4-414f-ad16-94ee0b35c484.png","images/PP__Jasmine_Dreams__vs20mvwild.png"
"vs10kingofdth","PP","PP_SLOT","Kingdom of The Dead","1","20250702f533a701-1fec-43f0-bcfa-c7f5396facdd.png","images/PP__Kingdom_of_The_Dead__vs10kingofdth.png"
"vswaysultrcoin","PP","PP_SLOT","Cowboy Coins","1","202507020cdeab4f-535b-4d8b-b310-ebc509ca36e0.png","images/PP__Cowboy_Coins__vswaysultrcoin.png"
"vs10jnmntzma","PP","PP_SLOT","Jane Hunter and the Mask of Montezuma","1","20250702eccc298e-9fed-4855-8be9-f7fa1d797d92.png","images/PP__Jane_Hunter_and_the_Mask_of_Montezuma__vs10jnmntzma.png"
"vswaysrsm","PP","PP_SLOT","Wild Celebrity Bus Megaways","1","2025090638220aee-3daa-492e-8346-1300a778f889.webp","images/PP__Wild_Celebrity_Bus_Megaways__vswaysrsm.webp"
"vs10gizagods","PP","PP_SLOT","Gods of Giza","1","20250702d971a914-361d-46b2-8b12-bd5a7f7f75b4.png","images/PP__Gods_of_Giza__vs10gizagods.png"
"vs20hotzone","PP","PP_SLOT","African Elephant","1","202507027141df72-3354-4b07-8bb3-9c65ee13160a.png","images/PP__African_Elephant__vs20hotzone.png"
"vswaysmonkey","PP","PP_SLOT","3 Dancing Monkeys","1","2025070222e7e2b9-ca69-4aea-add8-d99d673a3578.png","images/PP__3_Dancing_Monkeys__vswaysmonkey.png"
"vswaysredqueen","PP","PP_SLOT","The Red Queen","1","20250906388bf64e-9bcf-4c02-8869-e6c2b6ca3e6a.webp","images/PP__The_Red_Queen__vswaysredqueen.webp"
"vs20sknights","PP","PP_SLOT","The Knight King","1","20250906d981478c-cadc-421a-aaa4-3e3cbbd8fc56.webp","images/PP__The_Knight_King__vs20sknights.webp"
"vs20goldclust","PP","PP_SLOT","Rabbit Garden","1","202507023612a97a-211e-42e8-b69f-b1694066aa9b.png","images/PP__Rabbit_Garden__vs20goldclust.png"
"vs20doghousemh","PP","PP_SLOT","The Dog House Multihold","1","202509030fd047a8-e903-448e-bd09-a6f86dcddbd1.webp","images/PP__The_Dog_House_Multihold__vs20doghousemh.webp"
"vswaysmorient","PP","PP_SLOT","Mystery Of The Orient","1","202507021fea7bd7-1ad3-46fb-a31b-83c30e9f822e.png","images/PP__Mystery_Of_The_Orient__vswaysmorient.png"
"vs10bhallbnza","PP","PP_SLOT","Big Bass Halloween","1","20250702a14943c7-ccd7-45f1-bbc9-cf44fe87f462.png","images/PP__Big_Bass_Halloween__vs10bhallbnza.png"
"vs10powerlines","PP","PP_SLOT","Peak Power","1","20250702250504e1-abf9-48ab-afe1-5f718c2df590.png","images/PP__Peak_Power__vs10powerlines.png"
"vswayswwriches","PP","PP_SLOT","Wild Wild Riches Megaways","1","20250906348311f2-0484-4aa7-be7d-b4db020e0b43.webp","images/PP__Wild_Wild_Riches_Megaways__vswayswwriches.webp"
"vs25archer","PP","PP_SLOT","Fire Archer","1","202507029b7e6408-46de-433d-bf77-c9368cbb7b44.png","images/PP__Fire_Archer__vs25archer.png"
"vs12tropicana","PP","PP_SLOT","Club Tropicana","1","20250702bcd042bd-6a80-4c0c-9eef-1f4ed6943f2f.png","images/PP__Club_Tropicana__vs12tropicana.png"
"vs10fisheye","PP","PP_SLOT","Fish Eye","1","20250702caed7847-7186-4f58-9551-83a2585146c0.png","images/PP__Fish_Eye__vs10fisheye.png"
"vs20superlanche","PP","PP_SLOT","Monster Superlanche","1","202507024b5b347b-a093-4984-8e87-783c0b3ea286.png","images/PP__Monster_Superlanche__vs20superlanche.png"
"vs20ltng","PP","PP_SLOT","Pinup Girls","1","20250702016b38cf-b4cf-46e7-9766-0b6da957ba4d.png","images/PP__Pinup_Girls__vs20ltng.png"
"vs25spgldways","PP","PP_SLOT","Secret City Gold","1","20250702a4164980-8576-4dcb-86b6-170f04f73b3f.png","images/PP__Secret_City_Gold__vs25spgldways.png"
"vswayswwhex","PP","PP_SLOT","Wild Wild Bananas","1","20250906778d3c51-7d23-4a27-8569-286477998a69.webp","images/PP__Wild_Wild_Bananas__vswayswwhex.webp"
"vs20mammoth","PP","PP_SLOT","Mammoth Gold Megaways","1","20250702993b69b3-feee-4a0d-8446-611fb4335d05.png","images/PP__Mammoth_Gold_Megaways__vs20mammoth.png"
"vswaysfuryodin","PP","PP_SLOT","Fury of Odin Megaways","1","20250702258ee51c-ed6d-44fa-8743-112d032b078f.png","images/PP__Fury_of_Odin_Megaways__vswaysfuryodin.png"
"vs20dugems","PP","PP_SLOT","Hot Pepper","1","20250911b1764b59-3c3a-4bc6-91f5-a56348946cd9.webp","images/PP__Hot_Pepper__vs20dugems.webp"
"vs10hottb7fs","PP","PP_SLOT","Hot to Burn – 7 Deadly Free Spins","1","2025070320981ac4-0f9b-4e4a-afcb-438fe68f2c7b.png","images/PP__Hot_to_Burn_7_Deadly_Free_Spins__vs10hottb7fs.png"
"vs50kingkong","PP","PP_SLOT","Mighty Kong","1","20250703ec17d487-7b7e-4c1a-877e-01804b662a3f.png","images/PP__Mighty_Kong__vs50kingkong.png"
"vs20medusast","PP","PP_SLOT","Medusa’s Stone","1","20250704ee2a7d88-7b16-4363-982a-a872ad7d7339.jpg","images/PP__Medusa_s_Stone__vs20medusast.jpg"
"vs25newyear","PP","PP_SLOT","Lucky New Year","1","202507035a02fc2d-05da-476c-b2cd-8106e8980c56.png","images/PP__Lucky_New_Year__vs25newyear.png"
"vs50chinesecharms","PP","PP_SLOT","Lucky Dragons","1","2025070308db8b43-4bec-42a2-9cef-d39b2793fa50.png","images/PP__Lucky_Dragons__vs50chinesecharms.png"
"vs20lobseafd","PP","PP_SLOT","Lobster Bob’s Sea Food and Win It","1","2025070455f1f0a8-5a08-4136-9d91-7a716adb05e2.jpg","images/PP__Lobster_Bob_s_Sea_Food_and_Win_It__vs20lobseafd.jpg"
"vs20godiva","PP","PP_SLOT","Lady Godiva","1","202507033b93cc9f-a3d3-48a5-b788-7a88d17063ab.png","images/PP__Lady_Godiva__vs20godiva.png"
"vs10jokerhot","PP","PP_SLOT","Joker’s Jewels Hot","1","2025070441bf1688-c2fd-44ce-a731-9e88bf00d6b1.jpg","images/PP__Joker_s_Jewels_Hot__vs10jokerhot.jpg"
"vs25scarabqueen","PP","PP_SLOT","John Hunter and the Tomb of the Scarab Queen","1","20250703da036015-560c-4871-ad66-53ff6aa26223.png","images/PP__John_Hunter_and_the_Tomb_of_the_Scarab_Queen__vs25scarabqueen.png"
"vs20bermuda","PP","PP_SLOT","John Hunter and the Quest for Bermuda Riches","1","202507041a8b6623-355a-4e71-bd4b-75a4edfbad2d.jpg","images/PP__John_Hunter_and_the_Quest_for_Bermuda_Riches__vs20bermuda.jpg"
"vs10tut","PP","PP_SLOT","John Hunter & the Book of Tut Respin","1","202507040919d6f7-87d2-46b3-a2f2-b97b858c9c48.jpg","images/PP__John_Hunter_the_Book_of_Tut_Respin__vs10tut.jpg"
"vs20jhunter","PP","PP_SLOT","Jackpot Hunter","1","20250703e4c661e8-d297-446f-97c6-85d4beee656d.png","images/PP__Jackpot_Hunter__vs20jhunter.png"
"vs10ddcbells","PP","PP_SLOT","Ding Dong Christmas Bells","1","2025070489399575-b576-4941-be62-edeb64f468fd.jpg","images/PP__Ding_Dong_Christmas_Bells__vs10ddcbells.jpg"
"vs5hotbmult","PP","PP_SLOT","Hot to Burn Multiplier","1","20250911ab393ad9-0f1e-41b5-b735-167df7137ac3.webp","images/PP__Hot_to_Burn_Multiplier__vs5hotbmult.webp"
"vs20bblitz","PP","PP_SLOT","Money Stacks","1","20250703ff2c83c1-2327-48f6-a69e-b8b324dd84d4.png","images/PP__Money_Stacks__vs20bblitz.png"
"vs9hotroll","PP","PP_SLOT","Hot Chilli","1","20250703ade00230-9078-40c4-8399-84a11e0d858d.png","images/PP__Hot_Chilli__vs9hotroll.png"
"vs20shootstars","PP","PP_SLOT","Heroic Spin","1","20250911b0e79e22-4b1a-4891-bec4-b0bc3f7a7549.webp","images/PP__Heroic_Spin__vs20shootstars.webp"
"vs50hercules","PP","PP_SLOT","Hercules Son of Zeus","1","202507038f34271d-0d43-4b9c-8f8b-fb9affa083d0.png","images/PP__Hercules_Son_of_Zeus__vs50hercules.png"
"vs20heartcleo","PP","PP_SLOT","Heart of Cleopatra","1","202509113996551d-ec9e-41f9-826b-7a9bd985ef91.webp","images/PP__Heart_of_Cleopatra__vs20heartcleo.webp"
"vs20midas2","PP","PP_SLOT","Hand of Midas 2","1","2025091182c7fbcc-d95f-427e-8fe5-2033a1a84c12.webp","images/PP__Hand_of_Midas_2__vs20midas2.webp"
"vs3train","PP","PP_SLOT","Gold Train","1","202507031fec0cfa-627d-4c01-9522-0bb51421bfb3.png","images/PP__Gold_Train__vs3train.png"
"vs20elevclust","PP","PP_SLOT","Gem Elevator","1","2025070329a97909-1f12-4ac6-9b5a-43d024c2e005.png","images/PP__Gem_Elevator__vs20elevclust.png"
"vs20fortbon","PP","PP_SLOT","Fruity Treats","1","20250704697ec5a3-e6f7-41bf-bf7e-f5d3632e3de8.jpg","images/PP__Fruity_Treats__vs20fortbon.jpg"
"vs10frontrun","PP","PP_SLOT","Odds On Winner","1","2025070486148314-d0a0-433e-b8cd-84d319588d01.jpg","images/PP__Odds_On_Winner__vs10frontrun.jpg"
"vs20amuleteg","PP","PP_SLOT","Fortune of Giza","1","202507035263534c-b598-4222-bc42-6f9ff36dadfd.png","images/PP__Fortune_of_Giza__vs20amuleteg.png"
"vs40wildrun","PP","PP_SLOT","Fortune Hit’n Roll","1","20250704831fcf30-50cb-490a-9eb7-22c283e9f882.jpg","images/PP__Fortune_Hit_n_Roll__vs40wildrun.jpg"
"vs20forgewilds","PP","PP_SLOT","Forging Wilds","1","202507031200e3cb-b99b-41c5-a874-58f56cbf25fe.png","images/PP__Forging_Wilds__vs20forgewilds.png"
"vswaysconcoll","PP","PP_SLOT","Firebird Spirit","1","202507049fb31bb2-107d-468d-b9f6-718359c507f0.jpg","images/PP__Firebird_Spirit__vswaysconcoll.jpg"
"vswayshexhaus","PP","PP_SLOT","Rise of Pyramids","1","20250704bf58aea0-6462-4904-9f3e-c59846c4b0d9.jpg","images/PP__Rise_of_Pyramids__vswayshexhaus.jpg"
"vs25gladiator","PP","PP_SLOT","Wild Gladiators","1","20250906a7a4d792-1fbe-4236-827b-b12be81ed2b9.webp","images/PP__Wild_Gladiators__vs25gladiator.webp"
"vswayswbounty","PP","PP_SLOT","Vampy Party","1","2025090677fdbc93-f8a2-47a5-883b-74757ad7d190.webp","images/PP__Vampy_Party__vswayswbounty.webp"
"vs1tigers","PP","PP_SLOT","Triple Tigers","1","202509069af7aadb-70fb-4ec8-9d2f-c30197321efa.webp","images/PP__Triple_Tigers__vs1tigers.webp"
"vs5trdragons","PP","PP_SLOT","Triple Dragons","1","20250703103bd65a-c3d8-43f7-80f0-abf7d6c6c757.png","images/PP__Triple_Dragons__vs5trdragons.png"
"vs20dhcluster2","PP","PP_SLOT","The Dog House","1","2025090395ad2c13-9032-48d4-89c8-5291f97611a2.webp","images/PP__The_Dog_House__vs20dhcluster2.webp"
"vs20doghouse2","PP","PP_SLOT","The Dog House Dog or Alive","1","20250903838675af-385f-4d75-83f4-e14c7ba334f4.webp","images/PP__The_Dog_House_Dog_or_Alive__vs20doghouse2.webp"
"vs20clustcol","PP","PP_SLOT","Sweet Kingdom","1","202507043e8fdb1a-a066-4cd4-ad79-f8ee0e2f02ff.jpg","images/PP__Sweet_Kingdom__vs20clustcol.jpg"
"vswaysmegwghts","PP","PP_SLOT","Sumo Supreme Megaways","1","2025090324dd54cc-5b5f-4056-b8ff-5e963ad95231.webp","images/PP__Sumo_Supreme_Megaways__vswaysmegwghts.webp"
"vs10snakeeyes","PP","PP_SLOT","Snakes & Ladders - Snake Eyes","1","20250703f94ab752-801c-4691-a770-03f88a968291.png","images/PP__Snakes_Ladders_-_Snake_Eyes__vs10snakeeyes.png"
"vs12scode","PP","PP_SLOT","Samurai Code","1","20250704a72bf883-2d63-4e0a-8f1e-3f00affd7c0f.jpg","images/PP__Samurai_Code__vs12scode.jpg"
"vs50safariking","PP","PP_SLOT","Safari King","1","202507038e33d45d-a21b-417a-8ef0-f2004eb007e1.png","images/PP__Safari_King__vs50safariking.png"
"vs20rujakbnz","PP","PP_SLOT","Rujak Bonanza","1","202507038dd97d62-2ac6-4442-a25c-590362b1d3ba.png","images/PP__Rujak_Bonanza__vs20rujakbnz.png"
"vs20rockvegas","PP","PP_SLOT","Rock Vegas","1","202507043aa67c45-b98f-4f9d-aff5-63b1700d1eab.jpg","images/PP__Rock_Vegas__vs20rockvegas.jpg"
"vs20stickypos","PP","PP_SLOT","Ice Lobster","1","2025070358ee9f4d-8675-4359-b95e-4b00f52857a5.png","images/PP__Ice_Lobster__vs20stickypos.png"
"vs40stckwldlvl","PP","PP_SLOT","Ripe Rewards","1","20250703089b1be9-11e4-4863-8248-b222b0fa939c.png","images/PP__Ripe_Rewards__vs40stckwldlvl.png"
"vswaysloki","PP","PP_SLOT","Revenge of Loki Megaways","1","2025070427882231-817f-48bf-bb40-dc2e46dbdd9d.jpg","images/PP__Revenge_of_Loki_Megaways__vswaysloki.jpg"
"vswayskrakenmw","PP","PP_SLOT","Release the Kraken Megaways","1","202507047797b4dc-c7df-4fb6-b2d0-87d388788b1b.jpg","images/PP__Release_the_Kraken_Megaways__vswayskrakenmw.jpg"
"vs20bison","PP","PP_SLOT","Release the Bison","1","20250704755b1418-08d0-44f5-a0d0-99f330093e6a.jpg","images/PP__Release_the_Bison__vs20bison.jpg"
"vs20pbonanza","PP","PP_SLOT","Pyramid Bonanza","1","20250703f6955708-705c-42df-a7aa-b75d6457ae7a.png","images/PP__Pyramid_Bonanza__vs20pbonanza.png"
"vs20ninjapower","PP","PP_SLOT","Power of Ninja","1","202507036abcfc73-7cab-44f1-93e3-a676be3ac379.png","images/PP__Power_of_Ninja__vs20ninjapower.png"
"vs20stckwldsc","PP","PP_SLOT","Pot of Fortune","1","20250703ed6ddb01-f96d-4023-ac0f-8697bf0545e5.png","images/PP__Pot_of_Fortune__vs20stckwldsc.png"
"vs25pandagold","PP","PP_SLOT","Panda's Fortune","1","20250703fc955a25-9050-46b1-815c-5906d2e631f6.png","images/PP__Panda_s_Fortune__vs25pandagold.png"
"vs10noodles","PP","PP_SLOT","Oodles of Noodles","1","202507038a0ba0ce-1134-42e5-a564-a6f73f08ad30.png","images/PP__Oodles_of_Noodles__vs10noodles.png"
"vs20powerwild","PP","PP_SLOT","Mystery Mice","1","2025070387ce93d6-c79f-4487-a36b-ee34cdb2ce2d.png","images/PP__Mystery_Mice__vs20powerwild.png"
"vswaysgoldcol","PP","PP_SLOT","Mustang Gold Megaways","1","202507035e337bb6-22c8-4cc2-987e-d7a265335297.png","images/PP__Mustang_Gold_Megaways__vswaysgoldcol.png"
"vs243mwarrior","PP","PP_SLOT","Monkey Warrior","1","20250703f2e295ef-726b-49d9-992d-49480cf0a047.png","images/PP__Monkey_Warrior__vs243mwarrior.png"
"vs25kfruit","PP","PP_SLOT","Aztec Blaze","1","20250702ebba0ddf-2580-4659-bdee-da37042214f8.png","images/PP__Aztec_Blaze__vs25kfruit.png"
"vs20bchprty","PP","PP_SLOT","Wild Beach Party","1","202509064e7578ee-2c13-43ee-afed-5ca4fc0106c6.webp","images/PP__Wild_Beach_Party__vs20bchprty.webp"
"vs50aladdin","PP","PP_SLOT","3 Genie Wishes","1","2025070256163cec-4c5e-4257-8054-a6c78a1cde54.png","images/PP__3_Genie_Wishes__vs50aladdin.png"
"vs5magicdoor","PP","PP_SLOT","6 Jokers","1","20250704015d3288-5bd7-4a90-b7bf-7ea0142f76eb.jpg","images/PP__6_Jokers__vs5magicdoor.jpg"
"vswayssevenc","PP","PP_SLOT","7 Clovers of Fortune","1","2025070482ba0f0e-4eae-4666-8ef8-2e74230d182b.jpg","images/PP__7_Clovers_of_Fortune__vswayssevenc.jpg"
"vs20eightdragons","PP","PP_SLOT","8 Dragons","1","20250702402a67f9-a3d0-4f51-a093-9725c4d199e0.png","images/PP__8_Dragons__vs20eightdragons.png"
"vs1dragon8","PP","PP_SLOT","888 Dragons","1","202507021b0c5d81-0fc0-4a42-888c-3943486afe9b.png","images/PP__888_Dragons__vs1dragon8.png"
"vs5triple8gold","PP","PP_SLOT","888 Gold","1","202507020d49d1d0-99d6-4282-be89-f4ab67e8e0f8.png","images/PP__888_Gold__vs5triple8gold.png"
"vs15fghtmultlv","PP","PP_SLOT","Angel vs Sinner","1","2025070293aba44e-b564-48aa-9ad5-95e8774edda6.png","images/PP__Angel_vs_Sinner__vs15fghtmultlv.png"
"vs20mochimon","PP","PP_SLOT","Mochimon","1","20250702255b122b-8975-44a6-a1fd-7ac4fae2e54b.png","images/PP__Mochimon__vs20mochimon.png"
"vs20sbpnudge","PP","PP_SLOT","Aztec Powernudge","1","20250702dfbf0908-f3ed-4651-934a-22da05515033.png","images/PP__Aztec_Powernudge__vs20sbpnudge.png"
"vs20trswild3","PP","PP_SLOT","Aztec Treasure Hunt","1","2025070262c82237-a28a-429d-b88e-16638328fc73.png","images/PP__Aztec_Treasure_Hunt__vs20trswild3.png"
"vs25badge","PP","PP_SLOT","Badge Blitz","1","2025070470c445c2-8a4a-47e0-a390-eee0320ab86c.jpg","images/PP__Badge_Blitz__vs25badge.jpg"
"vswaysmegahays","PP","PP_SLOT","Barnyard Megahays Megaways","1","2025070289a3cc48-a4ca-4452-9bc9-61c2d48a1371.png","images/PP__Barnyard_Megahays_Megaways__vswaysmegahays.png"
"vswaysbewaretd","PP","PP_SLOT","Beware The Deep Megaways","1","20250704453a56c7-86b2-4f6d-aeef-a954e4ab0518.jpg","images/PP__Beware_The_Deep_Megaways__vswaysbewaretd.jpg"
"vs10bbbrlact","PP","PP_SLOT","Big Bass Bonanza - Reel Action","1","20250704bc151892-bf07-4e26-9bb1-5eb1ceab96c4.jpg","images/PP__Big_Bass_Bonanza_-_Reel_Action__vs10bbbrlact.jpg"
"vs10bhallbnza2","PP","PP_SLOT","Big Bass Halloween 2","1","202507040ec39d51-0630-433a-982b-a0c1b3985c38.jpg","images/PP__Big_Bass_Halloween_2__vs10bhallbnza2.jpg"
"vs10bbfmission","PP","PP_SLOT","Big Bass Mission Fishin'","1","2025070428512b54-100b-4711-8c49-ecd34dd432a2.jpg","images/PP__Big_Bass_Mission_Fishin__vs10bbfmission.jpg"
"vs20multiup","PP","PP_SLOT","Wheel O'Gold","1","20250906fbb23f17-344d-4b21-ae7e-a9a9a70e810a.webp","images/PP__Wheel_O_Gold__vs20multiup.webp"
"vswayscharms","PP","PP_SLOT","5 Frozen Charms Megaways","1","202507045768c975-34f9-44ea-ab84-7bcdc40a85d6.jpg","images/PP__5_Frozen_Charms_Megaways__vswayscharms.jpg"
"vswaysstampede","PP","PP_SLOT","Fire Stampede","1","20250704dc48371a-89ca-48e5-b18e-36f47588402b.jpg","images/PP__Fire_Stampede__vswaysstampede.jpg"
"vs20cjcluster","PP","PP_SLOT","Candy Jar Cluster","1","20250704d6a12fdf-e270-4993-8ed7-694c0edf6839.jpg","images/PP__Candy_Jar_Cluster__vs20cjcluster.jpg"
"vswayswildgang","PP","PP_SLOT","The Wild Gang","1","20250906d4821bc0-9c0c-4920-b32f-ce74f6dd5fb9.webp","images/PP__The_Wild_Gang__vswayswildgang.webp"
"vswaysfltdrgny","PP","PP_SLOT","Floating Dragon New Year Festival","1","20250704315e9a60-1924-41b9-a8f9-0c9422001362.jpg","images/PP__Floating_Dragon_New_Year_Festival__vswaysfltdrgny.jpg"
"vs50jfmulthold","PP","PP_SLOT","Juicy Fruits Multihold","1","20250704a350e0ae-8edb-462a-a88c-1c7135c29293.jpg","images/PP__Juicy_Fruits_Multihold__vs50jfmulthold.jpg"
"vs20treesot","PP","PP_SLOT","Trees of Treasure","1","2025090607e52ea2-fa73-4050-9043-f27866f73d59.webp","images/PP__Trees_of_Treasure__vs20treesot.webp"
"vswaysfirewmw","PP","PP_SLOT","Blazing Wilds Megaways","1","202507049a83f7d7-448c-4b67-a933-bed5a2dad73e.jpg","images/PP__Blazing_Wilds_Megaways__vswaysfirewmw.jpg"
"vs10fangfree","PP","PP_SLOT","Fangtastic Freespins","1","2025070402828230-2139-462d-9c4c-7c1440514ac2.jpg","images/PP__Fangtastic_Freespins__vs10fangfree.jpg"
"vswaysmegareel","PP","PP_SLOT","Pompeii Megareels Megaways","1","2025070475cb023e-e496-4261-9cef-8882775c5512.jpg","images/PP__Pompeii_Megareels_Megaways__vswaysmegareel.jpg"
"vs10bbfloats","PP","PP_SLOT","Big Bass Floats My Boat","1","20250704b7444b92-4fb9-4bab-8b27-108986559664.jpg","images/PP__Big_Bass_Floats_My_Boat__vs10bbfloats.jpg"
"vswaysalterego","PP","PP_SLOT","The Alter Ego","1","2025090396aeaa14-d312-490c-bcf6-5bd17ad3bb6a.webp","images/PP__The_Alter_Ego__vswaysalterego.webp"
"vs20mmmelon","PP","PP_SLOT","Mighty Munching Melons","1","202507041b9df457-13f4-41ad-93ad-74f30ae43569.jpg","images/PP__Mighty_Munching_Melons__vs20mmmelon.jpg"
"vs10strawberry","PP","PP_SLOT","Strawberry Cocktail","1","20250903dba91fe0-c04e-4cdb-94c2-97a59dcf077e.webp","images/PP__Strawberry_Cocktail__vs10strawberry.webp"
"vs20clustext","PP","PP_SLOT","Gears of Horus","1","202507049fd70a2d-e3bf-4c68-b8cf-14c8fb01d08a.jpg","images/PP__Gears_of_Horus__vs20clustext.jpg"
"vs10bbbnz","PP","PP_SLOT","Big Bass Day at the Races","1","20250704cfff13d4-f32a-4f12-89f0-f143c0461fdc.jpg","images/PP__Big_Bass_Day_at_the_Races__vs10bbbnz.jpg"
"vs20portals","PP","PP_SLOT","Fire Portals","1","20250703881e28e5-7c68-4e6f-92b2-67ec605175dc.png","images/PP__Fire_Portals__vs20portals.png"
"vs10bblotgl","PP","PP_SLOT","Big Bass Secrets of the Golden Lake","1","20250702f7b7326a-79f8-4829-ae78-088000abaa3a.png","images/PP__Big_Bass_Secrets_of_the_Golden_Lake__vs10bblotgl.png"
"vs10bbdoubled","PP","PP_SLOT","Big Bass Vegas Double Down Deluxe","1","20250702d15c4bbb-7cbb-428f-bc35-548a798a9abe.png","images/PP__Big_Bass_Vegas_Double_Down_Deluxe__vs10bbdoubled.png"
"vs10bburger","PP","PP_SLOT","Big Burger Load it up with Xtra Cheese","1","202507043a37ae79-28af-470b-93dd-ac4364ea72e1.jpg","images/PP__Big_Burger_Load_it_up_with_Xtra_Cheese__vs10bburger.jpg"
"vs20gembondx","PP","PP_SLOT","Bow of Artemis","1","2025070253cdc589-30d0-448d-8ad0-a283e7f63754.png","images/PP__Bow_of_Artemis__vs20gembondx.png"
"vswaysbkingasc","PP","PP_SLOT","Buffalo King Untamed Megaways","1","20250704563f5110-3b50-45b9-84fd-ec686d4a5e3b.jpg","images/PP__Buffalo_King_Untamed_Megaways__vswaysbkingasc.jpg"
"vs20candybltz2","PP","PP_SLOT","Candy Blitz Bombs","1","20250704d57779ac-6680-431f-ae3b-e84fcc54eb01.jpg","images/PP__Candy_Blitz_Bombs__vs20candybltz2.jpg"
"vs20fourmc","PP","PP_SLOT","Candy Corner","1","2025070477337099-8620-4d5c-88f0-b5b4647a89b3.jpg","images/PP__Candy_Corner__vs20fourmc.jpg"
"vs25copsrobbers","PP","PP_SLOT","Cash Patrol","1","202507032a754d86-d2a9-4853-8763-90c09a3e187e.png","images/PP__Cash_Patrol__vs25copsrobbers.png"
"vs25checaishen","PP","PP_SLOT","Chests of Cai Shen","1","202507043d0c9961-8537-4842-a0e2-bee95744b3e2.jpg","images/PP__Chests_of_Cai_Shen__vs25checaishen.jpg"
"vswayscongcash","PP","PP_SLOT","Congo Cash XL","1","20250703bff4d43a-4f0c-4b4d-b3bc-6109476099eb.png","images/PP__Congo_Cash_XL__vswayscongcash.png"
"vs20crankit","PP","PP_SLOT","Crank It Up","1","20250703e04cd4a2-0f45-4688-83c6-04469f69b2df.png","images/PP__Crank_It_Up__vs20crankit.png"
"vs25davinci","PP","PP_SLOT","Da Vinci's Treasure","1","202509113b4bd1e6-8ef2-44fe-bce1-aedc1f714e2f.webp","images/PP__Da_Vinci_s_Treasure__vs25davinci.webp"
"vs20devilic","PP","PP_SLOT","Devilicious","1","2025070458fa6833-db3d-49a3-b44f-a07bf788c177.jpg","images/PP__Devilicious__vs20devilic.jpg"
"vs10dgold88","PP","PP_SLOT","Dragon Gold 88","1","202507033a089118-9127-494c-83af-4be413966c93.png","images/PP__Dragon_Gold_88__vs10dgold88.png"
"vs25dragonkingdom","PP","PP_SLOT","Dragon Kingdom","1","20250703a613a446-2e88-4935-b8b5-7987d672ad0d.png","images/PP__Dragon_Kingdom__vs25dragonkingdom.png"
"vs20drtgold","PP","PP_SLOT","Drill that Gold","1","20250703f6879c10-ecbf-49fa-9578-90554e2f2c68.png","images/PP__Drill_that_Gold__vs20drtgold.png"
"vswaysspltsym","PP","PP_SLOT","Dwarf & Dragon","1","202507045353ee79-a193-4828-9447-794daa442d7f.jpg","images/PP__Dwarf_Dragon__vswaysspltsym.jpg"
"vs25dwarves_new","PP","PP_SLOT","Dwarven Gold Deluxe","1","20250703a47985d9-d816-4da8-bd9d-dba504ceca1e.png","images/PP__Dwarven_Gold_Deluxe__vs25dwarves_new.png"
"vs10dyndigd","PP","PP_SLOT","Dynamite Diggin Doug","1","202507040634a616-8d2d-48d1-976a-333e9936613a.jpg","images/PP__Dynamite_Diggin_Doug__vs10dyndigd.jpg"
"vs20santa","PP","PP_SLOT","Santa","1","202507020d24cf9b-0745-4d6e-a9b5-e5af47310ba5.png","images/PP__Santa__vs20santa.png"
"vs7pigs","PP","PP_SLOT","7 Piggies","1","2025070246018fde-c094-4556-aeb2-25b6834d5b93.png","images/PP__7_Piggies__vs7pigs.png"
"vs25goldrush","PP","PP_SLOT","Gold Rush","1","202507024a04de22-58e3-4128-b35b-382f542f1da0.png","images/PP__Gold_Rush__vs25goldrush.png"
"vs15diamond","PP","PP_SLOT","Diamond Strike","1","20250702154cf23a-de84-440a-b86d-6e9abe05f9e8.png","images/PP__Diamond_Strike__vs15diamond.png"
"vs25vegas","PP","PP_SLOT","Vegas Nights","1","20250906663caf56-dadb-4859-9b04-ebdc8db194ba.webp","images/PP__Vegas_Nights__vs25vegas.webp"
"vs10egypt","PP","PP_SLOT","Ancient Egypt","1","20250702e1d408c6-4715-48c2-b17c-efdd2edaeefe.png","images/PP__Ancient_Egypt__vs10egypt.png"
"vs25wildspells","PP","PP_SLOT","Wild Spells","1","202509064886e984-1604-4bcf-8f22-85aa587a9556.webp","images/PP__Wild_Spells__vs25wildspells.webp"
"vs5aztecgems","PP","PP_SLOT","Aztec Gems","1","202507048a644e15-584b-4782-b45b-18118a31ad87.jpg","images/PP__Aztec_Gems__vs5aztecgems.jpg"
"vs243fortune","PP","PP_SLOT","Caishen's Gold","1","202507022e91a3fb-8f5c-4e8a-a2f4-74f6102a2176.png","images/PP__Caishen_s_Gold__vs243fortune.png"
"vs25chilli","PP","PP_SLOT","Chilli Heat","1","20250702eb206415-2341-4831-a0f5-fc197f3e3968.png","images/PP__Chilli_Heat__vs25chilli.png"
"vs50pixie","PP","PP_SLOT","Pixie Wings","1","20250702917c8f37-fd03-4abc-abb3-e56992692430.png","images/PP__Pixie_Wings__vs50pixie.png"
"vs25kingdoms","PP","PP_SLOT","3 Kingdoms - Battle of Red Cliffs","1","2025070222db432b-6051-4b8e-8be3-683ed2dfcc2e.png","images/PP__3_Kingdoms_-_Battle_of_Red_Cliffs__vs25kingdoms.png"
"vs7fire88","PP","PP_SLOT","Fire 88","1","202507020a9c14b2-ec35-4465-80c0-257acd36e982.png","images/PP__Fire_88__vs7fire88.png"
"vs25wolfgold","PP","PP_SLOT","Wolf Gold","1","202509068b443811-f6df-4eaf-ac5d-dfbae68036d0.webp","images/PP__Wolf_Gold__vs25wolfgold.webp"
"vs25safari","PP","PP_SLOT","Hot Safari","1","202509112afd2e3e-e97f-4ba1-9876-f58f24dcf8dc.webp","images/PP__Hot_Safari__vs25safari.webp"
"vs7monkeys","PP","PP_SLOT","7 Monkeys","1","202507029c317a0e-aaa5-4ad4-a4af-9a13b2f678dc.png","images/PP__7_Monkeys__vs7monkeys.png"
"vs9madmonkey","PP","PP_SLOT","Monkey Madness","1","202507029ebe2e27-d05f-429c-8e36-f12d83228a17.png","images/PP__Monkey_Madness__vs9madmonkey.png"
"vs1024temuj","PP","PP_SLOT","Temujin Treasures","1","20250903a0d1ba1c-5b9f-4525-8e45-263468802067.webp","images/PP__Temujin_Treasures__vs1024temuj.webp"
"vs50juicyfr","PP","PP_SLOT","juicy fruits","1","202604174e40bce4-4d1d-470a-b451-2a4b1fcc3a88.png","images/PP__juicy_fruits__vs50juicyfr.png"
"vs20wildboost","PP","PP_SLOT","Wild Booster","1","20250906cf9f0454-2024-4041-8091-4eace30d3cd2.webp","images/PP__Wild_Booster__vs20wildboost.webp"
"vswayshammthor","PP","PP_SLOT","Power of Thor Megaways","1","20250702b4fd255e-1ba2-4e8f-aec9-0b2e53f69a64.png","images/PP__Power_of_Thor_Megaways__vswayshammthor.png"
"vs25hotfiesta","PP","PP_SLOT","Hot Fiesta","1","202509113afaea08-c42b-4317-a69c-08db4e8e20ce.webp","images/PP__Hot_Fiesta__vs25hotfiesta.webp"
"vswaysbufking","PP","PP_SLOT","Buffalo King Megaways","1","20250702a5932fb5-a3bc-4ae7-83ce-c1b64f4888a2.png","images/PP__Buffalo_King_Megaways__vswaysbufking.png"
"vs10floatdrg","PP","PP_SLOT","Floating Dragon","1","20250702c84dfbc0-4a26-4d0e-89fa-265446739e16.png","images/PP__Floating_Dragon__vs10floatdrg.png"
"vs25pandatemple","PP","PP_SLOT","Panda's Fortune 2","1","20250702fae05aef-e7b1-4664-b0d9-bafcd0b2581b.png","images/PP__Panda_s_Fortune_2__vs25pandatemple.png"
"vs10amm","PP","PP_SLOT","Amazing Money Machine","1","20250702eeed602c-85e0-4171-ac1d-687e282ac8c7.png","images/PP__Amazing_Money_Machine__vs10amm.png"
"vs25mmouse","PP","PP_SLOT","Money Mouse","1","202507028b9b86a9-c82e-49b6-adb3-75b73b85f3de.png","images/PP__Money_Mouse__vs25mmouse.png"
"vs20magicpot","PP","PP_SLOT","The Magic Cauldron","1","20250906b99ec3c6-9a1e-4dfe-bfa3-75fa9001fbb6.webp","images/PP__The_Magic_Cauldron__vs20magicpot.webp"
"vs5spjoker","PP","PP_SLOT","Super Joker","1","20250903d3a84105-71ed-461d-a82b-1d6eb31ca5e7.webp","images/PP__Super_Joker__vs5spjoker.webp"
"vs40pirate","PP","PP_SLOT","Pirate Gold","1","20250702235b32e7-2cfd-49b6-b902-c0f9c6af83ef.png","images/PP__Pirate_Gold__vs40pirate.png"
"vs243caishien","PP","PP_SLOT","Caishen's Cash","1","202507028112f10f-b7eb-4cf9-9459-dbe6cd2f5349.png","images/PP__Caishen_s_Cash__vs243caishien.png"
"vs20wildpix","PP","PP_SLOT","Wild Pixies","1","202509067209aa62-a276-42f6-be02-4db2ce0a3aca.webp","images/PP__Wild_Pixies__vs20wildpix.webp"
"vs243lionsgold","PP","PP_SLOT","5 Lions Gold","1","202507022475d212-d5b8-41dc-9ed9-a8d5cd1898f2.png","images/PP__5_Lions_Gold__vs243lionsgold.png"
"vs7776secrets","PP","PP_SLOT","john hunter and the aztec treasure","1","2026041615f7b2ec-c79e-477a-97b1-f91ce1406bed.png","images/PP__john_hunter_and_the_aztec_treasure__vs7776secrets.png"
"vs10vampwolf","PP","PP_SLOT","Vampires VS Wolves","1","2025090620a2cb66-250a-44c4-b66d-d3c4213cdd3d.webp","images/PP__Vampires_VS_Wolves__vs10vampwolf.webp"
"vs20chicken","PP","PP_SLOT","The Great Chicken Escape","1","20250906d703efd8-d3b0-4af9-bd47-df68e982648f.webp","images/PP__The_Great_Chicken_Escape__vs20chicken.webp"
"vs1fortunetree","PP","PP_SLOT","Tree of Riches","1","202509064b6c8dc1-fbdf-4f7e-bc65-d76a68bfa3e6.webp","images/PP__Tree_of_Riches__vs1fortunetree.webp"
"vs20doghouse","PP","PP_SLOT","The Dog House","1","2025090302365706-46e5-4ca7-9ea4-cfc564c7e8d2.webp","images/PP__The_Dog_House__vs20doghouse.webp"
"vs20honey","PP","PP_SLOT","Honey Honey Honey","1","2025091124dc6820-1928-4832-982e-f0cfd8281f42.webp","images/PP__Honey_Honey_Honey__vs20honey.webp"
"vs10firestrike","PP","PP_SLOT","Fire Strike","1","20250702bb28dc8a-0a00-479a-96ca-35b4db76900a.png","images/PP__Fire_Strike__vs10firestrike.png"
"vs20hercpeg","PP","PP_SLOT","Hercules and Pegasus","1","20250911d599177d-0e66-45c6-88b9-6554808cc2b9.webp","images/PP__Hercules_and_Pegasus__vs20hercpeg.webp"
"vs20sbxmas","PP","PP_SLOT","Sweet Bonanza Xmas","1","20250903e4670051-34ec-4b14-a543-39c0eb86dea2.webp","images/PP__Sweet_Bonanza_Xmas__vs20sbxmas.webp"
"vs243fortseren","PP","PP_SLOT","Greek Gods","1","20250911e5811052-bdcb-4533-9527-c8de8438b13d.webp","images/PP__Greek_Gods__vs243fortseren.webp"
"vs20aladdinsorc","PP","PP_SLOT","Aladdin and the Sorcerer","1","20250702f9532f19-c848-4c94-8a64-4d429d0ee6d3.png","images/PP__Aladdin_and_the_Sorcerer__vs20aladdinsorc.png"
"vs1024gmayhem","PP","PP_SLOT","Gorilla Mayhem","1","2025070232b8b22a-350c-44d1-be42-0b0fd605d1d0.png","images/PP__Gorilla_Mayhem__vs1024gmayhem.png"
"vs9chen","PP","PP_SLOT","Master Chen's Fortune","1","20250702279ea488-72ab-48b1-a770-2f23a490e0cb.png","images/PP__Master_Chen_s_Fortune__vs9chen.png"
"vs5joker","PP","PP_SLOT","Joker's Jewels","1","20250702d7f25f52-ad88-461d-b85d-47141d388e65.png","images/PP__Joker_s_Jewels__vs5joker.png"
"vs20rhino","PP","PP_SLOT","Great Rhino","1","2025070233916f10-e52d-4b90-982f-6c79c7d32fe4.png","images/PP__Great_Rhino__vs20rhino.png"
"vs243lions","PP","PP_SLOT","5 Lions","1","202507020b734651-7d5a-4e7e-867b-b0efb7a6e7f8.png","images/PP__5_Lions__vs243lions.png"
"vs25asgard","PP","PP_SLOT","Asgard","1","20250702c2a6c7c3-17c1-48ef-a96b-48e61a5fb979.png","images/PP__Asgard__vs25asgard.png"
"vs10madame","PP","PP_SLOT","Madame Destiny","1","202507026253bb74-9394-498a-a949-e0146227e2ea.png","images/PP__Madame_Destiny__vs10madame.png"
"vs1024butterfly","PP","PP_SLOT","Jade Butterfly","1","202507027b5d4b09-391e-4ee2-89e7-b7ea1957dd9c.png","images/PP__Jade_Butterfly__vs1024butterfly.png"
"vs20leprechaun","PP","PP_SLOT","Leprechaun Song","1","202507021fe8c2be-19eb-43ed-92f1-680a8bf7fce1.png","images/PP__Leprechaun_Song__vs20leprechaun.png"
"vs25peking","PP","PP_SLOT","Peking Luck","1","20250702933264b2-692e-46a3-beb2-d521e1f5157b.png","images/PP__Peking_Luck__vs25peking.png"
"vs15fairytale","PP","PP_SLOT","Fairytale Fortune","1","20250702bc6a5f0d-d8d9-42d2-a0f3-d0c75ee22b16.png","images/PP__Fairytale_Fortune__vs15fairytale.png"
"vs20vegasmagic","PP","PP_SLOT","Vegas Magic","1","2025090623ad0dd7-c47c-4657-9795-95b939d35cff.webp","images/PP__Vegas_Magic__vs20vegasmagic.webp"
"vs10egyptcls","PP","PP_SLOT","Ancient Egypt Classic","1","202507021ba2440d-cfce-4b57-8fa9-d32b5e34fd51.png","images/PP__Ancient_Egypt_Classic__vs10egyptcls.png"
"vs25mustang","PP","PP_SLOT","Mustang Gold","1","202507024198ac93-b95b-4a39-aec8-a2da79f99a52.png","images/PP__Mustang_Gold__vs25mustang.png"
"vs20leprexmas","PP","PP_SLOT","Leprechaun Carol","1","20250702eb4d8030-f667-4168-81e0-7ab797feab36.png","images/PP__Leprechaun_Carol__vs20leprexmas.png"
"vs18mashang","PP","PP_SLOT","Treasure Horse","1","20250906377d25ad-a001-4824-9e79-2eea83199b6d.webp","images/PP__Treasure_Horse__vs18mashang.webp"
"vs10fruity2","PP","PP_SLOT","Extra Juicy","1","20250702f8022fd4-8b69-48e7-a973-585226488539.png","images/PP__Extra_Juicy__vs10fruity2.png"
"vs20egypttrs","PP","PP_SLOT","Egyptian Fortunes","1","202507042677b17e-55a9-45a6-a2a4-0f1f3d65915b.jpg","images/PP__Egyptian_Fortunes__vs20egypttrs.jpg"
"vs10chkchase","PP","PP_SLOT","Chicken Chase","1","202507027dc7e5b5-09ac-450f-aa25-2242d2925d21.png","images/PP__Chicken_Chase__vs10chkchase.png"
"vs243queenie","PP","PP_SLOT","Queenie","1","202507024bf28ac3-e77a-4920-814e-e002e81a7fed.png","images/PP__Queenie__vs243queenie.png"
"vs10tictac","PP","PP_SLOT","Tic Tac Take","1","202509066fd715bc-0d87-4734-8cdd-d00e85d8b086.webp","images/PP__Tic_Tac_Take__vs10tictac.webp"
"vs10snakeladd","PP","PP_SLOT","Snakes and Ladders Megadice","1","20250702840428e9-e520-49fa-9451-d6fac15f4e07.png","images/PP__Snakes_and_Ladders_Megadice__vs10snakeladd.png"
"vs20rainbowg","PP","PP_SLOT","Rainbow Gold","1","2025070208a1b8c8-7446-4237-95d0-456e6bd25122.png","images/PP__Rainbow_Gold__vs20rainbowg.png"
"vs50mightra","PP","PP_SLOT","Might of Ra","1","20250702f4b460df-1b14-4b81-94d6-21af2c701250.png","images/PP__Might_of_Ra__vs50mightra.png"
"vs20stickysymbol","PP","PP_SLOT","The Great Stick-Up","1","2025090640aa00ba-e07d-4a5e-8821-c3955aedebea.webp","images/PP__The_Great_Stick-Up__vs20stickysymbol.webp"
"vs40cleoeye","PP","PP_SLOT","Eye of Cleopatra","1","2025070218b0fc06-e941-4ba3-befb-03b3cc1e562c.png","images/PP__Eye_of_Cleopatra__vs40cleoeye.png"
"vs20gobnudge","PP","PP_SLOT","Goblin Heist Powernudge","1","202507022ab46a82-80d4-4a64-ac99-0cd1c8b18f81.png","images/PP__Goblin_Heist_Powernudge__vs20gobnudge.png"
"vs20mustanggld2","PP","PP_SLOT","Clover Gold","1","202507020755ae6b-fbcb-435c-8de1-c9b58945ea45.png","images/PP__Clover_Gold__vs20mustanggld2.png"
"vs20farmfest","PP","PP_SLOT","Barn Festival","1","2025070205b22956-bdeb-4739-925e-dbf18c8f02ea.png","images/PP__Barn_Festival__vs20farmfest.png"
"vs10firestrike2","PP","PP_SLOT","Fire Strike 2","1","20250702ff6e16fb-ad31-403c-85b3-7fa88c7acd2d.png","images/PP__Fire_Strike_2__vs10firestrike2.png"
"vs10spiritadv","PP","PP_SLOT","Spirit of Adventure","1","20250702a198151d-fd48-41a2-bc7d-1ea4e69ddc03.png","images/PP__Spirit_of_Adventure__vs10spiritadv.png"
"vswayswildwest","PP","PP_SLOT","wild west gold megaways","1","20260416e3ed1147-163c-46a3-8ced-31fe127155ef.png","images/PP__wild_west_gold_megaways__vswayswildwest.png"
"vs20colcashzone","PP","PP_SLOT","Colossal Cash Zone","1","20250702abeca9b0-b330-4ad1-925b-845e7132dc21.png","images/PP__Colossal_Cash_Zone__vs20colcashzone.png"
"vs20ultim5","PP","PP_SLOT","The Ultimate 5","1","202509061c7fef35-680c-4679-8a99-b144c7d53258.webp","images/PP__The_Ultimate_5__vs20ultim5.webp"
"vswayselements","PP","PP_SLOT","Elemental Gems Megaways","1","2025070268c44ff6-361c-41e5-997a-a40823b81df8.png","images/PP__Elemental_Gems_Megaways__vswayselements.png"
"vs25goldparty","PP","PP_SLOT","gold party","1","202604168b185219-35c3-4b13-9508-0c08bb21ac10.png","images/PP__gold_party__vs25goldparty.png"
"vswayszombcarn","PP","PP_SLOT","Zombie Carnival","1","20250702dd0e778b-03b4-4be2-b2cd-e26ed9a8c4c4.png","images/PP__Zombie_Carnival__vswayszombcarn.png"
"vs50northgard","PP","PP_SLOT","North Guardians","1","202507028928d737-d8b2-46fa-a706-0aa728290884.png","images/PP__North_Guardians__vs50northgard.png"
"vs20cleocatra","PP","PP_SLOT","Cleocatra","1","202507024ef59567-626f-4fe7-af25-13a998467600.png","images/PP__Cleocatra__vs20cleocatra.png"
"vs10egrich","PP","PP_SLOT","Queen of Gods","1","20250702baf71fb8-ea58-4652-8d3c-df0b811e0dd0.png","images/PP__Queen_of_Gods__vs10egrich.png"
"vs40cosmiccash","PP","PP_SLOT","Cosmic Cash","1","2025070205e7580e-751b-47ae-9be4-d469b5290ef7.png","images/PP__Cosmic_Cash__vs40cosmiccash.png"
"vs25bomb","PP","PP_SLOT","Bomb Bonanza","1","20250702e2fc9f72-a50f-4b70-bffa-9b6906622fe7.png","images/PP__Bomb_Bonanza__vs25bomb.png"
"vs10txbigbass","PP","PP_SLOT","Big Bass Splash","1","20250702f2d291d0-4de6-4596-9230-27215cf3bab0.png","images/PP__Big_Bass_Splash__vs10txbigbass.png"
"vswaysjkrdrop","PP","PP_SLOT","Tropical Tiki","1","2025090604cd28bf-88c6-46ef-ac19-a88eef8a31b3.webp","images/PP__Tropical_Tiki__vswaysjkrdrop.webp"
"vs40hotburnx","PP","PP_SLOT","Hot to Burn Extreme","1","2025070272843f07-2742-4dbb-92d2-c3d8b8074d24.png","images/PP__Hot_to_Burn_Extreme__vs40hotburnx.png"
"vs10mmm","PP","PP_SLOT","Magic Money Maze","1","20250702998083c9-5c4c-415c-94d2-6caa93581aa6.png","images/PP__Magic_Money_Maze__vs10mmm.png"
"vs100sh","PP","PP_SLOT","Shining Hot 100","1","2025070270f6fdf5-6eb0-4aea-9d07-9b0840b566af.png","images/PP__Shining_Hot_100__vs100sh.png"
"vs40sh","PP","PP_SLOT","Shining Hot 40","1","2025070255488cdf-395c-43e2-8f33-c78ce70ac9fc.png","images/PP__Shining_Hot_40__vs40sh.png"
"vs20sh","PP","PP_SLOT","Shining Hot 20","1","20250702263f9402-c4ca-4d7d-9b8f-87a4dc24bc0c.png","images/PP__Shining_Hot_20__vs20sh.png"
"vs5sh","PP","PP_SLOT","Shining Hot 5","1","20250702d881211b-4d7c-44c3-8518-39616b953f6b.png","images/PP__Shining_Hot_5__vs5sh.png"
"vs20octobeer","PP","PP_SLOT","Octobeer Fortunes","1","202507026e46ffba-d86f-4b98-967b-e919ef3b23cd.png","images/PP__Octobeer_Fortunes__vs20octobeer.png"
"vs20daydead","PP","PP_SLOT","Day of Dead","1","20250702521b1c50-c8df-4a30-a8c0-7afbd5c3b0b4.png","images/PP__Day_of_Dead__vs20daydead.png"
"vswayslions","PP","PP_SLOT","5 Lions Megaways","1","20250704b42bb56d-36db-42c0-bfe1-e92a38711b51.jpg","images/PP__5_Lions_Megaways__vswayslions.jpg"
"vs5drhs","PP","PP_SLOT","Dragon Hot Hold and Spin","1","2025070452af422f-295a-453a-9c05-ef46d08a4ca9.jpg","images/PP__Dragon_Hot_Hold_and_Spin__vs5drhs.jpg"
"vswaysyumyum","PP","PP_SLOT","Yum Yum Powerways","1","20250906655c642c-effb-4b09-aba2-7660b2ab69c4.webp","images/PP__Yum_Yum_Powerways__vswaysyumyum.webp"
"vs10nudgeit","PP","PP_SLOT","Rise of Giza PowerNudge","1","202507028a685d50-376d-4b18-ac3e-17637a049e1c.png","images/PP__Rise_of_Giza_PowerNudge__vs10nudgeit.png"
"vs12bbb","PP","PP_SLOT","Bigger Bass Bonanza","1","20250702677664bb-3471-405d-9043-146faa2c2981.png","images/PP__Bigger_Bass_Bonanza__vs12bbb.png"
"vs25rio","PP","PP_SLOT","Heart of Rio","1","20250911436c78cd-db74-4866-bad3-d2d3ea323a8c.webp","images/PP__Heart_of_Rio__vs25rio.webp"
"vswayslight","PP","PP_SLOT","Lucky Lightning","1","202507020f19e372-1580-4fab-b12c-b20a852f7094.png","images/PP__Lucky_Lightning__vswayslight.png"
"vs20emptybank","PP","PP_SLOT","Empty the Bank","1","2025070229402a5b-f7d5-437f-b078-8c85f1d63341.png","images/PP__Empty_the_Bank__vs20emptybank.png"
"vs20fparty2","PP","PP_SLOT","Fruit Party 2","1","202507028aae04d6-f7cf-4751-a6a7-71039cd6caac.png","images/PP__Fruit_Party_2__vs20fparty2.png"
"vs20phoenixf","PP","PP_SLOT","Phoenix Forge","1","20250702a1d580c2-342f-493e-9c0b-add12ff41ba7.png","images/PP__Phoenix_Forge__vs20phoenixf.png"
"vs20chickdrop","PP","PP_SLOT","Chicken Drop","1","202507029420bc80-768a-4316-a9b4-39b9efcd94e1.png","images/PP__Chicken_Drop__vs20chickdrop.png"
"vswayschilheat","PP","PP_SLOT","Chilli Heat Megaways","1","2025070276ff1b47-2cf1-484b-99f3-bd603a4494b9.png","images/PP__Chilli_Heat_Megaways__vswayschilheat.png"
"vs20trsbox","PP","PP_SLOT","Treasure Wild","1","2025090657e676f2-2905-4e34-93e2-69e44e699d32.webp","images/PP__Treasure_Wild__vs20trsbox.webp"
"vswaysbankbonz","PP","PP_SLOT","Cash Bonanza","1","2025070219b5b44f-1aec-479d-bf69-965594453c81.png","images/PP__Cash_Bonanza__vswaysbankbonz.png"
"vs9piggybank","PP","PP_SLOT","Piggy Bank Bills","1","20250702e944fe18-9c58-4cf3-8af9-e1b16c5bbbc7.png","images/PP__Piggy_Bank_Bills__vs9piggybank.png"
"vs20terrorv","PP","PP_SLOT","Cash Elevator","1","20250702f1b71759-0dff-4d5b-b414-0e51dfff1405.png","images/PP__Cash_Elevator__vs20terrorv.png"
"vswayswest","PP","PP_SLOT","Mystic Chief","1","202507025678ff51-d6f9-4e35-a918-b24c2b32edff.png","images/PP__Mystic_Chief__vswayswest.png"
"vs10starpirate","PP","PP_SLOT","Star Pirates Code","1","202507020e14329c-2058-4e6c-a613-03c169ce1993.png","images/PP__Star_Pirates_Code__vs10starpirate.png"
"vs40bigjuan","PP","PP_SLOT","Big Juan","1","20250702f8e91d95-f926-4671-ab0e-c9cac66ab4b8.png","images/PP__Big_Juan__vs40bigjuan.png"
"vs20santawonder","PP","PP_SLOT","Santa's Wonderland","1","2025070244e85390-3fce-4ec8-b34a-2ce430301454.png","images/PP__Santa_s_Wonderland__vs20santawonder.png"
"vs10bxmasbnza","PP","PP_SLOT","Christmas Big Bass Bonanza","1","202507025c9c86bb-5b2c-4057-9068-f7869baced28.png","images/PP__Christmas_Big_Bass_Bonanza__vs10bxmasbnza.png"
"vs10bookfallen","PP","PP_SLOT","Book of Fallen","1","202507026d3c2abb-1743-4c4f-a32b-bea4ab9703e0.png","images/PP__Book_of_Fallen__vs10bookfallen.png"
"vs25btygold","PP","PP_SLOT","Bounty Gold","1","20250702019c5029-ab75-403b-a6ce-41a49e84eee1.png","images/PP__Bounty_Gold__vs25btygold.png"
"vswaysbbb","PP","PP_SLOT","Big Bass Bonanza Megaways","1","20250702be893c85-39f0-47d7-8dbb-24d81d4d9932.png","images/PP__Big_Bass_Bonanza_Megaways__vswaysbbb.png"
"vs20superx","PP","PP_SLOT","Super X","1","20250903d4d6ade9-1e70-43e5-b41e-24226b1d17ef.webp","images/PP__Super_X__vs20superx.webp"
"vswayscryscav","PP","PP_SLOT","Crystal Caverns Megaways","1","20250702388d789e-0db9-48e5-9e93-1aa48aa6012e.png","images/PP__Crystal_Caverns_Megaways__vswayscryscav.png"
"vs20smugcove","PP","PP_SLOT","Smugglers Cove","1","202507029a63cf9a-9437-45f4-a407-e1fae398c11e.png","images/PP__Smugglers_Cove__vs20smugcove.png"
"vs4096magician","PP","PP_SLOT","magician's secrets","1","2026041620ac0b67-e5fd-4d39-9fa0-723549a2810f.png","images/PP__magician_s_secrets__vs4096magician.png"
"vswaysxjuicy","PP","PP_SLOT","Extra Juicy Megaways","1","2025070221845bef-fbb2-4312-8e33-7835c333f6ef.png","images/PP__Extra_Juicy_Megaways__vswaysxjuicy.png"
"vs40wanderw","PP","PP_SLOT","Wild Depths","1","20250906016d91c0-5649-4d8c-9ae9-a81e87529684.webp","images/PP__Wild_Depths__vs40wanderw.webp"
"vs10runes","PP","PP_SLOT","Gates of Valhalla","1","20250702e68efc64-5dfa-4b2f-822c-f1b425cd183d.png","images/PP__Gates_of_Valhalla__vs10runes.png"
"vswaysmadame","PP","PP_SLOT","Madame Destiny Megaways","1","2025070259ac17dd-7631-47c6-b2a4-d851e42d0d12.png","images/PP__Madame_Destiny_Megaways__vswaysmadame.png"
"vswayscashsurg","PP","PP_SLOT","cash surge","1","202602177ec6db91-05a6-4539-a05e-cc19bd179d03.webp","images/PP__cash_surge__vswayscashsurg.webp"
"vs20laughluck","PP","PP_SLOT","happy fortune","1","20260217239c955e-e427-4997-81f5-01b83730a123.webp","images/PP__happy_fortune__vs20laughluck.webp"
"vswayspompmr2","PP","PP_SLOT","zombie school megaways","1","202602176d2ec29c-0c55-4e6e-bb53-16ca48fa82d2.webp","images/PP__zombie_school_megaways__vswayspompmr2.webp"
"vs10goldfish","PP","PP_SLOT","Fishin' Reels","1","20250702b94092da-0620-4284-aad5-3db9239d10c6.png","images/PP__Fishin_Reels__vs10goldfish.png"
"vs20hburnhs","PP","PP_SLOT","Hot to Burn Hold and Spin","1","2025091166f5133f-ae84-48a4-a95b-08521c7744bc.webp","images/PP__Hot_to_Burn_Hold_and_Spin__vs20hburnhs.webp"
"vs25jokerking","PP","PP_SLOT","Joker King","1","202507021ca1b605-e2d3-47a1-b8e9-9a77218b0459.png","images/PP__Joker_King__vs25jokerking.png"
"vs20midas","PP","PP_SLOT","The Hand of Midas","1","202507024cd739a9-9145-4a2f-87c0-d9e42e4e6c29.png","images/PP__The_Hand_of_Midas__vs20midas.png"
"vs10eyestorm","PP","PP_SLOT","Eye of the Storm","1","202507020217fd55-d2b8-4cc4-be3b-6e30b31ed0ca.png","images/PP__Eye_of_the_Storm__vs10eyestorm.png"
"vs5drmystery","PP","PP_SLOT","Dragon Kingdom - Eyes of Fire","1","202507024372e8a4-613c-4b80-b692-661a713d2a0a.png","images/PP__Dragon_Kingdom_-_Eyes_of_Fire__vs5drmystery.png"
"vs10jpblaze","PP","PP_SLOT","jackpot blaze","1","20260218b1c53f9c-7ee4-4fca-89ba-b64e319e182e.webp","images/PP__jackpot_blaze__vs10jpblaze.webp"
"vs432congocash","PP","PP_SLOT","Congo Cash","1","202507023b177f0d-d7d7-451a-a45d-4b0cba65088b.png","images/PP__Congo_Cash__vs432congocash.png"
"vs20ekingrr","PP","PP_SLOT","Emerald King Rainbow Road","1","2025070254910f85-ef5b-43f9-83e1-4749fa184ba7.png","images/PP__Emerald_King_Rainbow_Road__vs20ekingrr.png"
"vs10wildtut","PP","PP_SLOT","Mysterious Egypt","1","202507020a96a550-b677-41e4-ab7a-5319b9a52750.png","images/PP__Mysterious_Egypt__vs10wildtut.png"
"vs40voodoo","PP","PP_SLOT","Voodoo Magic","1","20250906e0f35354-c168-4ea0-96f6-4278521514ea.webp","images/PP__Voodoo_Magic__vs40voodoo.webp"
"vs10bbbonanza","PP","PP_SLOT","Big Bass Bonanza","1","2025070241a37c84-da00-4503-915e-9ff59f8ce38f.png","images/PP__Big_Bass_Bonanza__vs10bbbonanza.png"
"vs10mayangods","PP","PP_SLOT","John Hunter and the Mayan Gods","1","202507028adf8daf-80f5-46fd-9293-7c26dd8de0b1.png","images/PP__John_Hunter_and_the_Mayan_Gods__vs10mayangods.png"
"vs40spartaking","PP","PP_SLOT","Spartan King","1","2025070235e0fd3b-1278-4d09-8ab9-63373a5a9071.png","images/PP__Spartan_King__vs40spartaking.png"
"vs20xmascarol","PP","PP_SLOT","Christmas Carol Megaways","1","202507021d75a9a2-21d3-4184-bbc0-3e78ec659c94.png","images/PP__Christmas_Carol_Megaways__vs20xmascarol.png"
"vs20payanyvol","PP","PP_SLOT","jelly express","1","202603278ea04c37-c398-4e08-9446-871762f6d49f.webp","images/PP__jelly_express__vs20payanyvol.webp"
"vswaysfortsup","PP","PP_SLOT","fortune ace super scatter","1","2026042535b3f84e-eb99-482e-b48d-f8d404ae2c62.webp","images/PP__fortune_ace_super_scatter__vswaysfortsup.webp"
"vswaysmjwl2","PP","PP_SLOT","mummy's jewels 100","1","202603278f99fa5e-9b14-4d54-93e4-11724216f91b.webp","images/PP__mummy_s_jewels_100__vswaysmjwl2.webp"
"vs20dhousehm","PP","PP_SLOT","haunted crypt","1","2026032758ab3f19-ad94-472d-8cd6-5b9a18fc6dd0.webp","images/PP__haunted_crypt__vs20dhousehm.webp"
"vs25scolymp","PP","PP_SLOT","cult","1","20260327eb77f09b-5fa5-4b81-96a2-ffee3aaa05b1.webp","images/PP__cult__vs25scolymp.webp"
"vs4096bufking","PP","PP_SLOT","Buffalo King","1","202507020f90a39a-d9d8-439f-9ce6-dc653e5a8530.png","images/PP__Buffalo_King__vs4096bufking.png"
"vsways5lionsr","PP","PP_SLOT","5 lions reborn","1","20260220c1b23704-8539-480b-a69d-782694f292af.webp","images/PP__5_lions_reborn__vsways5lionsr.webp"
"vs10bbbnz1000","PP","PP_SLOT","Big Bass Bonanza 1000","1","202602202aa6e1a4-c4b4-4296-937e-806f7b66bedb.webp","images/PP__Big_Bass_Bonanza_1000__vs10bbbnz1000.webp"
"vswayswwjoker","PP","PP_SLOT","joker's jewels wild","1","20260220b710d6a8-973a-4a6a-8775-6936970083e2.webp","images/PP__joker_s_jewels_wild__vswayswwjoker.webp"
"vswaysmltchmgw","PP","PP_SLOT","raging waterfall megaways","1","2026022004b787da-bc11-4f4b-814f-8e19fa79857b.webp","images/PP__raging_waterfall_megaways__vswaysmltchmgw.webp"
"vs25luckwildpb","PP","PP_SLOT","lucky’s wild pub","1","2026022045c7a749-9c4c-4387-bfac-61a17f318da6.webp","images/PP__lucky_s_wild_pub__vs25luckwildpb.webp"
"vswaysvlcgds","PP","PP_SLOT","volcano goddess","1","202602209d898d0a-2017-4d6c-806a-a81ae7eb9366.webp","images/PP__volcano_goddess__vswaysvlcgds.webp"
"vs10fireice","PP","PP_SLOT","escape the pyramid fire & ice","1","20260220879e49d6-8e4c-47ae-a018-b659f20d9d8a.webp","images/PP__escape_the_pyramid_fire_ice__vs10fireice.webp"
"vs40frrainbow","PP","PP_SLOT","Fruit Rainbow","1","202507021f7b1e6b-219f-4eea-8470-4ad2a045d640.png","images/PP__Fruit_Rainbow__vs40frrainbow.png"
"vs5ultrab","PP","PP_SLOT","Ultra Burn","1","202509066c7048ce-f248-4962-b9b6-8c8fe5e1284e.webp","images/PP__Ultra_Burn__vs5ultrab.webp"
"vs117649starz","PP","PP_SLOT","Starz Megaways","1","202507027f473c09-3b34-4b71-8e87-ae5434607cda.png","images/PP__Starz_Megaways__vs117649starz.png"
"vs20fruitparty","PP","PP_SLOT","Fruit Party","1","2025070219931842-6c0f-42e5-bf3c-9d23671b188f.png","images/PP__Fruit_Party__vs20fruitparty.png"
"vs10bookoftut","PP","PP_SLOT","john hunter and the book of tut","1","20260416454899d4-000a-4901-b09a-f143e0e10b86.png","images/PP__john_hunter_and_the_book_of_tut__vs10bookoftut.png"
"vs10threestar","PP","PP_SLOT","Three Star Fortune","1","20250906349ec1c8-e6b4-4101-996a-720d1134522a.webp","images/PP__Three_Star_Fortune__vs10threestar.webp"
"vswaysrhino","PP","PP_SLOT","Great Rhino Megaways","1","202507020ebc8ec5-0e16-45f5-850f-4d7057aee1aa.png","images/PP__Great_Rhino_Megaways__vswaysrhino.png"
"vs5hotburn","PP","PP_SLOT","Hot to Burn","1","20250702aa0c113e-cf96-47f1-a247-d131abef3b59.png","images/PP__Hot_to_Burn__vs5hotburn.png"
"vs243dancingpar","PP","PP_SLOT","Dance Party","1","20250702262df69d-19cc-45fb-8ea8-21c565530cda.png","images/PP__Dance_Party__vs243dancingpar.png"
"vs40wildwest","PP","PP_SLOT","Wild West Gold","1","20250906374fba5a-4a15-44fd-8eab-7abdb3836c2e.webp","images/PP__Wild_West_Gold__vs40wildwest.webp"
"vs40pirgold","PP","PP_SLOT","Pirate Gold Deluxe","1","202507020ba20886-12cf-4342-87bb-e8182872fba0.png","images/PP__Pirate_Gold_Deluxe__vs40pirgold.png"
"vs40madwheel","PP","PP_SLOT","The Wild Machine","1","2025090625b04418-4137-4728-85bc-eabce42af032.webp","images/PP__The_Wild_Machine__vs40madwheel.webp"
"vs7776aztec","PP","PP_SLOT","Aztec Bonanza","1","20250702758a23f1-8d1b-4a8d-8148-f1d3e7519b3c.png","images/PP__Aztec_Bonanza__vs7776aztec.png"
"vs4096mystery","PP","PP_SLOT","Mysterious","1","20250702cbde6e89-e6e7-4540-9d84-b129b6d64e4a.png","images/PP__Mysterious__vs4096mystery.png"
"vs1masterjoker","PP","PP_SLOT","Master Joker","1","20250702fefe7c86-f715-4e3d-8faf-6e096eee81f0.png","images/PP__Master_Joker__vs1masterjoker.png"
"vs5super7","PP","PP_SLOT","Super 7s","1","2025090373302187-b611-4d85-bdc3-e21f936abebb.webp","images/PP__Super_7s__vs5super7.webp"
"vs20kraken","PP","PP_SLOT","Release the Kraken","1","202507027685b869-97b4-43d9-ae81-86a15668bb10.png","images/PP__Release_the_Kraken__vs20kraken.png"
"vs8magicjourn","PP","PP_SLOT","Magic Journey","1","202507020dd6ac21-bdb3-4964-aaf1-b250fe424451.png","images/PP__Magic_Journey__vs8magicjourn.png"
"vs10cowgold","PP","PP_SLOT","Cowboys Gold","1","20250702a94c85df-fe70-4fa1-a287-7a8343c12899.png","images/PP__Cowboys_Gold__vs10cowgold.png"
"vs1600drago","PP","PP_SLOT","Drago - Jewels of Fortune","1","20250702f615c818-9099-4ada-b777-d71b29c7b4c2.png","images/PP__Drago_-_Jewels_of_Fortune__vs1600drago.png"
"vs20eking","PP","PP_SLOT","Emerald King","1","202507020aa9b7bb-86ae-4438-a9de-c8e7a6dd87c0.png","images/PP__Emerald_King__vs20eking.png"
"vs1024dtiger","PP","PP_SLOT","The Dragon Tiger","1","202507024788e2df-bab8-463a-b15c-f20b3882878a.jpg","images/PP__The_Dragon_Tiger__vs1024dtiger.jpg"
"vs25bkofkngdm","PP","PP_SLOT","Book of Kingdoms","1","20250702f302010c-f01d-45ff-a905-6b07afba2b4a.png","images/PP__Book_of_Kingdoms__vs25bkofkngdm.png"
"vs10returndead","PP","PP_SLOT","Return of the Dead","1","2025070268ebeb17-8ec5-48e0-8610-3acd4d8017be.png","images/PP__Return_of_the_Dead__vs10returndead.png"
"vs20goldfever","PP","PP_SLOT","Gems Bonanza","1","20250702a0e52329-052e-485b-89b4-49293857ccaf.png","images/PP__Gems_Bonanza__vs20goldfever.png"
"vs25walker","PP","PP_SLOT","Wild Walker","1","202509063a585b4f-6442-4088-b19d-acc2110f1aa1.webp","images/PP__Wild_Walker__vs25walker.webp"
"vs1024lionsd","PP","PP_SLOT","5 Lions Dance","1","20250702f112ab72-d48c-4185-9e4d-9339f8488e07.png","images/PP__5_Lions_Dance__vs1024lionsd.png"
"vswayshive","PP","PP_SLOT","Star Bounty","1","20250702cd0e13e6-59af-418b-928e-ab5d8cbe3c6f.png","images/PP__Star_Bounty__vswayshive.png"
"vs20rhinoluxe","PP","PP_SLOT","Great Rhino Deluxe","1","202507027149ec36-2af3-41b2-bf13-bb7a560edb82.png","images/PP__Great_Rhino_Deluxe__vs20rhinoluxe.png"
"vs576treasures","PP","PP_SLOT","Wild Wild Riches","1","202509069e933fc3-1b15-479c-9b65-2cd6d415b420.webp","images/PP__Wild_Wild_Riches__vs576treasures.webp"
"vs5ultra","PP","PP_SLOT","Ultra Hold and Spin","1","20250906656c4d7b-c9f5-486a-923e-50a349df8954.webp","images/PP__Ultra_Hold_and_Spin__vs5ultra.webp"
"vswayswerewolf","PP","PP_SLOT","Curse of the Werewolf Megaways","1","202507026eb02c7b-bbd6-441f-85e0-d6912bc10c67.png","images/PP__Curse_of_the_Werewolf_Megaways__vswayswerewolf.png"
"vs20gorilla","PP","PP_SLOT","Jungle Gorilla","1","202507027f17972d-4044-43ed-94a3-346e323905ef.png","images/PP__Jungle_Gorilla__vs20gorilla.png"
"vs9aztecgemsdx","PP","PP_SLOT","Aztec Gems Deluxe","1","202507028f875a35-a56b-40b3-bd90-dcf47a70358c.png","images/PP__Aztec_Gems_Deluxe__vs9aztecgemsdx.png"
"vswaysdogs","PP","PP_SLOT","The Dog House Megaways","1","20250903b419a70d-84df-4c7b-b0de-db44a9ff85d9.webp","images/PP__The_Dog_House_Megaways__vswaysdogs.webp"
"vs40streetracer","PP","PP_SLOT","Street Racer","1","202509037914cb7e-f7c8-4588-a61f-7125da351018.webp","images/PP__Street_Racer__vs40streetracer.webp"
"vs25pyramid","PP","PP_SLOT","Pyramid King","1","20250702a11504e2-e4b9-453e-b7e0-f5454cec716b.png","images/PP__Pyramid_King__vs25pyramid.png"
"22093","FC","FC_SLOT","sugar bang bang plus","1","202603263f7d61e9-fc50-4f37-8725-6c9fcea0f965.webp","images/FC__sugar_bang_bang_plus__22093.webp"
"22023","FC","FC_SLOT","da le men","1","20250829d10a728d-1c23-441b-afa9-c79d4d84c678.webp","images/FC__da_le_men__22023.webp"
"22048","FC","FC_SLOT","crazy buffalo","1","20250829da7e61af-5dfc-498d-a0ac-1bff1a1b5d22.webp","images/FC__crazy_buffalo__22048.webp"
"22056","FC","FC_SLOT","egypt bonanza","1","20250829ef9d1747-e96b-4be1-852e-8c74f8ac47ea.webp","images/FC__egypt_bonanza__22056.webp"
"22051","FC","FC_SLOT","fortune egg","1","2025082979f406ba-fe69-4927-8679-2777e5b20449.webp","images/FC__fortune_egg__22051.webp"
"22022","FC","FC_SLOT","fortune koi","1","20250604e387f427-fbff-4153-9f6b-3223ba9f24b4.jpg","images/FC__fortune_koi__22022.jpg"
"22038","FC","FC_SLOT","glory of rome","1","202508295abadf11-3adf-4591-8036-d57f87ed05cd.webp","images/FC__glory_of_rome__22038.webp"
"22034","FC","FC_SLOT","gold rush","1","202508291bcf81be-7c5e-48a7-8cc3-2c67b1844e57.webp","images/FC__gold_rush__22034.webp"
"22037","FC","FC_SLOT","grand blue","1","202508297ca70a2d-652a-47d5-b525-8e841263293f.webp","images/FC__grand_blue__22037.webp"
"27007","FC","FC_SLOT","super color game","1","202508297e71cf5f-7ae1-4607-8d98-53ca4696f261.webp","images/FC__super_color_game__27007.webp"
"22026","FC","FC_SLOT","hot pot party","1","202508299785ebbd-7af6-43c1-a218-65579499c3ce.webp","images/FC__hot_pot_party__22026.webp"
"22053","FC","FC_SLOT","legend of inca","1","202508294c20e90b-4314-4a3e-be89-98d4866be95c.webp","images/FC__legend_of_inca__22053.webp"
"22030","FC","FC_SLOT","luxury golden panther","1","2025083056e96575-1472-4ffb-8890-ce1a27e6398a.webp","images/FC__luxury_golden_panther__22030.webp"
"22032","FC","FC_SLOT","magic beans","1","20250829b0be5947-df0c-4d58-acd0-78026bc56b1a.webp","images/FC__magic_beans__22032.webp"
"22045","FC","FC_SLOT","merge magic","1","20250829ac43dd8c-a3ca-4f93-9262-27669daa494a.webp","images/FC__merge_magic__22045.webp"
"22067","FC","FC_SLOT"," Treasures Of Odin","1","20250925035f170f-185e-4084-a168-bfb44bc9c3c6.webp","images/FC__Treasures_Of_Odin__22067.webp"
"22091","FC","FC_SLOT","muscle fortune cat","1","20260326a5a33eb3-9474-4abc-98ff-5c5d91569e70.webp","images/FC__muscle_fortune_cat__22091.webp"
"22019","FC","FC_SLOT","panda dragon boat","1","202508298ccef7ed-efe2-426e-b144-6d9e3f6aef51.webp","images/FC__panda_dragon_boat__22019.webp"
"22021","FC","FC_SLOT","pong pong hu","1","20250829610153d7-30a6-45c9-a425-41f048e6b488.webp","images/FC__pong_pong_hu__22021.webp"
"22036","FC","FC_SLOT","rich man","1","202508298100f1f7-86c8-4733-a312-559e34cb3700.webp","images/FC__rich_man__22036.webp"
"22039","FC","FC_SLOT","robin hood","1","20250829c95154d4-c182-4baf-8ec1-c6762f1ebd51.webp","images/FC__robin_hood__22039.webp"
"22075","FC","FC_SLOT","Sword Of King","1","2025092570dd1623-8a94-4eb1-9939-676905b92dea.webp","images/FC__Sword_Of_King__22075.webp"
"22070","FC","FC_SLOT","Cyber God Of Fortune⁺","1","2025092550bbcc89-28e7-459f-bdde-a242e9a4b99f.webp","images/FC__Cyber_God_Of_Fortune__22070.webp"
"22065","FC","FC_SLOT","Boxing Riches","1","2025092584ae7d64-1b5c-4b5c-917a-a7f33da82dd5.webp","images/FC__Boxing_Riches__22065.webp"
"22066","FC","FC_SLOT","Roma Gladiatrix","1","202509258ab1a30f-bcfe-4307-9ef2-3874bed9b861.webp","images/FC__Roma_Gladiatrix__22066.webp"
"22073","FC","FC_SLOT","Phoenix Fever Jackpot","1","202509252a063a8c-f56a-4e4c-8e0c-88d111271cad.webp","images/FC__Phoenix_Fever_Jackpot__22073.webp"
"22084","FC","FC_SLOT","Jungle Bang Bang","1","202509256c01b13a-c0d6-4715-ba7d-9dbd7693fb86.webp","images/FC__Jungle_Bang_Bang__22084.webp"
"22061","FC","FC_SLOT","lucky fortunes 3x3","1","20250829cb06d8eb-63ac-46e1-88a4-0de3f56b8902.webp","images/FC__lucky_fortunes_3x3__22061.webp"
"22062","FC","FC_SLOT","fortune sheep","1","20250829ff320823-ed71-44bb-8ecd-fd8735022f04.webp","images/FC__fortune_sheep__22062.webp"
"22058","FC","FC_SLOT","fortune money boom","1","202508290a8ddf19-f26e-4b12-af5f-ae66e3c67127.webp","images/FC__fortune_money_boom__22058.webp"
"22059","FC","FC_SLOT","chilihuahua","1","20250829b80730a4-4952-47cc-8a51-abdabe381a56.webp","images/FC__chilihuahua__22059.webp"
"22069","FC","FC_SLOT"," Buffalo Ways","1","202509250ca00916-edfe-4e6c-abd5-bdc9d27832b8.webp","images/FC__Buffalo_Ways__22069.webp"
"22031","FC","FC_SLOT","war of the universe","1","20250829b0930166-91d6-4f1b-abf6-801d89ba8c1d.webp","images/FC__war_of_the_universe__22031.webp"
"22042","FC","FC_SLOT","treasure raiders","1","20250829d773826b-c06a-4067-b333-15b5e05a0c28.webp","images/FC__treasure_raiders__22042.webp"
"22028","FC","FC_SLOT","treasure cruise","1","202508292951a388-aaa5-4b34-9e82-f92aa0005dd7.webp","images/FC__treasure_cruise__22028.webp"
"22017","FC","FC_SLOT","three little pigs","1","20250829ab807fac-f8ca-4c48-a557-e9dbf66fb545.webp","images/FC__three_little_pigs__22017.webp"
"22027","FC","FC_SLOT","happy duo bao","1","202508294a5813e0-5b07-440b-ac9a-e29b1feb0958.webp","images/FC__happy_duo_bao__22027.webp"
"22024","FC","FC_SLOT","animal racing","1","2025082915499675-d5a7-474c-80fd-2252d4fe9201.webp","images/FC__animal_racing__22024.webp"
"22088","FC","FC_SLOT","bad rich wolf","1","2026032658b2924b-9a23-452d-864d-036b5e2c076c.webp","images/FC__bad_rich_wolf__22088.webp"
"101001","OP","OMNIPLAY_SLOT","sugar bonanza 1000","1","202604305ae95f1a-9a9a-436b-bb52-dc8d08f5cc45.webp","images/OP__sugar_bonanza_1000__101001.webp"
"102003","OP","OMNIPLAY_SLOT","luxury jewelry","1","202604304a88cf42-86d8-44ca-a733-08fe675a5c88.webp","images/OP__luxury_jewelry__102003.webp"
"100004","OP","OMNIPLAY_SLOT","golden horse treasure","1","20260430266bca2a-f94a-4a45-b4eb-7bae202c4917.webp","images/OP__golden_horse_treasure__100004.webp"
"105002","OP","OMNIPLAY_SLOT","jin long ying cai","1","2026043097dddfe5-8424-4e42-b673-99097af1d8c2.webp","images/OP__jin_long_ying_cai__105002.webp"
"101011","OP","OMNIPLAY_SLOT","sugar kaboom","1","2026043047c3f122-6e40-4b93-ac6e-05c873e0a959.webp","images/OP__sugar_kaboom__101011.webp"
"100001","OP","OMNIPLAY_SLOT","power dragon","1","20260430b6588e9d-8ab2-48d3-a9a8-b3bb54cf25a8.webp","images/OP__power_dragon__100001.webp"
"101006","OP","OMNIPLAY_SLOT","egypt's treasure","1","202604302e1bf302-cd5f-4a82-8bd3-cd976d6c4cb7.webp","images/OP__egypt_s_treasure__101006.webp"
"101004","OP","OMNIPLAY_SLOT","golden treasure","1","202604309020512d-0abf-44fa-8365-01bf334c9f0d.webp","images/OP__golden_treasure__101004.webp"
"101003","OP","OMNIPLAY_SLOT","lucky ace","1","2026043071cbf9de-703d-487e-bf79-81c2c31d5a47.jpg","images/OP__lucky_ace__101003.jpg"
"101002","OP","OMNIPLAY_SLOT","money boost","1","2026043042a3a9ca-a2d8-4169-a3f1-3804e69ae4f5.jpg","images/OP__money_boost__101002.jpg"
"100010","OP","OMNIPLAY_SLOT","fu lu ju","1","20260430d4a32f39-72b8-48c1-b566-697c3425777a.webp","images/OP__fu_lu_ju__100010.webp"
"100009","OP","OMNIPLAY_SLOT","fortune panda","1","2026043081756b05-169e-4f12-962f-44886db45aef.webp","images/OP__fortune_panda__100009.webp"
"100008","OP","OMNIPLAY_SLOT","legendary wukong","1","202604307ed83746-c60c-4441-a283-a7e0b7249469.webp","images/OP__legendary_wukong__100008.webp"
"100007","OP","OMNIPLAY_SLOT","imperial legend","1","202604301b0b514e-2bc5-4a78-bdf3-cd6b78414880.webp","images/OP__imperial_legend__100007.webp"
"100006","OP","OMNIPLAY_SLOT","power mask","1","202604307846c0b5-f407-4183-8d7c-82e54fef8a7a.webp","images/OP__power_mask__100006.webp"
"100005","OP","OMNIPLAY_SLOT","power lion","1","20260430aba1194e-e2d7-4694-b942-bf38b087f228.webp","images/OP__power_lion__100005.webp"
"100003","OP","OMNIPLAY_SLOT","fortune treasure","1","20260430e6e0c4ef-c605-46d8-85cc-1601c3f19294.webp","images/OP__fortune_treasure__100003.webp"
"100002","OP","OMNIPLAY_SLOT","power fortune","1","202604300b8e323e-02c0-45a5-b2a5-a7efa33dcfcd.webp","images/OP__power_fortune__100002.webp"
"105004","OP","OMNIPLAY_SLOT","jin shi na fu","1","202604309dfc9ec1-300c-4a7d-8af6-7307101c84f3.webp","images/OP__jin_shi_na_fu__105004.webp"
"105009","OP","OMNIPLAY_SLOT","huang chao sheng shi","1","20260614478758fe-a384-452e-b623-73487e76148c.jpg","images/OP__huang_chao_sheng_shi__105009.jpg"
"106001","OP","OMNIPLAY_SLOT","super chess","1","202604303ac0c79e-d934-451d-b3a3-3571d56d7078.webp","images/OP__super_chess__106001.webp"
"106003","OP","OMNIPLAY_SLOT","witch's magic","1","20260617aa5b7477-f197-4785-a2e8-74352d41c919.jpg","images/OP__witch_s_magic__106003.jpg"
"101009","OP","OMNIPLAY_SLOT","fortune mahjong","1","20260430779119ee-de39-4d6d-a69d-c92e882b0f1d.webp","images/OP__fortune_mahjong__101009.webp"
"101023","OP","OMNIPLAY_SLOT","goal rush","1","20260529445746bf-d118-4fa9-b0fd-ccc65bea90f6.jpg","images/OP__goal_rush__101023.jpg"
"102002","OP","OMNIPLAY_SLOT","lucky festival","1","20260528c3aff57b-db5e-41e8-ba2e-2d56f8ac635c.jpg","images/OP__lucky_festival__102002.jpg"