gameId,gameName,platformCode,platformName,category,gameKind,hotFlag,newFlag,likes,firstPublishDate,image
"90","Color Game Blitz","233","BP Original","arcade","30","1","0","4402","2026-04-01 10:04:58","/externals/C66FM/img/_wms/_l/electronicgames/42/Color_Game_Blitz54.webp"
"195","Pearls of Bingo","161","JILI","bingo","21","1","0","5441","2026-03-26 17:21:19","/externals/C66FM/img/_wms/_l/electronicgames/JILI0621/Pearls_of_bingo_540.webp"
"439","Super Ace Card","161","JILI","lottery","12","1","0","25667","2026-04-21 14:03:30","/externals/C66FM/img/_wms/_l/electronicgames/loteria/JILI-SuperAceCard_540x540.gif"
"leqhceumaq6qfoug","Speed Baccarat A","108","EVOLUTION","live-casino","17","1","0","84545","2026-04-17 11:29:40","/externals/C66FM/img/_wms/_l/electronicgames/casino01/SpeedBaccaratA540x540.webp"
"216","Candyland Bingo","161","JILI","bingo","21","1","0","1899","2026-03-26 17:20:31","/externals/C66FM/img/_wms/_l/electronicgames/JILI0621/Candyland_bingo_540.webp"
"464","Fortune King Jackpot","161","JILI","live-casino","8","1","0","111504","2026-04-08 17:57:15","/externals/C66FM/img/_wms/_l/electronicgames/fishing260630/jl_fortune_king_jackpot_gameid464_en_us_540.webp"
"217","Magic Lamp Bingo","161","JILI","bingo","21","1","0","1874","2026-03-26 17:21:47","/externals/C66FM/img/_wms/_l/electronicgames/JILI0621/Magic_lamp_bingo_540.webp"
"CrazyTime0000001","Crazy Time","108","EVOLUTION","live-casino","17","1","0","66380","2026-04-17 11:28:01","/externals/C66FM/img/_wms/_l/electronicgames/casino01/CrazyTime540x540.webp"
"229","Mines","161","JILI","live-casino","8","1","1","118638","2026-04-10 13:59:59","/externals/C66FM/img/_wms/_l/electronicgames/jili1104/Mines_540.webp"
"CrazyTime0000002","Crazy Time A","108","EVOLUTION","live-casino","17","1","0","32612","2026-02-11 19:24:08","/externals/C66FM/img/_wms/_l/electronicgames/casino01/CrazyTimeA540x540.webp"
"colorgame","Color Game","175","GameZone","arcade","30","1","0","28315","2026-04-01 10:01:39","/externals/C66FM/img/_wms/_l/electronicgames/poker/GZColorGame.webp"
"sweeper","Mines","175","GameZone","live-casino","8","1","0","42653","2026-03-10 17:03:07","/externals/C66FM/img/_wms/_l/electronicgames/BP/Mines540.webp"
"197","Color Game","161","JILI","arcade","30","1","0","48736","2026-04-24 23:57:59","/externals/C66FM/img/_wms/_l/electronicgames/jili4/Color_game_540.webp"
"gwbaccarat000001","Golden Wealth Baccarat","108","EVOLUTION","live-casino","17","1","0","15152","2026-03-31 18:04:59","/externals/C66FM/img/_wms/_l/electronicgames/casino01/GoldenWealthBaccarata540x540.webp"
"piggytap","Piggy Tap","175","GameZone","live-casino","8","1","0","20048","2026-04-08 14:12:43","/externals/C66FM/img/_wms/_l/electronicgames/fishing260630/gz_piggy_tap_gameid33_en_540.webp"
"178","Bingo Ginto","178","GINTO","bingo","21","1","0","6713","2026-03-30 08:52:04","/externals/C66FM/img/_wms/_l/electronicgames/424/Bingo_ginto_540.webp"
"32","Jackpot Fishing","161","JILI","live-casino","8","1","0","20620","2026-01-06 10:12:00","/externals/C66FM/img/_wms/_l/electronicgames/fishing260630/jl_jackpot_fishing_gameid032_en_us_540.webp"
"LightningTable01","Lightning Roulette","108","EVOLUTION","live-casino","17","1","0","11843","2026-04-10 14:03:07","/externals/C66FM/img/_wms/_l/electronicgames/casino01/LightningRoulette540x540.webp"
"3005","Bingo Bonanza","505","YB","bingo","21","1","0","2695","2026-03-26 17:19:37","/externals/C66FM/img/_wms/_l/electronicgames/YB/Bingo_bonanza_540.webp"
"3009","Lightning Bingo","505","YB","bingo","21","1","0","1333","2026-03-26 17:24:04","/externals/C66FM/img/_wms/_l/electronicgames/YB/Lightning_bingo_540.webp"
"3010","Joy Bingo","505","YB","bingo","21","1","0","2597","2026-03-26 17:20:56","/externals/C66FM/img/_wms/_l/electronicgames/YB/Joy_bingo_540.webp"
"3008","Heat Bingo","505","YB","bingo","21","1","0","8083","2026-03-26 17:17:01","/externals/C66FM/img/_wms/_l/electronicgames/YB/Heat_bingo_540.webp"
"3007","Money Bingo","505","YB","bingo","21","1","0","5824","2026-03-26 17:18:21","/externals/C66FM/img/_wms/_l/electronicgames/New/mbingo.webp"
"3011","EZ Bingo","505","YB","bingo","21","1","0","1364","2026-03-26 17:24:17","/externals/C66FM/img/_wms/_l/electronicgames/YB/Ez_bingo_540.webp"
"11289","BlackJack","196","GALAXSYS","live-casino","17","1","0","345","2026-04-23 16:08:08","/externals/C66FM/img/_wms/_l/electronicgames/casino01/GALAXSYSBlackJack540x540.webp"
"3006","Beasty Bingo","505","YB","bingo","21","1","0","1460","2026-03-26 17:22:37","/externals/C66FM/img/_wms/_l/electronicgames/YB/Beasty_bingo_540.webp"
"3004","Atlantis","505","YB","bingo","21","1","0","1546","2026-03-26 17:22:21","/externals/C66FM/img/_wms/_l/electronicgames/YB/Atlantis_540.webp"
"289","Ocean King Jackpot","161","JILI","live-casino","8","1","0","29941","2026-04-08 17:59:00","/externals/C66FM/img/_wms/_l/electronicgames/JILI0621/Ocean_king_jackpot_540.webp"
"DragonTiger00001","Dragon Tiger","108","EVOLUTION","live-casino","17","1","0","15221","2026-04-17 11:30:40","/externals/C66FM/img/_wms/_l/electronicgames/casino01/DragonTiger540x540.webp"
"k2oswnib7jjaaznw","Baccarat Control Squeeze","108","EVOLUTION","live-casino","17","1","0","2002","2026-02-13 17:37:11","/externals/C66FM/img/_wms/_l/electronicgames/evo31/Baccarat_control_squeeze_540.webp"
"080","Bingo Boom","080","BOOM","bingo","21","1","0","35736","2026-04-26 00:41:58","/externals/C66FM/img/_wms/_l/electronicgames/EBG/bingoboom05.webp"
"EB03","BINGO HOOP","080","BOOM","bingo","21","1","1","2774","2026-03-30 08:38:08","/externals/C66FM/img/_wms/_l/electronicgames/424/Bingo_boom_hoop_540.webp"
"tongits_joker","Tongits Joker","175","GameZone","poker","3","1","0","56602","2026-04-14 17:22:11","/externals/C66FM/img/_wms/_l/electronicgames/poker/GZtongitsjoker540x540.webp"
"lucky9","Lucky9 Plus","175","GameZone","poker","3","1","0","25239","2026-04-14 17:24:28","/externals/C66FM/img/_wms/_l/electronicgames/BP/lucky9_plus540.webp"
"texasnlh","Poker Plus","175","GameZone","poker","3","1","0","18173","2026-04-16 10:56:43","/externals/C66FM/img/_wms/_l/electronicgames/BP/20251106-104302.webp"
"texas","Texas","175","GameZone","poker","3","1","0","25484","2026-04-14 17:23:40","/externals/C66FM/img/_wms/_l/electronicgames/poker/GZtexas-540x540.webp"
"MonBigBaller0001","MONOPOLY Big Baller","108","EVOLUTION","lottery","12","1","0","15195","2026-04-21 14:03:03","/externals/C66FM/img/_wms/_l/electronicgames/loteria/MONOPOLY-Big-Baller001.gif"
"232","Tower","161","JILI","live-casino","8","1","0","19111","2025-12-02 14:19:23","/externals/C66FM/img/_wms/_l/electronicgames/fishing260630/jl_tower_gameid232_en_us_540.webp"
"Monopoly00000001","MONOPOLY Live","108","EVOLUTION","live-casino","17","1","0","13907","2026-03-31 18:08:42","/externals/C66FM/img/_wms/_l/electronicgames/casino01/MonopolyLive540x540.webp"
"osmjjbxgold","Jin Ji Bao Xi Gold","180","","fishing","6","1","0","1139","2025-08-22 19:38:12","/externals/C66FM/img/_wms/_l/electronicgames/OSM/Jin_Ji_Bao_Xi_Gold_540.webp"
"osmbzzf","Bao Zhu Zhao Fu","180","","fishing","6","1","0","2307","2025-08-22 19:40:01","/externals/C66FM/img/_wms/_l/electronicgames/320/Bao_zhu_zhao_fu_540.webp"
"3002","OpenSesame","505","YB","bingo","21","1","0","4973","2026-04-26 00:33:51","/externals/C66FM/img/_wms/_l/electronicgames/YB/Open_sesame_540.webp"
"pusoydos","Pusoy Dos","175","GameZone","poker","3","1","0","7416","2026-04-14 17:26:15","/externals/C66FM/img/_wms/_l/electronicgames/poker/GZPusoyDos540x540.webp"
"3003","Bingo Bingo","505","YB","bingo","21","1","0","1717","2026-03-26 17:21:31","/externals/C66FM/img/_wms/_l/electronicgames/YB/Bingo_bingo_540.webp"
"3001","Win Cai Shen","505","YB","bingo","21","1","0","1254","2026-03-26 17:22:53","/externals/C66FM/img/_wms/_l/electronicgames/YB/Win_cai_shen_540.webp"
"20","Bingo Boom vip","080","BOOM","bingo","21","1","0","5152","2026-03-30 08:41:49","/externals/C66FM/img/_wms/_l/electronicgames/527/ABCD.webp"
"MB02","BINGO BITE","178","GINTO","bingo","21","1","0","4754","2026-03-30 08:52:22","/externals/C66FM/img/_wms/_l/electronicgames/424/Bingo_bite_540.webp"
"179","Win Drop","161","JILI","live-casino","8","1","0","5463","2026-03-09 10:10:42","/externals/C66FM/img/_wms/_l/electronicgames/jili4/Win_drop_540.webp"
"92","Crazy Hunter","161","JILI","live-casino","8","1","0","5655","2025-12-01 14:35:36","/externals/C66FM/img/_wms/_l/electronicgames/BP/Crazy_hunter_540.webp"
"rngbaccarat00000","First Person Baccarat","108","EVOLUTION","live-casino","17","1","0","823","2026-02-11 19:42:18","/externals/C66FM/img/_wms/_l/electronicgames/evo3/First_Person_Baccarat.webp"
"EB04","Pacman's Bingo Boom","080","BOOM","bingo","21","1","0","6136","2026-03-30 08:53:32","/externals/C66FM/img/_wms/_l/electronicgames/pp522/540_540_11zon.webp"
"slingo-sweetbonanza","Slingo Sweet Bonanza","239","Gaming Realms","bingo","21","1","0","3582","2025-12-09 16:48:47","/externals/C66FM/img/_wms/_l/electronicgames/GR/Slingo_sweet_bonanza_540.webp"
"245","Beans of Wonder","200","FTG","slot","5","1","0","42","2025-05-14 00:00:00","/externals/C66FM/img/_wms/_l/electronicgames/FTG/Beans_of_wonder_540.webp"
"137","Tongits 1v1","175","GameZone","poker","3","1","0","2430","2026-04-27 13:55:54","/externals/C66FM/img/_wms/_l/electronicgames/pp522/tongits1v1_540.webp"
"14","Hoo Hey How slot","200","FTG","slot","5","1","0","24","2025-05-14 00:00:00","/externals/C66FM/img/_wms/_l/electronicgames/FTG/Hoo_hey_how_540.webp"
"3012","Super 30 Bingo","505","YB","bingo","21","1","0","1287","2026-03-26 17:20:15","/externals/C66FM/img/_wms/_l/electronicgames/BP/Super_30_bingo_540.webp"
"12","Assassinating Signal","200","FTG","slot","5","1","0","69","2025-05-14 00:00:00","/externals/C66FM/img/_wms/_l/electronicgames/FTG/Assassinating_signal_540.webp"
"GO06","Paradise 2","073","CQ9","live-casino","8","1","0","418","2025-12-18 15:55:57","/externals/C66FM/img/_wms/_l/electronicgames/BP/Paradise_2_540.webp"
"287","DJ Rabbit","200","FTG","slot","5","1","0","87","2025-05-14 00:00:00","/externals/C66FM/img/_wms/_l/electronicgames/FTG/Dj_rabbit_540.webp"
"267","Three Kingdoms","200","FTG","slot","5","1","0","73","2025-05-14 00:00:00","/externals/C66FM/img/_wms/_l/electronicgames/FTG/Three_kingdoms_540.webp"
"RaceTrack0000001","Race Track","108","EVOLUTION","arcade","30","1","0","803","2026-04-01 09:30:02","/externals/C66FM/img/_wms/_l/electronicgames/BP/race-track-540.webp"
"282","HU YEH","200","FTG","slot","5","1","0","41","2025-05-14 00:00:00","/externals/C66FM/img/_wms/_l/electronicgames/FTG/Hu_yeh_540.webp"
"277","Four Wealth Creatures","200","FTG","slot","5","1","0","117","2025-05-14 00:00:00","/externals/C66FM/img/_wms/_l/electronicgames/FTG/Four_wealth_creatures_540.webp"
"667","Circus Jackpot","161","JILI","live-casino","8","1","0","926","2026-03-09 11:05:04","/externals/C66FM/img/_wms/_l/electronicgames/pp522/Circus_jackpot_540.webp"
"300","Dragon Baccarat","243","EEZE","live-casino","17","1","0","1","2026-04-21 13:12:39","/externals/C66FM/img/_wms/_l/electronicgames/0859/DragonBaccarat540.webp"
"204","Super Tie Baccarat","243","EEZE","live-casino","17","1","0","8","2026-04-21 13:12:39","/externals/C66FM/img/_wms/_l/electronicgames/0859/SuperTieBaccarat540.webp"
"203","Lucky6 Baccarat","243","EEZE","live-casino","17","1","0","3","2026-04-21 13:12:39","/externals/C66FM/img/_wms/_l/electronicgames/0859/Lucky6Baccarat540.webp"
"1","Crazy Lab","200","FTG","slot","5","1","0","668","2025-05-14 00:00:00","/externals/C66FM/img/_wms/_l/electronicgames/FTG/Crazy_lab_540.webp"
"11","Classic Baccarat","243","EEZE","live-casino","17","1","0","9","2026-04-21 13:12:39","/externals/C66FM/img/_wms/_l/electronicgames/0859/ClassicBaccarat540.webp"
"276","Psytrance","200","FTG","slot","5","1","0","73","2025-05-14 00:00:00","/externals/C66FM/img/_wms/_l/electronicgames/FTG/Psytrance_540.webp"
"410214","Classic Multihand Blackjack","241","BGAMING","live-casino","17","1","0","165","2026-02-11 19:52:25","/externals/C66FM/img/_wms/_l/electronicgames/casino01/CLASSICMULTIHNDBLACKJACK540x540.webp"
"410198","Multihand Blackjack Pro 2","241","BGAMING","live-casino","17","1","0","190","2026-02-11 19:45:24","/externals/C66FM/img/_wms/_l/electronicgames/casino01/BLACKJACKMULTIHANDPRO2540x540.webp"
"410179","Plinko 2","241","BGAMING","live-casino","8","1","0","156","2025-12-01 10:01:26","/externals/C66FM/img/_wms/_l/electronicgames/BG/Plinko_2_540.webp"
"279","Flower of Riches","200","FTG","slot","5","1","0","61","2025-05-14 00:00:00","/externals/C66FM/img/_wms/_l/electronicgames/FTG/Flower_of_riches_540.webp"
"280","Fast & Furious","200","FTG","slot","5","1","0","96","2025-05-14 00:00:00","/externals/C66FM/img/_wms/_l/electronicgames/FTG/Fast_and_furious_540.webp"
"281","Fancy Poker 5","200","FTG","slot","5","1","0","65","2025-05-14 00:00:00","/externals/C66FM/img/_wms/_l/electronicgames/FTG/Fancy_poker_5_540.webp"
"10","Wild Settlement","200","FTG","slot","5","1","0","53","2025-05-14 00:00:00","/externals/C66FM/img/_wms/_l/electronicgames/FTG/Wild_settlement_540.webp"
"StandAloneHilo","Hilo","221","GEMH","live-casino","8","1","0","302","2025-12-01 14:33:33","/externals/C66FM/img/_wms/_l/electronicgames/pp522/Hilo_540.webp"
"410173","Dice Clash","241","BGAMING","live-casino","8","1","0","233","2025-12-09 16:52:04","/externals/C66FM/img/_wms/_l/electronicgames/BG/Dice_clash_540.webp"
"MarbleRace000001","Marble Race","108","EVOLUTION","arcade","30","1","0","1937","2026-04-01 09:29:30","/externals/C66FM/img/_wms/_l/electronicgames/411/Marble_race_540.webp"
"410157","Aviamasters","241","BGAMING","live-casino","8","1","0","193","2026-01-28 15:47:04","/externals/C66FM/img/_wms/_l/electronicgames/BG/Avia_masters_540.webp"
"410008","Dragon's Crash","241","BGAMING","live-casino","8","1","0","314","2025-12-01 09:55:44","/externals/C66FM/img/_wms/_l/electronicgames/BG/Dragon's_crash_540.webp"
"271","Dragon Ball ‧ Destiny","200","FTG","slot","5","1","0","113","2025-05-14 00:00:00","/externals/C66FM/img/_wms/_l/electronicgames/FTG/Dragon_ball_destiny_540.webp"
"283","Super Shot","200","FTG","slot","5","1","0","31","2025-05-14 00:00:00","/externals/C66FM/img/_wms/_l/electronicgames/FTG/Super_shot_540.webp"
"531","Fortune Zombie","161","JILI","live-casino","8","1","0","63594","2026-04-10 14:00:15","/externals/C66FM/img/_wms/_l/electronicgames/fishing260703/jl_fortune_zombie_gameid531_en_us_540.webp"
"11","White Python","200","FTG","slot","5","1","0","49","2025-05-14 00:00:00","/externals/C66FM/img/_wms/_l/electronicgames/FTG/White_phyton_540.webp"
"285","Phoenix Legend","200","FTG","slot","5","1","0","118","2025-05-14 00:00:00","/externals/C66FM/img/_wms/_l/electronicgames/FTG/Phoenix_legend_540.webp"
"286","The Eden Throne","200","FTG","slot","5","1","0","39","2025-05-14 00:00:00","/externals/C66FM/img/_wms/_l/electronicgames/FTG/The_eden_throne_540.webp"
"PSC-ON-00024","Color Game Plus","141","PLAYSTAR","arcade","30","1","0","712","2026-04-01 10:01:17","/externals/C66FM/img/_wms/_l/electronicgames/pp522/playstar_colorgame540.webp"
"304","Beto Beto","233","BP Original","arcade","30","1","0","540","2026-04-01 10:04:23","/externals/C66FM/img/_wms/_l/electronicgames/BP/beto-beto540.webp"
"110","Pinoy Drop Ball Pulse","233","BP Original","arcade","30","1","0","2020","2026-04-01 10:00:46","/externals/C66FM/img/_wms/_l/electronicgames/pp522/PinoyDropBallPulse540.webp"
"101","Inbetween Puso","233","BP Original","arcade","30","1","0","1017","2026-04-01 10:05:42","/externals/C66FM/img/_wms/_l/electronicgames/New/Inbetween_Puso0728.webp"
"258","NiuNiu Wedding","200","FTG","slot","5","1","0","44","2025-05-14 00:00:00","/externals/C66FM/img/_wms/_l/electronicgames/FTG/Niuniu_wedding_540.webp"
"53","Ancient Creatures","200","FTG","slot","5","1","0","49","2025-05-14 00:00:00","/externals/C66FM/img/_wms/_l/electronicgames/FTG/Ancient_creatures_540.webp"
"8","Polar Party","200","FTG","slot","5","1","0","49","2025-05-14 00:00:00","/externals/C66FM/img/_wms/_l/electronicgames/FTG/Polar_party_540.webp"
"9","Elves Town","200","FTG","slot","5","1","0","41","2025-05-14 00:00:00","/externals/C66FM/img/_wms/_l/electronicgames/FTG/Elves_town_540.webp"
"42","Songkran","200","FTG","slot","5","1","0","60","2025-05-14 00:00:00","/externals/C66FM/img/_wms/_l/electronicgames/FTG/Songkran_540.webp"
"41","Fortune Telling","200","FTG","slot","5","1","0","161","2025-08-04 15:15:08","/externals/C66FM/img/_wms/_l/electronicgames/FTG/Fortune_telling_540.webp"
"262","Halloween House","200","FTG","slot","5","1","0","48","2025-05-14 00:00:00","/externals/C66FM/img/_wms/_l/electronicgames/FTG/Halloween_house_540.webp"
"260","Maya Doomsday","200","FTG","slot","5","1","0","49","2025-05-14 00:00:00","/externals/C66FM/img/_wms/_l/electronicgames/FTG/Maya_doomsday_540.webp"
"3","Planet Adventure","200","FTG","slot","5","1","0","45","2025-05-14 00:00:00","/externals/C66FM/img/_wms/_l/electronicgames/FTG/Planet_adventure_540.webp"
"259","NiuNiu Mahjong","200","FTG","slot","5","1","0","216","2025-05-14 00:00:00","/externals/C66FM/img/_wms/_l/electronicgames/FTG/Niu_niu_mahjong_540.webp"
"257","Sahara Destiny","200","FTG","slot","5","1","0","36","2025-05-14 00:00:00","/externals/C66FM/img/_wms/_l/electronicgames/FTG/Sahara_destiny_540.webp"
"256","God of Wealth","200","FTG","slot","5","1","0","79","2025-05-14 00:00:00","/externals/C66FM/img/_wms/_l/electronicgames/FTG/God_of_wealth_540.webp"
"289","God of Wealth 2","200","FTG","slot","5","1","0","126","2025-05-14 00:00:00","/externals/C66FM/img/_wms/_l/electronicgames/FTG/God_of_wealth_2_540.webp"
"265","Star of Bethlehem","200","FTG","slot","5","1","0","49","2025-05-14 00:00:00","/externals/C66FM/img/_wms/_l/electronicgames/FTG/Star_of_bethlehem_540.webp"
"38","Shiba Store","200","FTG","slot","5","1","0","38","2025-05-14 00:00:00","/externals/C66FM/img/_wms/_l/electronicgames/FTG/Shiba_store_540.webp"
"253","Eternal Kiss","200","FTG","slot","5","1","0","37","2025-05-14 00:00:00","/externals/C66FM/img/_wms/_l/electronicgames/FTG/Eternal_kiss_540.webp"
"4","Tai Chi Panda","200","FTG","slot","5","1","0","51","2025-05-14 00:00:00","/externals/C66FM/img/_wms/_l/electronicgames/FTG/Tai_chi_panda_540.webp"
"264","Caribbean Voyage","200","FTG","slot","5","1","0","67","2025-05-14 00:00:00","/externals/C66FM/img/_wms/_l/electronicgames/FTG/Caribbean_voyage_540.webp"
"266","Auspicious Fortune God","200","FTG","slot","5","1","0","93","2025-05-14 00:00:00","/externals/C66FM/img/_wms/_l/electronicgames/FTG/Auspicious_fortune_god_540.webp"
"43","Thai Boxing","200","FTG","slot","5","1","0","140","2025-05-14 00:00:00","/externals/C66FM/img/_wms/_l/electronicgames/FTG/Thai_boxing_540.webp"
"44","Goblin Mine","200","FTG","slot","5","1","0","35","2025-05-14 00:00:00","/externals/C66FM/img/_wms/_l/electronicgames/FTG/Goblin_mine_540.webp"
"250","Laughing Maitreya","200","FTG","slot","5","1","0","76","2025-05-14 00:00:00","/externals/C66FM/img/_wms/_l/electronicgames/FTG/Laughing_maitreya_540.webp"
"mannypunch","Manny Punch","175","GameZone","live-casino","8","1","0","2382","2026-04-08 18:01:05","/externals/C66FM/img/_wms/_l/electronicgames/pp522/Manny_Punch540.webp"
"291","Gold Mahjong","200","FTG","slot","5","1","0","253","2025-05-14 00:00:00","/externals/C66FM/img/_wms/_l/electronicgames/FTG/Gold_mahjong_540.webp"
"290","Auspicious Fortune God 2","200","FTG","slot","5","1","0","191","2025-05-14 00:00:00","/externals/C66FM/img/_wms/_l/electronicgames/FTG/Auspicious_fortune_god_2_540.webp"
"48","Ramayana","200","FTG","slot","5","1","0","58","2025-05-14 00:00:00","/externals/C66FM/img/_wms/_l/electronicgames/FTG/Ramayana_540.webp"
"255","Great Lion of Africa","200","FTG","slot","5","1","0","58","2025-05-14 00:00:00","/externals/C66FM/img/_wms/_l/electronicgames/FTG/Great_lion_of_africa_540.webp"
"5","Gold Panning","200","FTG","slot","5","1","0","53","2025-05-14 00:00:00","/externals/C66FM/img/_wms/_l/electronicgames/FTG/Gold_panning_540.webp"
"52","Fruit Land","200","FTG","slot","5","1","0","40","2025-05-14 00:00:00","/externals/C66FM/img/_wms/_l/electronicgames/FTG/Fruit_stand_540.webp"
"251","Palace of Ra","200","FTG","slot","5","1","0","71","2025-05-14 00:00:00","/externals/C66FM/img/_wms/_l/electronicgames/FTG/palace_of_ra_540.webp"
"252","Fortress War","200","FTG","slot","5","1","0","141","2025-05-14 00:00:00","/externals/C66FM/img/_wms/_l/electronicgames/FTG/Fortress_war_540.webp"
"StandAloneMinesGR","Mines Gold Rush","221","GEMH","live-casino","8","1","0","563","2026-03-09 10:47:41","/externals/C66FM/img/_wms/_l/electronicgames/pp522/Mines_gold_rush_540.webp"
"1","Royal Fishing","161","JILI","live-casino","8","0","0","2698","2025-05-21 16:37:47","/externals/C66FM/img/_wms/_l/electronicgames/JILI0621/Royal_fishing_540.webp"
"436","Fortune Roulette","161","JILI","live-casino","17","0","0","190","2026-02-11 19:01:11","/externals/C66FM/img/_wms/_l/electronicgames/casino01/FORTUNEROULETTE540x540.webp"
"S5G-H5-99966","Pichu Pichu","508","5G","slot","5","0","0","158","2025-04-03 17:19:52","/externals/C66FM/img/_wms/_l/electronicgames/5G319/Pichu_pichu_540.webp"
"114","European Roulette","161","JILI","live-casino","17","0","0","3830","2026-02-11 19:02:20","/externals/C66FM/img/_wms/_l/electronicgames/casino01/EUROPEANROULTTE540x540.webp"
"1051","Dragon Gems Wheel","505","YB","slot","5","0","0","5813","2026-01-12 10:38:18","/externals/C66FM/img/_wms/_l/electronicgames/BP/Dragon_gems_wheel_540_GCASH.webp"
"440","Boxing Extravaganza","161","JILI","lottery","12","0","0","4655","2025-07-08 10:17:43","/externals/C66FM/img/_wms/_l/electronicgames/pp522/BoxingExtravaganza_540x540.webp"
"469","Crash Cricket","161","JILI","live-casino","8","0","0","619","2025-12-04 13:36:33","/externals/C66FM/img/_wms/_l/electronicgames/jili/Crash_cricket_540.webp"
"391","Lucky Penny","240","BNG","slot","5","0","0","2920","2025-11-28 18:13:08","/externals/C66FM/img/_wms/_l/electronicgames/BP/Lucky_penny_540.webp"
"vs20swrbon","Sweet Rush Bonanza","199","PP","slot","5","0","0","7831","2026-03-09 11:44:15","/externals/C66FM/img/_wms/_l/electronicgames/n309/SweetRushBonanza_540.webp"
"94","Rummy","161","JILI","poker","3","0","0","4075","2026-04-14 17:29:13","/externals/C66FM/img/_wms/_l/electronicgames/JILI0621/Rummy_540.webp"
"S5G-H5-99948","LABUBY","508","5G","slot","5","0","0","1801","2025-10-13 13:56:23","/externals/C66FM/img/_wms/_l/electronicgames/pp522/LABUBY_540.webp"
"7_7009","Spirit Tide Legend","104","JDB","live-casino","8","0","0","1001","2025-12-02 14:28:32","/externals/C66FM/img/_wms/_l/electronicgames/pg/Spirit_tide_legend_540.webp"
"S5G-H5-99960","Dj Seal","508","5G","slot","5","0","0","432","2025-04-03 17:19:24","/externals/C66FM/img/_wms/_l/electronicgames/5G319/Dj_seal_540.webp"
"S5G-H5-99962","Kung Fu Leopard","508","5G","slot","5","0","0","3034","2025-05-22 17:25:41","/externals/C66FM/img/_wms/_l/electronicgames/5G319/Kung_fu_leopard_540.webp"
"S5G-H5-99965","Battle Of Alliance","508","5G","slot","5","0","0","123","2025-07-03 14:50:57","/externals/C66FM/img/_wms/_l/electronicgames/5G319/Battle_of_alliance_540.webp"
"60","Dragon Fortune","161","JILI","live-casino","8","0","0","5917","2025-08-20 11:39:27","/externals/C66FM/img/_wms/_l/electronicgames/JILI0621/Dragon_fortune_540.webp"
"22080","Catla'S Money Machine","176","FACHAI","slot","5","0","0","988","2025-11-25 15:52:33","/externals/C66FM/img/_wms/_l/electronicgames/pp522/CATLA'S_MONEY_MACHINE_540.webp"
"tongits","Tongits Plus","175","GameZone","poker","3","0","0","101985","2026-04-14 16:48:50","/externals/C66FM/img/_wms/_l/electronicgames/BP/tongits plus- new.webp"
"211","Pusoy Go","161","JILI","poker","3","0","0","6159","2026-04-14 17:25:17","/externals/C66FM/img/_wms/_l/electronicgames/JILI0621/Pusoy_go_540.webp"
"71","Boom Legend","161","JILI","live-casino","8","0","0","19704","2025-12-01 16:11:55","/externals/C66FM/img/_wms/_l/electronicgames/JILI0621/Boom_legend_540.webp"
"159","TeenPatti Joker","161","JILI","poker","3","0","0","4048","2026-04-14 17:30:06","/externals/C66FM/img/_wms/_l/electronicgames/JILI0621/Teen_patti_joker_540.webp"
"201501","Le Viking","207","HACKSAW","slot","5","0","0","818","2025-10-09 16:46:37","/externals/C66FM/img/_wms/_l/electronicgames/BP/Le_viking_540.webp"
"427","Thai Hilo","161","JILI","live-casino","8","0","0","120","2026-03-09 09:39:25","/externals/C66FM/img/_wms/_l/electronicgames/jili/Thai_hilo_540.webp"
"107","Cash Maker 3","503","YGR","slot","5","0","0","721","2025-09-19 15:06:32","/externals/C66FM/img/_wms/_l/electronicgames/BP/Cash_maker_3_540_GCASH.webp"
"407","Crash Goal","161","JILI","live-casino","8","0","0","317","2025-11-17 12:08:19","/externals/C66FM/img/_wms/_l/electronicgames/jili/Crash_goal_540.webp"
"vs20sugarbbx","Sugar Bingbing 1000","199","PP","slot","5","0","0","26671","2025-11-21 09:31:18","/externals/C66FM/img/_wms/_l/electronicgames/BP/Sugar_BingBing_540.webp"
"72","TeenPatti","161","JILI","poker","3","0","0","3879","2026-04-14 17:29:43","/externals/C66FM/img/_wms/_l/electronicgames/JILI0621/Teen_patti_540.webp"
"CW01","Pacman's Color Game","172","COLORGAME","arcade","30","0","0","56840","2026-04-27 08:56:01","/externals/C66FM/img/_wms/_l/electronicgames/pp522/18PCG540x540.webp"
"204","Color Prediction","161","JILI","live-casino","8","0","0","178","2025-07-08 10:18:25","/externals/C66FM/img/_wms/_l/electronicgames/jili/Color_prediction_540.webp"
"BlackJack3HDoubleExposure","BLACKJACK DOUBLE EXPOSURE 3 HAND","099","HBN","live-casino","17","0","0","53","2026-04-23 17:06:45","/externals/C66FM/img/_wms/_l/electronicgames/casino01/HBNBlackJack3HDouble540x540.webp"
"262","Speed Baccarat","161","JILI","live-casino","17","0","0","205","2026-02-13 17:39:04","/externals/C66FM/img/_wms/_l/electronicgames/casino01/SPEEDBACCARAT540x540.webp"
"261","Crash Bonus","161","JILI","live-casino","8","0","0","567","2025-05-21 13:16:33","/externals/C66FM/img/_wms/_l/electronicgames/jili/Crash_bonus_540.webp"
"254","Mines Gold","161","JILI","live-casino","8","0","0","6675","2025-12-02 14:37:56","/externals/C66FM/img/_wms/_l/electronicgames/jili/Mines_gold_540.webp"
"219","Blackjack","161","JILI","live-casino","17","0","0","305","2026-02-11 19:02:39","/externals/C66FM/img/_wms/_l/electronicgames/JILI0621/Blackjack_540.webp"
"253","Video Poker","161","JILI","live-casino","8","0","0","251","2025-07-10 16:22:24","/externals/C66FM/img/_wms/_l/electronicgames/JILI0621/Video_poker_540.webp"
"220","Blackjack Lucky Ladies","161","JILI","live-casino","17","0","0","216","2026-02-11 19:04:32","/externals/C66FM/img/_wms/_l/electronicgames/casino01/BLACKJACKLUCKYLADIES540x540.webp"
"242","PLINKO","161","JILI","live-casino","8","0","0","796","2026-03-10 17:12:18","/externals/C66FM/img/_wms/_l/electronicgames/JILI0621/Plinko_540.webp"
"236","Wheel","161","JILI","live-casino","8","0","0","1334","2025-06-16 10:56:19","/externals/C66FM/img/_wms/_l/electronicgames/jili/Wheel_540.webp"
"1","Soccer","131","SABA2","lottery","1","0","0","4870","2025-07-18 15:20:29","/externals/C66FM/img/_wms/_l/electronicgames/527/saba.webp"
"18_23","Enchanted Garden","105","RTG","slot","5","0","0","423","2025-11-07 09:36:16","/externals/C66FM/img/_wms/_l/electronicgames/rtg31/Enchanted_garden_540.webp"
"S5G-H5-99968","Thriller Town","508","5G","slot","5","0","0","102","2025-04-03 17:20:17","/externals/C66FM/img/_wms/_l/electronicgames/5G319/Thriller_town_540.webp"
"0_14101","Ragnarok : Thor Vs Loki","104","JDB","slot","5","0","0","404","2025-08-27 14:48:49","/externals/C66FM/img/_wms/_l/electronicgames/BP/Ragnarok-540.webp"
"132","Pool Rummy","161","JILI","poker","3","0","0","3927","2026-04-14 17:29:57","/externals/C66FM/img/_wms/_l/electronicgames/JILI0621/Pool_rummy_540.webp"
"CaribbeanStud","CARIBBEAN STUD","099","HBN","poker","3","0","0","99","2026-04-24 11:27:46","/externals/C66FM/img/_wms/_l/electronicgames/HBN/Caribbean_stud_540.webp"
"27010","Tower","176","FACHAI","live-casino","8","0","0","2797","2025-08-08 13:35:47","/externals/C66FM/img/_wms/_l/electronicgames/Facai/Tower_540.webp"
"BlackJack3H","BLACKJACK 3 HAND","099","HBN","live-casino","17","0","0","109","2026-04-23 17:07:38","/externals/C66FM/img/_wms/_l/electronicgames/casino01/HBNBlackJack3H540x540.webp"
"208","Money Tree","073","CQ9","slot","5","0","0","20995","2025-08-29 13:54:31","/externals/C66FM/img/_wms/_l/electronicgames/cq93/208_Money_Tree.webp"
"1","Bingo Mega","079","BINGO","sports","27","0","0","112844","2026-04-24 16:38:19","/externals/C66FM/img/_wms/_l/electronicgames/pp522/18Mega540x540.webp"
"VPCQS32","Top Ace 2","073","CQ9","slot","5","0","0","4122","2025-10-14 09:33:02","/externals/C66FM/img/_wms/_l/electronicgames/pp522/Top_Ace_2_540.webp"
"22070","Cyber God Of Fortune⁺","176","FACHAI","slot","5","0","0","35900","2025-09-16 09:55:56","/externals/C66FM/img/_wms/_l/electronicgames/BP/Cyber-God-Of-Fortune-540.webp"
"pusoy","Pusoy Plus","175","GameZone","poker","3","0","0","54840","2026-04-14 16:49:37","/externals/C66FM/img/_wms/_l/electronicgames/BP/Pusoy_Plus540.webp"
"G13","Color Game","172","COLORGAME","arcade","30","0","0","69136","2026-04-27 06:52:13","/externals/C66FM/img/_wms/_l/electronicgames/pp522/18CG540x540.webp"
"254","Money Narra","073","CQ9","slot","5","0","0","3091","2025-08-29 13:55:14","/externals/C66FM/img/_wms/_l/electronicgames/pp522/Money_Narra_540.webp"
"S5G-H5-99947","Wild Bounty","508","5G","slot","5","0","0","9627","2025-10-13 13:56:34","/externals/C66FM/img/_wms/_l/electronicgames/Y123/WILD_BOUNTY_540.webp"
"201561","Le King","207","HACKSAW","slot","5","0","0","1350","2026-02-04 11:38:02","/externals/C66FM/img/_wms/_l/electronicgames/BP/Le_king_540.webp"
"619","3 Pirate Barrels: Hold and Win","240","BNG","slot","5","0","0","1213","2025-11-28 18:13:42","/externals/C66FM/img/_wms/_l/electronicgames/BP/3_pirate_barrels_540.webp"
"105","Mahjong Big Three","503","YGR","slot","5","0","0","2950","2025-10-24 09:11:36","/externals/C66FM/img/_wms/_l/electronicgames/BP/Mahjong_big_three_540.webp"
"vs20pacmansup","Gates of Manny Super PacMan","199","PP","slot","5","0","0","10275","2026-04-24 10:35:33","/externals/C66FM/img/_wms/_l/electronicgames/n326/Gatesofmanny_540.webp"
"106","Maya Golden City 7","503","YGR","slot","5","0","0","949","2025-09-11 15:06:41","/externals/C66FM/img/_wms/_l/electronicgames/BP/Maya_golden_city_7_540.webp"
"SuperSicBo000001","Super Sic Bo","108","EVOLUTION","live-casino","17","0","0","7277","2026-02-11 19:27:36","/externals/C66FM/img/_wms/_l/electronicgames/casino01/SuperSicBo540x540.webp"
"0_15108","Bing Bing Bonanza Combo","104","JDB","slot","5","0","0","62354","2026-04-10 14:01:09","/externals/C66FM/img/_wms/_l/electronicgames/BP/BingBing-Bonanza-540.webp"
"2","Bingo Rush","079","BINGO","sports","27","0","0","49375","2026-04-26 00:43:14","/externals/C66FM/img/_wms/_l/electronicgames/pp522/18Rush540x540.webp"
"74","Mega Fishing","161","JILI","live-casino","8","0","1","42434","2026-04-08 17:59:40","/externals/C66FM/img/_wms/_l/electronicgames/fishing260630/jl_mega_fishing_gameid074_en_us_540.webp"
"VPCQS31","Top Ace","073","CQ9","slot","5","0","0","6787","2025-10-14 09:32:52","/externals/C66FM/img/_wms/_l/electronicgames/BP/TopAce540.webp"
"RG01","Pula Puti","184","Pula Puti","arcade","30","0","0","42890","2026-04-10 17:54:59","/externals/C66FM/img/_wms/_l/electronicgames/pp522/18PP540x540.webp"
"VPCQS29","Mahjong Wilds 2","073","CQ9","slot","5","0","0","2059","2025-09-09 16:00:24","/externals/C66FM/img/_wms/_l/electronicgames/BP/MahjongWilds540.webp"
"tower","Tower","175","GameZone","live-casino","8","0","0","2839","2026-03-10 16:59:57","/externals/C66FM/img/_wms/_l/electronicgames/gp7/tower_540.webp"
"blackjack","Black Jack","175","GameZone","live-casino","17","0","0","4657","2026-02-11 17:37:10","/externals/C66FM/img/_wms/_l/electronicgames/poker/GZBlackJack540x540.webp"
"sicbo","Sicbo Plus","175","GameZone","poker","3","0","0","1943","2026-04-14 17:26:45","/externals/C66FM/img/_wms/_l/electronicgames/gp7/sicbo_540.webp"
"199","Tongits Star","161","JILI","poker","3","0","0","41926","2026-04-14 17:22:28","/externals/C66FM/img/_wms/_l/electronicgames/jili4/Tongits_star_540.webp"
"rocket","Crash","175","GameZone","live-casino","8","0","0","1854","2025-12-17 14:54:05","/externals/C66FM/img/_wms/_l/electronicgames/poker/GZCrash540x540.webp"
"420","Crazy Hunter 2","161","JILI","live-casino","8","0","0","4627","2026-03-26 13:55:50","/externals/C66FM/img/_wms/_l/electronicgames/jili/Crazy_hunter_2_540.webp"
"hilo","Lucky Hilo","175","GameZone","live-casino","8","0","0","8230","2026-04-10 14:03:22","/externals/C66FM/img/_wms/_l/electronicgames/poker/GZLUCKYhilo.webp"
"VPCQS28","Mahjong Wilds","073","CQ9","slot","5","0","0","2085","2025-09-12 14:51:19","/externals/C66FM/img/_wms/_l/electronicgames/BP/Mahjong540.webp"
"IR01","BINGO AQUA","183","AQUA","bingo","21","0","0","1291","2026-03-30 08:52:53","/externals/C66FM/img/_wms/_l/electronicgames/EBG0709/bingo_aqua_540.webp"
"235","Limbo","161","JILI","live-casino","8","0","0","719","2025-08-08 13:40:39","/externals/C66FM/img/_wms/_l/electronicgames/jili4/Limbo_540.webp"
"MB03","BINGO PHARAOH","178","GINTO","bingo","21","0","0","2104","2026-03-30 08:53:55","/externals/C66FM/img/_wms/_l/electronicgames/EBG0709/bingo_pharaoh_540.webp"
"4003","Money Blast","505","YB","live-casino","8","0","0","469","2025-12-04 13:33:24","/externals/C66FM/img/_wms/_l/electronicgames/YB/Money_blast_540.webp"
"BT01","Pinoy Drop Ball Turbo","516","PDBT","arcade","30","0","0","2327","2025-09-04 17:46:31","/externals/C66FM/img/_wms/_l/electronicgames/pp522/12PDBT540x540.webp"
"4002","Diamond Mines","505","YB","live-casino","8","0","0","3037","2026-03-10 17:07:34","/externals/C66FM/img/_wms/_l/electronicgames/YB/Diamond_mines_540.webp"
"4001","Crazy color","505","YB","arcade","30","0","0","1057","2026-04-01 10:07:13","/externals/C66FM/img/_wms/_l/electronicgames/YB/Crazy_color_540.webp"
"2014","Crash","196","GALAXSYS","live-casino","8","0","0","2181","2025-12-01 14:15:54","/externals/C66FM/img/_wms/_l/electronicgames/galax/Crash_540.webp"
"20786","Cash Show","196","GALAXSYS","live-casino","8","0","0","324","2025-06-24 10:52:32","/externals/C66FM/img/_wms/_l/electronicgames/galax/Cash_show_540.webp"
"34139","Crasher","196","GALAXSYS","live-casino","8","0","0","444","2025-06-24 10:50:44","/externals/C66FM/img/_wms/_l/electronicgames/galax/Crasher_540.webp"
"IR02","BINGO CHARMS","183","AQUA","bingo","21","0","0","1155","2026-03-30 08:51:44","/externals/C66FM/img/_wms/_l/electronicgames/EBG0709/bingo_charms_540.webp"
"34554","Roulette X","196","GALAXSYS","live-casino","17","0","0","158","2026-04-23 16:06:52","/externals/C66FM/img/_wms/_l/electronicgames/casino01/GALAXSYSRouletteX540x540.webp"
"35838","Scratch Map","196","GALAXSYS","lottery","12","0","0","3964","2026-04-21 14:04:33","/externals/C66FM/img/_wms/_l/electronicgames/loteria/Card-Map.gif"
"37237","Turbo Mines","196","GALAXSYS","live-casino","8","0","0","1324","2025-06-24 10:51:48","/externals/C66FM/img/_wms/_l/electronicgames/galax/Turbo_mines_540.webp"
"theracev19500000","The Race","188","BTG","slot","5","0","0","1176","2025-04-03 17:19:18","/externals/C66FM/img/_wms/_l/electronicgames/btg31/The_race_540.webp"
"37238","Bingo Star","196","GALAXSYS","bingo","21","0","0","974","2026-03-26 17:27:59","/externals/C66FM/img/_wms/_l/electronicgames/galax/Bingo_star_540.webp"
"2001","Ocean Phoenix","505","YB","live-casino","8","0","0","2709","2025-06-17 09:52:29","/externals/C66FM/img/_wms/_l/electronicgames/YB/Ocean_phoenix_540.webp"
"38081","Maestro","196","GALAXSYS","live-casino","8","0","0","302","2025-06-24 10:51:36","/externals/C66FM/img/_wms/_l/electronicgames/galax/Maestro_540.webp"
"5236","Hilo","196","GALAXSYS","live-casino","8","0","0","312","2025-08-07 09:27:43","/externals/C66FM/img/_wms/_l/electronicgames/galax/Hilo_540.webp"
"5339","SicBo","196","GALAXSYS","live-casino","17","0","0","308","2026-04-23 16:16:28","/externals/C66FM/img/_wms/_l/electronicgames/casino01/GALAXSYSSicBo540x540.webp"
"5935","Rocketon","196","GALAXSYS","live-casino","8","0","0","1331","2025-12-02 14:46:32","/externals/C66FM/img/_wms/_l/electronicgames/galax/crash_rocketon_540.jpg"
"RBDG","Pinoy Drop Ball","186","PDB","arcade","30","0","0","104789","2026-04-27 07:52:09","/externals/C66FM/img/_wms/_l/electronicgames/pp522/18PDB540x540.webp"
"2257101","Sugar Bing Bing","176","FACHAI","slot","5","0","0","1223","2026-02-09 15:37:01","/externals/C66FM/img/_wms/_l/electronicgames/New/sbb20250602.webp"
"020","Zumas Honor","503","YGR","live-casino","8","0","0","1824","2025-09-17 13:42:45","/externals/C66FM/img/_wms/_l/electronicgames/ygr/Zumas_honor_540.webp"
"31","Baccarat Deluxe","100","PG","live-casino","17","0","0","1077","2026-04-23 15:41:35","/externals/C66FM/img/_wms/_l/electronicgames/casino01/PGBaccaratDeluxe540x540.webp"
"582","Fortune Gems Jackpot","161","JILI","slot","5","0","0","62374","2026-04-26 00:15:36","/externals/C66FM/img/_wms/_l/electronicgames/pp522/Fortune_Gems_Jackpot_540.webp"
"22071","Sugar Bang Bang 2","176","FACHAI","slot","5","0","0","48458","2026-04-10 14:01:21","/externals/C66FM/img/_wms/_l/electronicgames/411/sugar2.webp"
"22084","Jungle Bang Bang","176","FACHAI","slot","5","0","0","12834","2025-10-14 09:34:49","/externals/C66FM/img/_wms/_l/electronicgames/pp522/Jungle_bang_bang_540.webp"
"PSS-ON-00163","Necromancer•Sha","141","PLAYSTAR","slot","5","0","0","9558","2025-08-08 10:52:33","/externals/C66FM/img/_wms/_l/electronicgames/pp522/NECROMANCER_SHA_540.webp"
"vs20olympgold","Gates Of Olympus Super Scatter","199","PP","slot","5","0","0","57498","2026-03-28 15:25:09","/externals/C66FM/img/_wms/_l/electronicgames/New/20250801-142508.webp"
"471","Super Ace Jackpot","161","JILI","slot","5","0","0","537209","2026-04-25 00:38:23","/externals/C66FM/img/_wms/_l/electronicgames/411/super_ace_jP.webp"
"vs20gatotx","Gates of Gatot Kaca 1000","199","PP","slot","5","0","0","64070","2025-08-18 15:09:47","/externals/C66FM/img/_wms/_l/electronicgames/PP/Gates_of_Gatot_Kaca.webp"
"22064","Chinese New Year Moreways","176","FACHAI","slot","5","0","0","27825","2026-04-20 18:51:13","/externals/C66FM/img/_wms/_l/electronicgames/1223/Chinese_new_year_more_ways_540.webp"
"542","Super Ace 2","161","JILI","slot","5","0","0","37185","2026-01-09 18:54:03","/externals/C66FM/img/_wms/_l/electronicgames/pp522/Super_Ace_2_540.webp"
"22073","Phoenix Fever Jackpot","176","FACHAI","slot","5","0","0","4560","2025-09-08 15:31:41","/externals/C66FM/img/_wms/_l/electronicgames/BP/PHOENIX_FEVER_JACKPOT540.webp"
"22068","Lucky Fortunes Jackpot","176","FACHAI","slot","5","0","0","35181","2025-08-19 13:57:23","/externals/C66FM/img/_wms/_l/electronicgames/fachai/Lucky_fortunes_jackpot_540.webp"
"22072","Phoenix Fever","176","FACHAI","slot","5","0","0","2511","2025-08-28 09:36:26","/externals/C66FM/img/_wms/_l/electronicgames/pp522/Phoenix_fever_540.webp"
"077","Cash Maker","503","YGR","slot","5","0","0","2833","2025-03-25 16:06:56","/externals/C66FM/img/_wms/_l/electronicgames/YGR/Cash_maker_540.webp"
"1_67","Lucky Fortunes","103","TPG","slot","5","0","0","8427","2025-08-08 09:25:11","/externals/C66FM/img/_wms/_l/electronicgames/tpg31/Lucky_fortunes_540.png"
"bloodsuckersj0r3","Blood Suckers","106","NETENT","slot","5","0","0","727","2024-11-05 16:22:46","/externals/C66FM/img/_wms/_l/electronicgames/net31/Blood_suckers_540.webp"
"vs20sugarrushx","Sugar Rush 1000","199","PP","slot","5","0","0","132889","2026-04-10 14:00:30","/externals/C66FM/img/_wms/_l/electronicgames/PP/Sugar_rush_1000_540.webp"
"KYS-H5-99982","Gems Miner","508","5G","slot","5","0","0","1914","2025-04-30 14:33:19","/externals/C66FM/img/_wms/_l/electronicgames/5G/Gems_miner_540.webp"
"0_14085","FRUITY BONANZA","104","JDB","slot","5","0","0","67966","2025-10-27 17:59:40","/externals/C66FM/img/_wms/_l/electronicgames/411/TreasureBowl.webp"
"18_358","Mighty Drums","105","RTG","slot","5","0","0","3358","2025-11-07 09:35:22","/externals/C66FM/img/_wms/_l/electronicgames/rtg31/Mighty_drums_540.webp"
"201078","Wanted Dead or a Wild","207","HACKSAW","slot","5","0","0","4739","2025-10-16 10:59:22","/externals/C66FM/img/_wms/_l/electronicgames/HACK/Wanted_dead_or_a_wild_540.webp"
"49","Super Ace","161","JILI","slot","5","0","0","575791","2026-04-26 00:37:38","/externals/C66FM/img/_wms/_l/electronicgames/New/Super_ace_5402.webp"
"1041","Crazy Money","505","YB","slot","5","0","0","11593","2026-03-09 13:50:42","/externals/C66FM/img/_wms/_l/electronicgames/YB/Crazy_money_540.jpg"
"superace","Fortune Ace","175","GameZone","slot","5","0","0","39449","2025-05-22 17:44:53","/externals/C66FM/img/_wms/_l/electronicgames/poker/GZFortuneAce540x540.webp"
"22043","Sugar Bang Bang","176","FACHAI","slot","5","0","0","101960","2025-09-15 15:22:30","/externals/C66FM/img/_wms/_l/electronicgames/fc/Sugar_bang_bang_540.webp"
"135","Wild Bounty Showdown","100","PG","slot","5","0","0","77864","2026-04-26 00:36:04","/externals/C66FM/img/_wms/_l/electronicgames/BDF513/WildBountyShowdown540.webp"
"fireintheholedx1","Fire in the hole xBomb","192","NLC","slot","5","0","0","3594","2024-11-05 10:06:30","/externals/C66FM/img/_wms/_l/electronicgames/nlc31/Fire_in_the_hole_xbomb_540.webp"
"pusoywild","Pusoy Wild","175","GameZone","poker","3","0","0","506","2026-04-14 17:25:03","/externals/C66FM/img/_wms/_l/electronicgames/poker/pusoywild540.webp"
"777strike0000000","777 Strike","107","REDTIGER","slot","5","0","0","9789","2024-11-06 15:54:54","/externals/C66FM/img/_wms/_l/electronicgames/redtiger31/777_strike_540.webp"
"1492288","Pinata Wins","100","PG","slot","5","0","0","66421","2026-04-25 23:42:08","/externals/C66FM/img/_wms/_l/electronicgames/PG/Pinata_wins_540.webp"
"1039","Sugar Crush","505","YB","slot","5","0","0","16279","2026-01-05 10:33:00","/externals/C66FM/img/_wms/_l/electronicgames/YB/Sugar_crush_540.webp"
"128","Wheel Money","073","CQ9","slot","5","0","0","1320","2025-10-14 09:30:06","/externals/C66FM/img/_wms/_l/electronicgames/CQ9/Wheel_money_540.webp"
"CrazyCoinFlip001","Crazy Coin Flip","108","EVOLUTION","slot","5","0","0","2660","2025-10-09 11:21:44","/externals/C66FM/img/_wms/_l/electronicgames/casino01/CrazyCoinFlip540x540.webp"
"candyparty","Candy Rush","175","GameZone","slot","5","0","0","37718","2025-09-25 16:40:34","/externals/C66FM/img/_wms/_l/electronicgames/gp0618/Candy_Rush540.webp"
"0_15105","BingBing Magic Ace","104","JDB","slot","5","0","0","78286","2026-04-26 00:20:47","/externals/C66FM/img/_wms/_l/electronicgames/bb310/BingBing_MagicAce.webp"
"bountyhuntersdx1","Bounty Hunters xNudge","192","NLC","slot","5","0","0","3521","2025-01-06 16:28:02","/externals/C66FM/img/_wms/_l/electronicgames/nlc31/Bounty_hunters_540.webp"
"SGLanternLuck","Lantern Luck","099","HBN","slot","5","0","0","1569","2025-02-26 16:31:19","/externals/C66FM/img/_wms/_l/electronicgames/HBN31/Lantern_luck_540.webp"
"1_73","888 Fortunes","103","TPG","slot","5","0","0","8249","2025-04-25 09:59:58","/externals/C66FM/img/_wms/_l/electronicgames/tpg31/888_fortunes_540.webp"
"084","Maya Golden City 4","503","YGR","slot","5","0","0","5955","2025-12-12 11:10:37","/externals/C66FM/img/_wms/_l/electronicgames/77/may.webp"
"milkshakexxr94f1","milkshake xxxtreme","106","NETENT","slot","5","0","0","1628","2024-11-05 16:22:55","/externals/C66FM/img/_wms/_l/electronicgames/net31/Milkshake_XXXtreme.webp"
"201276","Le Bandit","207","HACKSAW","slot","5","0","0","1734","2025-09-30 14:17:49","/externals/C66FM/img/_wms/_l/electronicgames/HACK/Le_bandit_540.webp"
"22040","Lucky Fortunes","176","FACHAI","slot","5","0","0","42544","2025-06-17 13:48:58","/externals/C66FM/img/_wms/_l/electronicgames/fc31/Lucky_fortunes_540.webp"
"AB3","Paradise","073","CQ9","live-casino","8","0","0","11239","2025-12-02 11:42:02","/externals/C66FM/img/_wms/_l/electronicgames/para/540_540.webp"
"403","Super Ace Deluxe","161","JILI","slot","5","0","0","344974","2026-04-26 00:39:05","/externals/C66FM/img/_wms/_l/electronicgames/b220/Super_Ace_Deluxe.webp"
"alexanderthegrea","Alexander The Great World Conqueror","107","REDTIGER","slot","5","0","0","1100","2024-11-06 15:55:05","/externals/C66FM/img/_wms/_l/electronicgames/RTG0705/Alexander_the_great_540.webp"
"vs20fruitswx","Sweet Bonanza 1000","199","PP","slot","5","0","0","108788","2026-04-26 00:34:19","/externals/C66FM/img/_wms/_l/electronicgames/PP/Sweet_bonanza_1000_540.webp"
"PSS-ON-00127","Super Awesome","141","PLAYSTAR","slot","5","0","0","8026","2025-03-04 14:34:37","/externals/C66FM/img/_wms/_l/electronicgames/ps31/Super_awesome_540.webp"
"KYS-H5-99989","Supreme Ace","508","5G","slot","5","0","0","1783","2025-07-28 19:01:30","/externals/C66FM/img/_wms/_l/electronicgames/5G/Supreme_ace_540.webp"
"ultraace","Ultra Ace","175","GameZone","slot","5","0","0","16654","2026-01-23 14:58:53","/externals/C66FM/img/_wms/_l/electronicgames/pp522/[GZ]UltraAce540x540.webp"
"161","Teenpatti 20-20","161","JILI","live-casino","8","0","0","3865","2025-02-13 17:10:02","/externals/C66FM/img/_wms/_l/electronicgames/jili4/Teen_patti_20_20_540.webp"
"PSS-ON-00159","Horde 2 Winter","141","PLAYSTAR","slot","5","0","0","3758","2025-05-22 17:34:03","/externals/C66FM/img/_wms/_l/electronicgames/PL212/Horde_2_winter_540.webp"
"300","FORTUNE GEMS 3","161","JILI","slot","5","0","0","211051","2026-04-26 00:40:17","/externals/C66FM/img/_wms/_l/electronicgames/JILI4/Fortune_Gems_3_540.webp"
"KYS-H5-99991","Golden Legend","508","5G","slot","5","0","0","1802","2025-10-13 13:55:54","/externals/C66FM/img/_wms/_l/electronicgames/5G/Golden_legend_540.webp"
"67","Golden Eggs","073","CQ9","slot","5","0","0","1251","2025-10-14 09:29:36","/externals/C66FM/img/_wms/_l/electronicgames/cq31/Golden_eggs_540.webp"
"1037","Golden Aztec Mega","505","YB","slot","5","0","0","7824","2025-07-31 17:40:55","/externals/C66FM/img/_wms/_l/electronicgames/YB/Golden_aztec_mega_540.webp"
"89","Lucky Neko","100","PG","slot","5","0","0","15770","2025-09-30 14:20:23","/externals/C66FM/img/_wms/_l/electronicgames/pg31/Lucky_neko_540.webp"
"0_14098","Fruity Bonanza Combo","104","JDB","slot","5","0","0","11253","2026-03-28 14:56:27","/externals/C66FM/img/_wms/_l/electronicgames/n309/fruitybonanzacombo_540.webp"
"SG5LuckyLions","5 Lucky Lions","099","HBN","slot","5","0","0","1188","2025-02-26 16:31:53","/externals/C66FM/img/_wms/_l/electronicgames/hbn31/5_lucky_lions_540.webp"
"bigbangboomr94f1","big bang boom","106","NETENT","slot","5","0","0","868","2024-11-05 16:23:06","/externals/C66FM/img/_wms/_l/electronicgames/net31/Big_Bang_Boom.webp"
"bountyraid200000","Bounty Raid 2","107","REDTIGER","slot","5","0","0","2723","2024-11-06 15:55:16","/externals/C66FM/img/_wms/_l/electronicgames/RTG0705/Bounty_raid_2_540.webp"
"tongits_quick","Tongits Quick","175","GameZone","poker","3","0","0","7440","2026-04-14 17:25:30","/externals/C66FM/img/_wms/_l/electronicgames/poker/quick540MTT.webp"
"vs20olympx","Gates of Olympus 1000","199","PP","slot","5","0","0","70926","2026-01-27 18:55:58","/externals/C66FM/img/_wms/_l/electronicgames/PP/Gates_of_olympus_1000_540.webp"
"1_61","Dragon Dynasty","103","TPG","slot","5","0","0","9596","2025-08-08 09:25:17","/externals/C66FM/img/_wms/_l/electronicgames/tpg31/Dragon_dynasty_540.png"
"mentaldx10000000","Mental","192","NLC","slot","5","0","0","1216","2025-01-06 16:29:07","/externals/C66FM/img/_wms/_l/electronicgames/nlc31/Mental_540.webp"
"osmjjbx","Jin Ji Bao Xi","180","","fishing","6","0","0","1215","2025-04-16 15:38:48","/externals/C66FM/img/_wms/_l/electronicgames/OSM/Jin_Ji_Bao_Xi_540.webp"
"152","Baccarat","161","JILI","live-casino","17","0","0","7253","2026-02-11 19:03:32","/externals/C66FM/img/_wms/_l/electronicgames/casino01/BACCARAT540x540.webp"
"MOWDream00000001","Dream Catcher","108","EVOLUTION","live-casino","17","0","0","2636","2026-02-20 18:20:24","/externals/C66FM/img/_wms/_l/electronicgames/casino01/DreamCatcher540x540.webp"
"KYS-H5-99983","King’S Realm","508","5G","slot","5","0","0","1243","2025-10-13 13:55:28","/externals/C66FM/img/_wms/_l/electronicgames/5G/Kings_realm_540.webp"
"0_14088","Magic Ace","104","JDB","slot","5","0","0","4212","2025-08-19 17:03:06","/externals/C66FM/img/_wms/_l/electronicgames/JDB/Magic_Ace_540.webp"
"109","Fortune Gems","161","JILI","slot","5","0","0","141094","2025-12-22 17:59:51","/externals/C66FM/img/_wms/_l/electronicgames/jili4/Fortune_gems_540.webp"
"1_102","Fortune Tiger","103","TPG","slot","5","0","0","6291","2024-11-22 10:16:12","/externals/C66FM/img/_wms/_l/electronicgames/tpg31/Fortune_tiger_540.webp"
"201118","Hand of Anubis","207","HACKSAW","slot","5","0","0","1277","2025-10-16 11:00:46","/externals/C66FM/img/_wms/_l/electronicgames/HACK/Hand_of_anubis_540.webp"
"22056","Egypt Bonanza","176","FACHAI","slot","5","0","0","47461","2025-10-14 09:34:07","/externals/C66FM/img/_wms/_l/electronicgames/facai4/Egypt_bonanza_540.webp"
"crabtrapr94f1000","crab trap","106","NETENT","slot","5","0","0","739","2024-11-05 16:23:24","/externals/C66FM/img/_wms/_l/electronicgames/net31/Crab_Trap.webp"
"122","iRich Bingo","161","JILI","bingo","21","0","0","15411","2026-04-26 00:41:17","/externals/C66FM/img/_wms/_l/electronicgames/527/Irich_bingo_540.webp"
"74","Mahjong Ways 2","100","PG","slot","5","0","0","17260","2025-12-15 18:46:34","/externals/C66FM/img/_wms/_l/electronicgames/pg31/Mahjong_ways_2_540.webp"
"233","Hilo","161","JILI","live-casino","8","0","0","2795","2025-12-01 13:53:57","/externals/C66FM/img/_wms/_l/electronicgames/jili4/Hilo_540.webp"
"Poker_Roulette","Poker Roulette","502","KM","live-casino","8","0","0","104","2025-06-17 10:05:55","/externals/C66FM/img/_wms/_l/electronicgames/km/Poker_roulette_540.webp"
"LightningDice001","Lightning Dice","108","EVOLUTION","live-casino","17","0","0","2021","2026-02-13 17:33:26","/externals/C66FM/img/_wms/_l/electronicgames/casino01/LightningDice540x540.webp"
"PSS-ON-00112","Super Win","141","PLAYSTAR","slot","5","0","0","13225","2025-07-07 16:16:46","/externals/C66FM/img/_wms/_l/electronicgames/ps31/Super_win_540.webp"
"160","Fa Cai Shen2","073","CQ9","slot","5","0","0","1370","2025-02-25 13:13:51","/externals/C66FM/img/_wms/_l/electronicgames/cq31/Fa_cai_shen_2_540.webp"
"osmwlzblink","Dragon Link","180","","fishing","6","0","0","1915","2026-04-16 18:05:52","/externals/C66FM/img/_wms/_l/electronicgames/OSM/Dragon_Link_540_540.webp"
"SGWealthInn","Wealth Inn","099","HBN","slot","5","0","0","4588","2025-05-22 17:33:10","/externals/C66FM/img/_wms/_l/electronicgames/hbn31/Wealth_inn_540.webp"
"buffalohunterdx1","Buffalo Hunter","192","NLC","slot","5","0","0","1534","2025-01-06 16:29:31","/externals/C66FM/img/_wms/_l/electronicgames/nlc31/Buffalo_hunter_540.webp"
"1032","Royal Ace","505","YB","slot","5","0","0","6467","2025-07-31 17:40:47","/externals/C66FM/img/_wms/_l/electronicgames/New/20250729-115854.webp"
"095","Cash Maker 2","503","YGR","slot","5","0","0","7361","2025-12-11 16:32:24","/externals/C66FM/img/_wms/_l/electronicgames/77/cash.webp"
"vs20starlightx","Starlight Princess 1000","199","PP","slot","5","0","0","23141","2026-02-13 15:02:30","/externals/C66FM/img/_wms/_l/electronicgames/PP/Starlight_princess_1000_540.webp"
"wolfkin000000000","Wolfkin","107","REDTIGER","slot","5","0","0","1856","2024-11-06 15:55:38","/externals/C66FM/img/_wms/_l/electronicgames/RTG0705/Wolfkin_540.webp"
"0_14095","Fortune Jewel","104","JDB","slot","5","0","0","1836","2025-09-05 10:22:14","/externals/C66FM/img/_wms/_l/electronicgames/BP/Fortune-Jewel-540.webp"
"PSS-ON-00151","Athena-Lucky Spread","141","PLAYSTAR","slot","5","0","0","7283","2025-02-24 16:26:07","/externals/C66FM/img/_wms/_l/electronicgames/plays/Athena_lucky_spread_540.webp"
"0_14077","TrumpCard","104","JDB","slot","5","0","0","4129","2025-07-28 19:02:04","/externals/C66FM/img/_wms/_l/electronicgames/jdb31/Trump_card_540.webp"
"lucky777","Lucky 777","175","GameZone","slot","5","0","0","7603","2025-04-03 17:15:27","/externals/C66FM/img/_wms/_l/electronicgames/poker/GZLucky777-540x540.webp"
"22058","Fortune Money Boom","176","FACHAI","slot","5","0","0","36979","2025-07-10 14:09:20","/externals/C66FM/img/_wms/_l/electronicgames/Facai/Fortune_money_boom_540.webp"
"barbarianfurydx1","Barbarian Fury","192","NLC","slot","5","0","0","1253","2024-11-11 17:27:19","/externals/C66FM/img/_wms/_l/electronicgames/nlc31/Barbarian_fury_540.webp"
"1017","Rolling Fortune","505","YB","slot","5","0","0","2020","2025-02-26 11:35:32","/externals/C66FM/img/_wms/_l/electronicgames/YB/Rolling_fortune_540.webp"
"9_9014","Mines","104","JDB","live-casino","8","0","0","15024","2025-12-02 14:22:08","/externals/C66FM/img/_wms/_l/electronicgames/fishing260630/jdb_mines_gameid9014_en_540.webp"
"bustersboesr94f1","buster's bones","106","NETENT","slot","5","0","0","827","2024-11-05 16:23:38","/externals/C66FM/img/_wms/_l/electronicgames/net31/Busters_Bones.webp"
"18_286","Egyptian Gold","105","RTG","slot","5","0","0","734","2025-10-15 16:37:17","/externals/C66FM/img/_wms/_l/electronicgames/rtg31/Egyptian_gold_540.webp"
"dragonvstiger","Dragon＆Tiger","175","GameZone","live-casino","17","0","0","2534","2026-04-23 17:20:47","/externals/C66FM/img/_wms/_l/electronicgames/casino01/GZDragon&Tiger540x540.webp"
"osmcoincombo","Coincombo","180","","fishing","6","0","0","699","2025-06-24 14:53:53","/externals/C66FM/img/_wms/_l/electronicgames/OSM/Coin_Combo_540.webp"
"KYS-H5-99996","Mahjong Ways 3+","508","5G","slot","5","0","0","7017","2025-07-29 14:19:51","/externals/C66FM/img/_wms/_l/electronicgames/5g/Mahjong_ways_3up_540.webp"
"223","Fortune Gems 2","161","JILI","slot","5","0","0","157175","2026-04-10 14:00:47","/externals/C66FM/img/_wms/_l/electronicgames/New/Fortune_Gems_2.webp"
"147","Flower Fortunes","073","CQ9","slot","5","0","0","883","2025-10-14 09:30:29","/externals/C66FM/img/_wms/_l/electronicgames/cq31/Flower_fortunes_540.webp"
"87","Treasures of Aztec","100","PG","slot","5","0","0","13319","2026-04-26 00:22:03","/externals/C66FM/img/_wms/_l/electronicgames/pg31/Treasures_of_aztec_540.webp"
"SGFaCaiShenDeluxe","Fa Cai Shen Deluxe","099","HBN","slot","5","0","0","311","2025-02-26 16:32:26","/externals/C66FM/img/_wms/_l/electronicgames/hbn31/Fa_cai_shen_deluxe_540.webp"
"1_70","TPG 777","103","TPG","slot","5","0","0","7053","2024-11-11 17:30:53","/externals/C66FM/img/_wms/_l/electronicgames/tpg31/Tpg_777_540.webp"
"0_14045","SuperNiubiDeluxe","104","JDB","slot","5","0","0","7299","2025-04-15 15:13:52","/externals/C66FM/img/_wms/_l/electronicgames/jdb31/Super_niubi_deluxe_540.webp"
"fortunecoming","Fortune Coming","175","GameZone","slot","5","0","0","8188","2025-08-08 09:53:24","/externals/C66FM/img/_wms/_l/electronicgames/poker/GZFortune_20Coming540x540.webp"
"101candiesr94f10","101 Candies","106","NETENT","slot","5","0","0","1080","2024-11-05 16:23:49","/externals/C66FM/img/_wms/_l/electronicgames/net31/101_Candies.webp"
"22057","Fortune Goddess","176","FACHAI","slot","5","0","0","26056","2025-07-10 14:12:54","/externals/C66FM/img/_wms/_l/electronicgames/48/Fortune_goddess_540.webp"
"201398","Ze Zeus","207","HACKSAW","slot","5","0","0","1973","2025-05-29 09:25:11","/externals/C66FM/img/_wms/_l/electronicgames/HACK/Ze_zeus_540.webp"
"79","Andar Bahar","161","JILI","live-casino","8","0","0","3864","2025-12-01 15:32:23","/externals/C66FM/img/_wms/_l/electronicgames/jili4/Andar_bahar_540.webp"
"KYS-H5-99980","Golden Island","508","5G","slot","5","0","0","3285","2025-10-13 13:56:00","/externals/C66FM/img/_wms/_l/electronicgames/5G/Golden_island_540.webp"
"vs20laughluck","Happy fortune","199","PP","slot","5","0","0","9554","2025-02-21 09:48:19","/externals/C66FM/img/_wms/_l/electronicgames/PP/Happy_fortune_540.webp"
"sanquentindx1000","San Quentin xWays","192","NLC","slot","5","0","0","811","2025-01-06 16:35:23","/externals/C66FM/img/_wms/_l/electronicgames/nlc31/San_quentin_xways_540.webp"
"1508783","Wild Ape #3258","100","PG","slot","5","0","0","17273","2025-10-06 16:37:28","/externals/C66FM/img/_wms/_l/electronicgames/PG/Wild_ape_3258_540.webp"
"PSS-ON-00148","Sugar Boom","141","PLAYSTAR","slot","5","0","0","9776","2025-02-24 16:26:24","/externals/C66FM/img/_wms/_l/electronicgames/ps31/Sugar_boom_540.webp"
"0_14100","Koi Trio","104","JDB","slot","5","0","0","4812","2025-12-15 18:43:50","/externals/C66FM/img/_wms/_l/electronicgames/BP/Koi-Trio-540.webp"
"12","TreasureHouse","073","CQ9","slot","5","0","0","901","2025-02-25 13:14:10","/externals/C66FM/img/_wms/_l/electronicgames/cq31/Treasure_house_540.webp"
"103","Golden Empire","161","JILI","slot","5","0","0","146429","2025-09-29 12:05:23","/externals/C66FM/img/_wms/_l/electronicgames/jili4/Golden_empire_540.webp"
"18_18028","Tongits Fight","104","JDB","poker","3","0","0","1445","2026-04-14 17:26:31","/externals/C66FM/img/_wms/_l/electronicgames/jdb27/Tongits_fight_540.webp"
"SGMysticFortuneDeluxe","Mystic Fortune Deluxe","099","HBN","slot","5","0","0","1406","2025-02-26 16:32:37","/externals/C66FM/img/_wms/_l/electronicgames/HBN31/Mystic_fortune_deluxe_540.webp"
"wingsofra0000000","Wings of Ra","107","REDTIGER","slot","5","0","0","308","2024-11-06 15:55:48","/externals/C66FM/img/_wms/_l/electronicgames/redtiger31/Wings_of_ra_540.webp"
"1038","Super Egypt","505","YB","slot","5","0","0","2391","2025-02-26 11:35:43","/externals/C66FM/img/_wms/_l/electronicgames/YB/Super_egypt_540.webp"
"22049","Zeus","176","FACHAI","slot","5","0","0","35079","2025-02-21 15:43:53","/externals/C66FM/img/_wms/_l/electronicgames/fc31/Zeus_540.webp"
"1_75","8 Dragons","103","TPG","slot","5","0","0","3737","2024-11-11 17:32:17","/externals/C66FM/img/_wms/_l/electronicgames/tpg31/8_dragons_540.webp"
"18_172","Enchanted Garden II","105","RTG","slot","5","0","0","1068","2024-11-05 18:02:27","/externals/C66FM/img/_wms/_l/electronicgames/rtg31/Enchanted_garden_2_540.webp"
"PSS-ON-00149","Lucky Ace","141","PLAYSTAR","slot","5","0","0","15730","2025-02-24 16:26:39","/externals/C66FM/img/_wms/_l/electronicgames/plays/Lucky_ace_540.webp"
"174","Jackpot Bingo","161","JILI","bingo","21","0","0","49599","2026-03-25 17:03:11","/externals/C66FM/img/_wms/_l/electronicgames/pp522/JB540-540.webp"
"SGMagicOak","Magic Oak","099","HBN","slot","5","0","0","39","2025-02-26 16:32:49","/externals/C66FM/img/_wms/_l/electronicgames/hbn31/Magic_oak_540.webp"
"vs20fruitsw","Sweet Bonanza","199","PP","slot","5","0","0","7565","2026-04-16 17:59:13","/externals/C66FM/img/_wms/_l/electronicgames/PP/Sweet_bonanza_540.webp"
"osmdfdcgrand","Duo Fu Duo Cai Grand","180","","fishing","6","0","0","1012","2025-08-22 19:38:02","/externals/C66FM/img/_wms/_l/electronicgames/OSM/Duo_Fu_Duo_Cai_Grand_540.webp"
"baccarat","Baccarat","175","GameZone","live-casino","17","0","0","2159","2026-04-23 16:15:26","/externals/C66FM/img/_wms/_l/electronicgames/casino01/GZBaccarat540x540.webp"
"cupcakesr1f10000","cupcakes","106","NETENT","slot","5","0","0","702","2024-11-11 17:24:32","/externals/C66FM/img/_wms/_l/electronicgames/net31/Cupcakes.webp"
"0_14093","Magic Ace Wild Lock","104","JDB","slot","5","0","0","7368","2026-03-23 15:08:47","/externals/C66FM/img/_wms/_l/electronicgames/jdb/Magic_ace_wild_lock_540.webp"
"treasurebowl","TreasureBowl","175","GameZone","slot","5","0","0","1785","2025-03-06 16:27:26","/externals/C66FM/img/_wms/_l/electronicgames/gmz/TREASUREBOWL540.webp"
"bushidowaysdx100","Bushido Ways xNudge","192","NLC","slot","5","0","0","1106","2025-01-06 16:37:18","/externals/C66FM/img/_wms/_l/electronicgames/nlc31/Bushido_ways_xnudge_540.webp"
"133","Good Fortune M","073","CQ9","slot","5","0","0","796","2025-10-14 09:32:04","/externals/C66FM/img/_wms/_l/electronicgames/cq31/Good_fortune_m_540.webp"
"18_18029","Tongits Rush","104","JDB","poker","3","0","0","1222","2026-04-14 17:27:14","/externals/C66FM/img/_wms/_l/electronicgames/jdb27/Tongits_rush_540.webp"
"legendofathena00","Legend of Athena","107","REDTIGER","slot","5","0","0","313","2024-11-06 15:58:06","/externals/C66FM/img/_wms/_l/electronicgames/redtiger31/Legend_of_athena_540.webp"
"51","Money Coming","161","JILI","slot","5","0","0","119021","2026-04-26 00:23:39","/externals/C66FM/img/_wms/_l/electronicgames/jili4/Money_coming_540.webp"
"1026","Golden Aztec","505","YB","slot","5","0","0","1909","2025-02-26 15:30:18","/externals/C66FM/img/_wms/_l/electronicgames/YB/Golden_aztec_540.webp"
"1702123","Geisha's Revenge","100","PG","slot","5","0","0","15531","2026-01-05 16:43:32","/externals/C66FM/img/_wms/_l/electronicgames/pg/Geishas_revenge_540.webp"
"Triple_Chance","Triple Chance","502","KM","lottery","12","0","0","252","2026-04-24 11:41:52","/externals/C66FM/img/_wms/_l/electronicgames/km/Triple_chance_540.webp"
"letitburnr94f101","let it burn","106","NETENT","slot","5","0","0","641","2024-11-11 17:24:52","/externals/C66FM/img/_wms/_l/electronicgames/net31/Let_It_Burn.webp"
"35","Crazy777","161","JILI","slot","5","0","0","57694","2025-06-17 13:41:16","/externals/C66FM/img/_wms/_l/electronicgames/422/Crazy_777_540.webp"
"PSS-ON-00146","Mahjong Ways3+","141","PLAYSTAR","slot","5","0","0","6781","2025-06-21 08:11:30","/externals/C66FM/img/_wms/_l/electronicgames/ps/Mahjong_Ways3p.webp"
"supergemtwo","Super Gems2","175","GameZone","slot","5","0","0","15684","2025-04-03 17:13:57","/externals/C66FM/img/_wms/_l/electronicgames/GZ/Super_gem2_540.webp"
"vs15godsofwar","Zeus vs Hades - Gods of War","199","PP","slot","5","0","0","11583","2025-03-17 13:58:39","/externals/C66FM/img/_wms/_l/electronicgames/PP/Zeus_vs_hades_gods_of_war_540.webp"
"98","Fortune Ox","100","PG","slot","5","0","0","4470","2026-02-04 11:36:27","/externals/C66FM/img/_wms/_l/electronicgames/pg31/Fortune_ox_540.webp"
"osmdfdc","Duo Fu Duo Cai","180","","fishing","6","0","0","672","2025-04-16 15:39:16","/externals/C66FM/img/_wms/_l/electronicgames/OSM/Duo_Fu_Duo_Cai_540.webp"
"1013","Rolling 7","505","YB","slot","5","0","0","1115","2025-02-26 15:30:34","/externals/C66FM/img/_wms/_l/electronicgames/YB/Rolling_7_540.webp"
"19","HotSpin","073","CQ9","slot","5","0","0","1366","2025-03-05 10:47:04","/externals/C66FM/img/_wms/_l/electronicgames/cq31/Hot_spin_540.webp"
"18_18027","Pusoy Rush","104","JDB","poker","3","0","0","908","2026-04-14 17:28:02","/externals/C66FM/img/_wms/_l/electronicgames/jdb27/Pusoy_rush_540.webp"
"thecryptdx100000","The Crypt","192","NLC","slot","5","0","0","628","2024-11-11 17:28:09","/externals/C66FM/img/_wms/_l/electronicgames/nlc31/The_crypt_540.webp"
"1_68","Blessing Mouse","103","TPG","slot","5","0","0","245","2024-11-05 15:45:00","/externals/C66FM/img/_wms/_l/electronicgames/tpg31/Blessing_mouse_540.webp"
"22047","Golden Genie","176","FACHAI","slot","5","0","0","28542","2025-02-21 15:44:02","/externals/C66FM/img/_wms/_l/electronicgames/fc31/Golden_genie_540.webp"
"18_51","T-Rex","105","RTG","slot","5","0","0","231","2025-12-09 15:25:46","/externals/C66FM/img/_wms/_l/electronicgames/rtg31/T_rex_540.webp"
"0_14042","TreasureBowl","104","JDB","slot","5","0","0","12967","2025-04-15 15:14:11","/externals/C66FM/img/_wms/_l/electronicgames/jdb31/Treasure_bowl_540.webp"
"SG5Mariachis","5 Mariachis","099","HBN","slot","5","0","0","194","2025-02-26 16:33:08","/externals/C66FM/img/_wms/_l/electronicgames/hbn31/5_mariachis_540.webp"
"roadragedx100000","Road Rage","192","NLC","slot","5","0","0","510","2026-03-24 15:32:39","/externals/C66FM/img/_wms/_l/electronicgames/nlc31/Road_rage_540.webp"
"KYS-H5-99981","Hammer Of Vulcan","508","5G","slot","5","0","0","1647","2025-04-30 14:34:31","/externals/C66FM/img/_wms/_l/electronicgames/5G/Hammer_of_vulcan_540.webp"
"104","Wild Bandito","100","PG","slot","5","0","0","8597","2025-05-22 17:33:38","/externals/C66FM/img/_wms/_l/electronicgames/PG/Wild_bandito_540.webp"
"206","Sweet POP","073","CQ9","slot","5","0","0","680","2025-10-14 09:31:02","/externals/C66FM/img/_wms/_l/electronicgames/cq31/Sweet_pop_540.webp"
"epicace","Epic Ace","175","GameZone","slot","5","0","0","5800","2025-03-06 16:26:50","/externals/C66FM/img/_wms/_l/electronicgames/gz/Epic-Ace-540-540.webp"
"22041","Chinese New Year 2","176","FACHAI","slot","5","0","0","24015","2025-07-10 14:08:06","/externals/C66FM/img/_wms/_l/electronicgames/fc31/Chinese_new_year_2.webp"
"osmwlzbhelix","Standalone","180","","fishing","6","0","0","342","2025-06-24 14:54:02","/externals/C66FM/img/_wms/_l/electronicgames/OSM/Standalone_540.webp"
"PSS-ON-00091","Super Powerful","141","PLAYSTAR","slot","5","0","0","3122","2025-06-21 08:11:37","/externals/C66FM/img/_wms/_l/electronicgames/ps31/Super_powerful_540.webp"
"buffalomaniamega","Buffalo Mania MegaWays™","107","REDTIGER","slot","5","0","0","988","2024-11-06 16:00:24","/externals/C66FM/img/_wms/_l/electronicgames/RTG0705/Buffalo_mania_megaways_540.webp"
"201394","Slayers Inc","207","HACKSAW","slot","5","0","0","277","2025-01-07 13:56:25","/externals/C66FM/img/_wms/_l/electronicgames/HACK/Slayers_inc_540.webp"
"1755623","Museum Mystery","100","PG","slot","5","0","0","1210","2025-01-27 15:13:14","/externals/C66FM/img/_wms/_l/electronicgames/PG/Museum_mystery_540.webp"
"77","Boxing King","161","JILI","slot","5","0","0","84226","2025-08-18 15:07:51","/externals/C66FM/img/_wms/_l/electronicgames/jili4/Boxing_king_540.webp"
"SGTheKoiGate","Koi Gate","099","HBN","slot","5","0","0","157","2025-02-26 16:34:31","/externals/C66FM/img/_wms/_l/electronicgames/hbn31/Koi_gate_540.webp"
"9_9018","Plinko","104","JDB","live-casino","8","0","0","2235","2025-12-04 13:37:17","/externals/C66FM/img/_wms/_l/electronicgames/jdb27/Plinko_540.webp"
"093","Lucky Star 2","503","YGR","slot","5","0","0","1276","2025-04-17 16:25:50","/externals/C66FM/img/_wms/_l/electronicgames/324/Lucky_star_2_540.webp"
"Fruit_Roulette","Fruit Roulette","502","KM","live-casino","8","0","0","121","2025-06-24 09:37:37","/externals/C66FM/img/_wms/_l/electronicgames/km/Fruit_roulette_540.webp"
"1_80","Blooming Riches","103","TPG","slot","5","0","0","127","2024-11-05 15:45:18","/externals/C66FM/img/_wms/_l/electronicgames/tpg31/Blooming_riches_540.webp"
"vs20procount","Wisdom of Athena","199","PP","slot","5","0","0","6735","2025-01-06 15:03:43","/externals/C66FM/img/_wms/_l/electronicgames/PP/Wisdom_of_athena_540.webp"
"updown","7UP DOWN","175","GameZone","poker","3","0","0","1373","2026-04-14 17:25:42","/externals/C66FM/img/_wms/_l/electronicgames/gp27/7up-540.webp"
"KYS-H5-99997","Mahjong Ways 3","508","5G","slot","5","0","0","3522","2025-02-25 17:21:46","/externals/C66FM/img/_wms/_l/electronicgames/5G/Mahjong_ways_3_540.webp"
"0_14091","Piggy Bank","104","JDB","slot","5","0","0","2957","2026-02-09 11:23:39","/externals/C66FM/img/_wms/_l/electronicgames/JDB/Piggy_bank_540.webp"
"1024","Boom Boom Marmot","505","YB","slot","5","0","0","1034","2025-02-26 15:30:44","/externals/C66FM/img/_wms/_l/electronicgames/YB/Boom_boom_marmot_540.webp"
"jackandbeanr94f1","jack and the beanstalk remastered","106","NETENT","slot","5","0","0","529","2024-11-11 17:25:03","/externals/C66FM/img/_wms/_l/electronicgames/net31/Jack_and_the_Beanstalk_Remastered.webp"
"74","TreasureBowl","073","CQ9","slot","5","0","0","2259","2025-02-25 13:15:37","/externals/C66FM/img/_wms/_l/electronicgames/cq31/Treasure_bowl_540.webp"
"18_341","Tarot Destiny","105","RTG","slot","5","0","0","1043","2025-10-15 16:31:55","/externals/C66FM/img/_wms/_l/electronicgames/rtg31/Tarot_destiny_540.webp"
"PSS-ON-00158","Cybercube","141","PLAYSTAR","slot","5","0","0","782","2025-04-03 17:14:23","/externals/C66FM/img/_wms/_l/electronicgames/PL212/Cyber_cube_540.webp"
"supergem","Super Gems","175","GameZone","slot","5","0","0","9172","2026-04-16 18:05:13","/externals/C66FM/img/_wms/_l/electronicgames/GZ0711/Super_Gem_540.webp"
"201212","Magic Piggy","207","HACKSAW","slot","5","0","0","277","2025-01-07 13:56:53","/externals/C66FM/img/_wms/_l/electronicgames/HACK/Magic_piggy_540.webp"
"vs20procountx","Wisdom of Athena 1000","199","PP","slot","5","0","0","7856","2025-05-22 17:23:57","/externals/C66FM/img/_wms/_l/electronicgames/PP/Wisdom_of_athena_1000_540.webp"
"superstarsr1f100","superstars","106","NETENT","slot","5","0","0","643","2024-11-11 17:25:25","/externals/C66FM/img/_wms/_l/electronicgames/net31/Superstars.webp"
"181","Wild Ace","161","JILI","slot","5","0","0","105885","2025-09-15 15:23:28","/externals/C66FM/img/_wms/_l/electronicgames/422/Wild_ace_540.webp"
"1_60","King of Seven","103","TPG","slot","5","0","0","4532","2025-07-28 19:00:39","/externals/C66FM/img/_wms/_l/electronicgames/tpg31/King_of_seven_540.webp"
"0_14092","Dragon Soar - Hyper Wild","104","JDB","slot","5","0","0","2711","2025-04-15 15:15:10","/externals/C66FM/img/_wms/_l/electronicgames/Facai/Dragon_soar_hyper_wild_540.webp"
"mrfykemt5slanyi5","Infinite Blackjack","108","EVOLUTION","live-casino","17","0","0","1003","2026-02-11 19:56:36","/externals/C66FM/img/_wms/_l/electronicgames/casino01/InfiniteBlackjack540x540.webp"
"osmdfdcmini","₱0.5 Duo Fu Duo Cai","180","","fishing","6","0","0","366","2025-04-16 15:39:28","/externals/C66FM/img/_wms/_l/electronicgames/oms27/P05_duo_fu_duo_cai_540.webp"
"1012","Fa Fa Dragon","505","YB","slot","5","0","0","1113","2025-02-26 15:30:58","/externals/C66FM/img/_wms/_l/electronicgames/YB/Fa_fa_dragon_540.webp"
"bloodandsadowdx1","Blood & Shadow","192","NLC","slot","5","0","0","577","2025-01-06 16:38:05","/externals/C66FM/img/_wms/_l/electronicgames/nlc31/Blood_and_shadow_540.webp"
"SGWildTrucks","Wild Trucks","099","HBN","slot","5","0","0","141","2025-02-26 16:34:46","/externals/C66FM/img/_wms/_l/electronicgames/hbn31/Wild_trucks_540.webp"
"22061","Lucky Fortunes 3X3","176","FACHAI","slot","5","0","0","20792","2025-02-21 15:44:26","/externals/C66FM/img/_wms/_l/electronicgames/Facai/Lucky_fortunes_3x3_540.webp"
"HoldemTable00001","Casino Hold&em","108","EVOLUTION","live-casino","17","0","0","270","2026-02-11 19:39:27","/externals/C66FM/img/_wms/_l/electronicgames/casino01/CasinoHoldem540x540.webp"
"097","Maya Golden City 6","503","YGR","slot","5","0","0","8181","2025-08-11 17:21:13","/externals/C66FM/img/_wms/_l/electronicgames/pl219/Maya_golden_city_6_540.webp"
"athensmegaways00","Athens MegaWays™","107","REDTIGER","slot","5","0","0","973","2024-11-06 16:00:44","/externals/C66FM/img/_wms/_l/electronicgames/RTG0705/Athens_megaways_540.webp"
"246","Go Fishing","073","CQ9","slot","5","0","0","451","2025-05-22 17:37:40","/externals/C66FM/img/_wms/_l/electronicgames/cq9/Go_fishing_540.webp"
"elpasodx10000000","El Paso Gunfight xNudge","192","NLC","slot","5","0","0","911","2025-01-06 16:38:31","/externals/C66FM/img/_wms/_l/electronicgames/nlc31/El_paso_gunfight_xnudge_540.webp"
"0_14065","Blossom of Wealth","104","JDB","slot","5","0","0","6041","2025-04-15 15:15:22","/externals/C66FM/img/_wms/_l/electronicgames/jdb31/Blossom_of_wealth_540.webp"
"134","Mega Ace","161","JILI","slot","5","0","0","72715","2025-08-18 15:10:42","/externals/C66FM/img/_wms/_l/electronicgames/jili4/Mega_ace_540.webp"
"1760238","Yakuza Honor","100","PG","slot","5","0","0","4213","2025-05-22 17:33:04","/externals/C66FM/img/_wms/_l/electronicgames/PG/Yakuza_honor_540.webp"
"osmbwjl","Good Fortune","180","","fishing","6","0","0","525","2025-04-16 15:39:33","/externals/C66FM/img/_wms/_l/electronicgames/OSM/Good_Fortune_540.webp"
"pinatasandponies","Pinatas & Ponies","107","REDTIGER","slot","5","0","0","1786","2024-11-06 16:00:59","/externals/C66FM/img/_wms/_l/electronicgames/RTG0705/Pinatas_and_ponies_540.webp"
"1815268","Oishi Delights","100","PG","slot","5","0","0","6706","2025-05-22 17:32:37","/externals/C66FM/img/_wms/_l/electronicgames/pg/Oishi_delights_540.webp"
"SG12Zodiacs","12 Zodiacs","099","HBN","slot","5","0","0","89","2025-02-26 16:34:59","/externals/C66FM/img/_wms/_l/electronicgames/hbn31/12_zodiacs_540.webp"
"1_56","Mermaid Treasure","103","TPG","slot","5","0","0","2487","2024-11-11 17:32:50","/externals/C66FM/img/_wms/_l/electronicgames/tpg31/Mermaid_treasure_540.webp"
"201335","Fist Of Destruction","207","HACKSAW","slot","5","0","0","325","2025-01-07 13:57:28","/externals/C66FM/img/_wms/_l/electronicgames/HACK/Fist_of_destruction_540.webp"
"vs20saiman","Saiyan Mania","199","PP","slot","5","0","0","3823","2025-02-20 11:22:02","/externals/C66FM/img/_wms/_l/electronicgames/PP/Saiyan_mania_540.webp"
"22020","Chinese New Year","176","FACHAI","slot","5","0","0","17206","2025-02-21 15:44:42","/externals/C66FM/img/_wms/_l/electronicgames/fc31/Chinese_new_year_540.webp"
"supergemthree","Super Gems3","175","GameZone","slot","5","0","0","3288","2025-05-22 17:43:12","/externals/C66FM/img/_wms/_l/electronicgames/gz/Super_Gems3_540.webp"
"PSS-ON-00044","Fortune Teller","141","PLAYSTAR","slot","5","0","0","3394","2025-02-24 16:27:23","/externals/C66FM/img/_wms/_l/electronicgames/ps31/Fortune_teller_540.webp"
"092","Greek Mythology","503","YGR","slot","5","0","0","2020","2025-05-22 17:25:02","/externals/C66FM/img/_wms/_l/electronicgames/324/Greek_mythology_540.webp"
"twinspinextr94f1","Twin Spin XXXtreme","106","NETENT","slot","5","0","0","840","2024-11-11 17:25:54","/externals/C66FM/img/_wms/_l/electronicgames/net31/Twin_Spin_XXXtreme.webp"
"1010","Magic Lamp","505","YB","slot","5","0","0","570","2025-02-26 15:31:07","/externals/C66FM/img/_wms/_l/electronicgames/YB/Magic_lamp_540.webp"
"InstantRo0000001","Instant Roulette","108","EVOLUTION","live-casino","17","0","0","566","2026-02-11 19:52:51","/externals/C66FM/img/_wms/_l/electronicgames/casino01/InstantRoulette540x540.webp"
"SGCalaverasExplosivas","Calaveras Explosivas","099","HBN","slot","5","0","0","979","2025-02-26 16:35:13","/externals/C66FM/img/_wms/_l/electronicgames/HBN31/Calaveras_explosivas_540.webp"
"47","Charge Buffalo","161","JILI","slot","5","0","0","38120","2025-02-21 16:44:36","/externals/C66FM/img/_wms/_l/electronicgames/jili4/Charge_buffalo_540.webp"
"201412","Donny Dough","207","HACKSAW","slot","5","0","0","235","2025-01-07 13:57:53","/externals/C66FM/img/_wms/_l/electronicgames/HACK/Donny_dough_540.webp"
"vs20dugems","Hot Pepper","199","PP","slot","5","0","0","2167","2025-10-27 18:02:55","/externals/C66FM/img/_wms/_l/electronicgames/PP/Hot_pepper_540.webp"
"18_26","Crystal Waters","105","RTG","slot","5","0","0","341","2024-12-09 17:20:33","/externals/C66FM/img/_wms/_l/electronicgames/rtg31/Crystal_waters_540.webp"
"1014","Lucky Star","505","YB","slot","5","0","0","454","2025-02-26 15:31:17","/externals/C66FM/img/_wms/_l/electronicgames/YB/Lucky_star_540.webp"
"22054","Night Market 2","176","FACHAI","slot","5","0","0","21253","2025-02-21 15:44:52","/externals/C66FM/img/_wms/_l/electronicgames/facai4/NIGHT_MARKET2_540.webp"
"solitaire","Solitaire","175","GameZone","poker","3","0","0","1317","2026-04-14 17:28:48","/externals/C66FM/img/_wms/_l/electronicgames/GZ0711/Solitaire_540.webp"
"cakeandicecream0","Cake and Ice Cream","107","REDTIGER","slot","5","0","0","605","2024-11-06 16:01:10","/externals/C66FM/img/_wms/_l/electronicgames/RTG0705/Cake_and_ice_cream_540.webp"
"PSS-ON-00147","Treasures Of Aztec Z","141","PLAYSTAR","slot","5","0","0","4603","2025-02-24 16:27:33","/externals/C66FM/img/_wms/_l/electronicgames/ps31/Treasures_of_aztec_z_540.webp"
"0_14055","Kong","104","JDB","slot","5","0","0","5587","2025-04-15 15:15:33","/externals/C66FM/img/_wms/_l/electronicgames/jdb31/Kong_540.webp"
"1666445","Chocolate Deluxe","100","PG","slot","5","0","0","2888","2025-02-21 09:40:03","/externals/C66FM/img/_wms/_l/electronicgames/pg/Chocolate_deluxe_540.webp"
"FreeBet000000001","Infinite Free Bet Blackjack","108","EVOLUTION","live-casino","17","0","0","732","2026-02-13 17:33:53","/externals/C66FM/img/_wms/_l/electronicgames/casino01/InfiniteFreeBetBlackjack540x540.webp"
"European_Roulette","European Roulette","502","KM","live-casino","17","0","0","110","2026-04-23 16:00:34","/externals/C66FM/img/_wms/_l/electronicgames/casino01/KMEuropeanRoulette540x540.webp"
"KYS-H5-99998","Lucky Tiger","508","5G","slot","5","0","0","974","2025-02-25 17:22:40","/externals/C66FM/img/_wms/_l/electronicgames/5G/Lucky_tiger_540.webp"
"1_53","Goldy Piggy","103","TPG","slot","5","0","0","488","2024-11-05 15:48:19","/externals/C66FM/img/_wms/_l/electronicgames/tpg31/Goldy_piggy_540.webp"
"osmaruze","FulaiCailai","180","","fishing","6","0","0","79","2025-04-16 15:39:38","/externals/C66FM/img/_wms/_l/electronicgames/1223/FULAICAILAI_540.webp"
"26","777","073","CQ9","slot","5","0","0","485","2025-03-06 16:35:15","/externals/C66FM/img/_wms/_l/electronicgames/cq31/777_540.webp"
"tacofuryr94f1000","Taco Fury XXXtreme","106","NETENT","slot","5","0","0","400","2024-11-11 17:26:12","/externals/C66FM/img/_wms/_l/electronicgames/net31/Taco_Fury_XXXtreme.webp"
"tombstoneripdx10","Tombstone RIP","192","NLC","slot","5","0","0","547","2025-01-06 16:38:41","/externals/C66FM/img/_wms/_l/electronicgames/nlc31/Tombstone_rip_540.webp"
"22037","Grand Blue","176","FACHAI","slot","5","0","0","17343","2025-04-04 11:21:28","/externals/C66FM/img/_wms/_l/electronicgames/fc31/Grand_blue_540.webp"
"204","LuckyBoxes","073","CQ9","slot","5","0","0","394","2025-02-25 13:18:33","/externals/C66FM/img/_wms/_l/electronicgames/cq31/Lucky_boxes_540.webp"
"SGMightyMedusa","Mighty Medusa","099","HBN","slot","5","0","0","526","2025-02-26 16:35:31","/externals/C66FM/img/_wms/_l/electronicgames/HBN31/Mighty_medusa_540.webp"
"65","Mahjong Ways","100","PG","slot","5","0","0","6022","2025-07-04 11:01:30","/externals/C66FM/img/_wms/_l/electronicgames/pg31/Mahjong_ways_540.webp"
"1_84","Golden Ox","103","TPG","slot","5","0","0","554","2024-11-05 15:48:36","/externals/C66FM/img/_wms/_l/electronicgames/tpg31/Golden_ox_540.webp"
"PSS-ON-00141","Mahjong Ways3","141","PLAYSTAR","slot","5","0","0","3206","2025-02-24 16:27:52","/externals/C66FM/img/_wms/_l/electronicgames/ps31/Mahjong_ways_3_540.webp"
"xwayshoarderdx10","xWays Hoarder xSplit","192","NLC","slot","5","0","0","518","2025-01-06 16:40:35","/externals/C66FM/img/_wms/_l/electronicgames/nlc31/Xways_hoarder_xsplit_540.webp"
"millionaire","Millionaire","175","GameZone","slot","5","0","0","5984","2025-04-29 14:52:31","/externals/C66FM/img/_wms/_l/electronicgames/GZ0711/Millionaire_540.webp"
"windrop","Win Drop","175","GameZone","live-casino","8","0","0","2050","2025-12-17 14:53:05","/externals/C66FM/img/_wms/_l/electronicgames/gp27/win-540.webp"
"201114","Gladiator Legends","207","HACKSAW","slot","5","0","0","214","2025-01-07 14:01:33","/externals/C66FM/img/_wms/_l/electronicgames/HACK/Gladiator_legends_540.webp"
"KYS-H5-99992","Master Of Gold Miner 2","508","5G","slot","5","0","0","950","2025-02-25 17:22:31","/externals/C66FM/img/_wms/_l/electronicgames/5G/Master_of_gold_miner_2_540.webp"
"vs20starlight","Starlight Princess","199","PP","slot","5","0","0","3877","2025-02-20 11:25:22","/externals/C66FM/img/_wms/_l/electronicgames/PP/Starlight_princess_540.webp"
"7_Up_7_Down","7 Up 7 Down","502","KM","live-casino","8","0","0","204","2025-07-10 15:57:21","/externals/C66FM/img/_wms/_l/electronicgames/km/7_up_7_down_540.webp"
"075","Maya Golden City3","503","YGR","slot","5","0","0","1100","2025-03-25 16:11:09","/externals/C66FM/img/_wms/_l/electronicgames/ygr/Maya_golden_city_3_540.webp"
"FanTan0000000001","Fan Tan","108","EVOLUTION","live-casino","17","0","0","723","2026-02-13 17:35:22","/externals/C66FM/img/_wms/_l/electronicgames/casino01/FanTan540x540.webp"
"302","Money Coming Expand Bets","161","JILI","slot","5","0","0","12074","2025-09-30 17:33:27","/externals/C66FM/img/_wms/_l/electronicgames/jili/Money_coming_expanded_bets_540.webp"
"ancientdisco0000","Ancient Disco","107","REDTIGER","slot","5","0","0","588","2024-11-06 16:01:28","/externals/C66FM/img/_wms/_l/electronicgames/RTG0705/Ancient_disco_540.webp"
"wondersofmasr0f0","wonders of christmas","106","NETENT","slot","5","0","0","319","2024-11-05 16:27:56","/externals/C66FM/img/_wms/_l/electronicgames/net31/Wonders_of_Christmas.webp"
"dropball","Dropball","175","GameZone","arcade","30","0","0","1295","2026-04-01 10:04:41","/externals/C66FM/img/_wms/_l/electronicgames/GZ/Drop_ball_540.webp"
"vs25checaishen","Chests of Cai Shen","199","PP","slot","5","0","0","1853","2025-05-22 17:23:47","/externals/C66FM/img/_wms/_l/electronicgames/PP/Chests_of_cai_shen_540.webp"
"zeuslightningpow","Zeus Lightning Power Reels","107","REDTIGER","slot","5","0","0","765","2024-11-06 16:03:20","/externals/C66FM/img/_wms/_l/electronicgames/redtiger31/Zeus_lightning_power_reels_540.webp"
"201325","2 Wild 2 Die","207","HACKSAW","slot","5","0","0","567","2025-01-07 14:02:15","/externals/C66FM/img/_wms/_l/electronicgames/HACK/2_wild_2_die_540.webp"
"deadcanarydx1000","Dead Canary","192","NLC","slot","5","0","0","218","2024-11-04 17:53:42","/externals/C66FM/img/_wms/_l/electronicgames/nlc31/Dead_canary_540.webp"
"PSS-ON-00154","Super Lucky","141","PLAYSTAR","slot","5","0","0","1793","2025-02-24 16:28:02","/externals/C66FM/img/_wms/_l/electronicgames/plays/Super_lucky_540.webp"
"KYS-H5-99987","Treasures Of Egypt","508","5G","slot","5","0","0","1340","2025-02-25 17:23:00","/externals/C66FM/img/_wms/_l/electronicgames/5G/Treasures_of_egypt_540.webp"
"parthenonr200000","Parthenon: Quest for Immortality","106","NETENT","slot","5","0","0","1647","2025-06-02 09:48:53","/externals/C66FM/img/_wms/_l/electronicgames/net31/Parthenon_quest_for_immortality_540.webp"
"0_14061","MayaGoldCrazy","104","JDB","slot","5","0","0","3311","2025-08-16 01:53:47","/externals/C66FM/img/_wms/_l/electronicgames/jdb31/Maya_gold_crazy_540.webp"
"071","Maya Golden City 2","503","YGR","slot","5","0","0","816","2025-03-25 16:11:52","/externals/C66FM/img/_wms/_l/electronicgames/ygr/Maya_golden_city_2_540.webp"
"110","Ali Baba","161","JILI","slot","5","0","0","34529","2025-01-17 15:08:02","/externals/C66FM/img/_wms/_l/electronicgames/jili4/Ali_baba_540.webp"
"243","Mafia","073","CQ9","slot","5","0","0","820","2025-10-14 09:31:20","/externals/C66FM/img/_wms/_l/electronicgames/cq9/Mafia_540.webp"
"1011","Gladiator","505","YB","slot","5","0","0","382","2025-02-26 15:31:38","/externals/C66FM/img/_wms/_l/electronicgames/YB/Gladiator_540.webp"
"75","Ganesha Fortune","100","PG","slot","5","0","0","2169","2025-02-20 15:51:42","/externals/C66FM/img/_wms/_l/electronicgames/pg31/Ganesha_fortune_540.webp"
"22055","Super Elements","176","FACHAI","slot","5","0","0","10944","2026-02-04 11:35:54","/externals/C66FM/img/_wms/_l/electronicgames/facai4/Super_elements_540.webp"
"1_63","Great Ocean","103","TPG","slot","5","0","0","1647","2024-11-11 17:34:09","/externals/C66FM/img/_wms/_l/electronicgames/tpg31/Great_ocean_540.webp"
"1635221","Zombie Outbreak","100","PG","slot","5","0","0","1535","2025-02-20 15:52:00","/externals/C66FM/img/_wms/_l/electronicgames/PG/Zombie_outbreak_540.webp"
"vs20sugarrush","Sugar Rush","199","PP","slot","5","0","0","5423","2025-04-17 16:09:13","/externals/C66FM/img/_wms/_l/electronicgames/PP/Sugar_rush_540.webp"
"1_58","DJ Rock","103","TPG","slot","5","0","0","1539","2024-11-11 17:34:28","/externals/C66FM/img/_wms/_l/electronicgames/tpg31/Dj_rock_540.webp"
"infectious5dx100","Infectious 5 xWays","192","NLC","slot","5","0","0","303","2025-01-06 16:41:10","/externals/C66FM/img/_wms/_l/electronicgames/nlc31/Infectious_5_xway_540.webp"
"starburstr400000","Starburst","106","NETENT","slot","5","0","0","65","2024-11-05 16:28:13","/externals/C66FM/img/_wms/_l/electronicgames/net31/Starburst_540.webp"
"0_8020","OpenSesame","104","JDB","slot","5","0","0","2643","2025-04-15 15:18:51","/externals/C66FM/img/_wms/_l/electronicgames/jdb31/Open_sesame_540.webp"
"094","GOLDEN KINGDOM","503","YGR","slot","5","0","0","781","2025-04-03 17:21:14","/externals/C66FM/img/_wms/_l/electronicgames/324/Golden_kingdom_540.webp"
"PSS-ON-00025","777","141","PLAYSTAR","slot","5","0","0","1924","2025-06-21 08:11:40","/externals/C66FM/img/_wms/_l/electronicgames/ps31/777_540.webp"
"22060","Poker Win","176","FACHAI","slot","5","0","0","18829","2026-04-14 14:11:36","/externals/C66FM/img/_wms/_l/electronicgames/1223/Poker_win_540.webp"
"alibabasluck0000","Ali Baba's Luck","107","REDTIGER","slot","5","0","0","810","2024-11-06 16:03:31","/externals/C66FM/img/_wms/_l/electronicgames/RTG0705/Ali_babas_luck_540.webp"
"201404","SixSixSix","207","HACKSAW","slot","5","0","0","278","2025-01-07 14:02:33","/externals/C66FM/img/_wms/_l/electronicgames/HACK/Six_six_six_540.webp"
"1019","Fortune Cat","505","YB","slot","5","0","0","793","2025-02-26 15:31:52","/externals/C66FM/img/_wms/_l/electronicgames/YB/Fortune_cat_540.webp"
"18_32","Achilles","105","RTG","slot","5","0","0","216","2025-12-09 15:26:21","/externals/C66FM/img/_wms/_l/electronicgames/rtg31/Achilles_540.webp"
"majorace","Major Ace","175","GameZone","slot","5","0","0","3985","2025-03-06 16:25:53","/externals/C66FM/img/_wms/_l/electronicgames/gz/Major_Ace540-540.webp"
"SGEgyptianDreamsDeluxe","Egyptian Dreams Deluxe","099","HBN","slot","5","0","0","868","2025-02-26 16:36:15","/externals/C66FM/img/_wms/_l/electronicgames/hbn31/Egyptian_dreams_deluxe_540.webp"
"379","Money Pot","161","JILI","slot","5","0","0","6345","2025-07-10 14:07:16","/externals/C66FM/img/_wms/_l/electronicgames/jili/Money_pot_540.webp"
"KYS-H5-99994","God Of Fortune 2","508","5G","slot","5","0","0","1367","2025-02-25 17:23:25","/externals/C66FM/img/_wms/_l/electronicgames/5G/God_of_fortune_2_540.webp"
"TopDice000000001","Football Studio Dice","108","EVOLUTION","live-casino","17","0","0","189","2026-02-11 20:05:23","/externals/C66FM/img/_wms/_l/electronicgames/casino01/FootballStudioDice540x540.webp"
"113","Flying Cai Shen","073","CQ9","slot","5","0","0","615","2025-02-25 13:19:21","/externals/C66FM/img/_wms/_l/electronicgames/cq31/Flying_cai_shen_540.webp"
"1_78","Lucky Leprechaun","103","TPG","slot","5","0","0","2231","2024-11-11 17:34:48","/externals/C66FM/img/_wms/_l/electronicgames/tpg31/Lucky_leprechaun_540.webp"
"vs20olympgate","Gates of Olympus","199","PP","slot","5","0","0","5143","2025-02-20 11:26:27","/externals/C66FM/img/_wms/_l/electronicgames/PP/Gates_of_olympus_540.webp"
"1046","DRAGON GEMS","505","YB","slot","5","0","0","13970","2025-12-01 13:51:41","/externals/C66FM/img/_wms/_l/electronicgames/yb219/Dragon_gems_540.webp"
"185","Dragon Ball","073","CQ9","slot","5","0","0","299","2025-02-25 13:19:33","/externals/C66FM/img/_wms/_l/electronicgames/cq31/Dragon_ball_540.webp"
"grandace","Grand Ace","175","GameZone","slot","5","0","0","5412","2025-03-24 10:24:53","/externals/C66FM/img/_wms/_l/electronicgames/poker/GZgrandace.webp"
"201208","Rotten","207","HACKSAW","slot","5","0","0","318","2025-01-07 14:02:54","/externals/C66FM/img/_wms/_l/electronicgames/HACK/Rotten_540.webp"
"SGLaughingBuddha","Laughing Buddha","099","HBN","slot","5","0","0","2182","2025-03-24 13:33:34","/externals/C66FM/img/_wms/_l/electronicgames/HBN31/Laughing_buddha_540.webp"
"PSS-ON-00009","Madame Caroline","141","PLAYSTAR","slot","5","0","0","1072","2025-06-21 08:11:44","/externals/C66FM/img/_wms/_l/electronicgames/ps31/Madame_caroline_540.webp"
"fruitshopawaysr3","Fruit Shop Megaways","106","NETENT","slot","5","0","0","97","2024-11-05 16:32:42","/externals/C66FM/img/_wms/_l/electronicgames/net31/Fruit_shop_megaways_540.webp"
"monkeysgolddx100","Monkey's Gold xPays","192","NLC","slot","5","0","0","404","2025-01-06 16:42:50","/externals/C66FM/img/_wms/_l/electronicgames/nlc31/Monkey_gold_xpays_540.webp"
"258","DEVIL FIRE 2","161","JILI","slot","5","0","0","22245","2025-02-21 16:45:18","/externals/C66FM/img/_wms/_l/electronicgames/JILI4/Devil_Fire_2_540.webp"
"0_14080","Elemental Link Fire","104","JDB","slot","5","0","0","5048","2025-04-15 15:19:01","/externals/C66FM/img/_wms/_l/electronicgames/jdb31/Elemental_link_fire_540.webp"
"22053","Legend Of Inca","176","FACHAI","slot","5","0","0","18101","2025-02-21 15:47:03","/externals/C66FM/img/_wms/_l/electronicgames/facai4/Legend_of_ince_540.webp"
"casinospin000000","Casino Spin","107","REDTIGER","slot","5","0","0","619","2024-11-06 16:06:59","/externals/C66FM/img/_wms/_l/electronicgames/RTG0705/Casino_spin_maxwin_540.webp"
"1623475","Anubis Wrath","100","PG","slot","5","0","0","4820","2025-12-18 16:28:40","/externals/C66FM/img/_wms/_l/electronicgames/PG/Anubis_wrath_540.webp"
"50","Good Fortune","073","CQ9","slot","5","0","0","282","2024-11-05 13:52:37","/externals/C66FM/img/_wms/_l/electronicgames/cq31/Good_fortune_540.webp"
"421","Lucky Jaguar","161","JILI","slot","5","0","0","9089","2025-05-22 17:27:37","/externals/C66FM/img/_wms/_l/electronicgames/jili/Lucky_jaguar_540.webp"
"KYS-H5-99995","God Of Fortune","508","5G","slot","5","0","0","1408","2025-02-25 17:27:46","/externals/C66FM/img/_wms/_l/electronicgames/5G/God_of_fortune_540.webp"
"epictreasure0000","Epic Treasure","107","REDTIGER","slot","5","0","0","690","2024-11-06 16:07:26","/externals/C66FM/img/_wms/_l/electronicgames/RTG0705/Epic_treasure_maxwin_540.webp"
"0_14086","Open Sesame Mega","104","JDB","slot","5","0","0","5109","2025-04-15 15:19:11","/externals/C66FM/img/_wms/_l/electronicgames/jdb27/Open_sesame_mega_540.webp"
"LightningSbj0001","Lightning Blackjack","108","EVOLUTION","live-casino","17","0","0","294","2026-02-11 19:26:09","/externals/C66FM/img/_wms/_l/electronicgames/casino01/LightningBlackjack540x540.webp"
"117","Cocktail Nights","100","PG","slot","5","0","0","4829","2026-01-05 10:32:44","/externals/C66FM/img/_wms/_l/electronicgames/PG/Cocktail_nights_540.webp"
"1016","Fancy Egypt","505","YB","slot","5","0","0","378","2025-02-26 15:32:15","/externals/C66FM/img/_wms/_l/electronicgames/YB/Fancy_egypt_540.webp"
"201312","Xmas Drop","207","HACKSAW","slot","5","0","0","224","2025-01-07 14:03:06","/externals/C66FM/img/_wms/_l/electronicgames/HACK/Xmas_drop_540.webp"
"butterflystaxxr4","Butterfly Staxx","106","NETENT","slot","5","0","0","99","2024-11-05 16:32:52","/externals/C66FM/img/_wms/_l/electronicgames/net31/Butterfly_staxx_540.webp"
"219","King Kong Shake","073","CQ9","slot","5","0","0","245","2025-03-06 16:36:11","/externals/C66FM/img/_wms/_l/electronicgames/cq9/King_kong_shake_540.webp"
"vs20sbxmas","Sweet Bonanza Xmas","199","PP","slot","5","0","0","2633","2025-02-20 11:26:38","/externals/C66FM/img/_wms/_l/electronicgames/PP/Sweet_bonanza_xmas_540.webp"
"SGScopa","Scopa","099","HBN","slot","5","0","0","79","2025-02-26 16:36:51","/externals/C66FM/img/_wms/_l/electronicgames/hbn31/Scopa_540.webp"
"goldengeniedx100","Golden Genie & the Walking Wilds","192","NLC","slot","5","0","0","348","2025-01-06 16:55:48","/externals/C66FM/img/_wms/_l/electronicgames/nlc31/Golden_genie_540.webp"
"1_77","Journey To The West 2","103","TPG","slot","5","0","0","138","2024-11-05 15:49:30","/externals/C66FM/img/_wms/_l/electronicgames/tpg31/Journey_to_the_west_2_540.webp"
"086","Wealth Potion","503","YGR","slot","5","0","0","776","2025-04-03 17:22:26","/externals/C66FM/img/_wms/_l/electronicgames/324/Wealth_potion_540.webp"
"22065","Boxing Riches","176","FACHAI","slot","5","0","0","5634","2025-05-22 17:32:56","/externals/C66FM/img/_wms/_l/electronicgames/fc212/Boxing_riches_540.webp"
"SGFaCaiShen","Fa Cai Shen","099","HBN","slot","5","0","0","111","2025-02-26 16:38:22","/externals/C66FM/img/_wms/_l/electronicgames/hbn31/Fa_cai_shen_540.webp"
"gemsinfernomegaw","Gems Inferno Megaways™","107","REDTIGER","slot","5","0","0","401","2024-11-11 16:46:35","/externals/C66FM/img/_wms/_l/electronicgames/RTG0705/Gems_inferno_megaways_540.webp"
"1015","Thor Fortune","505","YB","slot","5","0","0","463","2025-02-26 15:32:24","/externals/C66FM/img/_wms/_l/electronicgames/YB/Thor_fortune_540.webp"
"18_299","Big Santa","105","RTG","slot","5","0","0","26","2024-11-06 09:39:12","/externals/C66FM/img/_wms/_l/electronicgames/rtg31/Big_santa_540.webp"
"085","R!CH","503","YGR","slot","5","0","0","659","2025-04-03 17:22:09","/externals/C66FM/img/_wms/_l/electronicgames/324/R!ch_540.webp"
"PSS-ON-00028","Athena","141","PLAYSTAR","slot","5","0","0","1022","2025-02-24 16:38:42","/externals/C66FM/img/_wms/_l/electronicgames/plays/Athena_540.webp"
"224","Go_Rush","161","JILI","live-casino","8","0","0","3969","2025-12-01 14:11:16","/externals/C66FM/img/_wms/_l/electronicgames/jili4/Go_rush_540.webp"
"vs20candyblitz","Candy Blitz","199","PP","slot","5","0","0","2635","2025-01-06 15:09:27","/externals/C66FM/img/_wms/_l/electronicgames/PP/Candy_blitz_540.webp"
"259","CHARGE BUFFALO ASCENT","161","JILI","slot","5","0","0","22937","2025-02-21 16:45:37","/externals/C66FM/img/_wms/_l/electronicgames/JILI4/Charge_Buffalo_Ascent_540.webp"
"109","Rave Jump mobile","073","CQ9","slot","5","0","0","265","2025-02-25 13:21:08","/externals/C66FM/img/_wms/_l/electronicgames/cq31/Rave_jump_m_540.webp"
"reefraiderr20000","Reef Raider","106","NETENT","slot","5","0","0","93","2024-11-05 16:33:01","/externals/C66FM/img/_wms/_l/electronicgames/net31/Reef_raider_540.webp"
"1_71","Fun Monkey","103","TPG","slot","5","0","0","1763","2024-11-11 17:35:00","/externals/C66FM/img/_wms/_l/electronicgames/tpg31/Fun_monkey_540.webp"
"mayanmagicdx1000","Mayan Magic Wildfire","192","NLC","slot","5","0","0","843","2025-01-06 16:56:06","/externals/C66FM/img/_wms/_l/electronicgames/nlc31/Mayan_magic_wildlife_540.webp"
"22062","Fortune Sheep","176","FACHAI","slot","5","0","0","9723","2025-02-21 15:47:44","/externals/C66FM/img/_wms/_l/electronicgames/Facai/Fortune_sheep_540.webp"
"1340277","Asgardian Rising","100","PG","slot","5","0","0","2343","2025-05-22 17:33:11","/externals/C66FM/img/_wms/_l/electronicgames/PG/Asgardian_rising_540.webp"
"0_14079","Moneybags Man 2","104","JDB","slot","5","0","0","1979","2025-04-15 15:21:32","/externals/C66FM/img/_wms/_l/electronicgames/jdb27/Moneybags_man_2_540.webp"
"mahjongfortune","Mahjong Fortune","175","GameZone","slot","5","0","0","5174","2025-12-18 13:52:22","/externals/C66FM/img/_wms/_l/electronicgames/poker/540x540.webp"
"vs20rujakbnz","Rujak Bonanza","199","PP","slot","5","0","0","940","2025-02-20 11:27:02","/externals/C66FM/img/_wms/_l/electronicgames/PP/Rujak_bonanza_540.webp"
"0_14084","CAISHEN COMING","104","JDB","slot","5","0","0","1626","2025-04-15 15:22:18","/externals/C66FM/img/_wms/_l/electronicgames/jdb31/Caishen_coming_540.webp"
"1025","King Arthur Gold","505","YB","slot","5","0","0","486","2025-02-26 15:32:34","/externals/C66FM/img/_wms/_l/electronicgames/YB/King_arthur_gold_540.webp"
"201292","Chaos Crew 2","207","HACKSAW","slot","5","0","0","195","2025-01-07 14:12:51","/externals/C66FM/img/_wms/_l/electronicgames/HACK/Chaos_crew_2_540.webp"
"PSS-ON-00115","What The Fa","141","PLAYSTAR","slot","5","0","0","678","2025-02-24 16:42:15","/externals/C66FM/img/_wms/_l/electronicgames/plays/What_the_fa_540.webp"
"andar","Andar Bahar","175","GameZone","poker","3","0","0","564","2026-04-14 17:29:23","/externals/C66FM/img/_wms/_l/electronicgames/GZ0711/AndarBahar_540.webp"
"truegritdx100000","True Grit Redemption","192","NLC","slot","5","0","0","186","2025-01-06 16:56:31","/externals/C66FM/img/_wms/_l/electronicgames/nlc31/True_grit_redemption_540.webp"
"22048","Crazy Buffalo","176","FACHAI","slot","5","0","0","15670","2025-02-21 15:47:54","/externals/C66FM/img/_wms/_l/electronicgames/fc31/Crazy_buffalo_540.webp"
"1_72","King of Fruits","103","TPG","slot","5","0","0","525","2024-11-22 10:20:43","/externals/C66FM/img/_wms/_l/electronicgames/tpg31/King_of_fruits_540.webp"
"KYS-H5-99986","Opera Panda","508","5G","slot","5","0","0","688","2025-02-25 17:28:05","/externals/C66FM/img/_wms/_l/electronicgames/5G/Opera_panda_540.webp"
"twinspinr4000000","Twin Spin","106","NETENT","slot","5","0","0","142","2024-11-05 16:33:31","/externals/C66FM/img/_wms/_l/electronicgames/net31/Twin_spin_540.webp"
"1580541","Mafia Mayhem","100","PG","slot","5","0","0","1314","2025-05-22 17:33:23","/externals/C66FM/img/_wms/_l/electronicgames/PG/Mafia_mayhem_5.webp"
"SGLuckyFortuneCat","Lucky Fortune Cat","099","HBN","slot","5","0","0","441","2025-03-28 10:09:48","/externals/C66FM/img/_wms/_l/electronicgames/hbn31/Lucky_fortune_cat_540.webp"
"301","JACKPOT JOKER","161","JILI","slot","5","0","0","18504","2025-07-07 16:12:06","/externals/C66FM/img/_wms/_l/electronicgames/JILI4/Jackpot_Joker_540.webp"
"dicedicedice0000","Dice Dice Dice","107","REDTIGER","slot","5","0","0","110","2024-11-06 16:08:52","/externals/C66FM/img/_wms/_l/electronicgames/redtiger31/Dice_dice_dice_540.webp"
"202","OrientalBeauty","073","CQ9","slot","5","0","0","325","2025-02-25 13:22:01","/externals/C66FM/img/_wms/_l/electronicgames/cq31/Oriental_beauty_540.webp"
"100","Candy Bonanza","100","PG","slot","5","0","0","929","2025-02-20 15:53:35","/externals/C66FM/img/_wms/_l/electronicgames/pg31/Candy_bonanza_540.webp"
"candycandy","Candy Craze","175","GameZone","slot","5","0","0","5246","2025-04-29 14:52:11","/externals/C66FM/img/_wms/_l/electronicgames/gp0618/Candy_Craze540.webp"
"117","5 God beasts","073","CQ9","slot","5","0","0","350","2025-03-06 16:35:48","/externals/C66FM/img/_wms/_l/electronicgames/cq9/5_god_beasts_540.webp"
"1_69","Xian Xia","103","TPG","slot","5","0","0","284","2024-11-05 15:50:04","/externals/C66FM/img/_wms/_l/electronicgames/tpg31/Xian_xia_540.webp"
"SGHeySushi","Hey Sushi","099","HBN","slot","5","0","0","77","2025-02-26 16:38:48","/externals/C66FM/img/_wms/_l/electronicgames/hbn31/Hey_sushi_540.webp"
"KYS-H5-99993","Master Of Gold Miner","508","5G","slot","5","0","0","1125","2025-02-25 17:28:18","/externals/C66FM/img/_wms/_l/electronicgames/5G/Master_of_gold_miner_540.webp"
"392","Coin Tree","161","JILI","slot","5","0","0","3310","2025-09-05 11:50:43","/externals/C66FM/img/_wms/_l/electronicgames/jili25/Coin_tree_540.webp"
"wixxdx1000000000","Wixx","192","NLC","slot","5","0","0","350","2025-01-06 16:56:42","/externals/C66FM/img/_wms/_l/electronicgames/nlc31/Wixx_540.webp"
"089","Lucky Fortune God","503","YGR","slot","5","0","0","1163","2025-04-03 17:21:32","/externals/C66FM/img/_wms/_l/electronicgames/324/Lucky_fortune_god_540.webp"
"201102","The Bowery Boys","207","HACKSAW","slot","5","0","0","160","2025-01-07 14:13:03","/externals/C66FM/img/_wms/_l/electronicgames/HACK/The_bowery_boys_540.webp"
"PSS-ON-00107","Super Boom","141","PLAYSTAR","slot","5","0","0","685","2025-02-24 16:42:27","/externals/C66FM/img/_wms/_l/electronicgames/plays/Super_boom_540.webp"
"0_14036","Super Niubi","104","JDB","slot","5","0","0","565","2025-08-19 16:39:31","/externals/C66FM/img/_wms/_l/electronicgames/JDB/Super_Niubi_540.webp"
"18_347","Fortunes of Olympus","105","RTG","slot","5","0","0","1413","2025-10-15 16:33:30","/externals/C66FM/img/_wms/_l/electronicgames/rtg31/Fortunes_of_olympus_540.webp"
"redhotbbq0000000","Red Hot BBQ","107","REDTIGER","slot","5","0","0","390","2024-11-11 16:46:57","/externals/C66FM/img/_wms/_l/electronicgames/RTG0705/Red_hot_bbq_540.webp"
"22063","QUEEN OF INCA","176","FACHAI","slot","5","0","0","8187","2025-12-15 18:46:59","/externals/C66FM/img/_wms/_l/electronicgames/facai/Queen_of_inca_540.jpg"
"1005","Casino Fantasy","505","YB","slot","5","0","0","298","2025-02-26 15:32:49","/externals/C66FM/img/_wms/_l/electronicgames/YB/Casino_fantasy_540.webp"
"vs20forge","Forge of Olympus","199","PP","slot","5","0","0","2505","2025-02-20 11:32:18","/externals/C66FM/img/_wms/_l/electronicgames/PP/Forge_of_olympus_540.webp"
"22018","Night Market","176","FACHAI","slot","5","0","0","10507","2025-02-21 15:48:18","/externals/C66FM/img/_wms/_l/electronicgames/fc31/Night_market_540.webp"
"18_300","Copy Cat Fortune","105","RTG","slot","5","0","1","303","2024-11-06 09:47:42","/externals/C66FM/img/_wms/_l/electronicgames/rtg31/Copy_cat_fortune_540.webp"
"peggysweets00000","Peggy Sweets","107","REDTIGER","slot","5","0","0","560","2024-11-11 16:47:12","/externals/C66FM/img/_wms/_l/electronicgames/RTG0705/Peggy_sweets_540.webp"
"hellskitchenr000","Gordon Ramsay Hells Kitchen","106","NETENT","slot","5","0","0","33","2024-11-05 16:57:58","/externals/C66FM/img/_wms/_l/electronicgames/net31/Gordon_ramsay_hells_kitchen_540.webp"
"122","ZumaWild","073","CQ9","slot","5","0","0","820","2025-02-25 13:32:13","/externals/C66FM/img/_wms/_l/electronicgames/cq31/Zuma_wild_540.webp"
"warriorgryarddx1","Warrior Graveyard xNudge","192","NLC","slot","5","0","0","359","2025-01-06 16:56:59","/externals/C66FM/img/_wms/_l/electronicgames/nlc31/Warrior_graveyard_xnudge_540.webp"
"1018","Golden Bunny","505","YB","slot","5","0","0","347","2025-02-26 15:33:05","/externals/C66FM/img/_wms/_l/electronicgames/YB/Golden_bunny_540.webp"
"SGGoldenUnicornDeluxe","Golden Unicorn Deluxe","099","HBN","slot","5","0","0","1239","2025-02-26 16:39:24","/externals/C66FM/img/_wms/_l/electronicgames/HBN31/Golden_unicorn_deluxe_540.webp"
"0_14087","Pop Pop Candy","104","JDB","slot","5","0","0","2730","2025-04-15 15:26:29","/externals/C66FM/img/_wms/_l/electronicgames/jdb27/Pop_pop_candy_540.webp"
"201209","RIP City","207","HACKSAW","slot","5","0","0","199","2025-01-07 14:15:05","/externals/C66FM/img/_wms/_l/electronicgames/HACK/Rip_city_540.webp"
"PSS-ON-00153","Mystic Legend 2","141","PLAYSTAR","slot","5","0","0","1039","2025-02-24 16:43:02","/externals/C66FM/img/_wms/_l/electronicgames/plays/Mystic_legend_2_540.webp"
"57","Dragon Hatch","100","PG","slot","5","0","0","851","2025-03-17 13:59:18","/externals/C66FM/img/_wms/_l/electronicgames/pg31/Dragon_hatch_540.webp"
"378","Golden Bank 2","161","JILI","slot","5","0","0","2829","2025-05-22 17:27:02","/externals/C66FM/img/_wms/_l/electronicgames/jili25/Golden_bank_2_540.webp"
"4squad0000000000","4Squad","107","REDTIGER","slot","5","0","0","148","2024-11-06 16:11:44","/externals/C66FM/img/_wms/_l/electronicgames/redtiger31/4_squad_540.webp"
"1042","Royal Hunter","505","YB","slot","5","0","0","2541","2026-01-12 10:33:29","/externals/C66FM/img/_wms/_l/electronicgames/yb219/Royal_hunter_540.webp"
"18_302","Twister Wilds","105","RTG","slot","5","0","0","58","2024-11-06 09:47:54","/externals/C66FM/img/_wms/_l/electronicgames/rtg31/Twister_wilds_540.webp"
"0_14041","Mjolnir","104","JDB","slot","5","0","0","2260","2025-04-15 15:26:41","/externals/C66FM/img/_wms/_l/electronicgames/jdb27/Mjolnir-540.webp"
"bonusbunniesdx10","Bonus Bunnies","192","NLC","slot","5","0","0","274","2025-01-06 16:57:17","/externals/C66FM/img/_wms/_l/electronicgames/nlc31/Bonus_bunnies_540.webp"
"vs20olympxmas","Gates Of Olympus Xmas 1000","199","PP","slot","5","0","0","2382","2025-05-22 17:24:05","/externals/C66FM/img/_wms/_l/electronicgames/PP/Gates_of_olympus_xmas_1000_540.webp"
"1_54","Mischievous Pirates","103","TPG","slot","5","0","0","190","2024-11-05 15:51:46","/externals/C66FM/img/_wms/_l/electronicgames/tpg31/Mischievous_pirates_540.webp"
"23","YuanBao","073","CQ9","slot","5","0","0","487","2025-02-25 13:32:42","/externals/C66FM/img/_wms/_l/electronicgames/cq31/Yuan_bao_540.webp"
"30","Bubble Beauty","161","JILI","slot","5","0","0","10634","2025-02-21 16:51:04","/externals/C66FM/img/_wms/_l/electronicgames/jili4/Bubble_beauty_540.webp"
"SGHappiestChristmasTree","Happiest Christmas Tree","099","HBN","slot","5","0","0","974","2025-10-30 11:22:58","/externals/C66FM/img/_wms/_l/electronicgames/hbn31/Happiest_christmas_tree_540.webp"
"201400","Twisted Lab","207","HACKSAW","slot","5","0","0","104","2025-01-07 14:15:40","/externals/C66FM/img/_wms/_l/electronicgames/HACK/Twisted_lab_540.webp"
"PSS-ON-00119","Lucky Poker 2","141","PLAYSTAR","slot","5","0","0","548","2024-11-04 15:35:16","/externals/C66FM/img/_wms/_l/electronicgames/plays/Lucky_poker_2.webp"
"1671262","Gemstones Gold","100","PG","slot","5","0","0","1940","2025-02-20 15:54:06","/externals/C66FM/img/_wms/_l/electronicgames/PG/Gemstones_gold_540.webp"
"22029","Cowboys","176","FACHAI","slot","5","0","0","4801","2025-02-21 15:48:57","/externals/C66FM/img/_wms/_l/electronicgames/fc31/Cowboys_540.webp"
"1_64","Fortune Hot Pot","103","TPG","slot","5","0","0","365","2024-11-05 15:52:01","/externals/C66FM/img/_wms/_l/electronicgames/tpg31/Fortune_hotpot_540.webp"
"SGHotHotFruit","Hot Hot Fruit","099","HBN","slot","5","0","0","2087","2025-03-24 13:33:49","/externals/C66FM/img/_wms/_l/electronicgames/hbn31/Hot_hot_fruit_540.webp"
"intherabbithole0","In the Rabbit Hole","107","REDTIGER","slot","5","0","0","236","2024-11-11 16:47:43","/externals/C66FM/img/_wms/_l/electronicgames/RTG0705/In_the_rabbit_hole_540.webp"
"1040","Lucky Meow","505","YB","slot","5","0","0","558","2025-02-26 15:33:29","/externals/C66FM/img/_wms/_l/electronicgames/yb219/Lucky_meow_540.webp"
"fruitshopr400000","Fruit Shop","106","NETENT","slot","5","0","0","42","2024-11-05 16:34:47","/externals/C66FM/img/_wms/_l/electronicgames/net31/Fruit_shop_540.webp"
"vs20sugrux","Sugar Rush Xmas","199","PP","slot","5","0","0","2282","2025-02-20 11:32:42","/externals/C66FM/img/_wms/_l/electronicgames/PP/Sugar_rush_xmas_540.webp"
"0_14063","BigThreeDragons","104","JDB","slot","5","0","0","1307","2025-04-15 15:26:52","/externals/C66FM/img/_wms/_l/electronicgames/jdb31/Big_three_dragons_540.webp"
"22059","Chilihuahua","176","FACHAI","slot","5","0","0","14667","2025-02-21 15:49:11","/externals/C66FM/img/_wms/_l/electronicgames/0722/Chilihuahua_540.webp"
"161","Hercules","073","CQ9","slot","5","0","0","365","2025-02-25 13:32:53","/externals/C66FM/img/_wms/_l/electronicgames/cq31/Hercules_540.webp"
"27","Seven Seven Seven","161","JILI","slot","5","0","0","17884","2025-07-28 19:02:10","/externals/C66FM/img/_wms/_l/electronicgames/JILI4/Seven_seven_seven_540.webp"
"PSS-ON-00070","Alchemy","141","PLAYSTAR","slot","5","0","0","320","2025-02-24 16:45:07","/externals/C66FM/img/_wms/_l/electronicgames/ps31/Alchemy_540.webp"
"1402846","Midas Fortune","100","PG","slot","5","0","0","1657","2025-01-03 17:01:04","/externals/C66FM/img/_wms/_l/electronicgames/PG/Midas_fortune_540.webp"
"PSS-ON-00116","Burlesque 2","141","PLAYSTAR","slot","5","0","0","394","2024-11-04 15:37:35","/externals/C66FM/img/_wms/_l/electronicgames/plays/Burlesque_2_540.webp"
"SGTukTukThailand","Tuk Tuk Thailand","099","HBN","slot","5","0","0","1470","2025-02-26 16:42:14","/externals/C66FM/img/_wms/_l/electronicgames/HBN31/Tuk_tuk_thailand_540.webp"
"reelrushr4000000","Reel Rush","106","NETENT","slot","5","0","0","63","2024-11-05 16:34:58","/externals/C66FM/img/_wms/_l/electronicgames/net31/Reel_rush_540.webp"
"bloodsuckersmega","Blood Suckers™ Megaways™","107","REDTIGER","slot","5","0","0","272","2024-11-11 16:48:10","/externals/C66FM/img/_wms/_l/electronicgames/RTG0705/Blood_suckers_megaways_540.webp"
"45","GOLDEN BANK","161","JILI","slot","5","0","0","11865","2025-02-21 16:51:37","/externals/C66FM/img/_wms/_l/electronicgames/JILI4/Golden_bank_540.webp"
"hotnudgedx100000","Hot Nudge","192","NLC","slot","5","0","0","219","2025-01-06 17:06:13","/externals/C66FM/img/_wms/_l/electronicgames/nlc31/Hot_nudge_540.webp"
"201353","Divine Drop","207","HACKSAW","slot","5","0","0","178","2025-01-07 14:19:34","/externals/C66FM/img/_wms/_l/electronicgames/HACK/Divine_drop_540.webp"
"1543462","Fortune Rabbit","100","PG","slot","5","0","0","1017","2025-02-20 15:54:26","/externals/C66FM/img/_wms/_l/electronicgames/PG/Fortune_rabbit_540.webp"
"1_83","High Way Kings","103","TPG","slot","5","0","0","91","2024-11-05 15:52:11","/externals/C66FM/img/_wms/_l/electronicgames/tpg31/High_way_kings_540.webp"
"PSS-ON-00150","Caishen-Lucky Spread","141","PLAYSTAR","slot","5","0","0","935","2025-02-24 16:45:21","/externals/C66FM/img/_wms/_l/electronicgames/plays/Caishen_lucky_spread_540.webp"
"22066","Roma Gladiatrix","176","FACHAI","slot","5","0","0","3236","2025-07-11 10:06:36","/externals/C66FM/img/_wms/_l/electronicgames/1223/Roma_gladiatrix_540.webp"
"66","Fire777","073","CQ9","slot","5","0","0","1183","2025-02-25 13:47:24","/externals/C66FM/img/_wms/_l/electronicgames/cq31/Fire_777_540.webp"
"vs20clustwild","Sticky Bees","199","PP","slot","5","0","0","2282","2025-02-20 11:35:35","/externals/C66FM/img/_wms/_l/electronicgames/PP/Sticky_bees_540.webp"
"198","Sweet Land","161","JILI","slot","5","0","0","13959","2024-11-12 09:27:53","/externals/C66FM/img/_wms/_l/electronicgames/JILI4/Sweet_land_540.webp"
"177","Aladdin's lamp","073","CQ9","slot","5","0","0","375","2025-03-06 16:35:56","/externals/C66FM/img/_wms/_l/electronicgames/cq9/Aladdins_lamp_540.webp"
"22028","Treasure Cruise","176","FACHAI","slot","5","0","0","2617","2025-06-13 09:45:10","/externals/C66FM/img/_wms/_l/electronicgames/fc31/Treasure_cruise_540.webp"
"sheepgonewild000","Sheep Gone Wild","107","REDTIGER","slot","5","0","0","357","2024-11-11 16:49:24","/externals/C66FM/img/_wms/_l/electronicgames/RTG0705/Sheep_gone_wild_540.webp"
"vs20gatotgates","Gates of Gatot Kaca","199","PP","slot","5","0","0","1813","2026-02-04 18:04:40","/externals/C66FM/img/_wms/_l/electronicgames/PP/Gates_of_gatot_kaca_540.webp"
"gaelicgolddx1000","Gaelic Gold","192","NLC","slot","5","0","0","349","2024-11-04 17:57:05","/externals/C66FM/img/_wms/_l/electronicgames/nlc31/Gaelic_gold_540.webp"
"PSS-ON-00152","Caishen Daddy","141","PLAYSTAR","slot","5","0","0","941","2025-02-24 16:45:57","/externals/C66FM/img/_wms/_l/electronicgames/plays/Caishen_daddy_540.webp"
"79","Dreams of Macau","100","PG","slot","5","0","0","1276","2025-02-20 15:54:36","/externals/C66FM/img/_wms/_l/electronicgames/pg31/Dreams_of_macau_540.webp"
"18_289","Bubble Bubble 3","105","RTG","slot","5","0","1","111","2024-11-06 09:53:07","/externals/C66FM/img/_wms/_l/electronicgames/rtg31/Bubble_bubble_3_540.webp"
"0_8001","Lucky dragons","104","JDB","slot","5","0","0","654","2025-04-15 15:28:39","/externals/C66FM/img/_wms/_l/electronicgames/jdb31/Lucky_dragons_540.webp"
"201138","Dork Unit","207","HACKSAW","slot","5","0","0","182","2025-01-07 14:20:02","/externals/C66FM/img/_wms/_l/electronicgames/HACK/Dork_unit_540.webp"
"1_89","Knight Gambit","103","TPG","slot","5","0","0","222","2024-11-05 15:52:24","/externals/C66FM/img/_wms/_l/electronicgames/tpg31/Knight_gambit_540.webp"
"SGSojuBomb","Soju Bomb","099","HBN","slot","5","0","0","350","2025-02-26 16:42:25","/externals/C66FM/img/_wms/_l/electronicgames/HBN31/Soju_bomb_540.webp"
"144","Jili Caishen","161","JILI","slot","5","0","0","13522","2025-02-21 16:52:06","/externals/C66FM/img/_wms/_l/electronicgames/jili4/Jili_Caishen_540.webp"
"romer00000000000","Rome:The Golden Age","106","NETENT","slot","5","0","0","47","2024-11-05 16:35:13","/externals/C66FM/img/_wms/_l/electronicgames/net31/Rome_the_golden_age_540.webp"
"1695365","Fortune Dragon","100","PG","slot","5","0","0","939","2025-02-20 15:54:58","/externals/C66FM/img/_wms/_l/electronicgames/PG/Fortune_dragon_540.webp"
"dazzlemwr2000000","Dazzle Me Megaways","106","NETENT","slot","5","0","0","47","2024-11-05 16:41:08","/externals/C66FM/img/_wms/_l/electronicgames/net31/Dazzle_me_megaways_540.webp"
"vswaysstampede","Fire Stampede","199","PP","slot","5","0","0","2664","2026-02-09 19:08:46","/externals/C66FM/img/_wms/_l/electronicgames/usa/Fire_stampede_540.webp"
"1_65","Ying Cai Shen","103","TPG","slot","5","0","0","214","2024-11-05 15:52:37","/externals/C66FM/img/_wms/_l/electronicgames/tpg31/Ying_cai_shen_540.webp"
"PSS-ON-00111","Da Fu Gui","141","PLAYSTAR","slot","5","0","0","633","2024-11-04 16:52:46","/externals/C66FM/img/_wms/_l/electronicgames/plays/Da_fu_gui_540.webp"
"18_190","Popiñata","105","RTG","slot","5","0","0","183","2024-11-06 10:32:29","/externals/C66FM/img/_wms/_l/electronicgames/rtg31/Popinata_540.webp"
"0_14010","Dragon","104","JDB","slot","5","0","0","614","2025-04-15 15:28:48","/externals/C66FM/img/_wms/_l/electronicgames/jdb31/Dragon_540.webp"
"folsomprisondx10","Folsom Prison","192","NLC","slot","5","0","0","222","2025-01-06 17:18:58","/externals/C66FM/img/_wms/_l/electronicgames/nlc31/Folsom_prison_540.webp"
"225","Mr. Miser","073","CQ9","slot","5","0","0","402","2025-03-06 16:36:25","/externals/C66FM/img/_wms/_l/electronicgames/cq9/Mr_miser_540.webp"
"10001nights00000","10001 Nights","107","REDTIGER","slot","5","0","0","493","2024-11-06 16:26:17","/externals/C66FM/img/_wms/_l/electronicgames/redtiger31/10001_nights_540.webp"
"201059","Chaos Crew","207","HACKSAW","slot","5","0","0","127","2025-01-07 14:20:29","/externals/C66FM/img/_wms/_l/electronicgames/HACK/Chaos_crew_540.webp"
"209","Aztec Priestess","161","JILI","slot","5","0","0","19058","2025-02-21 16:52:21","/externals/C66FM/img/_wms/_l/electronicgames/JILI4/Aztec_priestess_540.webp"
"22042","Treasure Raiders","176","FACHAI","slot","5","0","0","3014","2025-02-21 15:50:00","/externals/C66FM/img/_wms/_l/electronicgames/fc31/Treasure_raiders_540.webp"
"27001","Money Tree Dozer","176","FACHAI","live-casino","8","0","0","1319","2025-12-09 14:15:06","/externals/C66FM/img/_wms/_l/electronicgames/527/fortunetree.webp"
"18_292","Legend of Helios","105","RTG","slot","5","0","0","109","2024-11-06 10:32:39","/externals/C66FM/img/_wms/_l/electronicgames/rtg31/Legend_of_helios_540.webp"
"15","GuGuGu","073","CQ9","slot","5","0","0","217","2025-02-25 13:51:18","/externals/C66FM/img/_wms/_l/electronicgames/cq31/Gu_gu_gu_540.webp"
"127","Speed Winner","100","PG","slot","5","0","0","1166","2025-02-20 16:00:22","/externals/C66FM/img/_wms/_l/electronicgames/PG/Speed_winner_540.webp"
"dragontribedx100","Dragon Tribe","192","NLC","slot","5","0","0","254","2024-11-04 17:57:37","/externals/C66FM/img/_wms/_l/electronicgames/nlc31/Dragon_tribe_540.webp"
"22039","Robin Hood","176","FACHAI","slot","5","0","0","1973","2025-02-21 15:50:14","/externals/C66FM/img/_wms/_l/electronicgames/fc31/Robin_hood_540.webp"
"bookofshadowsdx1","Book of Shadows","192","NLC","slot","5","0","0","191","2025-01-06 17:19:15","/externals/C66FM/img/_wms/_l/electronicgames/nlc31/Book_of_shadows_540.webp"
"SGLegendaryBeasts","Legendary Beasts","099","HBN","slot","5","0","0","662","2025-02-26 16:42:50","/externals/C66FM/img/_wms/_l/electronicgames/HBN31/Legendary_beasts_540.webp"
"201126","Buffalo Stack'n'Sync","207","HACKSAW","slot","5","0","0","217","2025-01-07 14:26:22","/externals/C66FM/img/_wms/_l/electronicgames/HACK/Buffalo_stack_n_sync_540.webp"
"1_55","Vampires Feast","103","TPG","slot","5","0","0","130","2024-11-05 15:52:50","/externals/C66FM/img/_wms/_l/electronicgames/tpg31/Vampire_feast_540.webp"
"375","Poseidon","161","JILI","slot","5","0","0","3487","2025-05-22 17:27:20","/externals/C66FM/img/_wms/_l/electronicgames/jili/Poseidon_540.webp"
"alohaj0r40000000","Aloha! Cluster Pays","106","NETENT","slot","5","0","0","181","2024-11-05 16:41:19","/externals/C66FM/img/_wms/_l/electronicgames/net31/Aloha_cluster_pays_540.webp"
"0_14094","Bull Treasure","104","JDB","slot","5","0","0","596","2025-08-19 17:04:22","/externals/C66FM/img/_wms/_l/electronicgames/JDB/Bull_Treasure_540.webp"
"vs20sugarnudge","Sugar Supreme Powernudge","199","PP","slot","5","0","0","2494","2025-02-20 11:36:11","/externals/C66FM/img/_wms/_l/electronicgames/PP/Sugar_supreme_powernudge_540.webp"
"18_285","Lucky Catch","105","RTG","slot","5","0","0","70","2024-11-06 09:52:35","/externals/C66FM/img/_wms/_l/electronicgames/rtg31/Lucky_catch_540.webp"
"201171","Undead Fortune","207","HACKSAW","slot","5","0","0","161","2025-01-07 14:26:42","/externals/C66FM/img/_wms/_l/electronicgames/HACK/Undead_fortune_540.webp"
"106","Ways of the Qilin","100","PG","slot","5","0","0","2212","2025-02-20 16:00:32","/externals/C66FM/img/_wms/_l/electronicgames/PG/Ways_of_the_qilin_540.webp"
"22022","Fortune Koi","176","FACHAI","slot","5","0","0","1752","2025-02-21 15:50:58","/externals/C66FM/img/_wms/_l/electronicgames/fc31/Fortune_koi_540.webp"
"SGProst","Prost!","099","HBN","slot","5","0","0","522","2025-02-26 16:43:02","/externals/C66FM/img/_wms/_l/electronicgames/HBN31/Prost_540.webp"
"dazzler400000000","Dazzle Me","106","NETENT","slot","5","0","0","41","2024-11-05 16:41:32","/externals/C66FM/img/_wms/_l/electronicgames/net31/Dazzle_me_540.webp"
"6_1","Book of Dragons","103","TPG","slot","5","0","0","147","2024-11-05 15:53:00","/externals/C66FM/img/_wms/_l/electronicgames/tpg31/Book_of_dragons_540.webp"
"vs20pbonanza","Pyramid Bonanza","199","PP","slot","5","0","0","1164","2025-02-20 11:36:40","/externals/C66FM/img/_wms/_l/electronicgames/PP/Pyramid_bonanza_540.webp"
"0_8048","OpenSesameII","104","JDB","slot","5","0","0","1233","2025-04-15 15:29:14","/externals/C66FM/img/_wms/_l/electronicgames/jdb31/Open_sesame_ii_540.webp"
"PSS-ON-00108","Rat Of Wealth","141","PLAYSTAR","slot","5","0","0","338","2024-11-04 16:54:48","/externals/C66FM/img/_wms/_l/electronicgames/plays/Rat_of_wealth_540.webp"
"180","Gu Gu Gu 3","073","CQ9","slot","5","0","0","353","2025-02-25 13:51:58","/externals/C66FM/img/_wms/_l/electronicgames/cq31/Gu_gu_gu_3_540.webp"
"miseryminingdx10","Misery Mining","192","NLC","slot","5","0","0","148","2025-01-06 17:20:07","/externals/C66FM/img/_wms/_l/electronicgames/nlc31/Misery_mining_540.webp"
"399","3 COIN TREASURES","161","JILI","slot","5","0","0","8496","2026-01-23 19:00:36","/externals/C66FM/img/_wms/_l/electronicgames/jili/3_coin_treasures_540.webp"
"wantedwildz00000","Wanted Wildz","107","REDTIGER","slot","5","0","0","621","2024-11-11 16:49:48","/externals/C66FM/img/_wms/_l/electronicgames/RTG0705/Wanted_wildz_maxwin_540.webp"
"137","Gold Rush","161","JILI","slot","5","0","0","15183","2025-02-21 16:57:13","/externals/C66FM/img/_wms/_l/electronicgames/jili4/Gold_rush_540.webp"
"22032","Magic Beans","176","FACHAI","slot","5","0","0","5978","2025-02-21 15:51:11","/externals/C66FM/img/_wms/_l/electronicgames/fc31/Magic_beans_540.webp"
"deadoraliver4000","Dead or Alive","106","NETENT","slot","5","0","0","94","2024-11-05 16:54:27","/externals/C66FM/img/_wms/_l/electronicgames/net31/Dead_or_alive_540.webp"
"happyapples00000","Happy Apples","107","REDTIGER","slot","5","0","0","463","2024-11-11 16:50:47","/externals/C66FM/img/_wms/_l/electronicgames/RTG0705/Happy_apples_540.webp"
"SGTaikoBeats","Taiko Beats","099","HBN","slot","5","0","0","727","2025-02-26 16:43:14","/externals/C66FM/img/_wms/_l/electronicgames/HBN31/Taiko_beats_540.webp"
"201416","Octo Attack","207","HACKSAW","slot","5","0","0","142","2025-01-07 14:26:59","/externals/C66FM/img/_wms/_l/electronicgames/HACK/Octo_attack_540.webp"
"hot4cashdx100000","Hot 4 Cash","192","NLC","slot","5","0","0","155","2025-01-06 17:20:24","/externals/C66FM/img/_wms/_l/electronicgames/nlc31/Hot_4_cash_540.webp"
"84","Queen of Bounty","100","PG","slot","5","0","0","1235","2025-02-20 16:00:42","/externals/C66FM/img/_wms/_l/electronicgames/pg31/Queen_of_bounty_540.webp"
"vs20stickywild","Wild Bison Charge","199","PP","slot","5","0","0","770","2025-02-20 11:36:54","/externals/C66FM/img/_wms/_l/electronicgames/PP/Wild_bison_charge_540.webp"
"38","Feng Shen","161","JILI","slot","5","0","0","9613","2025-02-21 16:57:27","/externals/C66FM/img/_wms/_l/electronicgames/JILI4/Feng_shen_540.webp"
"desertlegendsspi","Desert Legends Spin","107","REDTIGER","slot","5","0","0","295","2024-11-11 16:53:06","/externals/C66FM/img/_wms/_l/electronicgames/RTG0705/Desert_legends_spins_540.webp"
"vs20schristmas","Starlight Christmas","199","PP","slot","5","0","0","1941","2025-02-20 11:37:08","/externals/C66FM/img/_wms/_l/electronicgames/PP/Starlight_christmas_540.webp"
"SGDragonTigerGate","DRAGON TIGER","099","HBN","slot","5","0","0","1139","2025-02-26 16:43:25","/externals/C66FM/img/_wms/_l/electronicgames/HBN/Dragon_tiger_540.webp"
"18_295","Sparky 7","105","RTG","slot","5","0","0","54","2024-11-06 09:50:39","/externals/C66FM/img/_wms/_l/electronicgames/rtg31/Sparky_7_540.webp"
"theborderdx10000","The Border","192","NLC","slot","5","0","0","270","2025-01-06 17:20:39","/externals/C66FM/img/_wms/_l/electronicgames/nlc31/The_border_540.webp"
"0_8047","WinningMaskII","104","JDB","slot","5","0","0","690","2025-04-15 15:40:13","/externals/C66FM/img/_wms/_l/electronicgames/jdb31/Winning_mask_ii_540.webp"
"83","Fire Queen","073","CQ9","slot","5","0","0","233","2025-01-07 18:01:56","/externals/C66FM/img/_wms/_l/electronicgames/cq31/Fire_queen_540.webp"
"22034","Gold Rush","176","FACHAI","slot","5","0","0","1797","2025-02-21 15:51:29","/externals/C66FM/img/_wms/_l/electronicgames/fc31/Gold_rush_540.webp"
"1568554","Wild Heist Cashout","100","PG","slot","5","0","0","1051","2025-05-22 17:33:15","/externals/C66FM/img/_wms/_l/electronicgames/PG/Wild_heist_cashout_540.webp"
"22045","Merge Magic","176","FACHAI","slot","5","0","0","1712","2025-02-21 15:52:09","/externals/C66FM/img/_wms/_l/electronicgames/fc31/Merge_magic_540.webp"
"cobraqueen000000","Cobra Queen","107","REDTIGER","slot","5","0","0","317","2024-11-11 16:53:24","/externals/C66FM/img/_wms/_l/electronicgames/RTG0705/Cobra_queen_maxwin_540.webp"
"1451122","Dragon Hatch 2","100","PG","slot","5","0","0","523","2025-02-20 16:01:09","/externals/C66FM/img/_wms/_l/electronicgames/PG/Dragon_hatch_2_540.webp"
"PSS-ON-00105","Challenge・Golden Pig","141","PLAYSTAR","slot","5","0","0","2297","2024-10-31 16:54:49","/externals/C66FM/img/_wms/_l/electronicgames/ps31/Challenge_golden_pig_540.webp"
"vs20ninjapower","Power of Ninja","199","PP","slot","5","0","0","940","2025-02-20 11:37:36","/externals/C66FM/img/_wms/_l/electronicgames/PP/Power_of_ninja_540.webp"
"182","Thor 2","073","CQ9","slot","5","0","0","534","2025-02-25 13:52:38","/externals/C66FM/img/_wms/_l/electronicgames/cq31/Thor_2_540.webp"
"coinsoffotunedx1","Coins of Fortune","192","NLC","slot","5","0","0","541","2025-07-07 17:05:17","/externals/C66FM/img/_wms/_l/electronicgames/nlc31/Coins_of_fortune_540.webp"
"SGRainbowmania","Rainbowmania","099","HBN","slot","5","0","0","814","2025-02-26 16:43:37","/externals/C66FM/img/_wms/_l/electronicgames/HBN31/Rainbow_mania_540.webp"
"gonzosgoldr20000","Gonzo’s Gold","106","NETENT","slot","5","0","0","41","2024-11-05 16:55:36","/externals/C66FM/img/_wms/_l/electronicgames/net31/Gonzos_gold_540.webp"
"303","FORTUNE MONKEY","161","JILI","slot","5","0","0","3868","2025-02-21 16:57:41","/externals/C66FM/img/_wms/_l/electronicgames/JILI0621/Fortune_monkey_540.webp"
"18_283","Princess Warrior","105","RTG","slot","5","0","0","50","2024-11-06 10:32:53","/externals/C66FM/img/_wms/_l/electronicgames/rtg31/Princess_warrior_540.webp"
"126","Fortune Tiger","100","PG","slot","5","0","0","739","2025-02-20 16:01:19","/externals/C66FM/img/_wms/_l/electronicgames/PG/Fortune_tiger_540.webp"
"blobsterscluster","Blobsters ClusterBuster™","107","REDTIGER","slot","5","0","0","241","2024-11-11 16:53:39","/externals/C66FM/img/_wms/_l/electronicgames/RTG0705/Blobsters_clusterbuster_540.webp"
"201130","Outlaws Inc.","207","HACKSAW","slot","5","0","0","137","2025-01-07 14:33:54","/externals/C66FM/img/_wms/_l/electronicgames/HACK/Outlaws_inc_540.webp"
"46","Wolf Moon","073","CQ9","slot","5","0","0","385","2025-02-25 13:57:21","/externals/C66FM/img/_wms/_l/electronicgames/CQ9/Wolf_moon_540.webp"
"18_162","Lucky 6","105","RTG","slot","5","0","0","117","2024-11-06 10:33:10","/externals/C66FM/img/_wms/_l/electronicgames/rtg31/Lucky_6_540.webp"
"SGNaughtyWukong","Naughty Wukong","099","HBN","slot","5","0","0","443","2025-02-26 16:43:48","/externals/C66FM/img/_wms/_l/electronicgames/HBN31/Naughty_wu_kong_540.webp"
"22036","Rich Man","176","FACHAI","slot","5","0","0","1796","2025-02-21 15:53:08","/externals/C66FM/img/_wms/_l/electronicgames/fc31/Rich_man_540.webp"
"legionxdx1000000","Legion X","192","NLC","slot","5","0","0","88","2025-01-06 17:21:16","/externals/C66FM/img/_wms/_l/electronicgames/nlc31/Legion_x_540.webp"
"vs20dhcluster","Twilight Princess","199","PP","slot","5","0","0","1623","2025-02-20 11:37:48","/externals/C66FM/img/_wms/_l/electronicgames/PP/Twilight_princess_540.webp"
"excalibur0000000","Excalibur","106","NETENT","slot","5","0","0","51","2024-11-05 16:55:46","/externals/C66FM/img/_wms/_l/electronicgames/net31/Excalibur_540.webp"
"27005","Lightning Bomb","176","FACHAI","live-casino","8","0","0","2014","2025-11-17 15:45:14","/externals/C66FM/img/_wms/_l/electronicgames/fc31/Lightning_bomb_540.webp"
"0_14033","Birds Party","104","JDB","slot","5","0","0","357","2025-08-19 16:09:05","/externals/C66FM/img/_wms/_l/electronicgames/JDB/Birds_Party_540.webp"
"85","Pharaoh Treasure","161","JILI","slot","5","0","0","9333","2025-02-21 16:58:04","/externals/C66FM/img/_wms/_l/electronicgames/jili4/Pharaoh_treasure_540.webp"
"PSS-ON-00102","Golden Week","141","PLAYSTAR","slot","5","0","0","352","2024-11-04 16:53:49","/externals/C66FM/img/_wms/_l/electronicgames/plays/Golden_week_540.webp"
"186","Fire Queen2","073","CQ9","slot","5","0","0","475","2025-02-25 13:57:55","/externals/C66FM/img/_wms/_l/electronicgames/cq31/Fire_queen_2_540.webp"
"183","Golden Joker","161","JILI","slot","5","0","0","14244","2025-02-21 16:58:16","/externals/C66FM/img/_wms/_l/electronicgames/JILI4/Golden_joker_540.webp"
"18_170","Super 6","105","RTG","slot","5","0","0","116","2024-11-06 10:33:22","/externals/C66FM/img/_wms/_l/electronicgames/rtg31/Super_6_540.webp"
"22050","Win Win Neko","176","FACHAI","slot","5","0","0","8179","2025-02-21 15:53:23","/externals/C66FM/img/_wms/_l/electronicgames/fc31/Win_win_neko_540.webp"
"48","Double Fortune","100","PG","slot","5","0","0","780","2025-02-20 16:01:44","/externals/C66FM/img/_wms/_l/electronicgames/pg31/Double_fortune_540.webp"
"magicpowersmegaw","Magic Powers Megaways™","107","REDTIGER","slot","5","0","0","216","2024-11-11 16:53:56","/externals/C66FM/img/_wms/_l/electronicgames/RTG0705/Magic_powers_megaways_540.webp"
"SGJump","Jump!","099","HBN","slot","5","0","0","105","2025-02-26 16:48:10","/externals/C66FM/img/_wms/_l/electronicgames/hbn31/Jump_540.webp"
"vswaysaztec","Aztec Gems Megaways","199","PP","slot","5","0","0","709","2025-02-20 11:38:19","/externals/C66FM/img/_wms/_l/electronicgames/PP/Aztec_gems_megaways_540.webp"
"eastvswestdx1000","East Coast vs West Coast","192","NLC","slot","5","0","0","103","2025-01-06 17:21:38","/externals/C66FM/img/_wms/_l/electronicgames/nlc31/East_coast_vs_west_coast_540.webp"
"steamtowerj0r200","Steam Tower","106","NETENT","slot","5","0","0","29","2024-11-05 16:55:57","/externals/C66FM/img/_wms/_l/electronicgames/net31/Steam_tower_540.webp"
"22016","Golden Panther","176","FACHAI","slot","5","0","0","2964","2025-02-21 15:53:44","/externals/C66FM/img/_wms/_l/electronicgames/fc31/Golden_panther_540.webp"
"vswaysfltdrgny","Floating Dragon New Year Festival Ultra Megaways Hold & Spin","199","PP","slot","5","0","0","388","2025-02-20 11:38:58","/externals/C66FM/img/_wms/_l/electronicgames/PP/Floating_dragon_new_year_festival_ultra_megaways_hold_and_spin_540.webp"
"dasxbootdx100000","Das xBoot","192","NLC","slot","5","0","0","120","2025-01-06 17:21:56","/externals/C66FM/img/_wms/_l/electronicgames/nlc31/Das_xboot_540.webp"
"372","3 Pot Dragons","161","JILI","slot","5","0","0","1266","2025-02-21 16:58:26","/externals/C66FM/img/_wms/_l/electronicgames/jili/3_pot_dragons_540.webp"
"jackhammerj0r400","Jack Hammer","106","NETENT","slot","5","0","0","23","2024-11-05 16:56:06","/externals/C66FM/img/_wms/_l/electronicgames/net31/Jack_hammer_540.webp"
"64","Zeus","073","CQ9","slot","5","0","0","390","2025-03-06 16:36:41","/externals/C66FM/img/_wms/_l/electronicgames/cq9/Zeus_540.webp"
"18_198","Kung Fu Rooster","105","RTG","slot","5","0","0","59","2024-11-06 10:33:33","/externals/C66FM/img/_wms/_l/electronicgames/rtg31/Kung_fu_rooster_540.webp"
"201296","Benny The Beer","207","HACKSAW","slot","5","0","0","195","2025-01-07 14:37:54","/externals/C66FM/img/_wms/_l/electronicgames/HACK/Benny_the_beer_540.webp"
"bountyraid000000","Bounty Raid","107","REDTIGER","slot","5","0","0","617","2025-06-30 11:46:59","/externals/C66FM/img/_wms/_l/electronicgames/redtiger31/Bountty_raid_540.webp"
"0_8017","NewYear","104","JDB","slot","5","0","0","337","2025-04-15 15:45:36","/externals/C66FM/img/_wms/_l/electronicgames/jdb31/New_year_540.webp"
"SGNineTails","Nine Tails","099","HBN","slot","5","0","0","356","2025-02-26 16:48:20","/externals/C66FM/img/_wms/_l/electronicgames/HBN31/Nine_tails_540.webp"
"71","Caishen Wins","100","PG","slot","5","0","0","936","2025-02-20 16:01:55","/externals/C66FM/img/_wms/_l/electronicgames/pg31/Caishen_wins_540.webp"
"82","Happy Fishing","161","JILI","live-casino","8","0","0","9829","2025-01-22 18:12:20","/externals/C66FM/img/_wms/_l/electronicgames/jili4/Happy_fishing_540.webp"
"376","Shōgun","161","JILI","slot","5","0","0","1990","2025-05-22 17:27:13","/externals/C66FM/img/_wms/_l/electronicgames/jili/Shogun_540.webp"
"18_340","Mermaid Royale","105","RTG","slot","5","0","0","716","2025-10-15 16:34:23","/externals/C66FM/img/_wms/_l/electronicgames/rtg31/Mermaid_royale_540.webp"
"disturbeddx10000","Disturbed","192","NLC","slot","5","0","0","126","2025-01-06 17:25:09","/externals/C66FM/img/_wms/_l/electronicgames/nlc31/Disturbed_540.webp"
"SGDiscoBeats","Disco Beats","099","HBN","slot","5","0","0","616","2025-02-26 16:48:31","/externals/C66FM/img/_wms/_l/electronicgames/HBN31/Disco_beats_540.webp"
"1513328","Super Golf Drive","100","PG","slot","5","0","0","2242","2025-02-20 16:02:15","/externals/C66FM/img/_wms/_l/electronicgames/PG/Super_golf_drive_540.webp"
"GB13","Football Fever M","073","CQ9","slot","5","0","0","170","2025-03-06 16:36:46","/externals/C66FM/img/_wms/_l/electronicgames/cq9/Football_fever_m_540.webp"
"201348","Rusty & Curly","207","HACKSAW","slot","5","0","0","99","2025-01-07 14:38:09","/externals/C66FM/img/_wms/_l/electronicgames/HACK/Rusty_&_curly_540.webp"
"0_14053","Spindrift 2","104","JDB","slot","5","0","0","275","2025-08-19 16:51:51","/externals/C66FM/img/_wms/_l/electronicgames/JDB/Spindrift_2_540.webp"
"SGAzlandsGold","Aztlan's Gold","099","HBN","slot","5","0","0","73","2024-11-07 15:10:13","/externals/C66FM/img/_wms/_l/electronicgames/hbn31/Aztlans_gold_540.webp"
"22051","Fortune Egg","176","FACHAI","slot","5","0","0","5103","2025-02-21 15:54:41","/externals/C66FM/img/_wms/_l/electronicgames/fc31/Fortune_egg_540.webp"
"vs20cbrhst","Cyber Heist","199","PP","slot","5","0","0","616","2025-02-20 11:39:14","/externals/C66FM/img/_wms/_l/electronicgames/PP/Cyber_heist_540.webp"
"PSS-ON-00099","Challenge·Mayan Calendar","141","PLAYSTAR","slot","5","0","0","626","2024-11-04 16:49:12","/externals/C66FM/img/_wms/_l/electronicgames/plays/Challenge_mayan_calendar_540.webp"
"0_14075","Fortune Neko","104","JDB","slot","5","0","0","394","2025-08-19 16:15:50","/externals/C66FM/img/_wms/_l/electronicgames/JDB/Fortune_Neko_540.webp"
"22030","Luxury Golden Panther","176","FACHAI","slot","5","0","0","1124","2025-02-21 15:55:50","/externals/C66FM/img/_wms/_l/electronicgames/fc31/Luxury_golden_panther_540.webp"
"serialdx10000000","Serial","192","NLC","slot","5","0","0","185","2025-01-06 17:25:23","/externals/C66FM/img/_wms/_l/electronicgames/nlc31/Serial_540.webp"
"69","FaCaiShen","073","CQ9","slot","5","0","0","532","2025-02-25 13:59:00","/externals/C66FM/img/_wms/_l/electronicgames/cq31/Fa_cai_shen_540.webp"
"18_244","Pig Winner","105","RTG","slot","5","0","0","173","2024-11-06 10:33:56","/externals/C66FM/img/_wms/_l/electronicgames/rtg31/Pig_winner_540.webp"
"SGLuckyLucky","Lucky Lucky","099","HBN","slot","5","0","0","1505","2025-02-26 16:48:41","/externals/C66FM/img/_wms/_l/electronicgames/hbn31/Lucky_lucky_540.webp"
"SGSantasVillage","Santa's Village","099","HBN","slot","5","0","0","61","2024-11-07 15:09:33","/externals/C66FM/img/_wms/_l/electronicgames/hbn31/Santas_village_540.webp"
"vs20cjcluster","Candy Jar Clusters","199","PP","slot","5","0","0","1293","2025-02-20 11:39:25","/externals/C66FM/img/_wms/_l/electronicgames/PP/Candy_jar_clusters_540.webp"
"cashvolt00000000","Cash volt","107","REDTIGER","slot","5","0","0","309","2024-11-06 16:34:07","/externals/C66FM/img/_wms/_l/electronicgames/redtiger31/Cash_bolt_540.webp"
"54","Captain's Bounty","100","PG","slot","5","0","0","1011","2025-02-20 16:10:01","/externals/C66FM/img/_wms/_l/electronicgames/pg31/Captains_bounty_540.webp"
"201220","Stormforged","207","HACKSAW","slot","5","0","0","130","2025-01-07 14:39:28","/externals/C66FM/img/_wms/_l/electronicgames/HACK/Stormforged_540.webp"
"22038","Glory Of Rome","176","FACHAI","slot","5","0","0","756","2025-02-21 15:56:15","/externals/C66FM/img/_wms/_l/electronicgames/fc31/Glory_of_rome_540.webp"
"18_315","Gem Strike","105","RTG","slot","5","0","0","967","2025-10-15 16:34:44","/externals/C66FM/img/_wms/_l/electronicgames/rtg31/Gem_strike_540.webp"
"1717688","Mystic Potion","100","PG","slot","5","0","0","877","2025-02-20 16:10:30","/externals/C66FM/img/_wms/_l/electronicgames/PG/Mystic_potion_540.webp"
"pearlharbordx100","Pearl Harbor","192","NLC","slot","5","0","0","110","2025-01-06 17:25:49","/externals/C66FM/img/_wms/_l/electronicgames/nlc31/Pearl_harbor_540.webp"
"PSS-ON-00096","Fortune Bull","141","PLAYSTAR","slot","5","0","0","666","2024-11-04 16:50:51","/externals/C66FM/img/_wms/_l/electronicgames/plays/Fortune_bull_495342.webp"
"vs20candybltz2","Candy Blitz Bombs","199","PP","slot","5","0","0","9812","2025-04-11 10:01:15","/externals/C66FM/img/_wms/_l/electronicgames/pl219/Candy_blitz_bombs_540.webp"
"201402","Tai the Toad","207","HACKSAW","slot","5","0","0","67","2025-01-07 14:39:59","/externals/C66FM/img/_wms/_l/electronicgames/HACK/Tai_the_toad_540.webp"
"piggyrichesmegaw","Piggy Riches Megaways","107","REDTIGER","slot","5","0","0","239","2024-11-06 16:34:18","/externals/C66FM/img/_wms/_l/electronicgames/redtiger31/Piggy_riches_megaways_540.webp"
"146","Sky Lanterns","073","CQ9","slot","5","0","0","618","2025-02-25 13:59:24","/externals/C66FM/img/_wms/_l/electronicgames/cq31/Sky_lanterns_540.webp"
"180","Legacy of Egypt","161","JILI","slot","5","0","0","6651","2025-02-21 17:00:16","/externals/C66FM/img/_wms/_l/electronicgames/jili/Legacy_of_egypt_540.webp"
"vswaysmegareel","Pompeii Megareels Megaways","199","PP","slot","5","0","0","605","2025-02-20 11:39:51","/externals/C66FM/img/_wms/_l/electronicgames/PP/Pompeii_megareels_megaways_540.webp"
"22023","Da Le Men","176","FACHAI","slot","5","0","0","491","2025-02-21 15:56:30","/externals/C66FM/img/_wms/_l/electronicgames/fc31/Da_le_men_540.webp"
"0_14060","Lantern Wealth","104","JDB","slot","5","0","0","295","2025-08-19 16:33:56","/externals/C66FM/img/_wms/_l/electronicgames/JDB/Lantern_Wealth_540.webp"
"SGCoyoteCrash","Coyote Crash","099","HBN","slot","5","0","0","18","2025-02-26 16:49:01","/externals/C66FM/img/_wms/_l/electronicgames/hbn31/Coyote_crash_540.webp"
"100","Super Rich","161","JILI","slot","5","0","0","7748","2025-02-21 17:00:31","/externals/C66FM/img/_wms/_l/electronicgames/JILI4/Super_rich_540.webp"
"londontube000000","London Tube","107","REDTIGER","slot","5","0","0","138","2024-11-12 09:48:22","/externals/C66FM/img/_wms/_l/electronicgames/RTG0705/London_tube_540.webp"
"80","Poseidon","073","CQ9","slot","5","0","0","667","2025-02-25 13:59:33","/externals/C66FM/img/_wms/_l/electronicgames/cq31/Poseidon_540.webp"
"110","Jurassic Kingdom","100","PG","slot","5","0","0","815","2025-02-20 16:10:41","/externals/C66FM/img/_wms/_l/electronicgames/PG/Jurassic_kingdom_540.webp"
"tombofneftitidx1","Tomb of Nefertiti","192","NLC","slot","5","0","0","213","2025-01-06 17:26:07","/externals/C66FM/img/_wms/_l/electronicgames/nlc31/Tomb_of_nefertiti_540.webp"
"201122","ITERO","207","HACKSAW","slot","5","0","0","122","2025-01-07 14:40:19","/externals/C66FM/img/_wms/_l/electronicgames/HACK/Itero_540.webp"
"PSS-ON-00101","Challenge · Fu Lu Shou Xi","141","PLAYSTAR","slot","5","0","0","402","2025-02-24 16:46:24","/externals/C66FM/img/_wms/_l/electronicgames/plays/Challenge_fu_lu_shou_xi_540.webp"
"18_319","Nine Realms","105","RTG","slot","5","0","0","617","2025-10-15 16:35:22","/externals/C66FM/img/_wms/_l/electronicgames/rtg31/Nine_realms_540.webp"
"benjikillegasdx1","Benji Killed in Vegas","192","NLC","slot","5","0","0","135","2025-01-06 17:26:25","/externals/C66FM/img/_wms/_l/electronicgames/nlc31/Benji_killed_in_vegas_540.webp"
"vs20fparty2","Fruit Party 2","199","PP","slot","5","0","0","469","2025-02-20 11:40:02","/externals/C66FM/img/_wms/_l/electronicgames/PP/Fruit_party_2_540.webp"
"0_14016","Kingsman","104","JDB","slot","5","0","0","402","2025-04-15 15:46:24","/externals/C66FM/img/_wms/_l/electronicgames/JDB/Kingsman_540.webp"
"SGReturnToTheFeature","Return To The Feature","099","HBN","slot","5","0","0","425","2025-02-26 16:49:11","/externals/C66FM/img/_wms/_l/electronicgames/HBN31/Return_to_the_feature_540.webp"
"92","Thai River Wonders","100","PG","slot","5","0","0","618","2025-02-20 16:10:54","/externals/C66FM/img/_wms/_l/electronicgames/pg31/Thai_river_wonders_540.webp"
"reelkeeperpowerr","Reel Keeper Power Reels","107","REDTIGER","slot","5","0","0","167","2024-11-12 09:48:50","/externals/C66FM/img/_wms/_l/electronicgames/RTG0705/Reel_keeper_power_reels_540.webp"
"22024","Animal Racing","176","FACHAI","slot","5","0","0","559","2025-02-21 15:56:45","/externals/C66FM/img/_wms/_l/electronicgames/fc31/Animal_racing_540.webp"
"18_158","The Three Stooges® Brideless Groom","105","RTG","slot","5","0","0","47","2024-11-06 10:39:12","/externals/C66FM/img/_wms/_l/electronicgames/rtg31/The_three_stooges_540.webp"
"400","3 Lucky Piggy","161","JILI","slot","5","0","0","2090","2025-02-21 17:01:13","/externals/C66FM/img/_wms/_l/electronicgames/jili/3_lucky_piggy_540.webp"
"PSS-ON-00129","Golden Jade","141","PLAYSTAR","slot","5","0","0","393","2025-02-24 16:46:37","/externals/C66FM/img/_wms/_l/electronicgames/plays/Golden_jade_540.webp"
"215","Hot Pinatas","073","CQ9","slot","5","0","0","388","2025-01-08 09:45:49","/externals/C66FM/img/_wms/_l/electronicgames/CQ9/Hot_pinatas_540.webp"
"27002","Circus Dozer","176","FACHAI","live-casino","8","0","0","371","2025-07-08 16:55:21","/externals/C66FM/img/_wms/_l/electronicgames/fc31/Circus_dozer_540.webp"
"SGGoldenUnicorn","Golden Unicorn","099","HBN","slot","5","0","0","89","2025-02-26 16:49:30","/externals/C66FM/img/_wms/_l/electronicgames/hbn31/Golden_unicorn_540.webp"
"vs20sugarcoins","Viking Forge","199","PP","slot","5","0","0","942","2025-02-20 11:40:48","/externals/C66FM/img/_wms/_l/electronicgames/PP/Viking_forge_540.webp"
"18_353","Masks Of Atlantis","105","RTG","slot","5","0","0","655","2025-10-15 16:35:42","/externals/C66FM/img/_wms/_l/electronicgames/rtg31/Masks_of_atlantis_540.webp"
"1489936","Ultimate Striker","100","PG","slot","5","0","0","898","2025-01-03 17:18:39","/externals/C66FM/img/_wms/_l/electronicgames/PG/Ultimate_striker_540.webp"
"PSS-ON-00054","Rich & Happy","141","PLAYSTAR","slot","5","0","0","597","2025-02-24 16:46:47","/externals/C66FM/img/_wms/_l/electronicgames/plays/Rich_and_happy_540.webp"
"22017","Three Little Pigs","176","FACHAI","slot","5","0","0","806","2025-02-21 15:56:59","/externals/C66FM/img/_wms/_l/electronicgames/fc31/Three_little_pigs_540.webp"
"thordx1000000000","Thor Hammer Time","192","NLC","slot","5","0","0","286","2025-01-06 17:26:43","/externals/C66FM/img/_wms/_l/electronicgames/nlc31/Thor_hammer_time_540.webp"
"goodluckclusterb","Good Luck Clusterbuster™","107","REDTIGER","slot","5","0","0","230","2024-11-12 09:49:22","/externals/C66FM/img/_wms/_l/electronicgames/RTG0705/Good_luck_clusterbuster_540.webp"
"144","Diamond treasure","073","CQ9","slot","5","0","0","497","2025-02-25 14:00:19","/externals/C66FM/img/_wms/_l/electronicgames/cq31/Diamond_treasure_540.webp"
"307","Treasure Quest","161","JILI","slot","5","0","0","1546","2025-02-28 10:14:47","/externals/C66FM/img/_wms/_l/electronicgames/jili25/Treasure_quest_540.webp"
"PSS-ON-00110","Master Haha","141","PLAYSTAR","slot","5","0","0","358","2025-02-24 16:47:01","/externals/C66FM/img/_wms/_l/electronicgames/plays/Master_haha_540.webp"
"164","Pirate Queen","161","JILI","slot","5","0","0","10958","2025-03-31 10:09:08","/externals/C66FM/img/_wms/_l/electronicgames/JILI4/Pirate_queen_540.webp"
"SGPiratesPlunder","Pirate's Plunder","099","HBN","slot","5","0","0","68","2024-11-07 15:13:45","/externals/C66FM/img/_wms/_l/electronicgames/hbn31/Pirates_plunder_540.webp"
"0_8023","OlympianTemple","104","JDB","slot","5","0","0","2026","2025-04-15 15:58:02","/externals/C66FM/img/_wms/_l/electronicgames/jdb31/Olympian_temple_540_1.webp"
"201410","Dragon's Domain","207","HACKSAW","slot","5","0","0","94","2025-01-07 14:46:06","/externals/C66FM/img/_wms/_l/electronicgames/HACK/Dragons_domain_540.webp"
"sni5cza6d1vvl50i","Blackjack Party","108","EVOLUTION","live-casino","17","0","0","389","2026-02-11 19:47:17","/externals/C66FM/img/_wms/_l/electronicgames/casino01/BlackjackParty540x540.webp"
"18_334","Bonus Wheel Jungle","105","RTG","slot","5","0","0","202","2024-11-06 10:39:47","/externals/C66FM/img/_wms/_l/electronicgames/rtg31/Bonus_wheel_jungle_540.webp"
"vs20multiup","Wheel O' Gold","199","PP","slot","5","0","0","813","2025-01-06 15:36:48","/externals/C66FM/img/_wms/_l/electronicgames/PP/Wheel_o_gold_540.webp"
"1615454","Werewolf's Hunt","100","PG","slot","5","0","0","897","2025-02-20 16:11:48","/externals/C66FM/img/_wms/_l/electronicgames/PG/Werewolfs_hunt_540.webp"
"evilgoblinsdx100","Evil Goblins xBomb","192","NLC","slot","5","0","0","107","2025-01-06 17:27:02","/externals/C66FM/img/_wms/_l/electronicgames/nlc31/Evil_goblins_xbomb_540.webp"
"cyberattack00000","Cyber Attack","107","REDTIGER","slot","5","0","0","387","2024-11-11 16:54:48","/externals/C66FM/img/_wms/_l/electronicgames/RTG0705/Cyber_attack_540.webp"
"22021","Pong Pong Hu","176","FACHAI","slot","5","0","0","853","2025-02-21 15:57:22","/externals/C66FM/img/_wms/_l/electronicgames/fc31/Pong_pong_hu_540.webp"
"SGCandyTower","Candy Tower","099","HBN","slot","5","0","0","975","2025-02-26 16:56:09","/externals/C66FM/img/_wms/_l/electronicgames/HBN31/Candy_tower_540.webp"
"195","Lord Ganesha","073","CQ9","slot","5","0","0","375","2025-02-25 14:11:38","/externals/C66FM/img/_wms/_l/electronicgames/cq31/Lord_ganesha_540.webp"
"27003","Fa Chai Dozer","176","FACHAI","live-casino","8","0","0","781","2025-07-08 16:57:46","/externals/C66FM/img/_wms/_l/electronicgames/fc31/Fa_chai_dozer_540.webp"
"18_44","Rudolphs Revenge","105","RTG","slot","5","0","0","72","2024-12-09 17:22:18","/externals/C66FM/img/_wms/_l/electronicgames/rtg31/Rudolphs_revenge_540.webp"
"SGZeus2","Zeus 2","099","HBN","slot","5","0","0","167","2025-02-27 09:16:42","/externals/C66FM/img/_wms/_l/electronicgames/hbn31/Zeus_2_540.webp"
"22019","Panda Dragon Boat","176","FACHAI","slot","5","0","0","618","2025-02-21 15:57:46","/externals/C66FM/img/_wms/_l/electronicgames/fc31/Panda_dragon_boat_540.webp"
"83","Wild Fireworks","100","PG","slot","5","0","0","837","2025-02-20 16:12:01","/externals/C66FM/img/_wms/_l/electronicgames/pg31/Wild_fireworks_540.webp"
"thecagedx1000000","The Cage","192","NLC","slot","5","0","0","95","2025-01-06 17:27:29","/externals/C66FM/img/_wms/_l/electronicgames/nlc31/The_cage_495.webp"
"201211","Bloodthirst","207","HACKSAW","slot","5","0","0","107","2025-01-07 14:46:48","/externals/C66FM/img/_wms/_l/electronicgames/HACK/Blood_thirst_540.webp"
"shadowsociety000","Shadow Society","107","REDTIGER","slot","5","0","0","156","2024-11-11 16:54:58","/externals/C66FM/img/_wms/_l/electronicgames/RTG0705/Shadow_society_540.webp"
"PSS-ON-00067","Dragon Boat Festival","141","PLAYSTAR","slot","5","0","0","353","2025-02-24 16:47:12","/externals/C66FM/img/_wms/_l/electronicgames/plays/Dragon_boat_festival_540.webp"
"142","Bonus Hunter","161","JILI","slot","5","0","0","11496","2025-02-21 17:01:48","/externals/C66FM/img/_wms/_l/electronicgames/jili4/Bonus_hunter_540.webp"
"24","RaveJump2","073","CQ9","slot","5","0","0","319","2025-02-25 14:11:53","/externals/C66FM/img/_wms/_l/electronicgames/cq31/Rave_jump_2_540.webp"
"vswaysfuryodin","Fury of Odin Megaways","199","PP","slot","5","0","0","502","2025-02-20 11:41:13","/externals/C66FM/img/_wms/_l/electronicgames/PP/Fury_of_odin_megaways_540.webp"
"89","THOR","073","CQ9","slot","5","0","0","411","2025-02-25 14:12:18","/externals/C66FM/img/_wms/_l/electronicgames/cq31/Thor_540.webp"
"tricksandtreats0","Tricks and Treats","107","REDTIGER","slot","5","0","0","184","2024-11-11 16:55:17","/externals/C66FM/img/_wms/_l/electronicgames/RTG0705/Tricks_and_treats_540.webp"
"18_238","Ancient Gods","105","RTG","slot","5","0","0","55","2024-11-06 10:40:10","/externals/C66FM/img/_wms/_l/electronicgames/rtg31/Ancient_gods_540.webp"
"73","Egypt's Book of Mystery","100","PG","slot","5","0","0","919","2025-02-20 16:12:21","/externals/C66FM/img/_wms/_l/electronicgames/pg31/Egypts_book_of_mystery_540.webp"
"vs20fourmc","Candy Corner","199","PP","slot","5","0","0","548","2025-02-20 11:41:23","/externals/C66FM/img/_wms/_l/electronicgames/PP/Candy_corner_540.webp"
"135","Mayan Empire","161","JILI","slot","5","0","0","8116","2025-02-21 17:10:47","/externals/C66FM/img/_wms/_l/electronicgames/jili4/Mayan_empire_540.webp"
"PSS-ON-00133","Coin Maniac","141","PLAYSTAR","slot","5","0","0","715","2025-02-24 16:47:54","/externals/C66FM/img/_wms/_l/electronicgames/plays/Coin_maniac_540.webp"
"22031","War Of The Universe","176","FACHAI","slot","5","0","0","440","2025-02-21 15:58:22","/externals/C66FM/img/_wms/_l/electronicgames/fc31/War_of_the_universe_540.webp"
"rockbottomdx1000","Rock Bottom","192","NLC","slot","5","0","0","144","2024-11-05 09:43:30","/externals/C66FM/img/_wms/_l/electronicgames/nlc31/Rock_bottom_540.webp"
"SGNewYearsBash","New Years Bash","099","HBN","slot","5","0","0","452","2025-02-27 09:16:52","/externals/C66FM/img/_wms/_l/electronicgames/HBN31/New_years_bash_540.webp"
"PSS-ON-00083","My Lord","141","PLAYSTAR","slot","5","0","0","864","2024-11-11 16:32:38","/externals/C66FM/img/_wms/_l/electronicgames/plays/My_lord_540.webp"
"vs20cleocatra","Cleocatra","199","PP","slot","5","0","0","498","2025-02-20 13:31:11","/externals/C66FM/img/_wms/_l/electronicgames/PP/Cleocatra_540.webp"
"201134","Born Wild","207","HACKSAW","slot","5","0","0","107","2025-01-07 14:48:33","/externals/C66FM/img/_wms/_l/electronicgames/HACK/Born_wild_540.webp"
"324","Nightfall Hunting","161","JILI","slot","5","0","0","1982","2025-02-21 17:10:59","/externals/C66FM/img/_wms/_l/electronicgames/jili/Nightfall_hunting_540.webp"
"SGEgyptianDreams","Egyptian Dreams","099","HBN","slot","5","0","0","84","2025-02-27 09:25:34","/externals/C66FM/img/_wms/_l/electronicgames/hbn31/Egyptian_dreams_540.webp"
"dreamdestiny0000","Dream Destiny","107","REDTIGER","slot","5","0","0","286","2024-11-11 16:55:52","/externals/C66FM/img/_wms/_l/electronicgames/RTG0705/Dream_destiny_maxwin_540.webp"
"124","Invincible Elephant","073","CQ9","slot","5","0","0","380","2025-02-25 14:12:27","/externals/C66FM/img/_wms/_l/electronicgames/cq31/Invincible_elephant_540.webp"
"truekultdx100000","True Kult","192","NLC","slot","5","0","0","100","2024-11-05 09:43:41","/externals/C66FM/img/_wms/_l/electronicgames/nlc31/True_kult_540.webp"
"PSS-ON-00026","Double Happiness","141","PLAYSTAR","slot","5","0","0","474","2025-02-24 16:48:23","/externals/C66FM/img/_wms/_l/electronicgames/plays/Double_happiness_540.webp"
"1879752","Fortune Snake","100","PG","slot","5","0","0","1130","2025-02-20 16:13:19","/externals/C66FM/img/_wms/_l/electronicgames/PG/Fortune_snake_540.webp"
"22026","Hot Pot Party","176","FACHAI","slot","5","0","0","688","2025-02-21 15:58:35","/externals/C66FM/img/_wms/_l/electronicgames/fc31/Hot_pot_party_540.webp"
"18_327","Vegas XL","105","RTG","slot","5","0","0","144","2024-11-06 10:40:20","/externals/C66FM/img/_wms/_l/electronicgames/rtg31/Vegas_xl_540.webp"
"116","Wonderland","073","CQ9","slot","5","0","0","288","2025-02-25 14:12:36","/externals/C66FM/img/_wms/_l/electronicgames/cq31/Wonderland_540.webp"
"20","Bombing Fishing","161","JILI","live-casino","8","0","0","6932","2025-08-20 11:35:00","/externals/C66FM/img/_wms/_l/electronicgames/jili4/Bombing_fishing_540.webp"
"PSS-ON-00123","Golden Zongzi","141","PLAYSTAR","slot","5","0","0","461","2025-02-24 16:48:41","/externals/C66FM/img/_wms/_l/electronicgames/plays/Golden_zongzi_540.webp"
"130","Lucky Piggy","100","PG","slot","5","0","0","654","2025-02-20 16:13:34","/externals/C66FM/img/_wms/_l/electronicgames/PG/Lucky_piggy_540.webp"
"18_176","Nova 7s","105","RTG","slot","5","0","0","70","2024-11-06 10:40:36","/externals/C66FM/img/_wms/_l/electronicgames/rtg31/Nova_7s_540.webp"
"422","Fruity Wheel","161","JILI","slot","5","0","0","3050","2025-05-22 17:27:07","/externals/C66FM/img/_wms/_l/electronicgames/jili/Fruity_wheel_540.webp"
"0_14027","Lucky Seven","104","JDB","slot","5","0","0","413","2025-08-19 16:48:54","/externals/C66FM/img/_wms/_l/electronicgames/JDB/Lucky_Seven_540.webp"
"201053","Stick'em","207","HACKSAW","slot","5","0","0","77","2025-01-07 14:48:54","/externals/C66FM/img/_wms/_l/electronicgames/HACK/Stick_em_540.webp"
"remembergulagdx1","Remember Gulag","192","NLC","slot","5","0","0","65","2025-01-06 17:28:59","/externals/C66FM/img/_wms/_l/electronicgames/nlc31/Remember_gulag_540.webp"
"22027","Happy Duo Bao","176","FACHAI","slot","5","0","0","618","2025-02-21 15:58:49","/externals/C66FM/img/_wms/_l/electronicgames/fc31/Happy_duo_bao_540.webp"
"SGLuckyDurian","Lucky Durian","099","HBN","slot","5","0","0","701","2025-02-27 09:25:56","/externals/C66FM/img/_wms/_l/electronicgames/HBN31/Lucky_durian_540.webp"
"vs5aztecgems","Aztec Gems","199","PP","slot","5","0","0","803","2025-02-20 13:31:23","/externals/C66FM/img/_wms/_l/electronicgames/PP/Aztec_gems_540.webp"
"9","War Of Dragons","161","JILI","slot","5","0","0","3446","2026-02-26 18:59:58","/externals/C66FM/img/_wms/_l/electronicgames/JILI4/War_of_dragons_540.webp"
"knightsofavalon0","Knights Of Avalon","107","REDTIGER","slot","5","0","0","183","2024-11-11 16:56:37","/externals/C66FM/img/_wms/_l/electronicgames/RTG0705/Knights_of_avalon_540.webp"
"201280","Densho","207","HACKSAW","slot","5","0","0","182","2025-01-07 14:49:14","/externals/C66FM/img/_wms/_l/electronicgames/HACK/Densho_540.webp"
"PSS-ON-00106","Wu Xia","141","PLAYSTAR","slot","5","0","0","454","2025-02-24 16:49:02","/externals/C66FM/img/_wms/_l/electronicgames/plays/Wuxia_540.webp"
"harlequindx10000","Harlequin Carnival","192","NLC","slot","5","0","0","80","2025-01-06 17:29:09","/externals/C66FM/img/_wms/_l/electronicgames/nlc31/Harlequin_carnival_540.webp"
"68","Wukong&Peaches","073","CQ9","slot","5","0","0","372","2025-02-25 14:12:50","/externals/C66FM/img/_wms/_l/electronicgames/CQ9/Wukong_peaches_540.webp"
"TopCard000000001","Football Studio","108","EVOLUTION","live-casino","17","0","0","215","2026-02-11 20:02:48","/externals/C66FM/img/_wms/_l/electronicgames/casino01/FootballStudio540x540.webp"
"18_297","Divas of Darkness","105","RTG","slot","5","0","0","136","2024-11-06 10:40:52","/externals/C66FM/img/_wms/_l/electronicgames/rtg31/Divas_of_darkness_540.webp"
"SGTowerOfPizza","Tower Of Pizza","099","HBN","slot","5","0","0","75","2025-02-27 09:26:33","/externals/C66FM/img/_wms/_l/electronicgames/hbn31/Tower_of_pizza_540.webp"
"vs15samurai4","Rise of Samurai 4","199","PP","slot","5","0","0","707","2025-02-20 13:31:33","/externals/C66FM/img/_wms/_l/electronicgames/PP/Rise_of_samurai_4_540.webp"
"68","Fortune Mouse","100","PG","slot","5","0","0","625","2025-02-20 16:13:45","/externals/C66FM/img/_wms/_l/electronicgames/pg31/Fortune_mouse_540.webp"
"201065","Stack 'Em","207","HACKSAW","slot","5","0","0","90","2025-01-07 14:49:31","/externals/C66FM/img/_wms/_l/electronicgames/HACK/Stack_em_540.webp"
"transylvanianigh","Transylvanian: Night of Blood","107","REDTIGER","slot","5","0","0","273","2024-11-11 16:57:13","/externals/C66FM/img/_wms/_l/electronicgames/RTG0705/Transylvania_night_of_blood_540.webp"
"18_309","Count Cashtacular","105","RTG","slot","5","0","0","178","2024-11-06 10:41:36","/externals/C66FM/img/_wms/_l/electronicgames/rtg31/Count_spectacular_540.webp"
"78","Apollo","073","CQ9","slot","5","0","0","340","2025-03-06 16:35:22","/externals/C66FM/img/_wms/_l/electronicgames/cq31/Apollo_540.webp"
"0_14006","Billionaire","104","JDB","slot","5","0","0","263","2025-04-15 16:00:05","/externals/C66FM/img/_wms/_l/electronicgames/JDB/Billionaire_540.webp"
"125","Butterfly Blossom","100","PG","slot","5","0","0","378","2025-02-20 16:13:57","/externals/C66FM/img/_wms/_l/electronicgames/PG/Butterfly_blossom_540.webp"
"91","Lucky Coming","161","JILI","slot","5","0","0","10122","2025-09-12 17:13:11","/externals/C66FM/img/_wms/_l/electronicgames/JILI4/Lucky_coming_540.webp"
"SGBuggyBonus","Buggy Bonus","099","HBN","slot","5","0","0","47","2025-02-27 09:27:48","/externals/C66FM/img/_wms/_l/electronicgames/hbn31/Buggy_bonus_540.webp"
"PSS-ON-00033","Fortune God","141","PLAYSTAR","slot","5","0","0","696","2025-02-24 16:49:15","/externals/C66FM/img/_wms/_l/electronicgames/plays/Fortune_of_bull_540.webp"
"punkrockerdx1000","Punk Rocker","192","NLC","slot","5","0","0","71","2025-01-06 17:29:26","/externals/C66FM/img/_wms/_l/electronicgames/nlc31/Punk_rocker_540.webp"
"vswaysdogs","The Dog House Megaways","199","PP","slot","5","0","0","859","2025-02-20 13:31:52","/externals/C66FM/img/_wms/_l/electronicgames/PP/The_dog_house_megaways_540.webp"
"209","The Cupids","073","CQ9","slot","5","0","0","285","2025-02-25 14:27:42","/externals/C66FM/img/_wms/_l/electronicgames/cq31/The_cupids_540.webp"
"PSS-ON-00131","Fantasy Southeast Asia","141","PLAYSTAR","slot","5","0","0","325","2025-02-24 16:49:25","/externals/C66FM/img/_wms/_l/electronicgames/plays/Fantasy_southeast_asia_540.webp"
"rng-dragontiger0","First Person Dragon Tiger","108","EVOLUTION","live-casino","17","0","0","238","2026-02-11 19:59:56","/externals/C66FM/img/_wms/_l/electronicgames/casino01/FirstPersonDragonTiger540x540.webp"
"18_230","Cai Hong","105","RTG","slot","5","0","0","55","2024-11-06 10:41:46","/externals/C66FM/img/_wms/_l/electronicgames/rtg31/Cai_hong_540.webp"
"201232","Mayan Stackways","207","HACKSAW","slot","5","0","0","118","2025-01-07 14:49:41","/externals/C66FM/img/_wms/_l/electronicgames/HACK/Mayan_stackways_540.webp"
"33","Fortune Pig","161","JILI","slot","5","0","0","8124","2025-02-21 17:14:41","/externals/C66FM/img/_wms/_l/electronicgames/jili4/Fortune_pig_540.webp"
"1312883","Prosperity Fortune Tree","100","PG","slot","5","0","0","724","2025-02-20 16:14:13","/externals/C66FM/img/_wms/_l/electronicgames/PG/Prosperity_fortune_tree_540.webp"
"vs40wildwest","Wild West Gold","199","PP","slot","5","0","0","1267","2025-02-20 13:32:16","/externals/C66FM/img/_wms/_l/electronicgames/PP/Wild_west_gold_540.webp"
"SGGrapeEscape","Grape Escape","099","HBN","slot","5","0","0","36","2025-02-27 09:28:00","/externals/C66FM/img/_wms/_l/electronicgames/hbn31/Grape_escape_540.webp"
"littlebighorndx1","Little Bighorn","192","NLC","slot","5","0","0","76","2025-01-06 17:29:51","/externals/C66FM/img/_wms/_l/electronicgames/nlc31/Little_bighorn_540.webp"
"PSS-ON-00065","Super Rich","141","PLAYSTAR","slot","5","0","0","597","2024-11-04 16:55:17","/externals/C66FM/img/_wms/_l/electronicgames/plays/Super_rich_540.webp"
"vaultcracker0000","Vault Cracker","107","REDTIGER","slot","5","0","0","101","2024-11-06 16:42:53","/externals/C66FM/img/_wms/_l/electronicgames/redtiger31/Vault_cracker_540.webp"
"vs20pistols","Wild West Duels","199","PP","slot","5","0","0","1047","2025-02-20 13:32:28","/externals/C66FM/img/_wms/_l/electronicgames/PP/Wild_west_duels_540.webp"
"81","Treasure Island","073","CQ9","slot","5","0","0","198","2025-03-06 16:34:55","/externals/C66FM/img/_wms/_l/electronicgames/cq31/Treasure_island_540.webp"
"PSS-ON-00092","Tomb Treasure","141","PLAYSTAR","slot","5","0","0","455","2025-02-24 16:49:41","/externals/C66FM/img/_wms/_l/electronicgames/plays/Tomb_treasure_540.webp"
"17","Shanghai Beauty","161","JILI","slot","5","0","0","6763","2025-02-21 17:14:51","/externals/C66FM/img/_wms/_l/electronicgames/jili4/Shanghai_beauty_540.webp"
"201173","Pug Life","207","HACKSAW","slot","5","0","0","117","2025-01-07 15:03:07","/externals/C66FM/img/_wms/_l/electronicgames/HACK/Pug_life_540.webp"
"18_305","Khrysos Gold","105","RTG","slot","5","0","0","117","2024-11-06 10:41:58","/externals/C66FM/img/_wms/_l/electronicgames/rtg31/Khrysos_gold_540.webp"
"1432733","Mystical Spirits","100","PG","slot","5","0","0","1157","2026-02-02 17:18:43","/externals/C66FM/img/_wms/_l/electronicgames/PG/Mystical_spirits_540.webp"
"punktoiletdx1000","Punk Toilet","192","NLC","slot","5","0","0","45","2025-01-06 17:30:25","/externals/C66FM/img/_wms/_l/electronicgames/nlc31/Punk_toilet_540.webp"
"monstersunchaine","Monsters Unchained","107","REDTIGER","slot","5","0","0","282","2024-11-11 16:57:49","/externals/C66FM/img/_wms/_l/electronicgames/RTG0705/Monsters_unchained_540.webp"
"cashultimate0000","Cash Ultimate","107","REDTIGER","slot","5","0","0","286","2024-11-06 16:45:54","/externals/C66FM/img/_wms/_l/electronicgames/redtiger31/Cash_ultimate_540.webp"
"201320","Dark Summoning","207","HACKSAW","slot","5","0","0","117","2025-01-07 15:07:54","/externals/C66FM/img/_wms/_l/electronicgames/HACK/Dark_summoning_540.webp"
"16","Jungle King","161","JILI","slot","5","0","0","8430","2025-02-21 17:18:49","/externals/C66FM/img/_wms/_l/electronicgames/jili4/Jungle_king_540.webp"
"18_231","I, Zombie","105","RTG","slot","5","0","0","97","2024-11-06 10:42:07","/externals/C66FM/img/_wms/_l/electronicgames/rtg31/I_zombie_540.webp"
"1418544","Bakery Bonanza","100","PG","slot","5","0","0","1014","2025-02-20 16:14:35","/externals/C66FM/img/_wms/_l/electronicgames/PG/Bakery_bonanza_540.webp"
"PSS-ON-00015","Who'S The Boss","141","PLAYSTAR","slot","5","0","0","345","2025-02-24 16:49:55","/externals/C66FM/img/_wms/_l/electronicgames/plays/Whos_the_boss_540.webp"
"karendx100000000","Karen Maneater","192","NLC","slot","5","0","0","75","2025-01-06 17:30:50","/externals/C66FM/img/_wms/_l/electronicgames/nlc31/Karen_maneater_540.webp"
"76","WonWonWon","073","CQ9","slot","5","0","0","497","2025-02-25 14:28:38","/externals/C66FM/img/_wms/_l/electronicgames/CQ9/Won_won_won_540.webp"
"1648578","Shark Bounty","100","PG","slot","5","0","0","645","2025-01-03 17:26:34","/externals/C66FM/img/_wms/_l/electronicgames/PG/Shark_bounty_540.webp"
"PSS-ON-00014","Lucky Panda","141","PLAYSTAR","slot","5","0","0","449","2025-02-24 17:06:10","/externals/C66FM/img/_wms/_l/electronicgames/plays/Lucky_panda_540.webp"
"kissmychansawdx1","Kiss My Chainsaw","192","NLC","slot","5","0","0","59","2025-01-06 17:32:27","/externals/C66FM/img/_wms/_l/electronicgames/nlc31/Kiss_my_chainsaw_540.webp"
"goldencryptex000","Golden Cryptex","107","REDTIGER","slot","5","0","0","198","2024-11-06 16:46:22","/externals/C66FM/img/_wms/_l/electronicgames/redtiger31/Golden_cryptex_540.webp"
"vs20midas","The Hand of Midas","199","PP","slot","5","0","0","697","2025-02-20 13:37:02","/externals/C66FM/img/_wms/_l/electronicgames/PP/The_hand_of_midas_540.webp"
"135","Gu Gu Gu M","073","CQ9","slot","5","0","0","256","2025-02-25 14:30:05","/externals/C66FM/img/_wms/_l/electronicgames/cq31/Gu_gu_gu_m_540.webp"
"201082","Cash Quest","207","HACKSAW","slot","5","0","0","70","2025-01-07 15:08:06","/externals/C66FM/img/_wms/_l/electronicgames/HACK/Cash_quest_540.webp"
"23","Candy Baby","161","JILI","slot","5","0","0","10890","2025-02-21 17:19:04","/externals/C66FM/img/_wms/_l/electronicgames/JILI4/Candy_baby_540.webp"
"18_337","Neon Wheel 7s","105","RTG","slot","5","0","0","193","2024-11-06 10:43:00","/externals/C66FM/img/_wms/_l/electronicgames/rtg31/Neon_wheel_7s_540.webp"
"1682240","Cash Mania","100","PG","slot","5","0","0","468","2025-02-20 16:14:49","/externals/C66FM/img/_wms/_l/electronicgames/PG/Cash_mania_540.webp"
"140","Fire Chibi 2","073","CQ9","slot","5","0","0","375","2025-02-25 14:30:33","/externals/C66FM/img/_wms/_l/electronicgames/cq31/Fire_chibi_2_540.webp"
"201062","Cubes 2","207","HACKSAW","slot","5","0","0","76","2025-01-07 15:08:25","/externals/C66FM/img/_wms/_l/electronicgames/HACK/Cubes_2_540.webp"
"cottongangaffair","Cotton Gang Affair","107","REDTIGER","slot","5","0","0","168","2024-11-11 16:58:46","/externals/C66FM/img/_wms/_l/electronicgames/RTG0705/Cotton_gang_affair_540.webp"
"6","Fortune Tree","161","JILI","slot","5","0","0","13054","2025-02-21 17:19:15","/externals/C66FM/img/_wms/_l/electronicgames/JILI4/Fortune_tree_540.webp"
"18_307","Fortunate Buddah","105","RTG","slot","5","0","0","82","2025-12-09 15:19:57","/externals/C66FM/img/_wms/_l/electronicgames/rtg31/Fortunate_buddah_540.webp"
"128","Legend of Perseus","100","PG","slot","5","0","0","700","2025-02-20 16:15:37","/externals/C66FM/img/_wms/_l/electronicgames/PG/Legend_of_perseus_540.webp"
"vswaysbufking","Buffalo King Megaways","199","PP","slot","5","0","0","929","2025-02-20 13:37:11","/externals/C66FM/img/_wms/_l/electronicgames/PP/Buffalo_king_megaways_540.webp"
"PSS-ON-00095","Hand Of God","141","PLAYSTAR","slot","5","0","0","320","2025-02-24 17:06:25","/externals/C66FM/img/_wms/_l/electronicgames/plays/Hand_of_god_540.webp"
"immortalfuitsdx1","Immortal Fruits","192","NLC","slot","5","0","0","79","2025-01-06 17:32:38","/externals/C66FM/img/_wms/_l/electronicgames/nlc31/Immortal_fruits_540.webp"
"18_199","Bubble Bubble 2","105","RTG","slot","5","0","0","77","2024-11-06 10:43:22","/externals/C66FM/img/_wms/_l/electronicgames/rtg31/Bubble_bubble_2_540.webp"
"regalstreak00000","Regal Streak","107","REDTIGER","slot","5","0","0","129","2024-11-06 16:46:44","/externals/C66FM/img/_wms/_l/electronicgames/redtiger31/Regal_streak_540.webp"
"SGPumpkinPatch","Pumpkin Patch","099","HBN","slot","5","0","0","66","2025-02-27 09:30:15","/externals/C66FM/img/_wms/_l/electronicgames/hbn31/Pumpkin_patch_540.webp"
"0_15001","RoosterInLove","104","JDB","slot","5","0","0","326","2025-04-15 16:02:17","/externals/C66FM/img/_wms/_l/electronicgames/jdb31/Rooster_in_love_540.webp"
"1372643","Diner Delights","100","PG","slot","5","0","0","664","2025-02-20 16:15:47","/externals/C66FM/img/_wms/_l/electronicgames/PG/Diner_delights_540.webp"
"PSS-ON-00035","Werewolf","141","PLAYSTAR","slot","5","0","0","319","2025-02-24 17:07:54","/externals/C66FM/img/_wms/_l/electronicgames/plays/Werewolf_540.webp"
"48","Lucky Goldbricks","161","JILI","slot","5","0","0","8545","2025-02-21 17:19:28","/externals/C66FM/img/_wms/_l/electronicgames/jili4/Lucky_goldbricks_540.webp"
"197","Dragon’s Treasure","073","CQ9","slot","5","0","0","467","2025-02-25 14:31:39","/externals/C66FM/img/_wms/_l/electronicgames/cq31/Dragons_treasure_540.webp"
"poisonevedx10000","Poison Eve","192","NLC","slot","5","0","0","75","2025-01-06 17:32:56","/externals/C66FM/img/_wms/_l/electronicgames/nlc31/Poison_eve_540.webp"
"vswayslions","5 Lions Megaways","199","PP","slot","5","0","0","792","2025-02-20 13:37:22","/externals/C66FM/img/_wms/_l/electronicgames/PP/5_lions_megaways_540.webp"
"PSS-ON-00079","Money Meow","141","PLAYSTAR","slot","5","0","0","496","2025-02-24 17:10:11","/externals/C66FM/img/_wms/_l/electronicgames/plays/Money_meow_540.webp"
"manhattanwilddx1","Manhattan Goes Wild","192","NLC","slot","5","0","0","87","2025-01-06 17:33:16","/externals/C66FM/img/_wms/_l/electronicgames/nlc31/Manhattan_goes_wild_540.webp"
"vswaysstrlght","Fortunes of Aztec","199","PP","slot","5","0","0","806","2025-02-20 13:37:39","/externals/C66FM/img/_wms/_l/electronicgames/PP/Fortunes_of_the_aztec_540.webp"
"aztecspins000000","Aztec Spins","107","REDTIGER","slot","5","0","0","303","2024-11-06 16:47:26","/externals/C66FM/img/_wms/_l/electronicgames/redtiger31/Aztec_spins_540.webp"
"SGBeforeTimeRunsOut","Before Time Runs Out","099","HBN","slot","5","0","0","596","2025-02-27 09:30:32","/externals/C66FM/img/_wms/_l/electronicgames/HBN31/Before_time_runs_out_540.webp"
"0_8006","FormosaBear","104","JDB","slot","5","0","0","241","2025-04-15 16:02:27","/externals/C66FM/img/_wms/_l/electronicgames/jdb31/Formosa_bear_540.webp"
"120","The Queen's Banquet","100","PG","slot","5","0","0","792","2025-02-20 16:16:01","/externals/C66FM/img/_wms/_l/electronicgames/PG/The_queens_banquet_540.webp"
"193","Devil Fire","161","JILI","slot","5","0","0","13045","2025-02-21 17:19:43","/externals/C66FM/img/_wms/_l/electronicgames/jili31/Devil_fire_540.webp"
"7_7001","Dragon Fishing","104","JDB","live-casino","8","0","0","372","2025-11-07 10:33:13","/externals/C66FM/img/_wms/_l/electronicgames/jdb31/Dragon_fishing_540.webp"
"201090","Joker Bombs","207","HACKSAW","slot","5","0","0","92","2025-06-17 08:58:25","/externals/C66FM/img/_wms/_l/electronicgames/HACK/Joker_bombs_540.webp"
"18_225","Lucha Libre 2","105","RTG","slot","5","0","0","48","2024-11-06 10:44:04","/externals/C66FM/img/_wms/_l/electronicgames/rtg31/Lucha_Libre_2_540.webp"
"SGFortuneDogs","Fortune Dogs","099","HBN","slot","5","0","0","111","2025-02-27 09:30:44","/externals/C66FM/img/_wms/_l/electronicgames/hbn31/Fortune_dogs_540.webp"
"PSS-ON-00139","Chef Husky","141","PLAYSTAR","slot","5","0","0","275","2025-02-24 17:10:20","/externals/C66FM/img/_wms/_l/electronicgames/plays/Chef_husky_540.webp"
"diamondblitz0000","Diamond Blitz","107","REDTIGER","slot","5","0","0","148","2024-11-06 16:47:37","/externals/C66FM/img/_wms/_l/electronicgames/redtiger31/Diamond_blitz_540.webp"
"1786529","Rio Fantasia","100","PG","slot","5","0","0","965","2025-02-20 16:16:10","/externals/C66FM/img/_wms/_l/electronicgames/pg/Rio_fantasia_540.webp"
"377","Safari Mystery","161","JILI","slot","5","0","0","988","2025-02-21 17:19:58","/externals/C66FM/img/_wms/_l/electronicgames/jili25/Safari_mystery_540.webp"
"iceiceyetidx1000","Ice Ice Yeti","192","NLC","slot","5","0","0","70","2025-01-06 17:33:41","/externals/C66FM/img/_wms/_l/electronicgames/nlc31/Ice_ice_yeti_540.webp"
"vs10bbextreme","Big Bass Amazon Xtreme","199","PP","slot","5","0","0","439","2025-02-20 13:37:55","/externals/C66FM/img/_wms/_l/electronicgames/PP/Big_bass_amazon_extreme_540.webp"
"188","Cricket Fever","073","CQ9","slot","5","0","0","350","2025-02-25 14:32:18","/externals/C66FM/img/_wms/_l/electronicgames/cq31/Cricket_fever_540.webp"
"pixiesvspatesdx1","Pixies vs Pirates","192","NLC","slot","5","0","0","82","2024-11-05 09:55:35","/externals/C66FM/img/_wms/_l/electronicgames/nlc31/Pixies_vs_pirates_540.webp"
"102","RomaX","161","JILI","slot","5","0","0","6306","2025-02-21 17:20:29","/externals/C66FM/img/_wms/_l/electronicgames/jili4/Roma_x_540.webp"
"18_346","Alien Wins","105","RTG","slot","5","0","0","143","2024-11-06 10:44:17","/externals/C66FM/img/_wms/_l/electronicgames/rtg31/Alien_wins_540.webp"
"SGGoldRush","Gold Rush","099","HBN","slot","5","0","0","138","2025-02-27 09:30:58","/externals/C66FM/img/_wms/_l/electronicgames/hbn31/Gold_rush_540.webp"
"vs20kraken","Release the Kraken","199","PP","slot","5","0","0","697","2025-02-20 13:38:04","/externals/C66FM/img/_wms/_l/electronicgames/PP/Release_the_kraken_540.webp"
"gemsgonewildpowe","Gems Gone Wild Power Reels","107","REDTIGER","slot","5","0","0","256","2024-11-06 16:47:53","/externals/C66FM/img/_wms/_l/electronicgames/redtiger31/Gems_gone_wild_power_reels_540.webp"
"1594259","Safari Wilds","100","PG","slot","5","0","0","505","2025-02-20 16:16:22","/externals/C66FM/img/_wms/_l/electronicgames/PG/Safari_wilds_540.webp"
"PSS-ON-00124","Diao Chan Fa Da Cai","141","PLAYSTAR","slot","5","0","0","364","2025-02-24 17:10:30","/externals/C66FM/img/_wms/_l/electronicgames/plays/Diao_chan_fa_da_cai_540.webp"
"201304","Eye of the Panda","207","HACKSAW","slot","5","0","0","117","2025-01-07 15:10:34","/externals/C66FM/img/_wms/_l/electronicgames/HACK/Eye_of_the_panda_540.webp"
"184","Six Gacha","073","CQ9","slot","5","0","0","259","2025-02-25 14:32:29","/externals/C66FM/img/_wms/_l/electronicgames/cq31/Six_gacha_540.webp"
"7","RaveJump","073","CQ9","slot","5","0","0","254","2025-02-25 14:33:04","/externals/C66FM/img/_wms/_l/electronicgames/cq31/Rave_jump_540.webp"
"milkywaysdx10000","Milky Ways","192","NLC","slot","5","0","0","87","2025-01-06 17:33:59","/externals/C66FM/img/_wms/_l/electronicgames/nlc31/Milky_ways_540.webp"
"43","XiYangYang","161","JILI","slot","5","0","0","8951","2025-02-21 17:20:43","/externals/C66FM/img/_wms/_l/electronicgames/JILI4/Xiyangyang_540.webp"
"PSS-ON-00016","Kung Hei","141","PLAYSTAR","slot","5","0","0","295","2025-02-24 17:10:40","/externals/C66FM/img/_wms/_l/electronicgames/plays/Kung_hei_540.webp"
"132","Wild Coaster","100","PG","slot","5","0","0","664","2025-02-20 16:20:14","/externals/C66FM/img/_wms/_l/electronicgames/PG/Wild_coaster_540.webp"
"vs20fruitparty","Fruit Party","199","PP","slot","5","0","0","366","2025-02-20 13:38:21","/externals/C66FM/img/_wms/_l/electronicgames/PP/Fruit_party_540.webp"
"18_325","Doragon&s Gems","105","RTG","slot","5","0","0","240","2024-11-06 10:46:52","/externals/C66FM/img/_wms/_l/electronicgames/rtg31/Doragons_gems_540.webp"
"0_8022","Mahjong","104","JDB","slot","5","0","0","589","2025-04-15 16:03:01","/externals/C66FM/img/_wms/_l/electronicgames/jdb31/Mahjong_540.webp"
"SGSuperTwister","Super Twister","099","HBN","slot","5","0","0","60","2025-02-27 09:31:08","/externals/C66FM/img/_wms/_l/electronicgames/hbn31/Super_twister_540.webp"
"wrigleysworld000","Wrigley's World","107","REDTIGER","slot","5","0","0","140","2024-11-11 16:59:39","/externals/C66FM/img/_wms/_l/electronicgames/RTG0705/Wrigleys_world_540.webp"
"87","Book of Gold","161","JILI","slot","5","0","0","11135","2025-02-21 17:20:55","/externals/C66FM/img/_wms/_l/electronicgames/JILI4/Book_of_gold_540.webp"
"121","RaveJump2 M","073","CQ9","slot","5","0","0","319","2025-02-25 14:33:52","/externals/C66FM/img/_wms/_l/electronicgames/cq31/Rave_jump_2_m_540.webp"
"SGDragonsRealm","Dragon's Realm","099","HBN","slot","5","0","0","56","2024-11-07 15:12:55","/externals/C66FM/img/_wms/_l/electronicgames/hbn31/Dragons_realm_540.webp"
"1555350","Forge of Wealth","100","PG","slot","5","0","0","511","2025-02-20 16:20:23","/externals/C66FM/img/_wms/_l/electronicgames/PG/Forge_of_wealth_540.webp"
"PSS-ON-00029","Glorious Kingdom","141","PLAYSTAR","slot","5","0","0","321","2025-02-24 17:10:51","/externals/C66FM/img/_wms/_l/electronicgames/plays/Glorious_kingdom_540.webp"
"walkofshamedx100","Walk of Shame","192","NLC","slot","5","0","0","86","2025-01-06 17:34:15","/externals/C66FM/img/_wms/_l/electronicgames/nlc31/Walk_of_shame_540.webp"
"18_333","Desert Raider","105","RTG","slot","5","0","0","161","2024-11-06 10:46:19","/externals/C66FM/img/_wms/_l/electronicgames/rtg31/Desert_raider_540.webp"
"vs10bbfloats","Big Bass Floats My Boat","199","PP","slot","5","0","0","505","2025-02-20 13:38:30","/externals/C66FM/img/_wms/_l/electronicgames/PP/Big_bass_floats_my_boat_540.webp"
"GB16","CHICAGOII","073","CQ9","slot","5","0","0","324","2025-02-25 14:34:14","/externals/C66FM/img/_wms/_l/electronicgames/CQ9/Chicago_II_540.webp"
"18_343","Goblins: Gluttony of Gems","105","RTG","slot","5","0","0","111","2024-11-06 10:47:06","/externals/C66FM/img/_wms/_l/electronicgames/rtg31/Goblins_gluttony_of_gems_540.webp"
"2","Chin Shi Huang","161","JILI","slot","5","0","0","2681","2025-02-21 17:21:28","/externals/C66FM/img/_wms/_l/electronicgames/jili4/Chin_shi_huang_540.webp"
"rainbowjackpotsp","Rainbow Jackpots Power Lines","107","REDTIGER","slot","5","0","0","192","2024-11-06 16:48:26","/externals/C66FM/img/_wms/_l/electronicgames/redtiger31/Rainbow_jackpots_power_lines_540.webp"
"0_8005","TheLiamaAdventure","104","JDB","slot","5","0","0","171","2025-04-15 16:03:21","/externals/C66FM/img/_wms/_l/electronicgames/jdb31/The_liama_adventure_540.webp"
"teslajoltdx10000","Tesla Jolt","192","NLC","slot","5","0","0","88","2025-01-06 17:34:37","/externals/C66FM/img/_wms/_l/electronicgames/nlc31/Tesla_jolt_540.webp"
"vswayshammthor","Power of Thor Megaways","199","PP","slot","5","0","0","781","2025-02-20 13:38:39","/externals/C66FM/img/_wms/_l/electronicgames/PP/Power_of_thor_megaways_540.webp"
"SGMarvelousFurlongs","Marvelous Furlongs","099","HBN","slot","5","0","0","335","2025-02-27 09:31:23","/externals/C66FM/img/_wms/_l/electronicgames/HBN31/Marvelous_furlongs_540.webp"
"1448762","Songkran Splash","100","PG","slot","5","0","0","646","2025-02-20 16:20:32","/externals/C66FM/img/_wms/_l/electronicgames/PG/Songkran_splash_540.webp"
"PSS-ON-00085","Aurora Wolf","141","PLAYSTAR","slot","5","0","0","360","2025-02-24 17:11:01","/externals/C66FM/img/_wms/_l/electronicgames/plays/Aurora_wolf_540.webp"
"vs20yotdk","Year of the Dragon King","199","PP","slot","5","0","0","320","2025-02-20 13:38:49","/externals/C66FM/img/_wms/_l/electronicgames/PP/Year_of_the_dragon_king_540.webp"
"PSS-ON-00005","India Treasure","141","PLAYSTAR","slot","5","0","0","290","2025-02-24 17:11:14","/externals/C66FM/img/_wms/_l/electronicgames/ps31/India_treasure_540.webp"
"0_8003","WinningMask","104","JDB","slot","5","0","0","272","2025-04-15 16:03:29","/externals/C66FM/img/_wms/_l/electronicgames/jdb31/Winning_mask_540.webp"
"thecreepyivaldx1","The Creepy Carnival","192","NLC","slot","5","0","0","65","2025-01-06 17:35:12","/externals/C66FM/img/_wms/_l/electronicgames/nlc31/The_creepy_carnival_540.webp"
"goldenleprechaun","Golden Leprechaun Megaways","107","REDTIGER","slot","5","0","0","202","2024-11-06 16:49:02","/externals/C66FM/img/_wms/_l/electronicgames/redtiger31/Golden_leprechaun_megaways_540.webp"
"1727711","Three Crazy Piggies","100","PG","slot","5","0","0","989","2025-02-20 16:21:20","/externals/C66FM/img/_wms/_l/electronicgames/pg/Three_crazy_piggies_540.webp"
"201098","Harvest Wilds","207","HACKSAW","slot","5","0","0","116","2025-01-07 15:14:41","/externals/C66FM/img/_wms/_l/electronicgames/HACK/Harvest_wilds_540.webp"
"131","Fa Cai Shen M","073","CQ9","slot","5","0","0","402","2025-02-25 14:36:29","/externals/C66FM/img/_wms/_l/electronicgames/cq31/Fa_cai_shen_m_540.webp"
"21","Fa Fa Fa","161","JILI","slot","5","0","0","9174","2025-02-21 17:29:57","/externals/C66FM/img/_wms/_l/electronicgames/jili31/Fafafa_540.webp"
"SGNaughtySanta","Naughty Santa","099","HBN","slot","5","0","0","49","2025-02-27 09:31:38","/externals/C66FM/img/_wms/_l/electronicgames/hbn31/Naughty_santa_540.webp"
"53","The Great Icescape","100","PG","slot","5","0","0","379","2025-02-20 16:21:30","/externals/C66FM/img/_wms/_l/electronicgames/pg31/The_great_icescape_540.webp"
"76","Party Night","161","JILI","slot","5","0","0","7738","2025-02-24 09:47:11","/externals/C66FM/img/_wms/_l/electronicgames/jili4/Party_night_540.webp"
"vs20wildparty","3 Buzzing Wilds","199","PP","slot","5","0","0","412","2025-02-20 13:39:02","/externals/C66FM/img/_wms/_l/electronicgames/PP/3_buzzing_wilds_540.webp"
"SGBombsAway","Bombs Away","099","HBN","slot","5","0","0","53","2025-02-27 09:35:03","/externals/C66FM/img/_wms/_l/electronicgames/hbn31/Bombs_away_540.webp"
"djpsychodx100000","DJ Psycho","192","NLC","slot","5","0","0","111","2025-01-06 17:35:24","/externals/C66FM/img/_wms/_l/electronicgames/nlc31/Dj_psycho_540.webp"
"PSS-ON-00136","Feature Buy · Christmas Express","141","PLAYSTAR","slot","5","0","0","338","2025-02-24 17:11:26","/externals/C66FM/img/_wms/_l/electronicgames/plays/Feature_buy_christmas_express_540.webp"
"72","Happy Rich Year","073","CQ9","slot","5","0","0","316","2025-03-06 16:35:04","/externals/C66FM/img/_wms/_l/electronicgames/cq31/Happy_rich_year_540.webp"
"18_339","Merlin&s Riches","105","RTG","slot","5","0","0","136","2024-11-06 10:48:15","/externals/C66FM/img/_wms/_l/electronicgames/rtg31/Merlins_riches_540.webp"
"201060","Mystery Motel","207","HACKSAW","slot","5","0","0","67","2025-01-07 15:15:05","/externals/C66FM/img/_wms/_l/electronicgames/HACK/Mystery_motel_540.webp"
"jellymultihops00","Jelly Multihops","107","REDTIGER","slot","5","0","0","183","2024-11-11 17:00:25","/externals/C66FM/img/_wms/_l/electronicgames/RTG0705/Jelly_multihops_540.webp"
"PSS-ON-00132","Crazy 777","141","PLAYSTAR","slot","5","0","0","572","2025-02-24 17:11:38","/externals/C66FM/img/_wms/_l/electronicgames/plays/Crazy_777_540.webp"
"201236","Temple of Torment","207","HACKSAW","slot","5","0","0","78","2025-01-07 15:15:40","/externals/C66FM/img/_wms/_l/electronicgames/HACK/Temple_of_torment_540.webp"
"264","Egypt's Glow","161","JILI","slot","5","0","0","2208","2025-02-24 09:49:00","/externals/C66FM/img/_wms/_l/electronicgames/jili/Egypts_glow_540.webp"
"theravedx1000000","The Rave","192","NLC","slot","5","0","0","68","2025-01-06 17:35:42","/externals/C66FM/img/_wms/_l/electronicgames/nlc31/The_rave_540.webp"
"vs10fdsnake","Floating Dragon - Year of the Snake","199","PP","slot","5","0","0","195","2025-02-20 13:42:50","/externals/C66FM/img/_wms/_l/electronicgames/PP/Floating_dragon_year_of_the_snake_540.webp"
"150","Shou-Xin","073","CQ9","slot","5","0","0","262","2025-02-25 14:40:53","/externals/C66FM/img/_wms/_l/electronicgames/cq31/Shou_xin_540.webp"
"121","Destiny of Sun & Moon","100","PG","slot","5","0","0","353","2025-02-20 16:21:42","/externals/C66FM/img/_wms/_l/electronicgames/PG/Destiny_of_sun_and_moon_540.webp"
"PSS-ON-00019","The Empire","141","PLAYSTAR","slot","5","0","0","280","2024-10-31 17:01:57","/externals/C66FM/img/_wms/_l/electronicgames/ps31/The_empire_540.webp"
"SGFourDivineBeasts","Four Divine Beasts","099","HBN","slot","5","0","0","65","2025-02-27 09:35:18","/externals/C66FM/img/_wms/_l/electronicgames/hbn31/Four_divine_beasts_540.webp"
"goldentsar000000","Golden Tsar","107","REDTIGER","slot","5","0","0","108","2024-11-06 16:52:11","/externals/C66FM/img/_wms/_l/electronicgames/redtiger31/Golden_tsar_540.webp"
"18_161","Lucha Libre","105","RTG","slot","5","0","0","45","2024-11-06 10:49:11","/externals/C66FM/img/_wms/_l/electronicgames/rtg31/Lucha_libre_540.webp"
"vswaysrhino","Great Rhino Megaways","199","PP","slot","5","0","0","461","2025-02-20 13:43:02","/externals/C66FM/img/_wms/_l/electronicgames/PP/Great_rhino_megaways_540.webp"
"casinowinspindx1","Casino Win Spin","192","NLC","slot","5","0","0","239","2025-01-06 17:36:10","/externals/C66FM/img/_wms/_l/electronicgames/nlc31/Casino_win_spin_540.webp"
"18_311","Penguin Palooza","105","RTG","slot","5","0","0","142","2024-11-06 10:49:26","/externals/C66FM/img/_wms/_l/electronicgames/rtg31/Penguin_palooza_540.webp"
"101","Rise of the Sun God","100","PG","slot","5","0","0","815","2025-11-20 15:15:21","/externals/C66FM/img/_wms/_l/electronicgames/pp522/rise-of-the-sun-god_540_540.webp"
"252","ZEUS","161","JILI","slot","5","0","0","10050","2025-02-24 09:49:16","/externals/C66FM/img/_wms/_l/electronicgames/JILI4/Zeus_540.webp"
"PSS-ON-00086","Santa Claus","141","PLAYSTAR","slot","5","0","0","348","2025-02-24 17:11:49","/externals/C66FM/img/_wms/_l/electronicgames/plays/Santa_claus_540.webp"
"0_8002","FlirtingScholarTang","104","JDB","slot","5","0","0","224","2025-04-15 14:54:40","/externals/C66FM/img/_wms/_l/electronicgames/jdb31/FlirtingScholarTang_540.webp"
"154","Kronos","073","CQ9","slot","5","0","0","306","2025-02-25 14:41:18","/externals/C66FM/img/_wms/_l/electronicgames/cq31/Kronos_540.webp"
"warofgods0000000","War Of Gods","107","REDTIGER","slot","5","0","0","132","2024-11-06 16:52:59","/externals/C66FM/img/_wms/_l/electronicgames/redtiger31/War_of_gods_540.webp"
"SGPandaPanda","Panda Panda","099","HBN","slot","5","0","0","62","2025-02-27 09:35:39","/externals/C66FM/img/_wms/_l/electronicgames/hbn31/Panda_panda_540.webp"
"PSS-ON-00047","Elephant","141","PLAYSTAR","slot","5","0","0","258","2025-02-24 17:11:59","/externals/C66FM/img/_wms/_l/electronicgames/plays/Elephant_540.webp"
"18_308","Run Rabbit Run!","105","RTG","slot","5","0","0","136","2024-11-06 10:49:36","/externals/C66FM/img/_wms/_l/electronicgames/rtg31/Run_rabbit_run_540.webp"
"201210","Frank's Farm","207","HACKSAW","slot","5","0","0","106","2025-01-07 15:23:53","/externals/C66FM/img/_wms/_l/electronicgames/HACK/Franks_farm_540.webp"
"tractorbeamdx100","Tractor Beam","192","NLC","slot","5","0","0","95","2025-01-06 17:36:27","/externals/C66FM/img/_wms/_l/electronicgames/nlc31/Tractor_beam_540.webp"
"vs20farmfest","Barn Festival","199","PP","slot","5","0","0","385","2025-02-20 13:43:12","/externals/C66FM/img/_wms/_l/electronicgames/PP/Barn_festival_540.webp"
"60","Leprechaun Riches","100","PG","slot","5","0","0","447","2025-02-20 16:29:21","/externals/C66FM/img/_wms/_l/electronicgames/pg31/Leprechaun_riches_540.webp"
"1473388","Cruise Royale","100","PG","slot","5","0","0","714","2025-02-20 16:29:34","/externals/C66FM/img/_wms/_l/electronicgames/PG/Cruise_royale_540.webp"
"vswaysmadame","Madame Destiny Megaways","199","PP","slot","5","0","0","426","2025-02-20 13:43:25","/externals/C66FM/img/_wms/_l/electronicgames/PP/Madame_destiny_megaways_540.webp"
"191","GOLDEN TEMPLE","161","JILI","slot","5","0","0","5744","2025-11-07 13:49:51","/externals/C66FM/img/_wms/_l/electronicgames/jili/Golden_temple_540.webp"
"18_298","Thai Emerald","105","RTG","slot","5","0","0","73","2024-11-06 10:49:46","/externals/C66FM/img/_wms/_l/electronicgames/rtg31/Thai_emerald_540.webp"
"5009","Uproar In Heaven","073","CQ9","slot","5","0","0","290","2025-02-25 14:41:41","/externals/C66FM/img/_wms/_l/electronicgames/cq31/Uproar_in_heaven_540.webp"
"fruitsdx10000000","Fruits","192","NLC","slot","5","0","0","220","2025-01-06 17:36:48","/externals/C66FM/img/_wms/_l/electronicgames/nlc31/Fruits_540.webp"
"PSS-ON-00038","Face Off","141","PLAYSTAR","slot","5","0","0","359","2025-02-24 17:12:09","/externals/C66FM/img/_wms/_l/electronicgames/plays/Face_off_540.webp"
"7_7005","Fishing YiLuFa","104","JDB","live-casino","8","0","0","1211","2025-12-02 14:28:53","/externals/C66FM/img/_wms/_l/electronicgames/jdb31/Fishing_yilufa_540.webp"
"multiplierriches","Multiplier Riches","107","REDTIGER","slot","5","0","0","137","2024-11-06 16:54:06","/externals/C66FM/img/_wms/_l/electronicgames/redtiger31/Multiplier_riches_540.webp"
"owlsdx1000000000","Owls","192","NLC","slot","5","0","0","74","2025-01-06 17:37:03","/externals/C66FM/img/_wms/_l/electronicgames/nlc31/Owls_540.webp"
"40","Crazy FaFaFa","161","JILI","slot","5","0","0","9379","2025-02-24 09:50:00","/externals/C66FM/img/_wms/_l/electronicgames/JILI4/Crazy_fafafa_540.webp"
"183","Wolf Disco","073","CQ9","slot","5","0","0","216","2025-02-25 14:44:59","/externals/C66FM/img/_wms/_l/electronicgames/cq31/Wolf_disco_540.webp"
"vs50jucier","Sky Bounty","199","PP","slot","5","0","0","389","2025-02-20 13:43:39","/externals/C66FM/img/_wms/_l/electronicgames/PP/Sky_bounty_540.webp"
"18_359","Sweet Shop Collect","105","RTG","slot","5","0","0","173","2024-11-06 10:53:34","/externals/C66FM/img/_wms/_l/electronicgames/rtg31/Sweet_shop_collect_540.webp"
"115","Supermarket Spree","100","PG","slot","5","0","0","427","2025-02-20 16:29:54","/externals/C66FM/img/_wms/_l/electronicgames/PG/Super_market_spree_540.webp"
"starstruckdx1000","Starstruck","192","NLC","slot","5","0","0","98","2025-01-06 17:37:26","/externals/C66FM/img/_wms/_l/electronicgames/nlc31/Starstuck_540.webp"
"126","Bone Fortune","161","JILI","slot","5","0","0","9185","2025-02-24 09:50:59","/externals/C66FM/img/_wms/_l/electronicgames/JILI4/Bone_fortune_540.webp"
"PSS-ON-00093","Love","141","PLAYSTAR","slot","5","0","0","274","2025-02-24 17:12:38","/externals/C66FM/img/_wms/_l/electronicgames/plays/Love_540.webp"
"212","Burning Xi-You","073","CQ9","slot","5","0","0","347","2025-02-25 14:45:59","/externals/C66FM/img/_wms/_l/electronicgames/cq31/Burning_xi_you_540.webp"
"SGFireRooster","Fire Rooster","099","HBN","slot","5","0","0","52","2025-02-27 09:36:09","/externals/C66FM/img/_wms/_l/electronicgames/hbn31/Fire_rooster_540.webp"
"dynamiteriches00","Dynamite Riches","107","REDTIGER","slot","5","0","0","163","2024-11-06 16:54:37","/externals/C66FM/img/_wms/_l/electronicgames/redtiger31/Dynamite_riches_540.webp"
"vs20portals","Fire Portals","199","PP","slot","5","0","0","1689","2025-04-03 17:15:28","/externals/C66FM/img/_wms/_l/electronicgames/pl219/Fire_portals_540.webp"
"62","Gem Saviour Conquest","100","PG","slot","5","0","0","175","2025-02-20 16:30:11","/externals/C66FM/img/_wms/_l/electronicgames/pg31/Gem_saviour_conquest_540.webp"
"18_326","Santa&s Reel Wheel","105","RTG","slot","5","0","0","257","2024-11-06 10:54:00","/externals/C66FM/img/_wms/_l/electronicgames/rtg31/Santas_reel_wheel_540.webp"
"208","Trial of Phoenix","161","JILI","slot","5","0","0","7689","2025-02-24 09:51:22","/externals/C66FM/img/_wms/_l/electronicgames/jili5/Trial_of_phoenix_540.webp"
"201110","Warrior Ways","207","HACKSAW","slot","5","0","0","102","2025-01-07 15:53:32","/externals/C66FM/img/_wms/_l/electronicgames/HACK/Warrior_ways_540.webp"
"PSS-ON-00104","Kungfu","141","PLAYSTAR","slot","5","0","0","323","2025-02-24 17:12:50","/externals/C66FM/img/_wms/_l/electronicgames/plays/Kung_fu_540.webp"
"vs20muertos","Muertos Multiplier Megaways","199","PP","slot","5","0","0","495","2025-02-20 13:43:59","/externals/C66FM/img/_wms/_l/electronicgames/PP/Muertos_multiplier_megaways_540.webp"
"112","Pyramid Raider","073","CQ9","slot","5","0","0","452","2025-02-25 14:46:09","/externals/C66FM/img/_wms/_l/electronicgames/cq31/Pyramid_raider_540.webp"
"SGDiscoFunk","Disco Funk","099","HBN","slot","5","0","0","51","2025-02-27 09:36:20","/externals/C66FM/img/_wms/_l/electronicgames/hbn31/Disco_funk_540.webp"
"riostars00000000","Rio Stars","107","REDTIGER","slot","5","0","0","77","2024-11-06 16:54:48","/externals/C66FM/img/_wms/_l/electronicgames/redtiger31/Rip_stars_540.webp"
"dungeonquestdx10","Dungeon Quest","192","NLC","slot","5","0","0","59","2024-11-05 10:04:20","/externals/C66FM/img/_wms/_l/electronicgames/nlc31/Dungeon_quest_540.webp"
"122","Garuda Gems","100","PG","slot","5","0","0","329","2025-01-06 11:23:18","/externals/C66FM/img/_wms/_l/electronicgames/PG/Garuda_gems_540.webp"
"18_335","Giant Fortunes","105","RTG","slot","5","0","0","137","2024-11-06 10:54:10","/externals/C66FM/img/_wms/_l/electronicgames/rtg31/Giant_fortunes_540.webp"
"85","Genie's 3 Wishes","100","PG","slot","5","0","0","438","2025-02-20 16:30:35","/externals/C66FM/img/_wms/_l/electronicgames/pg31/Genies_3_wishes_540.webp"
"16","Super5","073","CQ9","slot","5","0","0","323","2025-02-25 14:46:20","/externals/C66FM/img/_wms/_l/electronicgames/cq31/Supercar_540.webp"
"130","Thor X","161","JILI","slot","5","0","0","6236","2025-02-24 09:51:41","/externals/C66FM/img/_wms/_l/electronicgames/jili4/Thor_x_540.webp"
"vswayspowzeus","Power of Merlin Megaways","199","PP","slot","5","0","0","476","2025-02-20 13:44:10","/externals/C66FM/img/_wms/_l/electronicgames/PP/Power_of_merlin_merlin_megaways_540.webp"
"PSS-ON-00114","Fish Prawn Crab","141","PLAYSTAR","slot","5","0","0","279","2025-02-24 17:13:00","/externals/C66FM/img/_wms/_l/electronicgames/plays/Fish_prawn_crab_540.webp"
"201272","Ronin Stackways","207","HACKSAW","slot","5","0","0","82","2025-01-07 15:53:43","/externals/C66FM/img/_wms/_l/electronicgames/HACK/Ronin_stackways_540.webp"
"18_290","Hyper Wins","105","RTG","slot","5","0","0","129","2024-11-06 10:54:20","/externals/C66FM/img/_wms/_l/electronicgames/rtg31/Hyper_wins_540.webp"
"SGAllForOne","All For One","099","HBN","slot","5","0","0","61","2025-02-27 09:36:32","/externals/C66FM/img/_wms/_l/electronicgames/hbn31/All_for_one_540.webp"
"reelkeeper000000","Reel Keeper","107","REDTIGER","slot","5","0","0","59","2024-11-06 16:55:09","/externals/C66FM/img/_wms/_l/electronicgames/redtiger31/Reel_keeper_540.webp"
"SGSpaceFortune","Space Fortune","099","HBN","slot","5","0","0","35","2025-02-27 09:36:44","/externals/C66FM/img/_wms/_l/electronicgames/hbn31/Space_fortune_540.webp"
"BacBo00000000001","Bac Bo","108","EVOLUTION","live-casino","17","0","0","848","2026-02-13 17:37:27","/externals/C66FM/img/_wms/_l/electronicgames/evo31/Bac_bo_540.webp"
"116","Happy Taxi","161","JILI","slot","5","0","0","6286","2025-02-24 09:53:55","/externals/C66FM/img/_wms/_l/electronicgames/JILI4/Happy_taxi_540.webp"
"PSS-ON-00001","China Empress","141","PLAYSTAR","slot","5","0","0","387","2025-02-24 17:13:11","/externals/C66FM/img/_wms/_l/electronicgames/plays/China_empress_540.webp"
"vs40infwild","Infective Wild","199","PP","slot","5","0","0","287","2025-02-20 13:45:14","/externals/C66FM/img/_wms/_l/electronicgames/PP/Infective_wild_540.webp"
"9","ZhongKui","073","CQ9","slot","5","0","0","258","2025-02-25 14:46:48","/externals/C66FM/img/_wms/_l/electronicgames/cq31/Zhong_kui_540.webp"
"SGVikingsPlunder","Viking's Plunder","099","HBN","slot","5","0","0","45","2024-11-07 15:18:16","/externals/C66FM/img/_wms/_l/electronicgames/hbn31/Vikings_plunder_540.webp"
"201070","Toshi Video Club","207","HACKSAW","slot","5","0","0","106","2025-01-07 15:54:12","/externals/C66FM/img/_wms/_l/electronicgames/HACK/Toshi_video_club_540.webp"
"18_306","Meerkat Misfits","105","RTG","slot","5","0","0","91","2024-11-06 11:00:37","/externals/C66FM/img/_wms/_l/electronicgames/rtg31/Meerkats_misfits_540.webp"
"1397455","Fruity Candy","100","PG","slot","5","0","0","551","2025-02-20 16:30:43","/externals/C66FM/img/_wms/_l/electronicgames/PG/Fruity_candy_540.webp"
"cirquedelafortun","Cirque de la Fortune","107","REDTIGER","slot","5","0","0","75","2024-11-06 16:56:02","/externals/C66FM/img/_wms/_l/electronicgames/redtiger31/Cirque_de_la_fortune_540.webp"
"vs20drgbless","Dragon Hero","199","PP","slot","5","0","0","364","2025-02-20 13:45:44","/externals/C66FM/img/_wms/_l/electronicgames/PP/Dragon_hero_540.webp"
"SGJugglenaut","Jugglenaut","099","HBN","slot","5","0","0","98","2025-02-27 09:48:11","/externals/C66FM/img/_wms/_l/electronicgames/hbn31/Jugglenaut_540.webp"
"18_269","Vegas Lux","105","RTG","slot","5","0","0","22","2024-11-06 11:00:50","/externals/C66FM/img/_wms/_l/electronicgames/rtg31/Vegas_lux_540.webp"
"GB15","Hero of the 3 Kingdoms - Cao Cao","073","CQ9","slot","5","0","0","422","2025-02-25 14:46:58","/externals/C66FM/img/_wms/_l/electronicgames/CQ9/Hero_of_the_3_kingdoms_cao_cao_540.webp"
"136","Samba","161","JILI","slot","5","0","0","7161","2025-02-24 09:58:06","/externals/C66FM/img/_wms/_l/electronicgames/JILI4/Samba_540.webp"
"PSS-ON-00100","Zuma","141","PLAYSTAR","slot","5","0","0","428","2025-02-24 17:13:22","/externals/C66FM/img/_wms/_l/electronicgames/plays/Zuma_540.webp"
"80","Circus Delight","100","PG","slot","5","0","0","405","2025-02-20 16:30:56","/externals/C66FM/img/_wms/_l/electronicgames/pg31/Circus_delight_540.webp"
"201260","Vending Machine","207","HACKSAW","slot","5","0","0","86","2025-06-17 08:57:55","/externals/C66FM/img/_wms/_l/electronicgames/HACK/Vending_machine_540.webp"
"PSS-ON-00059","Vampire","141","PLAYSTAR","slot","5","0","0","284","2025-02-24 17:13:35","/externals/C66FM/img/_wms/_l/electronicgames/plays/Vampire_540.webp"
"145","Neko Fortune","161","JILI","slot","5","0","0","7972","2025-02-24 10:00:03","/externals/C66FM/img/_wms/_l/electronicgames/jili4/Neko_fortune_540.webp"
"SGSuperStrike","Super Strike","099","HBN","slot","5","0","0","19","2025-02-27 09:48:25","/externals/C66FM/img/_wms/_l/electronicgames/hbn31/Super_strike_540.webp"
"crystalmirror000","Crystal Mirror","107","REDTIGER","slot","5","0","0","81","2024-11-06 16:56:13","/externals/C66FM/img/_wms/_l/electronicgames/redtiger31/Crystal_mirror_540.webp"
"112","Oriental Prosperity","100","PG","slot","5","0","0","428","2025-02-20 16:31:05","/externals/C66FM/img/_wms/_l/electronicgames/PG/Oriental_prosperity_540.webp"
"27","Magic World","073","CQ9","slot","5","0","0","246","2025-02-25 14:47:35","/externals/C66FM/img/_wms/_l/electronicgames/cq31/Magic_world_540.webp"
"18_173","Panda Magic","105","RTG","slot","5","0","0","23","2024-11-06 11:01:00","/externals/C66FM/img/_wms/_l/electronicgames/rtg31/Panda_magic_540.webp"
"123","Rooster Rumble","100","PG","slot","5","0","0","408","2025-02-20 16:31:16","/externals/C66FM/img/_wms/_l/electronicgames/PG/Rooster_rumble_540.webp"
"vs10firestrike2","Fire Strike 2","199","PP","slot","5","0","0","423","2025-02-20 13:51:08","/externals/C66FM/img/_wms/_l/electronicgames/PP/Fire_strike_2_540.webp"
"201357","Cash Crew","207","HACKSAW","slot","5","0","0","96","2025-01-07 15:59:13","/externals/C66FM/img/_wms/_l/electronicgames/HACK/Cash_crew_540.webp"
"8","SoSweet","073","CQ9","slot","5","0","0","1017","2025-02-25 14:47:44","/externals/C66FM/img/_wms/_l/electronicgames/cq31/So_sweet_540.webp"
"vaultofanubis000","Vault of Anubis","107","REDTIGER","slot","5","0","0","134","2024-11-06 16:58:33","/externals/C66FM/img/_wms/_l/electronicgames/redtiger31/Vault_of_anubis_540.webp"
"18_188","Fucanglong","105","RTG","slot","5","0","0","41","2024-11-06 11:02:19","/externals/C66FM/img/_wms/_l/electronicgames/rtg31/Fucanglong_540.webp"
"5","Hot Chilli","161","JILI","slot","5","0","0","2794","2025-02-24 10:00:13","/externals/C66FM/img/_wms/_l/electronicgames/JILI0621/Hot_chili_540.webp"
"SGCashosaurus","Cashosaurus","099","HBN","slot","5","0","0","22","2025-02-27 09:48:39","/externals/C66FM/img/_wms/_l/electronicgames/hbn31/Cashosaurus_540.webp"
"PSS-ON-00094","Ps Club","141","PLAYSTAR","slot","5","0","0","306","2025-02-24 17:13:49","/externals/C66FM/img/_wms/_l/electronicgames/plays/Ps_club_540.webp"
"214","Ninja Raccoon","073","CQ9","slot","5","0","0","238","2025-02-25 14:48:42","/externals/C66FM/img/_wms/_l/electronicgames/cq31/Ninja_raccoon_540.webp"
"69","Bikini Paradise","100","PG","slot","5","0","0","496","2025-02-20 16:31:29","/externals/C66FM/img/_wms/_l/electronicgames/pg31/Bikini_paradise_540.webp"
"vswaysfirewmw","Blazing Wilds Megaways","199","PP","slot","5","0","0","430","2025-02-20 13:51:18","/externals/C66FM/img/_wms/_l/electronicgames/PP/Blazing_wilds_megaways_540.webp"
"18_235","Stardust","105","RTG","slot","5","0","0","39","2024-11-06 11:02:33","/externals/C66FM/img/_wms/_l/electronicgames/rtg31/Stardust_540.webp"
"201061","Let It Snow","207","HACKSAW","slot","5","0","0","52","2025-01-07 16:02:47","/externals/C66FM/img/_wms/_l/electronicgames/HACK/Let_it_snow_540.webp"
"176","Master Tiger","161","JILI","slot","5","0","0","6312","2025-02-24 10:00:25","/externals/C66FM/img/_wms/_l/electronicgames/JILI4/Master_tiger_540.webp"
"PSS-ON-00024","Fa Fa Monkey","141","PLAYSTAR","slot","5","0","0","358","2025-02-24 17:14:43","/externals/C66FM/img/_wms/_l/electronicgames/plays/Fa_fa_monkey_540.webp"
"18_237","Gods of Nature","105","RTG","slot","5","0","0","24","2024-11-06 11:02:44","/externals/C66FM/img/_wms/_l/electronicgames/rtg31/Gods_of_nature_540.webp"
"201240","Mighty Masks","207","HACKSAW","slot","5","0","0","82","2025-01-07 16:02:59","/externals/C66FM/img/_wms/_l/electronicgames/HACK/Mighty_masks_540.webp"
"vs50juicyfr","Juicy Fruits","199","PP","slot","5","0","0","267","2025-02-20 13:51:31","/externals/C66FM/img/_wms/_l/electronicgames/PP/Juicy_fruits_540.webp"
"106","TWIN WINS","161","JILI","slot","5","0","0","7415","2025-02-24 10:00:41","/externals/C66FM/img/_wms/_l/electronicgames/JILI4/Twin_wins_540.webp"
"SGFly","Fly!","099","HBN","slot","5","0","0","397","2025-02-27 09:49:40","/externals/C66FM/img/_wms/_l/electronicgames/HBN31/Fly_540.webp"
"119","All star Fishing","161","JILI","live-casino","8","0","0","5318","2025-12-02 14:30:48","/externals/C66FM/img/_wms/_l/electronicgames/jili4/All_star_fishing_540.webp"
"PSS-ON-00051","Halloween","141","PLAYSTAR","slot","5","0","0","284","2025-02-24 17:14:54","/externals/C66FM/img/_wms/_l/electronicgames/plays/Halloween_540.webp"
"hoardofposeidon0","Hoard of Poseidon","107","REDTIGER","slot","5","0","0","118","2024-11-06 16:58:58","/externals/C66FM/img/_wms/_l/electronicgames/redtiger31/Hoard_of_poseidon_540.webp"
"50","Journey to the Wealth","100","PG","slot","5","0","0","502","2025-02-20 16:31:50","/externals/C66FM/img/_wms/_l/electronicgames/pg31/Journey_to_the_wealth_540.webp"
"5008","Da Hong Zhong","073","CQ9","slot","5","0","0","593","2025-02-25 14:48:52","/externals/C66FM/img/_wms/_l/electronicgames/cq31/Da_hong_zhong_540.webp"
"18_351","Warrior Conquest","105","RTG","slot","5","0","0","156","2024-11-06 11:04:41","/externals/C66FM/img/_wms/_l/electronicgames/rtg31/Warrior_conquest_540.webp"
"vswaysrockblst","Rocket Blast Megaways","199","PP","slot","5","0","0","275","2025-02-20 13:51:41","/externals/C66FM/img/_wms/_l/electronicgames/PP/Rocket_blast_megaways_540.webp"
"agentroyale00000","Agent Royale","107","REDTIGER","slot","5","0","0","101","2024-11-06 16:59:11","/externals/C66FM/img/_wms/_l/electronicgames/redtiger31/Agent_royale_540.webp"
"142","Hephaestus","073","CQ9","slot","5","0","0","372","2025-02-25 14:50:45","/externals/C66FM/img/_wms/_l/electronicgames/cq31/Hephaestus_540.webp"
"225","Cricket King 18","161","JILI","slot","5","0","0","1515","2025-02-24 10:03:37","/externals/C66FM/img/_wms/_l/electronicgames/JILI4/Cricket_king_18_540.webp"
"82","Phoenix Rises","100","PG","slot","5","0","0","562","2025-02-20 16:32:03","/externals/C66FM/img/_wms/_l/electronicgames/pg31/Phoenix_rises_540.webp"
"SGTheBigDeal","The Big Deal","099","HBN","slot","5","0","0","20","2025-02-27 09:49:50","/externals/C66FM/img/_wms/_l/electronicgames/hbn31/The_big_deal_540.webp"
"18_274","Wild Hog Luau","105","RTG","slot","5","0","0","58","2024-11-06 11:04:55","/externals/C66FM/img/_wms/_l/electronicgames/rtg31/Wild_hog_luau_540.webp"
"SGIndianCashCatcher","Indian Cash Catcher","099","HBN","slot","5","0","0","46","2025-02-27 09:50:02","/externals/C66FM/img/_wms/_l/electronicgames/hbn31/Indian_cash_catcher_540.webp"
"214","KING ARTHUR","161","JILI","slot","5","0","0","2413","2025-02-24 10:03:52","/externals/C66FM/img/_wms/_l/electronicgames/JILI4/King_Arthur_540.webp"
"91","Guardians of Ice and Fire","100","PG","slot","5","0","0","346","2025-02-20 16:32:15","/externals/C66FM/img/_wms/_l/electronicgames/pg31/Guardians_of_ice_fire_540.webp"
"5","Mr.Rich","073","CQ9","slot","5","0","0","323","2025-02-25 14:50:54","/externals/C66FM/img/_wms/_l/electronicgames/cq31/Mr_rich_540.webp"
"jinglebellspower","Jingle Bells Power Reels","107","REDTIGER","slot","5","0","0","79","2024-11-06 17:01:36","/externals/C66FM/img/_wms/_l/electronicgames/redtiger31/Jingle_bells_power_reels_540.webp"
"vs20doghouse","The Dog House","199","PP","slot","5","0","0","509","2025-02-20 13:51:57","/externals/C66FM/img/_wms/_l/electronicgames/PP/The_dog_house_540.webp"
"2","GodOfChess","073","CQ9","slot","5","0","0","703","2025-02-25 14:51:04","/externals/C66FM/img/_wms/_l/electronicgames/cq31/God_of_chess_540.webp"
"124","Battleground Royale","100","PG","slot","5","0","0","324","2025-02-20 16:32:23","/externals/C66FM/img/_wms/_l/electronicgames/PG/Battleground_royale_540.webp"
"5families0000000","5 Families","107","REDTIGER","slot","5","0","0","77","2024-11-06 17:01:47","/externals/C66FM/img/_wms/_l/electronicgames/redtiger31/5_families_540.webp"
"SGSkysTheLimit","Sky's the Limit","099","HBN","slot","5","0","0","33","2024-11-07 15:18:30","/externals/C66FM/img/_wms/_l/electronicgames/hbn31/Skys_the_limit_540.webp"
"1747549","Wings of Iguazu","100","PG","slot","5","0","0","317","2025-01-06 11:40:30","/externals/C66FM/img/_wms/_l/electronicgames/PG/Wings_of_iguazu_540.webp"
"101","Medusa","161","JILI","slot","5","0","0","7683","2025-02-24 10:04:05","/externals/C66FM/img/_wms/_l/electronicgames/JILI4/Medusa_540.webp"
"201174","Book of Time","207","HACKSAW","slot","5","0","0","93","2025-01-07 16:07:25","/externals/C66FM/img/_wms/_l/electronicgames/HACK/Book_of_time_540.webp"
"vs10cowgold","Cowboys Gold","199","PP","slot","5","0","0","440","2025-02-20 13:52:11","/externals/C66FM/img/_wms/_l/electronicgames/PP/Cowboys_gold_540.webp"
"SGHappyApe","Happy Ape","099","HBN","slot","5","0","0","40","2025-02-27 09:50:17","/externals/C66FM/img/_wms/_l/electronicgames/hbn31/Happy_ape_540.webp"
"18_228","Secret Jungle","105","RTG","slot","5","0","0","39","2024-11-06 11:05:29","/externals/C66FM/img/_wms/_l/electronicgames/rtg31/Secret_jungle_540.webp"
"vs1600drago","Drago - Jewels of Fortune","199","PP","slot","5","0","0","278","2025-02-20 13:52:21","/externals/C66FM/img/_wms/_l/electronicgames/PP/Drago_jewels_of_fortune_540.webp"
"201170","Alpha Eagle","207","HACKSAW","slot","5","0","0","68","2025-01-07 16:07:39","/externals/C66FM/img/_wms/_l/electronicgames/HACK/Alpha_eagle_540.webp"
"108","Magic Lamp","161","JILI","slot","5","0","0","7704","2025-02-24 10:04:16","/externals/C66FM/img/_wms/_l/electronicgames/JILI4/Magic_lamp_540.webp"
"103","Crypto Gold","100","PG","slot","5","0","0","350","2025-02-20 16:32:32","/externals/C66FM/img/_wms/_l/electronicgames/PG/Crypto_gold_540.webp"
"132","Meow","073","CQ9","slot","5","0","0","99","2025-01-08 10:39:33","/externals/C66FM/img/_wms/_l/electronicgames/cq31/Meow_540.webp"
"eagleriches00000","Eagle Riches","107","REDTIGER","slot","5","0","0","70","2024-11-06 17:02:27","/externals/C66FM/img/_wms/_l/electronicgames/redtiger31/Eagle_riches_540.webp"
"SGWeirdScience","Weird Science","099","HBN","slot","5","0","0","38","2025-02-27 09:50:32","/externals/C66FM/img/_wms/_l/electronicgames/hbn31/Weird_science_540.webp"
"bettyborisandboo","Betty, Boris and Boo","107","REDTIGER","slot","5","0","0","48","2024-11-06 17:02:56","/externals/C66FM/img/_wms/_l/electronicgames/redtiger31/Betty_boris_and_boo_540.webp"
"201086","Tasty Treats","207","HACKSAW","slot","5","0","0","112","2025-01-07 16:08:03","/externals/C66FM/img/_wms/_l/electronicgames/HACK/Tasty_treats_540.webp"
"96","Football Baby","073","CQ9","slot","5","0","0","283","2025-02-25 14:52:45","/externals/C66FM/img/_wms/_l/electronicgames/cq31/Football_baby_540.webp"
"vswaysultrcoin","Cowboy Coins","199","PP","slot","5","0","0","293","2025-02-20 13:52:30","/externals/C66FM/img/_wms/_l/electronicgames/PP/Cowboy_coins_540.webp"
"Craps00000000001","Craps","108","EVOLUTION","live-casino","17","0","0","2938","2026-02-13 17:36:58","/externals/C66FM/img/_wms/_l/electronicgames/casino01/Craps540x540.webp"
"18_268","Diamond Fiesta","105","RTG","slot","5","0","0","72","2024-11-06 11:07:33","/externals/C66FM/img/_wms/_l/electronicgames/rtg31/Diamond_fiesta_540.webp"
"SGZeus","Zeus","099","HBN","slot","5","0","0","141","2025-02-27 09:51:05","/externals/C66FM/img/_wms/_l/electronicgames/hbn31/Zeus_540.webp"
"rng-topcard00001","First Person Top Card","108","EVOLUTION","live-casino","17","0","0","192","2026-02-11 19:48:05","/externals/C66FM/img/_wms/_l/electronicgames/casino01/FirstPersonTopCard540x540.webp"
"58","Golden Queen","161","JILI","slot","5","0","0","8627","2025-02-24 10:04:29","/externals/C66FM/img/_wms/_l/electronicgames/JILI4/Golden_queen_540.webp"
"95","Majestic Treasures","100","PG","slot","5","0","0","216","2025-02-20 16:32:41","/externals/C66FM/img/_wms/_l/electronicgames/PG/Majestic_treasure_540.webp"
"SGCashReef","Cash Reef","099","HBN","slot","5","0","0","31","2025-02-27 09:51:21","/externals/C66FM/img/_wms/_l/electronicgames/hbn31/Cash_reef_540.webp"
"clashofthebeasts","Clash of the Beasts","107","REDTIGER","slot","5","0","0","73","2024-11-06 17:03:08","/externals/C66FM/img/_wms/_l/electronicgames/redtiger31/Clash_of_the_beasts_540.webp"
"93","Opera Dynasty","100","PG","slot","5","0","0","310","2025-02-20 16:32:51","/externals/C66FM/img/_wms/_l/electronicgames/pg31/Opera_dynasty_540.webp"
"201057","Cash Compass","207","HACKSAW","slot","5","0","0","81","2025-01-07 16:08:21","/externals/C66FM/img/_wms/_l/electronicgames/HACK/Cash_compass_540.webp"
"240","Party Star","161","JILI","slot","5","0","0","1350","2025-02-24 10:06:58","/externals/C66FM/img/_wms/_l/electronicgames/jili/Party_star_540.webp"
"163","Ne Zha Advent","073","CQ9","slot","5","0","0","274","2025-02-25 14:52:55","/externals/C66FM/img/_wms/_l/electronicgames/cq31/Ne_zha_advent_540.webp"
"vs4096magician","Magician's Secrets","199","PP","slot","5","0","0","280","2025-02-20 13:52:55","/externals/C66FM/img/_wms/_l/electronicgames/PP/Magicians_secrets_540.webp"
"201351","Orb of Destiny","207","HACKSAW","slot","5","0","0","73","2025-01-07 16:08:52","/externals/C66FM/img/_wms/_l/electronicgames/HACK/Orb_of_destiny_540.webp"
"18_179","Snowmania","105","RTG","slot","5","0","0","25","2024-11-06 11:08:07","/externals/C66FM/img/_wms/_l/electronicgames/rtg31/Snowmania_540.webp"
"1655268","Tsar Treasures","100","PG","slot","5","0","0","334","2025-02-20 16:33:16","/externals/C66FM/img/_wms/_l/electronicgames/PG/Tsar_treasures_540.webp"
"vswaysyumyum","Yum Yum Powerways","199","PP","slot","5","0","0","220","2025-02-20 13:53:11","/externals/C66FM/img/_wms/_l/electronicgames/PP/Yum_yum_powerways_540.webp"
"SGFlyingHigh","Flying High","099","HBN","slot","5","0","0","42","2025-02-27 09:51:40","/externals/C66FM/img/_wms/_l/electronicgames/hbn31/Flying_high_540.webp"
"bombuster0000000","Bombuster","107","REDTIGER","slot","5","0","0","50","2024-11-06 17:03:43","/externals/C66FM/img/_wms/_l/electronicgames/redtiger31/Bombuster_540.webp"
"115","Snow Queen","073","CQ9","slot","5","0","0","331","2025-02-25 14:53:06","/externals/C66FM/img/_wms/_l/electronicgames/cq31/Snow_queen_540.webp"
"36","Bao boon chin","161","JILI","slot","5","0","0","5631","2025-02-24 10:07:11","/externals/C66FM/img/_wms/_l/electronicgames/jili4/Bao_boon_chin_540.webp"
"legendaryexcalib","Legendary Excalibur","107","REDTIGER","slot","5","0","0","69","2024-11-06 17:03:54","/externals/C66FM/img/_wms/_l/electronicgames/redtiger31/Legendary_excalibur_540.webp"
"39","Piggy Gold","100","PG","slot","5","0","0","514","2025-02-20 16:33:51","/externals/C66FM/img/_wms/_l/electronicgames/pg31/Piggy_gold_540.webp"
"103","JewelLuxury","073","CQ9","slot","5","0","0","424","2025-02-25 14:53:47","/externals/C66FM/img/_wms/_l/electronicgames/cq31/Jewel_luxury_540.webp"
"vs20bigdawgs","The Big Dawgs","199","PP","slot","5","0","0","304","2025-02-20 13:53:20","/externals/C66FM/img/_wms/_l/electronicgames/PP/The_big_dawgs_540.webp"
"263","THE PIG HOUSE","161","JILI","slot","5","0","0","1637","2025-02-24 10:07:22","/externals/C66FM/img/_wms/_l/electronicgames/jili/The_pig_house_540.webp"
"201396","Cursed Crypt","207","HACKSAW","slot","5","0","0","153","2025-01-07 16:16:23","/externals/C66FM/img/_wms/_l/electronicgames/HACK/Cursed_crypt_540.webp"
"18_221","Shanghai Lights","105","RTG","slot","5","0","0","20","2024-11-06 11:08:16","/externals/C66FM/img/_wms/_l/electronicgames/rtg31/Shanghai_lights_540.webp"
"SGBirdOfThunder","Bird of Thunder","099","HBN","slot","5","0","0","45","2025-02-27 09:51:51","/externals/C66FM/img/_wms/_l/electronicgames/hbn31/Bird_of_thunder_540.webp"
"90","Secrets of Cleopatra","100","PG","slot","5","0","0","326","2025-01-06 11:42:33","/externals/C66FM/img/_wms/_l/electronicgames/pg31/Secrets_of_cleopatra_540.webp"
"88","Jewels of Prosperity","100","PG","slot","5","0","0","304","2025-02-20 16:36:43","/externals/C66FM/img/_wms/_l/electronicgames/pg31/Jewels_of_prosperity_540.webp"
"226","WITCHES NIGHT","161","JILI","slot","5","0","0","3269","2025-02-24 10:07:34","/externals/C66FM/img/_wms/_l/electronicgames/JILI4/Witches_Night_540.webp"
"vs20clustext","Gears of Horus","199","PP","slot","5","0","0","274","2025-02-20 13:53:29","/externals/C66FM/img/_wms/_l/electronicgames/PP/Gears_of_horus_540.webp"
"123","LuckyBats M","073","CQ9","slot","5","0","0","379","2025-02-25 14:53:57","/externals/C66FM/img/_wms/_l/electronicgames/cq31/Lucky_bats_m_540.webp"
"atlantis00000000","Atlantis","107","REDTIGER","slot","5","0","0","123","2024-11-06 17:04:06","/externals/C66FM/img/_wms/_l/electronicgames/redtiger31/Atlantis_540.webp"
"18_167","Eternal Love","105","RTG","slot","5","0","0","23","2024-11-06 11:08:26","/externals/C66FM/img/_wms/_l/electronicgames/rtg31/Eternal_love_540.webp"
"SGPamperMe","Pamper Me","099","HBN","slot","5","0","0","17","2025-02-27 09:52:30","/externals/C66FM/img/_wms/_l/electronicgames/hbn31/Pamper_me_540.webp"
"118","SkrSkr","073","CQ9","slot","5","0","0","264","2025-02-25 14:54:07","/externals/C66FM/img/_wms/_l/electronicgames/cq31/Skrskr_540.webp"
"wellofwishes0000","Well Of Wishes","107","REDTIGER","slot","5","0","0","100","2024-11-06 17:05:04","/externals/C66FM/img/_wms/_l/electronicgames/redtiger31/Well_of_wishes_540.webp"
"201248","Beast Below","207","HACKSAW","slot","5","0","0","101","2025-01-07 16:17:03","/externals/C66FM/img/_wms/_l/electronicgames/HACK/Beast_below_540.webp"
"SGMrBling","Mr Bling","099","HBN","slot","5","0","0","42","2025-02-27 09:52:43","/externals/C66FM/img/_wms/_l/electronicgames/hbn31/Mr_bling_540.webp"
"7_7002","Dragon Fishing II","104","JDB","live-casino","8","0","0","416","2025-11-07 10:32:26","/externals/C66FM/img/_wms/_l/electronicgames/BP/Dragon_fishing_II_540.webp"
"171","SIN CITY","161","JILI","slot","5","0","0","6421","2025-02-24 10:07:49","/externals/C66FM/img/_wms/_l/electronicgames/JILI0621/Sin_city_540.webp"
"18_277","Witchy Win","105","RTG","slot","5","0","0","24","2024-11-06 11:08:53","/externals/C66FM/img/_wms/_l/electronicgames/rtg31/Witchy_win_540.webp"
"vs50jfmulthold","Juicy Fruits Multihold","199","PP","slot","5","0","0","237","2025-02-20 13:53:38","/externals/C66FM/img/_wms/_l/electronicgames/PP/Juicy_fruits_multihold_540.webp"
"108","Buffalo Win","100","PG","slot","5","0","0","351","2025-02-20 16:36:56","/externals/C66FM/img/_wms/_l/electronicgames/PG/Buffalo_win_540.webp"
"37","NIGHT CITY","161","JILI","slot","5","0","0","4929","2025-07-04 13:23:05","/externals/C66FM/img/_wms/_l/electronicgames/jili/Night_city_540.webp"
"203","RaveHigh","073","CQ9","slot","5","0","0","286","2025-02-25 14:54:20","/externals/C66FM/img/_wms/_l/electronicgames/cq31/Rave_high_540.webp"
"vswaysalterego","The Alter Ego","199","PP","slot","5","0","0","266","2025-02-20 13:53:54","/externals/C66FM/img/_wms/_l/electronicgames/PP/The_alter_ego_540.webp"
"jewelscarabs0000","Jewel Scarabs","107","REDTIGER","slot","5","0","0","123","2024-11-06 17:05:13","/externals/C66FM/img/_wms/_l/electronicgames/redtiger31/Jewel_scarabs_540.webp"
"18_270","Frog Fortunes","105","RTG","slot","5","0","0","56","2024-11-06 11:09:01","/externals/C66FM/img/_wms/_l/electronicgames/rtg31/Frog_fortunes_540.webp"
"SGHotHotHalloween","Hot Hot Halloween","099","HBN","slot","5","0","0","482","2025-10-30 11:23:24","/externals/C66FM/img/_wms/_l/electronicgames/hbn31/Hot_hot_halloween_540.webp"
"1420892","Rave Party Fever","100","PG","slot","5","0","0","259","2025-02-20 16:37:11","/externals/C66FM/img/_wms/_l/electronicgames/PG/Rave_party_fever_540.webp"
"SGDragonsThrone","Dragon's Throne","099","HBN","slot","5","0","0","51","2024-11-07 15:09:59","/externals/C66FM/img/_wms/_l/electronicgames/hbn31/Dragons_throne_540.webp"
"201066","Hop'n'Pop","207","HACKSAW","slot","5","0","0","50","2025-01-07 16:17:40","/externals/C66FM/img/_wms/_l/electronicgames/HACK/Hop_n_pop_540.webp"
"18_259","Magic Mushroom","105","RTG","slot","5","0","0","36","2024-11-06 11:09:11","/externals/C66FM/img/_wms/_l/electronicgames/rtg31/Magic_mushroom_540.webp"
"1","FruitKing","073","CQ9","slot","5","0","0","2951","2025-02-25 14:54:34","/externals/C66FM/img/_wms/_l/electronicgames/cq31/Fruit_king_540.webp"
"SGMummyMoney","Mummy Money","099","HBN","slot","5","0","0","66","2025-02-27 09:56:43","/externals/C66FM/img/_wms/_l/electronicgames/hbn31/Mummy_money_540.webp"
"201308","Immortal Desire","207","HACKSAW","slot","5","0","0","101","2025-01-07 16:17:50","/externals/C66FM/img/_wms/_l/electronicgames/HACK/Immortal_desire_540.webp"
"70","Candy Burst","100","PG","slot","5","0","0","536","2025-02-20 16:37:44","/externals/C66FM/img/_wms/_l/electronicgames/pg31/Candy_burst_540.webp"
"vs20beefed","Fat Panda","199","PP","slot","5","0","0","176","2025-02-20 13:54:07","/externals/C66FM/img/_wms/_l/electronicgames/PP/Fat_panda_540.webp"
"thewildhatter000","The Wild Hatter","107","REDTIGER","slot","5","0","0","102","2024-11-06 17:05:45","/externals/C66FM/img/_wms/_l/electronicgames/redtiger31/The_wild_hatter_540.webp"
"374","Lucky Doggy","161","JILI","slot","5","0","0","822","2025-02-24 10:08:10","/externals/C66FM/img/_wms/_l/electronicgames/jili/Lucky_doggy_540.webp"
"luckyoktoberfest","Lucky Oktoberfest","107","REDTIGER","slot","5","0","0","70","2024-11-06 17:05:55","/externals/C66FM/img/_wms/_l/electronicgames/redtiger31/Lucky_oktoberfest_540.webp"
"SGFrontierFortunes","Frontier Fortunes","099","HBN","slot","5","0","0","62","2025-02-27 09:56:54","/externals/C66FM/img/_wms/_l/electronicgames/hbn31/Frontier_fortunes_540.webp"
"41","Symbols of Egypt","100","PG","slot","5","0","0","396","2025-02-20 16:38:05","/externals/C66FM/img/_wms/_l/electronicgames/pg31/Symbols_of_egypt_540.webp"
"18_316","Sweet 16 Blast!","105","RTG","slot","5","0","0","614","2024-11-06 11:09:21","/externals/C66FM/img/_wms/_l/electronicgames/rtg31/Sweet_16_540.webp"
"vswayscashconv","Running Sushi","199","PP","slot","5","0","0","232","2025-02-20 13:54:17","/externals/C66FM/img/_wms/_l/electronicgames/pl219/Running_sushi_540.webp"
"riddleofthesphin","Riddle Of The Sphinx","107","REDTIGER","slot","5","0","0","123","2024-11-06 17:06:08","/externals/C66FM/img/_wms/_l/electronicgames/redtiger31/Riddle_of_the_sphinx_540.webp"
"13","SakuraLegend","073","CQ9","slot","5","0","0","455","2025-02-25 14:54:48","/externals/C66FM/img/_wms/_l/electronicgames/cq31/Sakura_legend_540.webp"
"rng-rt-european0","First Person Roulette","108","EVOLUTION","live-casino","17","0","0","926","2026-02-11 19:43:13","/externals/C66FM/img/_wms/_l/electronicgames/casino01/FirstPersonRoulette540x540.webp"
"SGBarnstormerBucks","Barnstormer Bucks","099","HBN","slot","5","0","0","40","2025-02-27 09:57:04","/externals/C66FM/img/_wms/_l/electronicgames/hbn31/Barnstormer_bucks_540.webp"
"201347","Bouncy Bombs","207","HACKSAW","slot","5","0","0","81","2025-01-07 16:22:44","/externals/C66FM/img/_wms/_l/electronicgames/HACK/Bouncy_bombs_540.webp"
"vs7776secrets","John Hunter and the Aztec Treasure","199","PP","slot","5","0","0","300","2025-02-20 13:54:34","/externals/C66FM/img/_wms/_l/electronicgames/PP/John_hunter_and_the_aztec_treasure_540.webp"
"92","World Cup Russia 2018","073","CQ9","slot","5","0","0","332","2025-02-25 14:55:51","/externals/C66FM/img/_wms/_l/electronicgames/cq31/World_cup_russia_2018_540.webp"
"AT05","LuckyFishing","073","CQ9","live-casino","8","0","0","3104","2025-06-17 10:11:27","/externals/C66FM/img/_wms/_l/electronicgames/cq31/Lucky_fishing_540.webp"
"201228","Cursed Seas","207","HACKSAW","slot","5","0","0","82","2025-01-07 16:23:03","/externals/C66FM/img/_wms/_l/electronicgames/HACK/Cursed_seas_540.webp"
"fruitsnap0000000","Fruit Snap","107","REDTIGER","slot","5","0","0","64","2024-11-06 17:39:39","/externals/C66FM/img/_wms/_l/electronicgames/redtiger31/Fruit_snap_540.webp"
"238","BANGLA BEAUTY","161","JILI","slot","5","0","0","2030","2025-02-24 10:10:12","/externals/C66FM/img/_wms/_l/electronicgames/JILI0621/Bangla_beauty_540.webp"
"vs25pandagold","Panda's Fortune","199","PP","slot","5","0","0","342","2025-02-20 13:54:58","/externals/C66FM/img/_wms/_l/electronicgames/PP/Pandas_fortune_540.webp"
"67","Shaolin Soccer","100","PG","slot","5","0","0","142","2025-02-20 16:38:55","/externals/C66FM/img/_wms/_l/electronicgames/pg31/Shaolin_soccer_540.webp"
"SGNuwa","Nuwa","099","HBN","slot","5","0","0","50","2025-02-27 09:57:15","/externals/C66FM/img/_wms/_l/electronicgames/hbn31/Nuwa_540.webp"
"SGSpaceGoonz","Space Goonz","099","HBN","slot","5","0","0","285","2025-02-27 11:47:04","/externals/C66FM/img/_wms/_l/electronicgames/HBN31/Space_goonz_540.webp"
"SGOceansCall","Ocean's Call","099","HBN","slot","5","0","0","36","2024-11-07 15:09:49","/externals/C66FM/img/_wms/_l/electronicgames/hbn31/Oceans_call_540.webp"
"201067","Xpander","207","HACKSAW","slot","5","0","0","56","2025-01-07 16:23:17","/externals/C66FM/img/_wms/_l/electronicgames/HACK/Xpander_540.webp"
"vs10noodles","Oodles of Noodles","199","PP","slot","5","0","0","184","2025-02-20 13:55:08","/externals/C66FM/img/_wms/_l/electronicgames/pl219/Oodles_of_noodles_540.webp"
"24hourgrandprix0","24 Hour Grand Prix","107","REDTIGER","slot","5","0","0","66","2024-11-06 17:39:49","/externals/C66FM/img/_wms/_l/electronicgames/redtiger31/24_hour_grand_prix_540.webp"
"59","Ninja vs Samurai","100","PG","slot","5","0","0","239","2025-02-20 16:39:09","/externals/C66FM/img/_wms/_l/electronicgames/pg31/Ninja_vs_samurai_540.webp"
"18_262","Dr. Winmore","105","RTG","slot","5","0","0","15","2024-11-06 11:10:41","/externals/C66FM/img/_wms/_l/electronicgames/rtg31/Dr_winmore_540.webp"
"4","God Of Martial","161","JILI","slot","5","0","0","1616","2025-02-24 10:10:26","/externals/C66FM/img/_wms/_l/electronicgames/JILI4/God_of_martial_540.webp"
"210","Oo Ga Cha Ka","073","CQ9","slot","5","0","0","210","2025-02-25 15:05:12","/externals/C66FM/img/_wms/_l/electronicgames/cq31/Oo_ga_cha_ka_540.webp"
"201056","Cubes","207","HACKSAW","slot","5","0","0","57","2025-01-07 16:26:19","/externals/C66FM/img/_wms/_l/electronicgames/HACK/Cubes_540.webp"
"299","POTION WIZARD","161","JILI","slot","5","0","0","1554","2025-02-24 10:10:38","/externals/C66FM/img/_wms/_l/electronicgames/jili/Potion_wizard_540.webp"
"18_247","Pulsar","105","RTG","slot","5","0","0","11","2024-11-06 11:10:52","/externals/C66FM/img/_wms/_l/electronicgames/rtg31/Pulsar_540.webp"
"vs20gravity","Gravity Bonanza™","199","PP","slot","5","0","0","133","2025-02-20 13:55:32","/externals/C66FM/img/_wms/_l/electronicgames/pl219/Gravity_bonanza_540.webp"
"32","Detective Dee","073","CQ9","slot","5","0","0","176","2025-02-25 15:06:12","/externals/C66FM/img/_wms/_l/electronicgames/cq31/Detective_dee_540.webp"
"95","Football Boots","073","CQ9","slot","5","0","0","255","2025-02-25 15:06:21","/externals/C66FM/img/_wms/_l/electronicgames/cq31/Football_boots_540.webp"
"1529867","Ninja Racoon Frenzy","100","PG","slot","5","0","0","283","2025-02-20 16:41:39","/externals/C66FM/img/_wms/_l/electronicgames/PG/Ninja_raccoon_frenzy_540.webp"
"SGHauntedHouse","Haunted House","099","HBN","slot","5","0","0","43","2025-02-27 11:47:20","/externals/C66FM/img/_wms/_l/electronicgames/hbn31/Haunted_house_540.webp"
"aurumcodex000000","Aurum Codex","107","REDTIGER","slot","5","0","0","69","2024-11-06 17:40:40","/externals/C66FM/img/_wms/_l/electronicgames/redtiger31/Aurum_codex_540.webp"
"pathofdestiny000","Path of Destiny","107","REDTIGER","slot","5","0","0","77","2024-11-06 17:41:20","/externals/C66FM/img/_wms/_l/electronicgames/redtiger31/Path_of_destiny_540.webp"
"SGLondonHunter","London Hunter","099","HBN","slot","5","0","0","31","2025-02-27 11:47:38","/externals/C66FM/img/_wms/_l/electronicgames/hbn31/London_hunter_540.webp"
"64","Muay Thai Champion","100","PG","slot","5","0","0","285","2025-02-20 16:45:12","/externals/C66FM/img/_wms/_l/electronicgames/pg31/Muay_thai_champion_540.webp"
"59","SummerMood","073","CQ9","slot","5","0","0","226","2025-02-25 15:06:52","/externals/C66FM/img/_wms/_l/electronicgames/cq31/Summer_mood_540.webp"
"201224","Fear the Dark","207","HACKSAW","slot","5","0","0","68","2025-01-07 16:26:54","/externals/C66FM/img/_wms/_l/electronicgames/HACK/Fear_the_dark_540.webp"
"230","Cricket Sah 75","161","JILI","slot","5","0","0","1634","2025-02-24 10:12:31","/externals/C66FM/img/_wms/_l/electronicgames/JILI4/Cricket_sah_75_540.webp"
"201168","Time Spinners","207","HACKSAW","slot","5","0","0","80","2025-01-07 16:28:00","/externals/C66FM/img/_wms/_l/electronicgames/HACK/Time_spinners_540.webp"
"102","FruityCarnival","073","CQ9","slot","5","0","0","594","2025-02-25 15:09:28","/externals/C66FM/img/_wms/_l/electronicgames/cq31/Fruity_carnival_540.webp"
"7_7006","Dragon Master","104","JDB","live-casino","8","0","0","257","2025-11-07 10:31:31","/externals/C66FM/img/_wms/_l/electronicgames/jdb3/7_7006_Dragon_Master.webp"
"119","Spirited Wonders","100","PG","slot","5","0","0","230","2025-02-20 16:45:26","/externals/C66FM/img/_wms/_l/electronicgames/PG/Spirited_wonders_540.webp"
"SGPuckerUpPrince","Pucker Up Prince","099","HBN","slot","5","0","0","33","2025-02-27 11:48:28","/externals/C66FM/img/_wms/_l/electronicgames/hbn31/Pucker_up_prince_540.webp"
"sylvanspirits000","Sylvan Spirits","107","REDTIGER","slot","5","0","0","49","2024-11-06 17:43:27","/externals/C66FM/img/_wms/_l/electronicgames/redtiger31/Sylvan_spirits_540.webp"
"SGTheDragonCastle","Dragon Castle","099","HBN","slot","5","0","0","34","2024-11-07 14:54:13","/externals/C66FM/img/_wms/_l/electronicgames/hbn31/Dragon_castle_540.webp"
"146","World Cup","161","JILI","slot","5","0","0","5609","2025-02-24 10:12:41","/externals/C66FM/img/_wms/_l/electronicgames/JILI4/World_cup_540.webp"
"ancientsblessing","Ancients Blessing","107","REDTIGER","slot","5","0","0","69","2024-11-06 17:43:39","/externals/C66FM/img/_wms/_l/electronicgames/redtiger31/Ancients_blessing_540.webp"
"201054","OmNom","207","HACKSAW","slot","5","0","0","62","2025-01-07 16:28:37","/externals/C66FM/img/_wms/_l/electronicgames/HACK/Om_nom_540.webp"
"18_243","Cubee","105","RTG","slot","5","0","0","22","2024-11-06 11:11:34","/externals/C66FM/img/_wms/_l/electronicgames/rtg31/Cubee_540.webp"
"SGGalacticCash","Galactic Cash","099","HBN","slot","5","0","0","18","2025-02-27 11:48:37","/externals/C66FM/img/_wms/_l/electronicgames/hbn31/Galactic_cash_540.webp"
"166","Wild Racer","161","JILI","slot","5","0","0","5716","2025-02-24 10:12:53","/externals/C66FM/img/_wms/_l/electronicgames/JILI4/Wild_racer_540.webp"
"105","Heist Stakes","100","PG","slot","5","0","0","245","2025-02-20 16:45:37","/externals/C66FM/img/_wms/_l/electronicgames/PG/Heist_stakes_540.webp"
"201094","King Carrot","207","HACKSAW","slot","5","0","0","75","2025-01-07 16:28:47","/externals/C66FM/img/_wms/_l/electronicgames/HACK/King_carrot_540.webp"
"1368367","Alchemy Gold","100","PG","slot","5","0","0","295","2025-02-20 16:45:57","/externals/C66FM/img/_wms/_l/electronicgames/PG/Alchemy_gold_540.webp"
"115","Agent Ace","161","JILI","slot","5","0","0","5914","2025-02-24 10:13:30","/externals/C66FM/img/_wms/_l/electronicgames/JILI4/Agent_ace_540.webp"
"mysteryreelspowe","Mystery Reels Power Reels","107","REDTIGER","slot","5","0","0","75","2024-11-06 17:43:49","/externals/C66FM/img/_wms/_l/electronicgames/redtiger31/Mystery_reels_power_reels_540.webp"
"102","Mermaid Riches","100","PG","slot","5","0","0","207","2025-02-20 16:46:10","/externals/C66FM/img/_wms/_l/electronicgames/PG/Mermaid_riches_540.webp"
"SGGlamRock","Glam Rock","099","HBN","slot","5","0","0","22","2024-11-07 14:54:50","/externals/C66FM/img/_wms/_l/electronicgames/hbn31/Glam_rock_540.webp"
"SGMysticFortune","Mystic Fortune","099","HBN","slot","5","0","0","68","2025-02-27 11:48:56","/externals/C66FM/img/_wms/_l/electronicgames/hbn31/Mystic_fortune_540.webp"
"104","ChickyParmParm","073","CQ9","slot","5","0","0","85","2025-01-08 17:35:17","/externals/C66FM/img/_wms/_l/electronicgames/cq31/Chicky_parm_parm_540.webp"
"239","Dabanggg","161","JILI","slot","5","0","0","898","2025-02-24 10:14:34","/externals/C66FM/img/_wms/_l/electronicgames/jili/Dabanggg_540.webp"
"SGSirBlingalot","Sir Blingalot","099","HBN","slot","5","0","0","27","2024-11-07 14:55:00","/externals/C66FM/img/_wms/_l/electronicgames/hbn31/Sir_blingalot_540.webp"
"SGFenghuang","Fenghuang","099","HBN","slot","5","0","0","38","2025-02-27 11:49:43","/externals/C66FM/img/_wms/_l/electronicgames/hbn31/Fenghuang_540.webp"
"regalbeasts00000","Regal Beasts","107","REDTIGER","slot","5","0","0","45","2024-11-06 17:53:01","/externals/C66FM/img/_wms/_l/electronicgames/redtiger31/Regal_beasts_540.webp"
"18","Hood vs Wolf","100","PG","slot","5","0","0","322","2025-02-20 17:08:33","/externals/C66FM/img/_wms/_l/electronicgames/pg31/Hood_vs_hoof_540.webp"
"SGBikiniIsland","Bikini Island","099","HBN","slot","5","0","0","50","2025-02-27 11:49:57","/externals/C66FM/img/_wms/_l/electronicgames/hbn31/Bikini_island_540.webp"
"201207","Gronk's Gems","207","HACKSAW","slot","5","0","0","59","2025-01-07 16:30:17","/externals/C66FM/img/_wms/_l/electronicgames/HACK/Gronks_gems_540.webp"
"luckyfridays0000","Lucky Fridays","107","REDTIGER","slot","5","0","0","53","2024-11-06 17:53:12","/externals/C66FM/img/_wms/_l/electronicgames/redtiger31/Lucky_fridays_540.webp"
"SGWaysOfFortune","Ways Of Fortune","099","HBN","slot","5","0","0","70","2025-02-27 11:50:08","/externals/C66FM/img/_wms/_l/electronicgames/hbn31/Ways_of_fortune_540.webp"
"228","ARENA FIGHTER","161","JILI","slot","5","0","0","1973","2025-02-24 10:14:57","/externals/C66FM/img/_wms/_l/electronicgames/JILI4/Arena_Fighter_540.webp"
"201074","Rocket Reels","207","HACKSAW","slot","5","0","0","76","2025-01-07 16:33:28","/externals/C66FM/img/_wms/_l/electronicgames/HACK/Rocket_reels_540.webp"
"107","Legendary Monkey King","100","PG","slot","5","0","0","270","2025-02-20 17:08:17","/externals/C66FM/img/_wms/_l/electronicgames/PG/Legendary_monkey_king_540.webp"
"61","Flirting Scholar","100","PG","slot","5","0","0","128","2025-02-20 17:07:55","/externals/C66FM/img/_wms/_l/electronicgames/pg31/Flirting_scholar_540.webp"
"201329","Feel The Beat","207","HACKSAW","slot","5","0","0","71","2025-01-07 16:34:20","/externals/C66FM/img/_wms/_l/electronicgames/HACK/Feel_the_beat_540.webp"
"141","Xmas","073","CQ9","slot","5","0","0","275","2025-02-25 15:12:38","/externals/C66FM/img/_wms/_l/electronicgames/cq31/Xmas_540.webp"
"SGTheDeadEscape","The Dead Escape","099","HBN","slot","5","0","0","25","2025-02-27 11:51:20","/externals/C66FM/img/_wms/_l/electronicgames/hbn31/The_dead_escape_540.webp"
"201058","The Respinners","207","HACKSAW","slot","5","0","0","62","2025-01-07 16:34:38","/externals/C66FM/img/_wms/_l/electronicgames/HACK/The_respinners_540.webp"
"3","Fortune Gods","100","PG","slot","5","0","0","721","2025-02-20 17:07:38","/externals/C66FM/img/_wms/_l/electronicgames/pg31/Fortune_gods_540.webp"
"SGPresto","Presto!","099","HBN","slot","5","0","0","34","2025-02-27 11:51:31","/externals/C66FM/img/_wms/_l/electronicgames/hbn31/Presto_540.webp"
"SGTreasureTomb","Treasure Tomb","099","HBN","slot","5","0","0","38","2025-02-27 11:51:52","/externals/C66FM/img/_wms/_l/electronicgames/hbn31/Treasure_tomb_540.webp"
"26","Tree of Fortune","100","PG","slot","5","0","0","539","2025-02-20 17:07:23","/externals/C66FM/img/_wms/_l/electronicgames/pg31/Tree_of_fortune_540.webp"
"201336","Dawn of Kings","207","HACKSAW","slot","5","0","0","68","2025-01-07 16:35:47","/externals/C66FM/img/_wms/_l/electronicgames/HACK/Dawn_of_kings_540.webp"
"1381200","Hawaiian Tiki","100","PG","slot","5","0","0","241","2025-02-20 17:07:07","/externals/C66FM/img/_wms/_l/electronicgames/PG/Hawaiian_tiki_540.webp"
"TGBlackjackAmerican","American Blackjack","099","HBN","live-casino","17","0","0","83","2026-04-23 17:49:52","/externals/C66FM/img/_wms/_l/electronicgames/casino01/HBNAmericanBlackJack540x540.webp"
"SGMountMazuma","Mount Mazuma","099","HBN","slot","5","0","0","50","2025-02-27 11:52:16","/externals/C66FM/img/_wms/_l/electronicgames/hbn31/Mount_mazuma_540.webp"
"29","Dragon Legend","100","PG","slot","5","0","0","369","2025-02-20 17:05:57","/externals/C66FM/img/_wms/_l/electronicgames/pg31/Dragon_legend_540.webp"
"201372","Keep'em","207","HACKSAW","slot","5","0","0","67","2025-01-07 16:36:07","/externals/C66FM/img/_wms/_l/electronicgames/HACK/Keep_em_540.webp"
"SGGangsters","Gangsters","099","HBN","slot","5","0","0","39","2025-02-27 11:54:14","/externals/C66FM/img/_wms/_l/electronicgames/hbn31/Gangsters_540.webp"
"1778752","Futebol Fever","100","PG","slot","5","0","0","216","2024-10-22 09:30:29","/externals/C66FM/img/_wms/_l/electronicgames/PG/Futebol_fever_540.webp"
"EURoulette","European Roulette","099","HBN","live-casino","17","0","0","110","2026-04-23 17:04:24","/externals/C66FM/img/_wms/_l/electronicgames/casino01/HBNEURoulette540x540.webp"
"40","Jungle Delight","100","PG","slot","5","0","0","234","2025-02-20 17:05:42","/externals/C66FM/img/_wms/_l/electronicgames/pg31/Jungle_delight_540.webp"
"TGThreeCardPoker","Three Card Poker","099","HBN","poker","3","0","0","133","2026-04-14 17:29:03","/externals/C66FM/img/_wms/_l/electronicgames/hbn31/Three_card_poker_540.webp"
"201169","Forest Fortune","207","HACKSAW","slot","5","0","0","67","2025-01-07 16:36:26","/externals/C66FM/img/_wms/_l/electronicgames/HACK/Forest_fortune_540.webp"
"20","Reel Love","100","PG","slot","5","0","0","159","2025-02-20 17:05:24","/externals/C66FM/img/_wms/_l/electronicgames/pg31/Reel_love_540.webp"
"36","Prosperity Lion","100","PG","slot","5","0","0","252","2025-02-20 17:05:06","/externals/C66FM/img/_wms/_l/electronicgames/pg31/Prosperity_lion_540.webp"
"201172","Break Bones","207","HACKSAW","slot","5","0","0","63","2025-01-07 16:40:44","/externals/C66FM/img/_wms/_l/electronicgames/HACK/Break_bones_540.webp"
"201355","Jelly Slice","207","HACKSAW","slot","5","0","0","53","2025-01-07 16:43:01","/externals/C66FM/img/_wms/_l/electronicgames/HACK/Jelly_slice_540.webp"
"129","Win Win Fish Prawn Crab","100","PG","slot","5","0","0","188","2025-02-20 17:04:44","/externals/C66FM/img/_wms/_l/electronicgames/PG/Win_win_fish_prawn_crab_540.webp"
"SGKanesInferno","Kane's Inferno","099","HBN","slot","5","0","0","24","2024-11-07 15:11:41","/externals/C66FM/img/_wms/_l/electronicgames/hbn31/Kanes_inferno_540.webp"
"201142","Fruit Duel","207","HACKSAW","slot","5","0","0","65","2025-01-07 16:43:26","/externals/C66FM/img/_wms/_l/electronicgames/HACK/Fruit_duel_540.webp"
"24","Win Win Won","100","PG","slot","5","0","0","340","2025-02-20 17:04:29","/externals/C66FM/img/_wms/_l/electronicgames/pg31/Win_win_won_540.webp"
"SGBlackbeardsBounty","Blackbeard's Bounty","099","HBN","slot","5","0","0","49","2024-11-07 15:11:54","/externals/C66FM/img/_wms/_l/electronicgames/hbn31/Blackbeards_bounty_540.webp"
"201216","Keep 'em Cool","207","HACKSAW","slot","5","0","0","61","2025-01-07 16:44:09","/externals/C66FM/img/_wms/_l/electronicgames/HACK/Keep_em_cool_540.webp"
"28","Hotpot","100","PG","slot","5","0","0","370","2025-02-20 16:59:53","/externals/C66FM/img/_wms/_l/electronicgames/pg31/Hotpot_540.webp"
"34","Legend of Hou Yi","100","PG","slot","5","0","0","263","2025-02-20 16:55:32","/externals/C66FM/img/_wms/_l/electronicgames/pg31/Legend_of_houyi_540.webp"
"Baccarat3HZC","American Baccarat Zero Commission","099","HBN","live-casino","17","0","0","106","2025-12-01 13:19:27","/externals/C66FM/img/_wms/_l/electronicgames/hbn31/American_baccarat_zero_commission_540.webp"
"63","Dragon Tiger Luck","100","PG","slot","5","0","0","214","2025-02-20 16:55:15","/externals/C66FM/img/_wms/_l/electronicgames/pg31/Dragon_tiger_luck_540.webp"
"SGKingTutsTomb","King Tut's Tomb","099","HBN","slot","5","0","0","23","2024-11-07 15:15:10","/externals/C66FM/img/_wms/_l/electronicgames/hbn31/King_tuts_tomb_540.webp"
"7","Medusa","100","PG","slot","5","0","0","274","2025-02-20 16:55:05","/externals/C66FM/img/_wms/_l/electronicgames/pg31/Medusa_540.webp"
"94","Bali Vacation","100","PG","slot","5","0","0","146","2025-02-20 16:54:43","/externals/C66FM/img/_wms/_l/electronicgames/PG/Bali_vacation_540.webp"
"SGDoubleODollars","Double O Dollars","099","HBN","slot","5","0","0","37","2025-02-27 11:55:24","/externals/C66FM/img/_wms/_l/electronicgames/hbn31/Double_o_dollars_540.webp"
"114","Emoji Riches","100","PG","slot","5","0","0","131","2025-02-20 16:54:29","/externals/C66FM/img/_wms/_l/electronicgames/PG/Emoji_riches_540.webp"
"SGPoolShark","Pool Shark","099","HBN","slot","5","0","0","21","2024-11-07 15:00:10","/externals/C66FM/img/_wms/_l/electronicgames/hbn31/Pool_shark_540.webp"
"SGShaolinFortunes243","Shaolin Fortunes","099","HBN","slot","5","0","0","20","2025-02-27 11:55:46","/externals/C66FM/img/_wms/_l/electronicgames/hbn31/Shaolin_fortunes_540.webp"
"97","Jack Frost's Winter","100","PG","slot","5","0","0","156","2025-02-20 16:54:02","/externals/C66FM/img/_wms/_l/electronicgames/pg31/Jack_frosts_winter_infinity_reels_540.webp"
"SGJungleRumble","Jungle Rumble","099","HBN","slot","5","0","0","34","2025-02-27 11:56:08","/externals/C66FM/img/_wms/_l/electronicgames/hbn31/Jungle_rumble_540.webp"
"SGRideEmCowboy","Ride 'em Cowboy","099","HBN","slot","5","0","0","44","2024-11-07 15:14:06","/externals/C66FM/img/_wms/_l/electronicgames/hbn31/Ride_em_cowboy_540.webp"
"58","Vampire's Charm","100","PG","slot","5","0","0","188","2025-02-20 16:53:42","/externals/C66FM/img/_wms/_l/electronicgames/pg31/Vampires_charm_540.webp"
"SGLittleGreenMoney","Little Green Money","099","HBN","slot","5","0","0","15","2024-11-07 15:00:39","/externals/C66FM/img/_wms/_l/electronicgames/hbn31/Little_green_money_540.webp"
"SGSparta","Sparta","099","HBN","slot","5","0","0","15","2025-02-27 11:56:19","/externals/C66FM/img/_wms/_l/electronicgames/hbn31/Sparta_540.webp"
"38","Gem Saviour Sword","100","PG","slot","5","0","0","183","2025-02-20 16:53:19","/externals/C66FM/img/_wms/_l/electronicgames/pg31/Gem_saviour_sword_540.webp"
"6","Medusa II","100","PG","slot","5","0","0","339","2025-02-20 16:52:41","/externals/C66FM/img/_wms/_l/electronicgames/pg31/Medusa_the_quest_of_perseus_540.webp"
"SGRodeoDrive","Rodeo Drive","099","HBN","slot","5","0","0","26","2025-02-27 11:56:42","/externals/C66FM/img/_wms/_l/electronicgames/hbn31/Rodeo_drive_540.webp"
"SGQueenOfQueens1024","Queen of Queens II","099","HBN","slot","5","0","0","53","2025-02-27 11:56:53","/externals/C66FM/img/_wms/_l/electronicgames/hbn31/Queen_of_queens_ii_540.webp"
"1338274","Totem Wonders","100","PG","slot","5","0","0","143","2025-02-20 16:52:26","/externals/C66FM/img/_wms/_l/electronicgames/PG/Totem_wonders_540.webp"
"33","Hip Hop Panda","100","PG","slot","5","0","0","137","2025-02-20 16:51:39","/externals/C66FM/img/_wms/_l/electronicgames/pg31/Hip_hop_panda_540.webp"
"SGRomanEmpire","Roman Empire","099","HBN","slot","5","0","0","26","2025-02-27 11:57:07","/externals/C66FM/img/_wms/_l/electronicgames/hbn31/Roman_empire_540.webp"
"SGTechnoTumble","Techno Tumble","099","HBN","slot","5","0","0","36","2024-11-07 15:01:24","/externals/C66FM/img/_wms/_l/electronicgames/hbn31/Techno_tumble_540.webp"
"SGWickedWitch","Wicked Witch","099","HBN","slot","5","0","0","87","2025-02-27 13:08:50","/externals/C66FM/img/_wms/_l/electronicgames/hbn31/Wicked_witch_540.webp"
"1","Honey Trap of Diao Chan","100","PG","slot","5","0","0","522","2025-02-20 16:51:25","/externals/C66FM/img/_wms/_l/electronicgames/pg31/Honey_trap_diao_chan_540.webp"
"SGQueenOfQueens243","Queen of Queens","099","HBN","slot","5","0","0","53","2025-02-27 13:09:05","/externals/C66FM/img/_wms/_l/electronicgames/hbn31/Queen_of_queens_540.webp"
"37","Santa's Gift Rush","100","PG","slot","5","0","0","170","2025-02-20 16:49:52","/externals/C66FM/img/_wms/_l/electronicgames/pg31/Santas_gift_rush_540.webp"
"35","Mr Hallow-Jackpot!","100","PG","slot","5","0","0","250","2025-11-20 14:48:43","/externals/C66FM/img/_wms/_l/electronicgames/pp522/mr.hallow-jackpot_540_540.webp"
"SGArcaneElements","Arcane Elements","099","HBN","slot","5","0","0","44","2025-02-27 13:09:21","/externals/C66FM/img/_wms/_l/electronicgames/hbn31/Arcane_elements_540.webp"
"44","Emperor's Favour","100","PG","slot","5","0","0","173","2025-02-20 16:48:54","/externals/C66FM/img/_wms/_l/electronicgames/pg31/Emperors_favour_540.webp"
"SGDrFeelgood","Dr Feelgood","099","HBN","slot","5","0","0","24","2025-02-27 13:09:33","/externals/C66FM/img/_wms/_l/electronicgames/hbn31/Dr_feelgood_540.webp"
"SGScruffyScallywags","Scruffy Scallywags","099","HBN","slot","5","0","0","22","2025-02-27 13:10:44","/externals/C66FM/img/_wms/_l/electronicgames/hbn31/Scruffy_scallywags_540.webp"
"25","Plushie Frenzy","100","PG","slot","5","0","0","216","2025-02-20 16:48:23","/externals/C66FM/img/_wms/_l/electronicgames/pg31/Plushie_frenzy_540.webp"
"118","Mask Carnival","100","PG","slot","5","0","0","166","2025-02-20 16:48:08","/externals/C66FM/img/_wms/_l/electronicgames/PG/Mask_carnival_540.webp"
"SGArcticWonders","Arctic Wonders","099","HBN","slot","5","0","0","24","2025-02-27 13:10:56","/externals/C66FM/img/_wms/_l/electronicgames/hbn31/Arctic_wonders_540.webp"
"SGJellyfishFlowUltra","Jellyfish Flow Ultra","099","HBN","slot","5","0","0","20","2025-02-27 13:11:07","/externals/C66FM/img/_wms/_l/electronicgames/hbn31/Jellyfish_flow_ultra_540.webp"
"SGSOS","S.O.S!","099","HBN","slot","5","0","0","11","2024-11-07 15:02:57","/externals/C66FM/img/_wms/_l/electronicgames/hbn31/S_o_s_540.webp"
"86","Galactic Gems","100","PG","slot","5","0","0","233","2025-02-20 16:47:52","/externals/C66FM/img/_wms/_l/electronicgames/pg31/Galactic_gems_540.webp"
"2","Gem Saviour","100","PG","slot","5","0","0","309","2025-02-20 16:47:03","/externals/C66FM/img/_wms/_l/electronicgames/pg31/Gem_saviour_540.webp"
"SGRollingRoger","Rolling Roger","099","HBN","slot","5","0","0","19","2025-02-27 13:11:17","/externals/C66FM/img/_wms/_l/electronicgames/hbn31/Rolling_roger_540.webp"
"SGJellyfishFlow","Jellyfish Flow","099","HBN","slot","5","0","0","35","2025-02-27 13:11:30","/externals/C66FM/img/_wms/_l/electronicgames/hbn31/Jellyfish_flow_540.webp"
"SGShogunsLand","Shogun's Land","099","HBN","slot","5","0","0","45","2024-11-07 15:15:54","/externals/C66FM/img/_wms/_l/electronicgames/hbn31/Shoguns_land_540.webp"
"SGShaolinFortunes100","Shaolin Fortunes 100","099","HBN","slot","5","0","0","25","2025-02-27 13:12:32","/externals/C66FM/img/_wms/_l/electronicgames/hbn31/Shaolin_fortunes_100_540.webp"
"SGCakeValley","Cake Valley","099","HBN","slot","5","0","0","23","2025-02-27 13:12:47","/externals/C66FM/img/_wms/_l/electronicgames/hbn31/Cake_valley_540.webp"
"SGCarnivalCash","Carnival Cash","099","HBN","slot","5","0","0","36","2025-02-27 13:12:58","/externals/C66FM/img/_wms/_l/electronicgames/hbn31/Carnival_cash_540.webp"
"SGColossalGems","Colossal Gems","099","HBN","slot","5","0","0","32","2025-02-27 13:13:08","/externals/C66FM/img/_wms/_l/electronicgames/hbn31/Colossal_gems_540.webp"
"SGKnockoutFootballRush","Knockout Football Rush","099","HBN","slot","5","0","0","28","2025-02-27 13:13:19","/externals/C66FM/img/_wms/_l/electronicgames/hbn31/Knockout_football_rush_540.webp"
"SGRuffledUp","Ruffled Up","099","HBN","slot","5","0","0","27","2025-02-27 13:13:30","/externals/C66FM/img/_wms/_l/electronicgames/hbn31/Ruffled_up_540.webp"
"SGKnockoutFootball","Knockout Football","099","HBN","slot","5","0","0","28","2025-02-27 13:13:44","/externals/C66FM/img/_wms/_l/electronicgames/hbn31/Knockout_football_540.webp"
"148","Bingo Carnaval","161","JILI","bingo","21","0","0","8846","2026-03-26 17:19:51","/externals/C66FM/img/_wms/_l/electronicgames/527/bingogarpay.webp"
"FunkyTime0000001","Funky Time","108","EVOLUTION","live-casino","17","0","0","11361","2026-02-25 16:27:52","/externals/C66FM/img/_wms/_l/electronicgames/casino01/FunkyTime540x540.webp"
"178","Go Goal BIngo","161","JILI","bingo","21","0","0","4550","2026-03-26 17:27:34","/externals/C66FM/img/_wms/_l/electronicgames/jili31/Go_goal_bingo_540.webp"
"7_7007","Fishing Disco","104","JDB","live-casino","8","0","0","214","2025-11-07 10:35:07","/externals/C66FM/img/_wms/_l/electronicgames/jdb3/7_7007_Fishing_Disco.webp"
"173","West Hunter Bingo","161","JILI","bingo","21","0","0","5298","2026-03-26 17:24:30","/externals/C66FM/img/_wms/_l/electronicgames/527/westhunter.webp"
"151","Super Bingo","161","JILI","bingo","21","0","0","13141","2026-03-26 17:19:24","/externals/C66FM/img/_wms/_l/electronicgames/527/super.webp"
"150","Lucky Bingo","161","JILI","bingo","21","0","0","5850","2026-03-26 17:23:52","/externals/C66FM/img/_wms/_l/electronicgames/527/luckybingo.webp"
"149","Calaca Bingo","161","JILI","bingo","21","0","0","4803","2026-03-26 17:25:33","/externals/C66FM/img/_wms/_l/electronicgames/527/calaca.webp"
"111","Number King","161","JILI","lottery","12","0","0","4340","2025-08-11 10:55:07","/externals/C66FM/img/_wms/_l/electronicgames/jili4/Number_king_540.webp"
"113","Poker King","161","JILI","lottery","12","0","0","4034","2025-11-12 13:42:51","/externals/C66FM/img/_wms/_l/electronicgames/JILI4/Poker_king_540.webp"
"123","Dragon&Tiger","161","JILI","live-casino","17","0","0","4321","2026-02-13 17:38:42","/externals/C66FM/img/_wms/_l/electronicgames/casino01/DRAGON&TIGER540x540.webp"
"125","Sic Bo","161","JILI","live-casino","17","0","0","4228","2026-02-11 19:01:35","/externals/C66FM/img/_wms/_l/electronicgames/casino01/SICBO540x540.webp"
"139","Fortune Bingo","161","JILI","bingo","21","0","0","5930","2026-03-26 17:25:04","/externals/C66FM/img/_wms/_l/electronicgames/527/fortune.webp"
"124","7up7down","161","JILI","live-casino","8","0","0","4565","2025-12-01 14:50:44","/externals/C66FM/img/_wms/_l/electronicgames/JILI4/7up_7down_540.webp"
"dragonslckdeluxe","Dragons Luck Deluxe","107","REDTIGER","slot","5","0","0","335","2024-01-17 15:01:46","/externals/C66FM/img/_wms/_l/electronicgames/redtiger31/Dragons_luck_deluxe_540.webp"
"piratespeforgold","Pirates Plenty Battle for Gold","107","REDTIGER","slot","5","0","0","221","2024-01-17 14:50:46","/externals/C66FM/img/_wms/_l/electronicgames/redtiger31/Pirates_plenty_battle_for_gold_540.webp"
"7_7003","Cai Shen Fishing","104","JDB","live-casino","8","0","0","7029","2025-12-02 14:25:17","/externals/C66FM/img/_wms/_l/electronicgames/jdb31/Cai_shen_fishing_540.webp"
"gonzosqumegaways","Gonzos Quest Megaways","107","REDTIGER","slot","5","0","0","141","2024-01-17 15:03:56","/externals/C66FM/img/_wms/_l/electronicgames/redtiger31/Gonzos_quest_megaways_540.webp"
"7_7004","Five Dragons Fishing","104","JDB","live-casino","8","0","0","9957","2025-12-18 15:57:22","/externals/C66FM/img/_wms/_l/electronicgames/jdb31/Five_dragons_fishing_540.webp"
"9_9010","LUCKY COLOR GAME","104","JDB","arcade","30","0","0","3619","2026-04-01 10:05:11","/externals/C66FM/img/_wms/_l/electronicgames/jdb31/Lucky_color_game_540.webp"
"ejx1a04w4ben0mou","Blackjack Fortune VIP","108","EVOLUTION","live-casino","17","0","0","99","2026-02-11 19:33:57","/externals/C66FM/img/_wms/_l/electronicgames/casino01/BlackjackFortuneVIP540x540.webp"
"pv5q45yjhasyt46y","Emperor Roulette","108","EVOLUTION","live-casino","17","0","0","208","2026-02-13 17:35:38","/externals/C66FM/img/_wms/_l/electronicgames/casino01/EmperorRoulette540x540.webp"
"puu47n7mic3rfd7y","Emperor Dragon Tiger","108","EVOLUTION","live-casino","17","0","0","724","2026-02-13 17:35:53","/externals/C66FM/img/_wms/_l/electronicgames/casino01/EmperorDragonTiger540x540.webp"
"puu4yfymic3reudn","Emperor Speed Baccarat A","108","EVOLUTION","live-casino","17","0","0","1146","2026-02-11 16:31:15","/externals/C66FM/img/_wms/_l/electronicgames/casino01/EmperorSpeedBaccaratA540x540.webp"
"mdkqdxtkdctrhnsx","Salon Privé Blackjack A","108","EVOLUTION","live-casino","17","0","0","121","2026-02-11 20:04:06","/externals/C66FM/img/_wms/_l/electronicgames/casino01/SalonPriveBlackjackA540x540.webp"
"DoubleBallRou001","Double Ball Roulette","108","EVOLUTION","live-casino","17","0","0","285","2026-02-11 19:58:52","/externals/C66FM/img/_wms/_l/electronicgames/casino01/DoubleBallRoulette540x540.webp"
"doasaloon0000001","Dead or Alive: Saloon","108","EVOLUTION","live-casino","17","0","0","270","2026-02-11 19:56:53","/externals/C66FM/img/_wms/_l/electronicgames/casino01/DeadorAliveSaloon540x540.webp"
"DHPTable00000001","2 Hand Casino Hold&em","108","EVOLUTION","live-casino","17","0","0","132","2026-02-13 17:38:00","/externals/C66FM/img/_wms/_l/electronicgames/evo31/2_hand_casino_holdem_540.webp"
"CSPTable00000001","Caribbean Stud Poker","108","EVOLUTION","live-casino","17","0","0","170","2026-02-11 20:01:40","/externals/C66FM/img/_wms/_l/electronicgames/casino01/CaribbeanStudPoker540x540.webp"
"SalPrivBac000001","Salon Privé Baccarat A","108","EVOLUTION","live-casino","17","0","0","963","2026-02-11 20:03:13","/externals/C66FM/img/_wms/_l/electronicgames/casino01/SalonPriveBaccaratA540x540.webp"
"AndarBahar000001","Super Andar Bahar","108","EVOLUTION","live-casino","17","0","0","230","2026-02-13 17:28:07","/externals/C66FM/img/_wms/_l/electronicgames/casino01/SuperAndarBahar540x540.webp"
"AmericanTable001","American Roulette","108","EVOLUTION","live-casino","17","0","0","170","2026-02-11 19:07:29","/externals/C66FM/img/_wms/_l/electronicgames/evo31/American_roulette_540.webp"
"7x0b1tgh7agmf6hv","Immersive Roulette","108","EVOLUTION","live-casino","17","0","0","452","2026-02-11 19:49:08","/externals/C66FM/img/_wms/_l/electronicgames/casino01/ImmersiveRoulette540x540.webp"
"PowerInfiniteBJ1","Power Blackjack","108","EVOLUTION","live-casino","17","0","0","187","2026-02-11 19:38:00","/externals/C66FM/img/_wms/_l/electronicgames/casino01/PowerBlackjack540x540.webp"
"peekbaccarat0001","Peek Baccarat","108","EVOLUTION","live-casino","17","0","0","150","2026-02-11 19:58:34","/externals/C66FM/img/_wms/_l/electronicgames/casino01/PeekBaccarat540x540.webp"
"oytmvb9m1zysmc44","Baccarat A","108","EVOLUTION","live-casino","17","0","0","506","2026-02-11 19:44:30","/externals/C66FM/img/_wms/_l/electronicgames/evo31/Baccarat_a_540.webp"
"o7347okwaeasvy2y","Blackjack VIP 1","108","EVOLUTION","live-casino","17","0","0","258","2026-02-11 19:44:46","/externals/C66FM/img/_wms/_l/electronicgames/casino01/BlackjackVIP1540x540.webp"
"NoCommBac0000001","No Commission Baccarat","108","EVOLUTION","live-casino","17","0","0","21327","2026-03-31 18:09:39","/externals/C66FM/img/_wms/_l/electronicgames/casino01/NoCommissionBaccarat540x540.webp"
"n5emwq5c5dwepwam","Three card poker","108","EVOLUTION","live-casino","17","0","0","329","2026-02-11 19:54:55","/externals/C66FM/img/_wms/_l/electronicgames/casino01/Threecardpoker540x540.webp"
"mdkqijp3dctrhnuv","Salon Privé Roulette","108","EVOLUTION","live-casino","17","0","0","108","2026-02-11 19:31:54","/externals/C66FM/img/_wms/_l/electronicgames/casino01/SalonPriveRoulette540x540.webp"
"ExChEpicSpins001","Extra Chilli Epic Spins","108","EVOLUTION","slot","5","0","0","471","2025-11-29 15:31:47","/externals/C66FM/img/_wms/_l/electronicgames/casino01/ExtraChilliEpicSpins540x540.webp"
"santaspins000000","Santa Spins","107","REDTIGER","slot","5","0","0","266","2024-11-11 17:04:20","/externals/C66FM/img/_wms/_l/electronicgames/RTG0705/Santa_spins_540.webp"
"lkcbrbdckjxajdol","Speed Roulette","108","EVOLUTION","live-casino","17","0","0","260","2026-02-13 17:28:39","/externals/C66FM/img/_wms/_l/electronicgames/casino01/SpeedRoulette540x540.webp"
"gfzrqe4hqv24kukc","Blackjack Grand VIP","108","EVOLUTION","live-casino","17","0","0","171","2026-02-11 19:37:24","/externals/C66FM/img/_wms/_l/electronicgames/casino01/BlackjackGrandVIP540x540.webp"
"gkmq0o2hryjyqu30","Blackjack Silver A","108","EVOLUTION","live-casino","17","0","0","181","2026-02-11 20:03:50","/externals/C66FM/img/_wms/_l/electronicgames/casino01/BlackjackSilverA540x540.webp"
"LightningBac0001","Lightning Baccarat","108","EVOLUTION","live-casino","17","0","0","7429","2026-02-11 19:25:17","/externals/C66FM/img/_wms/_l/electronicgames/casino01/LightningBaccarat540x540.webp"
"k37tle5hfceqacik","Auto Lightning Roulette","108","EVOLUTION","live-casino","17","0","0","996","2026-02-11 19:08:22","/externals/C66FM/img/_wms/_l/electronicgames/evo31/Auto_lightning_roulette_540.webp"
"h463tlq1rhl1lfr2","Blackjack Platinum VIP","108","EVOLUTION","live-casino","17","0","0","103","2026-02-11 19:28:15","/externals/C66FM/img/_wms/_l/electronicgames/casino01/BlackjackPlatinumVIP540x540.webp"
"UTHTable00000001","Ultimate Texas Hold'em","108","EVOLUTION","poker","3","0","0","230","2026-04-14 17:28:35","/externals/C66FM/img/_wms/_l/electronicgames/evo31/Ultimate_texas_holdem_540.webp"
"46","Dragon Treasure","161","JILI","live-casino","8","0","0","8111","2025-08-08 13:37:44","/externals/C66FM/img/_wms/_l/electronicgames/JILI4/Dragon_treasure_540.webp"
"177","Bingo Adventure","161","JILI","bingo","21","0","0","5180","2026-03-26 17:26:21","/externals/C66FM/img/_wms/_l/electronicgames/jili4/Bingo_adventure_540.webp"
"172","Elf Bingo","161","JILI","bingo","21","0","0","8107","2026-03-26 17:20:43","/externals/C66FM/img/_wms/_l/electronicgames/JILI4/Elf_bingo_540.webp"
"153","Crazy Pusher","161","JILI","live-casino","8","0","0","4215","2025-08-08 13:43:29","/externals/C66FM/img/_wms/_l/electronicgames/JILI4/Crazy_pusher_540.webp"
"ImperialQuest001","Imperial Quest","108","EVOLUTION","live-casino","17","0","0","616","2026-02-11 19:49:29","/externals/C66FM/img/_wms/_l/electronicgames/casino01/ImperialQuest540x540.webp"
"zixzea8nrf1675oh","Baccarat Squeeze","108","EVOLUTION","live-casino","17","0","0","741","2026-02-11 20:02:32","/externals/C66FM/img/_wms/_l/electronicgames/evo31/Baccarat_squeeze_540.webp"
"XxxtremeLigh0001","XXXtreme Lightning Roulette","108","EVOLUTION","live-casino","17","0","0","4660","2026-03-28 14:58:39","/externals/C66FM/img/_wms/_l/electronicgames/casino01/XXXtremeLightningRoulette540x540.webp"
"18_239","Scuba Fishing","105","RTG","slot","5","0","0","106","2025-01-09 10:29:18","/externals/C66FM/img/_wms/_l/electronicgames/rtg31/Scuba_fishing_540.webp"
"wzg6kdkad1oe7m5k","VIP Roulette","108","EVOLUTION","live-casino","17","0","0","380","2026-02-11 19:43:41","/externals/C66FM/img/_wms/_l/electronicgames/casino01/VIPRoulette540x540.webp"
"bugsysbar0000000","Bugsys Bar","107","REDTIGER","slot","5","0","0","388","2024-11-11 17:01:05","/externals/C66FM/img/_wms/_l/electronicgames/RTG0705/Bugsys_bar_540.webp"
"vctlz20yfnmp1ylr","Roulette","108","EVOLUTION","live-casino","17","0","0","697","2026-02-11 19:37:40","/externals/C66FM/img/_wms/_l/electronicgames/casino01/Roulette540x540.webp"
"uwd2bl2khwcikjlz","Blackjack A","108","EVOLUTION","live-casino","17","0","0","264","2026-02-11 19:54:37","/externals/C66FM/img/_wms/_l/electronicgames/casino01/BlackjackA540x540.webp"
"caishen168000000","Cai Shen 168","107","REDTIGER","slot","5","0","0","457","2026-02-04 11:26:16","/externals/C66FM/img/_wms/_l/electronicgames/RTG0705/Cai_shen_168_540.webp"
"SpeedAutoRo00001","Speed Auto Roulette","108","EVOLUTION","live-casino","17","0","0","499","2026-02-11 19:27:57","/externals/C66FM/img/_wms/_l/electronicgames/casino01/SpeedAutoRoulette540x540.webp"
"davincismystery0","Da Vincis Mystery","107","REDTIGER","slot","5","0","0","72","2024-01-17 15:00:40","/externals/C66FM/img/_wms/_l/electronicgames/redtiger31/Da_vincis_mystery_540.webp"
"dragonsfireinfin","Dragons Fire Infinireels","107","REDTIGER","slot","5","0","0","153","2024-01-17 15:01:23","/externals/C66FM/img/_wms/_l/electronicgames/redtiger31/Dragons_fire_infinireels_540.webp"
"dragonsfiremegaw","Dragons Fire Megaways","107","REDTIGER","slot","5","0","0","217","2024-01-17 15:01:35","/externals/C66FM/img/_wms/_l/electronicgames/redtiger31/Dragons_fire_megaways_540.webp"
"dragonsluckmegaw","Dragons Luck Megaways","107","REDTIGER","slot","5","0","0","437","2024-01-17 15:07:43","/externals/C66FM/img/_wms/_l/electronicgames/redtiger31/Dragons_luck_megaways_540.webp"
"212","Dynosour Tycoon II","161","JILI","live-casino","8","0","0","4442","2026-03-09 10:50:52","/externals/C66FM/img/_wms/_l/electronicgames/JILI/Dinosaur_tycoon_II_540.webp"
"thorsvengeance00","Thors vengeance","107","REDTIGER","slot","5","0","0","140","2024-01-17 14:54:36","/externals/C66FM/img/_wms/_l/electronicgames/redtiger31/Thors_vengeance_540.webp"
"wildoclock000000","Wild O Clock","107","REDTIGER","slot","5","0","0","145","2024-01-17 14:55:42","/externals/C66FM/img/_wms/_l/electronicgames/redtiger31/Wild_o_clock_540.webp"
"yucatansmystery0","Yucatans Mystery","107","REDTIGER","slot","5","0","0","135","2024-01-17 14:56:07","/externals/C66FM/img/_wms/_l/electronicgames/redtiger31/Yucatans_mystery_540.webp"
"01rb77cq1gtenhmo","Auto-Roulette VIP","108","EVOLUTION","live-casino","17","0","0","786","2026-02-11 19:09:05","/externals/C66FM/img/_wms/_l/electronicgames/evo31/Auto_roulette_vip_540.webp"
"48z5pjps3ntvqc1b","Auto-Roulette","108","EVOLUTION","live-casino","17","0","0","1673","2026-02-13 17:37:46","/externals/C66FM/img/_wms/_l/electronicgames/evo31/Auto_roulette_540.webp"
"THBTable00000001","Texas Hold'em Bonus Poker","108","EVOLUTION","poker","3","0","0","292","2026-04-14 17:27:36","/externals/C66FM/img/_wms/_l/electronicgames/evo31/Texas_holdem_bonus_poker_540.webp"
"teenpattitable01","Teen Patti","108","EVOLUTION","live-casino","17","0","0","135","2026-02-11 19:41:57","/externals/C66FM/img/_wms/_l/electronicgames/casino01/TeenPatti540x540.webp"
"SpeedBlackjack01","Speed VIP Blackjack A","108","EVOLUTION","live-casino","17","0","0","133","2026-02-13 17:28:23","/externals/C66FM/img/_wms/_l/electronicgames/casino01/SpeedVIPBlackjackA540x540.webp"
"AmericanBaccarat","American Baccarat","099","HBN","live-casino","17","0","0","132","2025-12-01 11:24:29","/externals/C66FM/img/_wms/_l/electronicgames/hbn31/American_baccarat_540.webp"
"27009","Mines","176","FACHAI","live-casino","8","0","0","4265","2025-12-02 14:21:20","/externals/C66FM/img/_wms/_l/electronicgames/0722/Mines_540.webp"
"27008","Go Go Rise","176","FACHAI","live-casino","8","0","0","1129","2025-12-01 14:13:51","/externals/C66FM/img/_wms/_l/electronicgames/facai4/Go_go_rise_540.webp"
"27007","Super Color Game","176","FACHAI","arcade","30","0","0","3088","2026-04-01 10:04:08","/externals/C66FM/img/_wms/_l/electronicgames/fc31/Super_color_game_540.webp"
"28001","Lucky 9","176","FACHAI","poker","3","0","0","2618","2026-04-14 17:27:23","/externals/C66FM/img/_wms/_l/electronicgames/fc31/Lucky_9_540.webp"
"78","Secret Treasure","161","JILI","live-casino","8","0","0","4988","2025-08-13 10:37:09","/externals/C66FM/img/_wms/_l/electronicgames/jili4/Secret_treasure_540.webp"
"21009","Gods Grant Fortune","176","FACHAI","live-casino","8","0","0","2233","2025-07-08 17:04:06","/externals/C66FM/img/_wms/_l/electronicgames/facai4/Gods_grant_fortune_540.webp"
"21004","Bao Chuan Fishing","176","FACHAI","live-casino","8","0","0","709","2025-07-08 16:56:58","/externals/C66FM/img/_wms/_l/electronicgames/fc31/Bao_chuan_fishing_540.webp"
"21003","Monkey King Fishing","176","FACHAI","live-casino","8","0","0","2176","2025-07-08 16:55:52","/externals/C66FM/img/_wms/_l/electronicgames/fc31/Monkey_king_fishing_540.webp"
"42","Ganesha Gold","100","PG","slot","5","0","0","625","2025-09-02 11:17:31","/externals/C66FM/img/_wms/_l/electronicgames/pg/ganesha-gold.webp"
"21007","Fa Chai Fishing","176","FACHAI","live-casino","8","0","0","1459","2025-07-08 16:56:23","/externals/C66FM/img/_wms/_l/electronicgames/fc31/Fa_chai_fishing_540.webp"
"21008","Star Hunter","176","FACHAI","live-casino","8","0","0","2916","2025-11-17 12:53:48","/externals/C66FM/img/_wms/_l/electronicgames/fc31/Star_hunter_540.webp"
"21006","Fierce Fishing","176","FACHAI","live-casino","8","0","0","1180","2025-07-08 16:56:34","/externals/C66FM/img/_wms/_l/electronicgames/fc31/Fierce_fishing_540.webp"
"18_18024","Pusoy","104","JDB","poker","3","0","0","2261","2026-04-14 17:25:53","/externals/C66FM/img/_wms/_l/electronicgames/jdb31/Pusoy_540.webp"
"410163","Gold Of Minos","241","BGAMING","slot","5","0","0","66","2026-03-04 16:09:05","/externals/C66FM/img/_wms/_l/electronicgames/BG/Gold_of_minos_540.webp"
"101001","Sugar Bonanza 1000","226","OMNIPLAY","slot","5","0","0","1463","2026-04-27 17:55:33","/externals/C66FM/img/_wms/_l/electronicgames/pp522/sugarbonanza540.webp"
"100010","Fu Lu Ju","226","OMNIPLAY","slot","5","0","0","139","2024-11-08 13:33:40","/externals/C66FM/img/_wms/_l/electronicgames/pp522/FuLuJu_540x540.webp"
"100009","Fortune Panda","226","OMNIPLAY","slot","5","0","0","57","2024-11-08 13:33:40","/externals/C66FM/img/_wms/_l/electronicgames/pp522/FortunePanda_540x540.webp"
"100008","Legendary WuKong","226","OMNIPLAY","slot","5","0","0","56","2024-11-08 13:33:40","/externals/C66FM/img/_wms/_l/electronicgames/pp522/LegendaryWuKong_540x540.webp"
"100007","Imperial Legend","226","OMNIPLAY","slot","5","0","0","38","2024-11-08 13:33:40","/externals/C66FM/img/_wms/_l/electronicgames/pp522/ImperialLegend_540x540.webp"
"101002","Money Boost","226","OMNIPLAY","slot","5","0","0","806","2026-04-20 17:01:57","/externals/C66FM/img/_wms/_l/electronicgames/pp522/moneyboost540.webp"
"410160","Alien Fruits 2","241","BGAMING","slot","5","0","0","32","2025-08-14 13:33:40","/externals/C66FM/img/_wms/_l/electronicgames/BG/Alien_fruits_bonanza_540.webp"
"100006","Power Mask","226","OMNIPLAY","slot","5","0","0","32","2024-11-08 13:33:40","/externals/C66FM/img/_wms/_l/electronicgames/pp522/PowerMask_540x540.webp"
"ELV815","Super Tiger Baccarat C","225","BP","live-casino","17","0","0","30","2026-04-27 17:03:36","/externals/C66FM/img/_wms/_l/electronicgames/casino01/540x540C1.webp"
"100005","Power Lion","226","OMNIPLAY","slot","5","0","0","63","2024-11-08 13:33:40","/externals/C66FM/img/_wms/_l/electronicgames/pp522/PowerLion_540x540.webp"
"100004","Golden Horse Treasure","226","OMNIPLAY","slot","5","0","0","96","2024-11-08 13:33:40","/externals/C66FM/img/_wms/_l/electronicgames/pp522/GoldenHorseTreasure_540x540.webp"
"100003","Fortune Treasure","226","OMNIPLAY","slot","5","0","0","305","2024-11-08 13:33:40","/externals/C66FM/img/_wms/_l/electronicgames/pp522/FortuneTreasure_540x540.webp"
"100002","Power Fortune","226","OMNIPLAY","slot","5","0","0","74","2026-03-26 13:19:21","/externals/C66FM/img/_wms/_l/electronicgames/pp522/PowerFortune_540x540.webp"
"100001","Power Dragon","226","OMNIPLAY","slot","5","0","0","114","2026-03-26 13:19:17","/externals/C66FM/img/_wms/_l/electronicgames/pp522/PowerDragon_540x540.webp"
"EVIP02","Private Baccarat","225","BP","live-casino","17","0","0","6","2026-04-24 21:40:14","/externals/C66FM/img/_wms/_l/electronicgames/102901/baccarat540.webp"
"ELV819","Super Tiger Baccarat G","225","BP","live-casino","17","0","0","29","2026-04-27 17:08:05","/externals/C66FM/img/_wms/_l/electronicgames/casino01/540x540G1.webp"
"ELV818","Super Tiger Baccarat F","225","BP","live-casino","17","0","0","25","2026-04-27 17:07:27","/externals/C66FM/img/_wms/_l/electronicgames/casino01/540x540F1.webp"
"410165","Snoop Dogg Dollars","241","BGAMING","slot","5","0","0","38","2025-08-14 13:33:40","/externals/C66FM/img/_wms/_l/electronicgames/BG/Snoop_dogg_dollars_540.webp"
"ELV817","Super Tiger Baccarat E","225","BP","live-casino","17","0","0","36","2026-04-27 17:06:37","/externals/C66FM/img/_wms/_l/electronicgames/casino01/540x540E1.webp"
"410166","Forgotten","241","BGAMING","slot","5","0","0","38","2026-03-04 16:06:21","/externals/C66FM/img/_wms/_l/electronicgames/BG/Forgotten_540.webp"
"410167","Rotating Element","241","BGAMING","slot","5","0","0","16","2025-08-14 13:33:40","/externals/C66FM/img/_wms/_l/electronicgames/BG/Rotating_element_540.webp"
"ELV816","Super Tiger Baccarat D","225","BP","live-casino","17","0","0","53","2026-04-27 17:06:22","/externals/C66FM/img/_wms/_l/electronicgames/casino01/540x540D1.webp"
"410067","Lady Wolf Moon Megaways","241","BGAMING","slot","5","0","0","17","2025-08-14 13:33:40","/externals/C66FM/img/_wms/_l/electronicgames/BG/Lady_wolf_moon_megaways_540.webp"
"410082","Gift Rush","241","BGAMING","slot","5","0","0","101","2026-03-04 16:07:39","/externals/C66FM/img/_wms/_l/electronicgames/BG/Gift_rush_540.webp"
"gpas_tsgift_pop","Fire Blaze: Tsai Shen's Gift","212","PT","slot","5","0","0","265","2025-09-09 11:00:00","/externals/C66FM/img/_wms/_l/electronicgames/BP/Fire_Blaze_Tsai_Shen's_Gift_540.webp"
"410069","Big Atlantis Frenzy","241","BGAMING","slot","5","0","0","39","2026-03-04 16:03:22","/externals/C66FM/img/_wms/_l/electronicgames/BG/Big_atlantis_frenzy_540.webp"
"410071","Wild Cash","241","BGAMING","slot","5","0","0","154","2026-03-04 16:13:54","/externals/C66FM/img/_wms/_l/electronicgames/BG/Wild_cash_540.webp"
"410072","Lucky Farm Bonanza","241","BGAMING","slot","5","0","0","60","2026-03-04 16:10:32","/externals/C66FM/img/_wms/_l/electronicgames/BG/Lucky_farm_bonanza_540.webp"
"101008","Candy Blast 1000","226","OMNIPLAY","slot","5","0","0","2407","2026-04-01 16:23:45","/externals/C66FM/img/_wms/_l/electronicgames/s3312/Candy1000Ani.webp"
"410073","Joker Queen","241","BGAMING","slot","5","0","0","28","2025-08-14 13:33:40","/externals/C66FM/img/_wms/_l/electronicgames/BG/Joker_queen_540.webp"
"410075","Minesweeper XY","241","BGAMING","live-casino","8","0","0","127","2025-12-02 14:33:12","/externals/C66FM/img/_wms/_l/electronicgames/BG/Minesweeper_xy_540.webp"
"410078","Clover Bonanza","241","BGAMING","slot","5","0","0","44","2026-03-04 16:05:14","/externals/C66FM/img/_wms/_l/electronicgames/BG/Clover_bonanza_540.webp"
"410079","Aztec Magic Bonanza","241","BGAMING","slot","5","0","0","97","2026-03-04 15:57:33","/externals/C66FM/img/_wms/_l/electronicgames/BG/Aztec_magic_bonanza_540.webp"
"101007","Super Gems","226","OMNIPLAY","slot","5","0","0","14991","2026-04-26 00:36:52","/externals/C66FM/img/_wms/_l/electronicgames/BDF514/SuperGems500540.webp"
"101006","Egypt's Treasure","226","OMNIPLAY","slot","5","0","0","2479","2026-04-27 17:55:57","/externals/C66FM/img/_wms/_l/electronicgames/s3312/EgyptTreasureAni.webp"
"101004","Golden Treasure","226","OMNIPLAY","slot","5","0","0","539","2024-11-08 13:33:40","/externals/C66FM/img/_wms/_l/electronicgames/pp522/GoldenTreasure_540x540.webp"
"410080","Aztec Magic Megaways","241","BGAMING","slot","5","0","0","60","2025-08-14 13:33:40","/externals/C66FM/img/_wms/_l/electronicgames/BG/Aztec_magic_megaways_540.webp"
"410159","Voodoo People","241","BGAMING","slot","5","0","0","85","2026-03-09 15:30:07","/externals/C66FM/img/_wms/_l/electronicgames/BG/Voodoo_people_540.webp"
"410083","Bonanza Billion","241","BGAMING","slot","5","0","0","331","2026-03-04 16:03:47","/externals/C66FM/img/_wms/_l/electronicgames/BG/Bonanza_billion_540.webp"
"410085","Lucky Dama Muerta","241","BGAMING","slot","5","0","0","70","2026-03-04 16:09:58","/externals/C66FM/img/_wms/_l/electronicgames/BG/Luck_dama_muerta.webp"
"410086","Candy Monsta","241","BGAMING","slot","5","0","0","47","2026-03-04 16:04:22","/externals/C66FM/img/_wms/_l/electronicgames/BG/Candy_monsta_540.webp"
"410088","Dragon's Gold 100","241","BGAMING","slot","5","0","0","22","2025-08-14 13:33:40","/externals/C66FM/img/_wms/_l/electronicgames/BG/Dragons_gold_100_540.webp"
"410093","Four Lucky Diamonds","241","BGAMING","slot","5","0","0","64","2026-03-04 16:06:58","/externals/C66FM/img/_wms/_l/electronicgames/BG/Four_lucky_diamonds_540.webp"
"410149","Train To Rio Grande","241","BGAMING","slot","5","0","0","17","2025-08-14 13:33:40","/externals/C66FM/img/_wms/_l/electronicgames/BG/Train_to_rio_grande_540.webp"
"410150","Kraken'S Hunger","241","BGAMING","slot","5","0","0","41","2025-08-14 13:33:40","/externals/C66FM/img/_wms/_l/electronicgames/BG/Krakens_hunger_540.webp"
"410152","Catch The Gold Hold And Win","241","BGAMING","slot","5","0","0","24","2025-08-14 13:33:40","/externals/C66FM/img/_wms/_l/electronicgames/BG/Catch_the_gold_hold_and_win_540.webp"
"410154","Wild West Trueways","241","BGAMING","slot","5","0","0","212","2025-08-14 13:33:40","/externals/C66FM/img/_wms/_l/electronicgames/BG/Wild_west_true_ways_540.webp"
"410155","Secret Bar Multidice X","241","BGAMING","slot","5","0","0","11","2025-08-14 13:33:40","/externals/C66FM/img/_wms/_l/electronicgames/BG/Secret_bar_multidice_x_540.webp"
"410156","Gold Magnate","241","BGAMING","slot","5","0","0","54","2026-03-04 16:08:38","/externals/C66FM/img/_wms/_l/electronicgames/BG/Gold_magnate_540.webp"
"101003","Lucky Ace","226","OMNIPLAY","slot","5","0","0","903","2026-04-27 17:55:00","/externals/C66FM/img/_wms/_l/electronicgames/pp522/luckyace540.webp"
"410158","Fortuna Trueways","241","BGAMING","slot","5","0","0","29","2025-08-14 13:33:40","/externals/C66FM/img/_wms/_l/electronicgames/BG/Fortuna_true_ways_540.webp"
"20","Dragon Tiger","243","EEZE","live-casino","17","0","0","10","2026-04-21 13:12:39","/externals/C66FM/img/_wms/_l/electronicgames/0859/DragonTiger540.webp"
"ubal;nc_bal_grandbaccarat","Grand Baccarat Nc","212","PT","live-casino","17","0","0","49","2025-05-08 14:51:30","/externals/C66FM/img/_wms/_l/electronicgames/casino01/GrandBaccaratNC540x540.webp"
"410183","Joker'S Million","241","BGAMING","slot","5","0","0","81","2025-08-14 13:33:40","/externals/C66FM/img/_wms/_l/electronicgames/BG/Jokers_million_540.webp"
"ubal;nc_bal_baccaratko","Jade Baccarat Nc","212","PT","live-casino","17","0","0","59","2025-05-08 14:56:22","/externals/C66FM/img/_wms/_l/electronicgames/casino01/JadeBaccaratNC540x540.webp"
"410185","Alice Wonderluck","241","BGAMING","slot","5","0","0","95","2025-08-14 13:33:40","/externals/C66FM/img/_wms/_l/electronicgames/BG/Alice_wonderluck_540.webp"
"410186","Fortune Bells","241","BGAMING","slot","5","0","0","41","2025-08-14 13:33:40","/externals/C66FM/img/_wms/_l/electronicgames/BG/Fortune_bells_540.webp"
"ubal;nc_bal_baccarat1","Baccarat Nc","212","PT","live-casino","17","0","0","119","2025-05-08 14:57:34","/externals/C66FM/img/_wms/_l/electronicgames/casino01/BaccaratNC540x540.webp"
"ubal;bal_superspeedbac","Super Speed Baccarat","212","PT","live-casino","17","0","0","115","2025-11-10 10:25:47","/externals/C66FM/img/_wms/_l/electronicgames/casino01/SuperSpeedBaccarat540x540.webp"
"10","Speed Baccarat","243","EEZE","live-casino","17","0","0","22","2026-04-21 13:12:39","/externals/C66FM/img/_wms/_l/electronicgames/0859/SpeedBaccarat540.webp"
"ubal;bal_baccarat1","Baccarat","212","PT","live-casino","17","0","0","865","2025-11-17 16:11:38","/externals/C66FM/img/_wms/_l/electronicgames/1107/Baccarat_live_540.webp"
"swle;swle_spinawinwild","Spin A Win Wild Brasileiro","212","PT","bingo","21","0","0","318","2026-03-26 17:23:38","/externals/C66FM/img/_wms/_l/electronicgames/pt319/Spin_a_win_wild_brasiliero_540.webp"
"sbjl;sbjl_peruspeedbj1","Speed Blackjack 1","212","PT","live-casino","17","0","0","192","2026-02-13 17:40:13","/externals/C66FM/img/_wms/_l/electronicgames/casino01/SpeedBlackjack1540x540.webp"
"sbdl;sbdl_deluxesicbo","Sicbo Deluxe","212","PT","live-casino","17","0","0","74","2026-02-11 18:06:34","/externals/C66FM/img/_wms/_l/electronicgames/casino01/SicBoDeluxe540x540.webp"
"12","Multi Baccarat","243","EEZE","live-casino","17","0","0","5","2026-04-21 13:12:39","/externals/C66FM/img/_wms/_l/electronicgames/0859/MultiBaccarat540.webp"
"rol;rol_slingshot","Auto Roulette","212","PT","live-casino","17","0","0","29","2026-02-11 18:22:51","/externals/C66FM/img/_wms/_l/electronicgames/casino01/AutoRoulette540x540.webp"
"ubal;nc_bal_speedbaccarat2","Baccarat Brasileira Nc","212","PT","live-casino","17","0","0","123","2026-02-13 17:41:50","/externals/C66FM/img/_wms/_l/electronicgames/casino01/BaccaratBrasileiraNC540x540.webp"
"rol;rol_chroma","Sports Roulette","212","PT","live-casino","17","0","0","3","2026-06-19 18:21:59","/externals/C66FM/img/_wms/_l/electronicgames/pp522/SportsRoulette_540x540_en.webp"
"rofl;rofl_loungerol","French Roulette","212","PT","live-casino","17","0","0","27","2026-02-11 18:15:18","/externals/C66FM/img/_wms/_l/electronicgames/casino01/FrenchRoulette540x540.webp"
"rodzl;rodzl_doublezero","American Speed Roulette","212","PT","live-casino","17","0","0","27","2026-02-11 19:36:43","/externals/C66FM/img/_wms/_l/electronicgames/casino01/AmericanSpeedRoulette540x540.webp"
"qrol;rol_quantumroulette","Quantum Roulette","212","PT","live-casino","17","0","0","93","2025-05-20 00:00:00","/externals/C66FM/img/_wms/_l/electronicgames/casino01/QuantumRoulette540x540.webp"
"prstl;prstl_bustedorbailed","Busted Or Bailed","212","PT","live-casino","17","0","0","74","2025-05-20 00:00:00","/externals/C66FM/img/_wms/_l/electronicgames/casino01/BustedorBailed540x540.webp"
"lbrol;frol_luckyballrol","Lucky Ball Roulette Live","212","PT","live-casino","17","0","0","62","2026-02-13 17:41:18","/externals/C66FM/img/_wms/_l/electronicgames/casino01/LuckyBallRouletteLive540x540.webp"
"30","Roulette","243","EEZE","live-casino","17","0","0","2","2026-04-21 13:12:39","/externals/C66FM/img/_wms/_l/electronicgames/0859/Roulette540.webp"
"gpas_wpisto_pop","Mega Fire Blaze: Wild Pistolero","212","PT","slot","5","0","0","363","2025-09-09 11:00:00","/externals/C66FM/img/_wms/_l/electronicgames/BP/Mega_Fire_Blaze_Wild_Pistolero_540.webp"
"gpas_wlavaiw_pop","Wild Lava Scratch","212","PT","lottery","12","0","0","1112","2026-04-21 14:05:00","/externals/C66FM/img/_wms/_l/electronicgames/loteria/playtech-WildLavaCard_540x540.gif"
"gpas_uace_pop","Ultra Ace","212","PT","slot","5","0","0","634","2026-03-31 19:34:59","/externals/C66FM/img/_wms/_l/electronicgames/pp522/UltraAce540.webp"
"gpas_twolf_pop","Fire Blaze: Tundra Wolf","212","PT","slot","5","0","0","189","2025-09-09 11:00:00","/externals/C66FM/img/_wms/_l/electronicgames/BP/Fire_Blaze_Tundra_Wolf_540.webp"
"gpas_ttreasure_pop","Gold Pile: Toltec Treasure","212","PT","slot","5","0","0","416","2025-07-02 11:00:00","/externals/C66FM/img/_wms/_l/electronicgames/PT/Gold_pile_toltec_treasure_540x540.webp"
"52","Wild Crazy West","528","Blaze Games","slot","5","0","0","158","2026-06-19 18:21:59","/externals/C66FM/img/_wms/_l/electronicgames/pp522/WildCrazyWest540x540.webp"
"410171","Golden Pride","241","BGAMING","slot","5","0","0","11","2025-08-14 13:33:40","/externals/C66FM/img/_wms/_l/electronicgames/BG/Golden_pride_540.webp"
"ELV811","Super Tiger Baccarat A","225","BP","live-casino","17","0","0","227","2026-04-24 21:38:47","/externals/C66FM/img/_wms/_l/electronicgames/BPLB0625/SuperTigerBaccaratA(2).webp"
"1000","Super Tiger Baccarat A","225","BP","live-casino","17","0","0","2","2026-06-22 19:03:38","/externals/C66FM/img/_wms/_l/electronicgames/BPLB0625/SuperTigerBaccaratA(2).webp"
"Steampunk","STEAM PUNK","221","GEMH","bingo","21","0","0","1235","2026-03-26 17:29:15","/externals/C66FM/img/_wms/_l/electronicgames/513/Steampunk_bingo_540.webp"
"StandAloneWildDigGR","Gold Rush: Wild Dig","221","GEMH","lottery","12","0","0","404","2026-04-21 14:04:22","/externals/C66FM/img/_wms/_l/electronicgames/loteria/GeminiHash-GoldRush-Wild-Dig_540x540.gif"
"StandAloneMinesPM","Pinoy Mines","221","GEMH","live-casino","8","0","0","243","2026-04-24 10:18:25","/externals/C66FM/img/_wms/_l/electronicgames/pp522/Pinoy_mines_540.webp"
"1834850","Jack the Giant Hunter","100","PG","slot","5","0","0","2280","2025-07-23 13:15:39","/externals/C66FM/img/_wms/_l/electronicgames/pp522/Jack_the_Giant_Hunter_540.webp"
"1850016","Incan Wonders","100","PG","slot","5","0","0","1115","2025-04-03 17:12:49","/externals/C66FM/img/_wms/_l/electronicgames/pl219/Incan_wonders_540.webp"
"StandAloneGoldenHorseRiches","Golden Horse Riches","221","GEMH","lottery","12","0","0","538","2026-04-21 14:03:42","/externals/C66FM/img/_wms/_l/electronicgames/loteria/Golden-Horse-Riches.gif"
"410168","Haunted Reels","241","BGAMING","slot","5","0","0","17","2025-08-14 13:33:40","/externals/C66FM/img/_wms/_l/electronicgames/BG/Haunted_reels_540.webp"
"StandAloneForestTeaParty","Forest Tea Party","221","GEMH","live-casino","8","0","0","143","2026-02-06 16:05:02","/externals/C66FM/img/_wms/_l/electronicgames/pp522/Forest_tea_party_540.webp"
"OdinBingo","ODIN BINGO","221","GEMH","bingo","21","0","0","1544","2026-03-26 17:26:09","/externals/C66FM/img/_wms/_l/electronicgames/513/Odin_bingo_540.webp"
"MagicBingo","MAGIC BINGO","221","GEMH","bingo","21","0","0","298","2026-03-26 17:27:15","/externals/C66FM/img/_wms/_l/electronicgames/513/Magic_bingo_540.webp"
"410169","Carnival Bonanza","241","BGAMING","slot","5","0","0","45","2026-03-04 16:04:43","/externals/C66FM/img/_wms/_l/electronicgames/BG/Carnival_bonanza_540.webp"
"410170","Wild Moon Thieves","241","BGAMING","slot","5","0","0","32","2025-08-14 13:33:40","/externals/C66FM/img/_wms/_l/electronicgames/BG/Wild_moon_thieves_xmas_540.webp"
"ELV812","Super Tiger Baccarat B","225","BP","live-casino","17","0","0","51","2026-04-27 17:02:48","/externals/C66FM/img/_wms/_l/electronicgames/casino01/540x540B1.webp"
"LostRuins","LOST RUINS","221","GEMH","bingo","21","0","0","326","2026-03-26 17:29:30","/externals/C66FM/img/_wms/_l/electronicgames/513/Lost_ruins_bingo_540.webp"
"CaveBingo","CAVE BINGO","221","GEMH","bingo","21","0","0","301","2026-03-26 17:29:00","/externals/C66FM/img/_wms/_l/electronicgames/513/Cave_bingo_540.webp"
"410172","Catdiana","241","BGAMING","slot","5","0","0","15","2025-08-14 13:33:40","/externals/C66FM/img/_wms/_l/electronicgames/BG/Catdiana_540.webp"
"CaribbeanBingo","CARIBBEAN BINGO","221","GEMH","bingo","21","0","0","326","2026-03-26 17:28:21","/externals/C66FM/img/_wms/_l/electronicgames/513/Caribbean_bingo_540.webp"
"410174","Lucky Ducky","241","BGAMING","slot","5","0","0","40","2025-08-14 13:33:40","/externals/C66FM/img/_wms/_l/electronicgames/BG/Lucky_ducky_x_mas_merge_up_540.webp"
"410175","Tile Master","241","BGAMING","live-casino","8","0","0","49","2025-12-01 10:05:04","/externals/C66FM/img/_wms/_l/electronicgames/BG/Tile_master_540.webp"
"410177","Disco Party","241","BGAMING","slot","5","0","0","24","2025-08-14 13:33:40","/externals/C66FM/img/_wms/_l/electronicgames/BG/Disco_party_540.webp"
"410178","Sakura Riches 60","241","BGAMING","slot","5","0","0","37","2025-08-14 13:33:40","/externals/C66FM/img/_wms/_l/electronicgames/BG/Sakura_riches_60_540.webp"
"BonusBingo","BONUS BINGO","221","GEMH","bingo","21","0","0","940","2026-03-26 17:25:45","/externals/C66FM/img/_wms/_l/electronicgames/New/20250729-115901.webp"
"410181","Wild Card Gang","241","BGAMING","slot","5","0","0","54","2025-08-14 13:33:40","/externals/C66FM/img/_wms/_l/electronicgames/BG/Wild_card_gang_merge_up_540.webp"
"BingBingBingo","Bing Bing Bingo","221","GEMH","bingo","21","0","0","1294","2026-03-26 17:18:43","/externals/C66FM/img/_wms/_l/electronicgames/pp522/BingBingBingo_540x540.webp"
"ubjl;ubjl_unlimitedbj","Live Unlimited Blackjack","212","PT","live-casino","17","0","0","15","2026-06-19 18:21:59","/externals/C66FM/img/_wms/_l/electronicgames/pp522/SportsUnlimitedBlackjack_540x540_en.webp"
"ubal;nc_bal_speedbaccarat3","Gangnam Speed Baccarat Nc","212","PT","live-casino","17","0","0","64","2026-02-11 18:14:49","/externals/C66FM/img/_wms/_l/electronicgames/casino01/GangnamSpeedBaccaratNC540x540.webp"
"877","Baccarat-Sexy Hall G","232","SA","live-casino","17","0","0","114","2026-04-10 10:59:34","/externals/C66FM/img/_wms/_l/electronicgames/casino01/Baccarat_sexy_hall_g_540.webp"
"300","Coin Volcano - Hold and win","240","BNG","slot","5","0","0","282","2025-09-24 10:33:40","/externals/C66FM/img/_wms/_l/electronicgames/BP/Coin_volcano_540.webp"
"301","Grab The Gold!","240","BNG","slot","5","0","0","32","2025-09-24 10:33:40","/externals/C66FM/img/_wms/_l/electronicgames/BP/Grab_the_gold_540.webp"
"302","Lady Fortune","240","BNG","slot","5","0","0","90","2025-09-24 10:33:40","/externals/C66FM/img/_wms/_l/electronicgames/BP/Lady_fortune_540.webp"
"315","Little Farm Hold And Win","240","BNG","slot","5","0","0","26","2025-09-24 10:33:40","/externals/C66FM/img/_wms/_l/electronicgames/BP/Little_farm_540.webp"
"316","Grab More Gold!","240","BNG","slot","5","0","0","42","2025-09-24 10:33:40","/externals/C66FM/img/_wms/_l/electronicgames/BP/Grab_more_gold_540.webp"
"377","Fishin’ Bear","240","BNG","slot","5","0","0","21","2025-09-24 10:33:40","/externals/C66FM/img/_wms/_l/electronicgames/BP/Fishing_bear_540.webp"
"385","Coin Up : Lightning","240","BNG","slot","5","0","0","138","2025-09-24 10:33:40","/externals/C66FM/img/_wms/_l/electronicgames/BP/Coin_up_lightning_540.webp"
"1572362","Gladiator's Glory","100","PG","slot","5","0","0","395","2025-02-20 17:11:15","/externals/C66FM/img/_wms/_l/electronicgames/PG/Gladiators_glory_540.webp"
"904","Baccarat-Diamond Hall D","232","SA","live-casino","17","0","0","33","2026-04-10 10:53:26","/externals/C66FM/img/_wms/_l/electronicgames/casino01/Baccarat_diamond_hall_d_540.webp"
"903","Baccarat-Diamond Hall C","232","SA","live-casino","17","0","0","124","2026-04-10 10:53:01","/externals/C66FM/img/_wms/_l/electronicgames/casino01/Baccarat_diamond_hall_c_540.webp"
"902","Baccarat-Diamond Hall B","232","SA","live-casino","17","0","0","467","2026-04-10 10:52:11","/externals/C66FM/img/_wms/_l/electronicgames/casino01/Baccarat_diamond_hall_b_540.webp"
"901","Baccarat-Diamond Hall A","232","SA","live-casino","17","0","0","64","2026-04-10 10:51:42","/externals/C66FM/img/_wms/_l/electronicgames/casino01/Baccarat_diamond_hall_a_540.webp"
"878","Baccarat-Sexy Hall H","232","SA","live-casino","17","0","0","56","2026-04-10 10:59:55","/externals/C66FM/img/_wms/_l/electronicgames/casino01/Baccarat_sexy_hall_h_540.webp"
"396","Hot Fire Fruits","240","BNG","slot","5","0","0","13","2025-09-24 10:33:40","/externals/C66FM/img/_wms/_l/electronicgames/BP/Hot_fire_fruits_540.webp"
"436","China Festival","240","BNG","slot","5","0","0","117","2025-09-24 10:33:40","/externals/C66FM/img/_wms/_l/electronicgames/BP/China_festival_540.webp"
"905","Baccarat-Diamond Hall E","232","SA","live-casino","17","0","0","53","2026-04-10 10:54:12","/externals/C66FM/img/_wms/_l/electronicgames/casino01/Baccarat_diamond_hall_e_540.webp"
"876","Baccarat-Sexy Hall F","232","SA","live-casino","17","0","0","58","2026-04-10 10:59:11","/externals/C66FM/img/_wms/_l/electronicgames/casino01/Baccarat_sexy_hall_f_540.webp"
"875","Baccarat-Sexy Hall E","232","SA","live-casino","17","0","0","65","2026-04-10 10:58:47","/externals/C66FM/img/_wms/_l/electronicgames/casino01/Baccarat_sexy_hall_e_540.webp"
"874","Baccarat-Sexy Hall D","232","SA","live-casino","17","0","0","91","2026-04-10 10:58:27","/externals/C66FM/img/_wms/_l/electronicgames/casino01/Baccarat_sexy_hall_d_540.webp"
"873","Baccarat-Sexy Hall C","232","SA","live-casino","17","0","0","125","2026-04-10 10:58:04","/externals/C66FM/img/_wms/_l/electronicgames/casino01/Baccarat_sexy_hall_c_540.webp"
"872","Baccarat-Sexy Hall B","232","SA","live-casino","17","0","0","82","2026-04-10 10:57:44","/externals/C66FM/img/_wms/_l/electronicgames/casino01/Baccarat_sexy_hall_b_540.webp"
"871","Baccarat-Sexy Hall A","232","SA","live-casino","17","0","0","707","2026-04-20 17:58:44","/externals/C66FM/img/_wms/_l/electronicgames/casino01/Baccarat_sexy_hall_a_540.webp"
"861","Roulette A","232","SA","live-casino","17","0","0","63","2026-04-10 11:43:40","/externals/C66FM/img/_wms/_l/electronicgames/casino01/Roulette_a_540.webp"
"441","Hawaii Riches","240","BNG","slot","5","0","0","26","2025-09-24 10:33:40","/externals/C66FM/img/_wms/_l/electronicgames/BP/Hawaii_riches_540.webp"
"540","Fish Prawn Crab","232","SA","live-casino","17","0","0","46","2026-04-10 11:08:18","/externals/C66FM/img/_wms/_l/electronicgames/casino01/Fish_prawn_crab_540.webp"
"539","Thai HiLo A","232","SA","live-casino","17","0","0","34","2026-04-10 11:43:14","/externals/C66FM/img/_wms/_l/electronicgames/casino01/Thai_hi_lo_a_540.webp"
"538","Teen Patti 20-20","232","SA","live-casino","17","0","0","30","2026-04-10 11:13:14","/externals/C66FM/img/_wms/_l/electronicgames/casino01/Teen_patti_20_20_540.webp"
"537","Andar Bahar","232","SA","live-casino","17","0","0","27","2026-04-10 10:50:09","/externals/C66FM/img/_wms/_l/electronicgames/casino01/Andar_bahar_540.webp"
"536","Blackjack B","232","SA","live-casino","17","0","0","56","2025-07-09 17:42:06","/externals/C66FM/img/_wms/_l/electronicgames/424/Blackjack_b_540.webp"
"534","Dragon Tiger M","232","SA","live-casino","17","0","0","67","2026-04-10 11:07:24","/externals/C66FM/img/_wms/_l/electronicgames/casino01/Dragon_tiger_a_540.webp"
"100","Pinoy Drop Ball International","233","BP Original","arcade","30","0","0","1493","2026-04-01 10:02:22","/externals/C66FM/img/_wms/_l/electronicgames/pp522/EPDBI540x540.webp"
"110244","Avalon X","236","LNW","slot","5","0","0","334","2026-03-02 11:15:38","/externals/C66FM/img/_wms/_l/electronicgames/pp522/Avalon540.webp"
"70638","Hurricane Horse Coin Combo","236","LNW","slot","5","0","0","356","2025-12-09 05:56:45","/externals/C66FM/img/_wms/_l/electronicgames/BP/HurricaneHorseCoinCombo_540.webp"
"110168","Book of Toro","236","LNW","slot","5","0","0","285","2026-03-05 16:52:04","/externals/C66FM/img/_wms/_l/electronicgames/pp522/BookofToro540.webp"
"70699","Dancing Drums Prosperity","236","LNW","slot","5","0","0","286","2025-12-09 05:56:45","/externals/C66FM/img/_wms/_l/electronicgames/BP/DancingDrumsProsperity_540.webp"
"110151","Katmandu Gold","236","LNW","slot","5","0","0","131","2026-02-19 11:28:58","/externals/C66FM/img/_wms/_l/electronicgames/pp522/KatmanduGold540.webp"
"70989","Hot Hot Blazing Lock","236","LNW","slot","5","0","0","222","2025-11-25 14:37:37","/externals/C66FM/img/_wms/_l/electronicgames/BP/Hot_hot_blazing_lock_540.webp"
"110149","Nitropolis","236","LNW","slot","5","0","0","135","2026-03-05 16:52:23","/externals/C66FM/img/_wms/_l/electronicgames/pp522/Nitropolis540.webp"
"110139","Cygnus","236","LNW","slot","5","0","0","250","2026-03-02 11:03:12","/externals/C66FM/img/_wms/_l/electronicgames/pp522/Cygnus540.webp"
"1799745","Mr. Treasure’s Fortune","100","PG","slot","5","0","0","5884","2025-05-22 17:32:58","/externals/C66FM/img/_wms/_l/electronicgames/JDB34/Mr_treasures_fortune_540.webp"
"305","Pula Puti Streak Quest","233","BP Original","arcade","30","0","0","364","2026-04-20 10:06:27","/externals/C66FM/img/_wms/_l/electronicgames/pp522/PulaPutiSQ540x540.webp"
"1804577","Graffiti Rush","100","PG","slot","5","0","0","3492","2025-05-22 17:32:50","/externals/C66FM/img/_wms/_l/electronicgames/320/Graffiti_rush_540.webp"
"71427","Thunder Drums Leaping Lion","236","LNW","slot","5","0","0","676","2025-12-15 18:26:25","/externals/C66FM/img/_wms/_l/electronicgames/BP/Thunder_drums_leaping_lion_540.webp"
"110032","Fruit Burst","237","EVOPLAY","slot","5","0","0","7","2026-03-04 15:56:43","/externals/C66FM/img/_wms/_l/electronicgames/pp522/Fruitburst_540.webp"
"1827457","Doomsday Rampage","100","PG","slot","5","0","0","2184","2025-05-22 17:48:27","/externals/C66FM/img/_wms/_l/electronicgames/411/Doomsday_rampage_540.webp"
"533","Roulette B","232","SA","live-casino","17","0","0","92","2026-04-10 11:11:48","/externals/C66FM/img/_wms/_l/electronicgames/casino01/Roulette_b_540.webp"
"927","Xoc Dia","232","SA","live-casino","17","0","0","44","2026-04-10 11:45:15","/externals/C66FM/img/_wms/_l/electronicgames/411/Xoc_dia_540.jpg"
"110180","Old West","237","EVOPLAY","lottery","12","0","0","15","2025-08-12 16:41:57","/externals/C66FM/img/_wms/_l/electronicgames/pp522/Old_west_540.webp"
"926","Thai HiLo B","232","SA","live-casino","17","0","0","34","2026-04-10 11:14:04","/externals/C66FM/img/_wms/_l/electronicgames/casino01/Thai_hi_lo_b_540.webp"
"925","Sic Bo B","232","SA","live-casino","17","0","0","70","2026-04-10 11:12:48","/externals/C66FM/img/_wms/_l/electronicgames/casino01/Sic_bo_b_540.webp"
"924","Roulette C","232","SA","live-casino","17","0","0","54","2026-04-10 11:12:03","/externals/C66FM/img/_wms/_l/electronicgames/casino01/Roulette_c_540.webp"
"278","Super Sticky Piggy","240","BNG","slot","5","0","0","50","2025-09-24 10:33:40","/externals/C66FM/img/_wms/_l/electronicgames/BP/Sticky_piggy_540.webp"
"922","Dragon Tiger D","232","SA","live-casino","17","0","0","145","2026-04-10 11:07:44","/externals/C66FM/img/_wms/_l/electronicgames/casino01/Dragon_tiger_b_540.webp"
"287","Boom! Boom! Gold!","240","BNG","slot","5","0","0","85","2025-09-24 10:33:40","/externals/C66FM/img/_wms/_l/electronicgames/BP/Boom_boom_gold_540.webp"
"921","Blackjack A","232","SA","live-casino","17","0","0","49","2025-07-09 16:57:58","/externals/C66FM/img/_wms/_l/electronicgames/411/Blackjack_540.webp"
"288","Egypt Fire Hold And Win","240","BNG","slot","5","0","0","67","2025-09-24 10:33:40","/externals/C66FM/img/_wms/_l/electronicgames/BP/Egypt_fire_540.webp"
"908","Baccarat-Diamond Hall H","232","SA","live-casino","17","0","0","111","2026-04-10 10:56:22","/externals/C66FM/img/_wms/_l/electronicgames/casino01/Baccarat_diamond_hall_h_540.webp"
"907","Baccarat-Diamond Hall G","232","SA","live-casino","17","0","0","48","2026-04-10 10:55:57","/externals/C66FM/img/_wms/_l/electronicgames/casino01/Baccarat_diamond_hall_g_540.webp"
"297","More Magic ABNGle","240","BNG","slot","5","0","0","297","2025-11-25 15:52:41","/externals/C66FM/img/_wms/_l/electronicgames/BP/More_magic_apple_540.webp"
"906","Baccarat-Diamond Hall F","232","SA","live-casino","17","0","0","37","2026-04-10 10:55:01","/externals/C66FM/img/_wms/_l/electronicgames/casino01/Baccarat_diamond_hall_f_540.webp"
"410048","Alien Fruits","241","BGAMING","slot","5","0","0","23","2025-08-14 13:33:40","/externals/C66FM/img/_wms/_l/electronicgames/BG/Alien_fruits_2_540.webp"
"410034","Bone Bonanza","241","BGAMING","slot","5","0","0","37","2026-03-04 16:04:00","/externals/C66FM/img/_wms/_l/electronicgames/BG/Bone_bonanza_540.webp"
"410035","Maneki 88 Fortunes","241","BGAMING","slot","5","0","0","108","2026-03-04 16:11:05","/externals/C66FM/img/_wms/_l/electronicgames/BG/Maneki_88_fortunes_540.webp"
"410036","Wild Cash Dice","241","BGAMING","slot","5","0","0","125","2026-03-04 16:14:08","/externals/C66FM/img/_wms/_l/electronicgames/BG/Wild_cash_dice_540.webp"
"410038","Dice Million","241","BGAMING","slot","5","0","0","31","2025-08-14 13:33:40","/externals/C66FM/img/_wms/_l/electronicgames/BG/Dice_million_540.webp"
"410039","Luck & Magic","241","BGAMING","slot","5","0","0","36","2025-08-14 13:33:40","/externals/C66FM/img/_wms/_l/electronicgames/BG/Luck_and_magic_540.webp"
"101024","Super Gems 1000","226","OMNIPLAY","slot","5","0","0","6044","2026-06-15 16:49:28","/externals/C66FM/img/_wms/_l/electronicgames/pp522/supergem1000_540.webp"
"410040","Dice Bonanza","241","BGAMING","slot","5","0","0","63","2026-03-04 16:05:28","/externals/C66FM/img/_wms/_l/electronicgames/BG/Dice_bonanza_540.webp"
"410041","Beast Band","241","BGAMING","slot","5","0","0","31","2026-03-04 16:02:57","/externals/C66FM/img/_wms/_l/electronicgames/BG/Beast_band_540.webp"
"410042","Wild Chicago","241","BGAMING","slot","5","0","0","18","2025-08-14 13:33:40","/externals/C66FM/img/_wms/_l/electronicgames/BG/Wild_chicago_540.webp"
"101023","Goal Rush","226","OMNIPLAY","slot","5","0","0","1181","2026-06-05 16:58:50","/externals/C66FM/img/_wms/_l/electronicgames/pp522/GoalRush500540.webp"
"410043","Gemhalla","241","BGAMING","slot","5","0","0","37","2025-08-14 13:33:40","/externals/C66FM/img/_wms/_l/electronicgames/BG/Gemhalla_540.webp"
"410045","Savage Buffalo Spirit","241","BGAMING","slot","5","0","0","32","2025-08-14 13:33:40","/externals/C66FM/img/_wms/_l/electronicgames/BG/Savage_buffalo_spirit_540.webp"
"101012","Super Gems Wheel","226","OMNIPLAY","slot","5","0","0","209","2026-07-01 17:54:39","/externals/C66FM/img/_wms/_l/electronicgames/pp522/SuperGemsWheel_540x540.webp"
"410046","Lucky Crew","241","BGAMING","slot","5","0","0","17","2025-08-14 13:33:40","/externals/C66FM/img/_wms/_l/electronicgames/BG/Lucky_crew_540.webp"
"410047","Royal High Road","241","BGAMING","slot","5","0","0","14","2025-08-14 13:33:40","/externals/C66FM/img/_wms/_l/electronicgames/BG/Royal_high_road_540.webp"
"410033","Mice & Magic Wonder Spin","241","BGAMING","slot","5","0","0","38","2025-08-14 13:33:40","/externals/C66FM/img/_wms/_l/electronicgames/BG/Mice_and_magic_540.webp"
"410049","Easter Heist","241","BGAMING","slot","5","0","0","28","2026-03-04 16:06:06","/externals/C66FM/img/_wms/_l/electronicgames/BG/Easter_heist_540.webp"
"410052","Lucky Oak","241","BGAMING","slot","5","0","0","65","2026-03-04 16:10:47","/externals/C66FM/img/_wms/_l/electronicgames/BG/Lucky_oak_540.webp"
"410053","Sweet Rush Megaways","241","BGAMING","slot","5","0","0","30","2025-08-14 13:33:40","/externals/C66FM/img/_wms/_l/electronicgames/BG/Sweet_rush_megaways_540.webp"
"410055","Domnitor'S Treasure","241","BGAMING","slot","5","0","0","59","2026-03-04 16:05:47","/externals/C66FM/img/_wms/_l/electronicgames/BG/Domnitors_treasure_540.webp"
"410058","Soccermania","241","BGAMING","slot","5","0","0","55","2026-03-04 16:12:40","/externals/C66FM/img/_wms/_l/electronicgames/BG/Soccermania_540.webp"
"410059","Book Of Cats Megaways","241","BGAMING","slot","5","0","0","15","2025-08-14 13:33:40","/externals/C66FM/img/_wms/_l/electronicgames/BG/Book_of_cats_megaways_540.webp"
"410060","Elvis Frog True Ways","241","BGAMING","slot","5","0","0","7","2025-08-14 13:33:40","/externals/C66FM/img/_wms/_l/electronicgames/BG/Elvis_frog_trueways_540.webp"
"101011","Sugar Kaboom","226","OMNIPLAY","slot","5","0","0","539","2026-05-06 11:30:47","/externals/C66FM/img/_wms/_l/electronicgames/pp522/SugarKaboom540.webp"
"101010","Wild Train","226","OMNIPLAY","slot","5","0","0","2429","2026-04-29 16:42:58","/externals/C66FM/img/_wms/_l/electronicgames/pp522/wildtrain540.webp"
"410061","Halloween Bonanza","241","BGAMING","slot","5","0","0","61","2026-03-04 16:09:16","/externals/C66FM/img/_wms/_l/electronicgames/BG/Halloween_bonanza_540.webp"
"410062","Beer Bonanza","241","BGAMING","slot","5","0","0","38","2025-08-14 13:33:40","/externals/C66FM/img/_wms/_l/electronicgames/BG/Beer_bonanza_540.webp"
"410063","Forty Fruity Million","241","BGAMING","slot","5","0","0","49","2026-03-04 16:06:45","/externals/C66FM/img/_wms/_l/electronicgames/BG/Forty_fruity_million_540.webp"
"410064","Wild Cash X9990","241","BGAMING","slot","5","0","0","52","2025-08-14 13:33:40","/externals/C66FM/img/_wms/_l/electronicgames/BG/Wild_cash_x999_540.webp"
"410065","Maneki 88 Gold","241","BGAMING","slot","5","0","0","26","2025-08-14 13:33:40","/externals/C66FM/img/_wms/_l/electronicgames/BG/Maneki_88_gold_540.webp"
"223","Fortune Gems 2","227","JI HIGH","slot","5","0","0","964","2026-05-13 19:18:28","/externals/C66FM/img/_wms/_l/electronicgames/pp522/fortunegems540.webp"
"532","Sic Bo A","232","SA","live-casino","17","0","0","43","2026-04-10 11:12:30","/externals/C66FM/img/_wms/_l/electronicgames/casino01/Sic_bo_a_540.webp"
"BS01","Bingo Swerte","231","Swerte","bingo","21","0","0","4576","2026-03-26 17:18:57","/externals/C66FM/img/_wms/_l/electronicgames/BP/Bingo_Swerte540.webp"
"444","Rocket Wins","240","BNG","slot","5","0","0","52","2025-09-24 10:33:40","/externals/C66FM/img/_wms/_l/electronicgames/BP/Rocket_wins_540.webp"
"617","3 Pots Riches Extra: Hold and Win","240","BNG","slot","5","0","0","168","2025-09-24 10:33:40","/externals/C66FM/img/_wms/_l/electronicgames/BP/3_pots_riches_extra_540.webp"
"AM01","Pride Champion","231","Swerte","bingo","21","0","0","428","2026-03-26 17:27:47","/externals/C66FM/img/_wms/_l/electronicgames/R/540x540_Pride_Champion.webp"
"588","3 Super Ace","227","JI HIGH","slot","5","0","0","1011","2026-05-13 19:16:49","/externals/C66FM/img/_wms/_l/electronicgames/pp522/3superace540.webp"
"768","Super China Pots: Hold And Win","240","BNG","slot","5","0","0","530","2025-12-12 16:51:22","/externals/C66FM/img/_wms/_l/electronicgames/pp522/Super_China_Pots_540.webp"
"769","Coin Princess X1000","240","BNG","slot","5","0","0","594","2026-02-12 16:21:56","/externals/C66FM/img/_wms/_l/electronicgames/pp522/coin_princess_x1000_540.webp"
"809","Coin Strike 2: Hold And Win","240","BNG","slot","5","0","0","524","2025-12-12 16:51:22","/externals/C66FM/img/_wms/_l/electronicgames/pp522/coin_strike2_540.webp"
"410002","Panda Luck","241","BGAMING","slot","5","0","0","48","2025-08-14 13:33:40","/externals/C66FM/img/_wms/_l/electronicgames/BG/Panda_luck_540.webp"
"410003","Chicken Rush","241","BGAMING","slot","5","0","0","83","2026-03-04 16:04:53","/externals/C66FM/img/_wms/_l/electronicgames/BG/Chicken_rush_540.webp"
"410005","Lucky Dragon Multidice X","241","BGAMING","slot","5","0","0","140","2026-03-04 16:10:13","/externals/C66FM/img/_wms/_l/electronicgames/BG/Lucky_dragon_multi_dice_x_540.webp"
"410007","Diamond Of Jungle","241","BGAMING","slot","5","0","0","22","2025-08-14 13:33:40","/externals/C66FM/img/_wms/_l/electronicgames/BG/Diamond_of_jungle_540.webp"
"543","Money Coming 2","227","JI HIGH","slot","5","0","0","351","2026-05-13 19:16:49","/externals/C66FM/img/_wms/_l/electronicgames/pp522/moneycoming540.webp"
"410066","Miss Cherry Fruits Jackpot Party","241","BGAMING","slot","5","0","0","77","2026-03-04 16:11:23","/externals/C66FM/img/_wms/_l/electronicgames/BG/Miss_cherry_fruits_jackpot_party_540.webp"
"410009","Lucky 8 Merge Up","241","BGAMING","slot","5","0","0","29","2025-08-14 13:33:40","/externals/C66FM/img/_wms/_l/electronicgames/BG/Lucky_8_merge_up_540.webp"
"410010","Pop Zen","241","BGAMING","slot","5","0","0","15","2025-08-14 13:33:40","/externals/C66FM/img/_wms/_l/electronicgames/BG/Pop_zen_540.webp"
"106002","Sugar Pop","226","OMNIPLAY","slot","5","0","0","4867","2026-04-30 18:21:54","/externals/C66FM/img/_wms/_l/electronicgames/BDF506/AniExSugarPop1k.webp"
"410011","Aztec Clusters","241","BGAMING","slot","5","0","0","148","2026-03-04 15:57:09","/externals/C66FM/img/_wms/_l/electronicgames/BG/Aztec_cluster_540.webp"
"410012","Wild Heart","241","BGAMING","slot","5","0","0","172","2026-03-04 16:14:29","/externals/C66FM/img/_wms/_l/electronicgames/BG/Wild_heart_540.webp"
"410013","God Of Wealth Hold And Win","241","BGAMING","slot","5","0","0","105","2026-03-04 16:08:07","/externals/C66FM/img/_wms/_l/electronicgames/BG/God_of_wealth_hold_and_win_540.webp"
"410018","Hottest 666","241","BGAMING","slot","5","0","0","79","2026-03-04 16:09:37","/externals/C66FM/img/_wms/_l/electronicgames/BG/Hottest_666_540.webp"
"410019","Gemza","241","BGAMING","slot","5","0","0","22","2025-08-14 13:33:40","/externals/C66FM/img/_wms/_l/electronicgames/BG/Gemza_540.webp"
"410023","Slot Machine","241","BGAMING","slot","5","0","0","128","2026-03-04 16:12:20","/externals/C66FM/img/_wms/_l/electronicgames/BG/Slot_machine_540.webp"
"410025","Tramp Day","241","BGAMING","slot","5","0","0","10","2025-08-14 13:33:40","/externals/C66FM/img/_wms/_l/electronicgames/BG/Tramp_day_540.webp"
"410026","Book Of Panda Megaways","241","BGAMING","slot","5","0","0","18","2025-08-14 13:33:40","/externals/C66FM/img/_wms/_l/electronicgames/BG/Book_of_panda_540.webp"
"410027","Mummy'S Gold","241","BGAMING","slot","5","0","0","81","2026-03-04 16:12:04","/externals/C66FM/img/_wms/_l/electronicgames/BG/Mummy's_gold_540.webp"
"410028","Merge Up","241","BGAMING","slot","5","0","0","23","2025-08-14 13:33:40","/externals/C66FM/img/_wms/_l/electronicgames/BG/Merge_up_540.webp"
"410032","Monster Hunt","241","BGAMING","slot","5","0","0","67","2026-03-04 16:11:47","/externals/C66FM/img/_wms/_l/electronicgames/BG/Monster_hunt_540.webp"
"158","Black Wukong","073","CQ9","slot","5","0","0","1385","2025-05-22 17:34:44","/externals/C66FM/img/_wms/_l/electronicgames/411/Black_wukong_540.webp"
"130","Gold Stealer","073","CQ9","slot","5","0","0","457","2024-12-03 17:14:26","/externals/C66FM/img/_wms/_l/electronicgames/cq9/Gold_stealer_540.webp"
"136","Running Animals","073","CQ9","slot","5","0","0","430","2024-12-03 17:14:26","/externals/C66FM/img/_wms/_l/electronicgames/cq9/Running_animals_540.webp"
"137","DiscoNight M","073","CQ9","slot","5","0","0","772","2024-12-03 17:14:26","/externals/C66FM/img/_wms/_l/electronicgames/cq9/Disco_night_m_540.webp"
"S5G-H5-99959","Neko Titan","508","5G","slot","5","0","0","1520","2025-06-17 09:28:39","/externals/C66FM/img/_wms/_l/electronicgames/BP/Neko_titan_540.webp"
"S5G-H5-99957","COLOR BINGO","508","5G","slot","5","0","0","2198","2025-08-19 13:51:04","/externals/C66FM/img/_wms/_l/electronicgames/pp522/COLOR_BINGO_540.webp"
"S5G-H5-99950","Mahjong 5 Dragons","508","5G","slot","5","0","0","2595","2025-11-26 10:31:45","/externals/C66FM/img/_wms/_l/electronicgames/pp522/MAHJONG_5_DRAGONS_540.webp"
"148","Fortune Totem","073","CQ9","slot","5","0","0","796","2024-12-03 17:14:26","/externals/C66FM/img/_wms/_l/electronicgames/cq9/Fortune_totem_540.webp"
"157","5 Boxing","073","CQ9","slot","5","0","0","913","2024-12-03 17:14:26","/externals/C66FM/img/_wms/_l/electronicgames/cq9/5_boxings_540.webp"
"S5G-H5-99943","Mega Ace","508","5G","slot","5","0","0","2133","2025-05-22 17:42:40","/externals/C66FM/img/_wms/_l/electronicgames/513/MEGAACE.webp"
"S5G-H5-99935","NEKO X NEKO","508","5G","slot","5","0","0","1003","2026-06-19 18:21:59","/externals/C66FM/img/_wms/_l/electronicgames/5G0629/NEKOXNEKO540-2.webp"
"105","Jumping mobile","073","CQ9","slot","5","0","0","510","2024-12-03 17:14:26","/externals/C66FM/img/_wms/_l/electronicgames/cq9/Jumping_mobile_540.webp"
"171","Greek Gods","073","CQ9","slot","5","0","0","824","2024-12-03 17:14:26","/externals/C66FM/img/_wms/_l/electronicgames/cq9/Greek_gods_540.webp"
"201","MuayThai","073","CQ9","slot","5","0","0","419","2024-12-03 17:14:26","/externals/C66FM/img/_wms/_l/electronicgames/cq9/Muay_thai_540.webp"
"224","K.O. Island","073","CQ9","live-casino","8","0","0","1332","2025-08-13 11:00:45","/externals/C66FM/img/_wms/_l/electronicgames/cq9/KO_island_540.webp"
"227","888 Cai Shen","073","CQ9","slot","5","0","0","867","2024-12-03 17:14:26","/externals/C66FM/img/_wms/_l/electronicgames/cq9/888_cai_shen_540.webp"
"252","Wild Disco Night","073","CQ9","slot","5","0","0","1095","2025-04-21 00:00:00","/externals/C66FM/img/_wms/_l/electronicgames/411/Wild_disco_night_540.webp"
"253","Sung Wukong","073","CQ9","slot","5","0","0","1011","2025-05-23 10:07:33","/externals/C66FM/img/_wms/_l/electronicgames/424/Sung_wukong_540.webp"
"52","Jump High","073","CQ9","slot","5","0","0","334","2024-12-03 17:14:26","/externals/C66FM/img/_wms/_l/electronicgames/cq9/Jump_high_540.webp"
"AT01","Oneshot Fishing","073","CQ9","live-casino","8","0","0","6285","2026-03-10 16:53:48","/externals/C66FM/img/_wms/_l/electronicgames/CQ9/ONE_SHORT_FISHING_540.webp"
"GB14","Funky Bingo","073","CQ9","bingo","21","0","0","2845","2026-03-26 17:27:00","/externals/C66FM/img/_wms/_l/electronicgames/cq9/Funky_bingo_540.webp"
"2","Slot777","515","REELX","slot","5","0","0","603","2026-03-03 17:53:38","/externals/C66FM/img/_wms/_l/electronicgames/BP/Slot777540.webp"
"34","Bing Bing Run Mega","515","REELX","live-casino","8","0","0","16","2026-06-17 09:31:40","/externals/C66FM/img/_wms/_l/electronicgames/pp522/BingBingRunMega_540x540.webp"
"32","Cash Bingo","515","REELX","bingo","21","0","0","142","2026-06-19 18:21:59","/externals/C66FM/img/_wms/_l/electronicgames/pp522/CashBingo540x540.webp"
"31","Chicky Run","515","REELX","live-casino","8","0","0","7","2026-06-17 09:31:40","/externals/C66FM/img/_wms/_l/electronicgames/pp522/Chickyrun_540X540.webp"
"3","Candy777","515","REELX","slot","5","0","0","685","2026-03-03 17:56:14","/externals/C66FM/img/_wms/_l/electronicgames/BP/Candy777_3_540.webp"
"28","Lucky Drop Ball","515","REELX","arcade","30","0","0","515","2026-04-15 19:54:51","/externals/C66FM/img/_wms/_l/electronicgames/pp522/LDB540x540.webp"
"27","Bing Bing Run","515","REELX","live-casino","8","0","0","446","2026-04-24 10:19:44","/externals/C66FM/img/_wms/_l/electronicgames/pp522/bn_540x540.webp"
"26","Buzzy Bee-Ingo","515","REELX","slot","5","0","0","799","2026-03-09 13:51:20","/externals/C66FM/img/_wms/_l/electronicgames/pp522/BUZZY_BEE-INGO_540.webp"
"25","Mummy Diamond","515","REELX","slot","5","0","0","351","2026-03-03 17:48:54","/externals/C66FM/img/_wms/_l/electronicgames/pp522/MUMMY_DIAMOND_540.webp"
"21","Sweet Lollipop Reels","515","REELX","slot","5","0","0","1124","2026-03-03 17:48:40","/externals/C66FM/img/_wms/_l/electronicgames/pp522/Sweet_Lollipop_Reels_540.webp"
"GB2","Monster Hunter","073","CQ9","slot","5","0","0","294","2024-12-03 17:14:26","/externals/C66FM/img/_wms/_l/electronicgames/cq9/Monster_hunter_540.webp"
"19","Fortune Ball","515","REELX","slot","5","0","0","550","2026-03-03 17:50:56","/externals/C66FM/img/_wms/_l/electronicgames/pp522/Fortune_Ball_540.webp"
"18","Pula Puti Flash","515","REELX","arcade","30","0","0","1145","2026-04-01 10:05:55","/externals/C66FM/img/_wms/_l/electronicgames/pp522/540x540(1).webp"
"17","Fortune Firecrackers","515","REELX","slot","5","0","0","1558","2026-01-26 16:26:38","/externals/C66FM/img/_wms/_l/electronicgames/up16/firecrackers_540.webp"
"15","Reel Sugar Frenzy","515","REELX","slot","5","0","0","349","2026-03-03 17:50:39","/externals/C66FM/img/_wms/_l/electronicgames/pp522/Reel_Sugar_Frenzy_540.webp"
"14","Sweety Little Bears","515","REELX","slot","5","0","0","345","2026-03-03 17:55:21","/externals/C66FM/img/_wms/_l/electronicgames/R/540x540_Sweety Little Bears.webp"
"13","Demon Lock Matador toro","515","REELX","slot","5","0","0","246","2026-03-03 17:52:12","/externals/C66FM/img/_wms/_l/electronicgames/R/540x540_Demon Lock Matador toro.webp"
"12","King of Rock","515","REELX","slot","5","0","0","251","2026-03-03 17:51:36","/externals/C66FM/img/_wms/_l/electronicgames/R/540x540_King of Rock.webp"
"11","Wealthy Firecrackers","515","REELX","slot","5","0","0","868","2026-03-03 17:52:01","/externals/C66FM/img/_wms/_l/electronicgames/R/540x540-WealthyFirecrackers.webp"
"10","Triple Mint","515","REELX","slot","5","0","0","909","2026-03-03 17:55:39","/externals/C66FM/img/_wms/_l/electronicgames/R/540x540_TripleMint.webp"
"087","Go Neko","503","YGR","slot","5","0","0","893","2025-09-30 15:34:01","/externals/C66FM/img/_wms/_l/electronicgames/BP/Go_neko_540.webp"
"1048","PIRATE LEGENDS","505","YB","slot","5","0","0","10650","2026-01-12 10:12:02","/externals/C66FM/img/_wms/_l/electronicgames/pp522/PIRATE_LEGENDS_540.webp"
"1047","Light of Apollo","505","YB","slot","5","0","0","15409","2025-11-03 09:34:59","/externals/C66FM/img/_wms/_l/electronicgames/513/Light_of_Apollo.webp"
"104","Golden Horse Chess","503","YGR","slot","5","0","0","356","2025-09-05 09:45:08","/externals/C66FM/img/_wms/_l/electronicgames/BP/Golden_horse_chess_540.webp"
"102","Boom Fishing","503","YGR","live-casino","8","0","0","279","2025-11-28 18:10:34","/externals/C66FM/img/_wms/_l/electronicgames/pp522/Boom_fishing_540.webp"
"101","Loong Fa Le","503","YGR","slot","5","0","0","588","2025-05-22 17:46:27","/externals/C66FM/img/_wms/_l/electronicgames/411/Loong_fa_le_540.webp"
"100","Captain Whale","503","YGR","slot","5","0","0","367","2025-05-22 17:46:35","/externals/C66FM/img/_wms/_l/electronicgames/411/Captain_whale_540.webp"
"098","Dinosaur Egg 2","503","YGR","slot","5","0","0","631","2025-03-21 00:00:00","/externals/C66FM/img/_wms/_l/electronicgames/411/Dinosaur_egg_2_540.webp"
"096","GOLDEN PHARAOH","503","YGR","slot","5","0","0","387","2025-02-18 00:00:00","/externals/C66FM/img/_wms/_l/electronicgames/pl219/Golden_pharaoh_540.webp"
"088","Fortune Rolling","503","YGR","slot","5","0","0","737","2025-09-30 15:34:01","/externals/C66FM/img/_wms/_l/electronicgames/BP/Fortune_rolling_540.webp"
"1049","Magical Alchemist","505","YB","slot","5","0","0","4129","2026-03-04 17:19:20","/externals/C66FM/img/_wms/_l/electronicgames/pp522/540x540.webp"
"083","ROMA GEMS","503","YGR","slot","5","0","0","425","2025-04-03 17:22:17","/externals/C66FM/img/_wms/_l/electronicgames/324/Roma_gems_540.webp"
"082","CASH RICH","503","YGR","slot","5","0","0","546","2025-04-03 17:21:06","/externals/C66FM/img/_wms/_l/electronicgames/324/Cash_rich_540.webp"
"081","Bison Gallop","503","YGR","slot","5","0","0","426","2025-09-30 15:34:01","/externals/C66FM/img/_wms/_l/electronicgames/BP/Bison_gallop_540.webp"
"080","Frenzy Money","503","YGR","slot","5","0","0","367","2025-09-30 15:34:01","/externals/C66FM/img/_wms/_l/electronicgames/BP/Frenzy_money_540.webp"
"079","Legendary Shaman","503","YGR","slot","5","0","0","168","2024-12-11 17:14:27","/externals/C66FM/img/_wms/_l/electronicgames/ygr/Legendary_shaman_540.webp"
"078","Super Neko","503","YGR","slot","5","0","0","504","2025-02-12 00:00:00","/externals/C66FM/img/_wms/_l/electronicgames/YGR/Super_neko_540.webp"
"076","Golden Bay Sands","503","YGR","slot","5","0","0","131","2025-02-12 00:00:00","/externals/C66FM/img/_wms/_l/electronicgames/YGR/Golden_bay_sands_540.webp"
"074","Bounty Pirate","503","YGR","slot","5","0","0","988","2025-04-03 17:20:57","/externals/C66FM/img/_wms/_l/electronicgames/324/Bounty_pirate_540.webp"
"073","Neon Night","503","YGR","slot","5","0","0","94","2025-02-12 00:00:00","/externals/C66FM/img/_wms/_l/electronicgames/YGR/Neon_night_540.webp"
"VPCQS09","Crazy Crazy 2","073","CQ9","slot","5","0","0","222","2025-09-16 13:15:37","/externals/C66FM/img/_wms/_l/electronicgames/BP/Crazy_Crazy_2_540.webp"
"GB6","Ganesha Jr.","073","CQ9","slot","5","0","0","600","2024-12-03 17:14:26","/externals/C66FM/img/_wms/_l/electronicgames/cq9/Ganesha_jr_540.webp"
"GB7","Mummy's Treasure","073","CQ9","live-casino","8","0","0","97","2025-05-22 17:36:15","/externals/C66FM/img/_wms/_l/electronicgames/cq9/Mummys_treasure_540.webp"
"GO02","Hero Fishing","073","CQ9","live-casino","8","0","0","514","2025-05-22 17:37:52","/externals/C66FM/img/_wms/_l/electronicgames/CQ9/HERO_FISHING_540.webp"
"VPCQS01","Watah Master","073","CQ9","slot","5","0","0","178","2025-09-16 13:15:37","/externals/C66FM/img/_wms/_l/electronicgames/BP/Watah_Master_540.webp"
"VPCQS02","Watah Master 2","073","CQ9","slot","5","0","0","238","2025-09-16 13:15:37","/externals/C66FM/img/_wms/_l/electronicgames/BP/Watah_Master_2_540.webp"
"VPCQS03","Disco Piggy","073","CQ9","slot","5","0","0","210","2025-09-16 13:15:37","/externals/C66FM/img/_wms/_l/electronicgames/BP/Disco_Piggy_540.webp"
"VPCQS04","Super Power Bank","073","CQ9","slot","5","0","0","240","2025-09-16 13:15:37","/externals/C66FM/img/_wms/_l/electronicgames/BP/Super_Power_Bank_540.webp"
"VPCQS07","Watah Master Turbo","073","CQ9","slot","5","0","0","192","2025-09-16 13:15:37","/externals/C66FM/img/_wms/_l/electronicgames/BP/Watah_Master_Turbo_540.webp"
"VPCQS08","Crazy Crazy","073","CQ9","slot","5","0","0","225","2025-09-16 13:15:37","/externals/C66FM/img/_wms/_l/electronicgames/BP/Crazy_Crazy_540.webp"
"36","Piggy Crash","515","REELX","live-casino","8","0","0","42","2026-06-17 09:31:40","/externals/C66FM/img/_wms/_l/electronicgames/fishing260629/PiggyCrash_540x540.webp"
"VPCQS10","Crazy Crazy 3","073","CQ9","slot","5","0","0","252","2025-09-16 13:15:37","/externals/C66FM/img/_wms/_l/electronicgames/BP/Crazy_Crazy_3_540.webp"
"VPCQS33","Treasures Of Aztec 2","073","CQ9","slot","5","0","0","4498","2026-02-26 18:59:30","/externals/C66FM/img/_wms/_l/electronicgames/pp522/Treasures_Of_Aztec_2_540.webp"
"1065","Sexy Joker Deluxe","505","YB","slot","5","0","0","1471","2026-04-15 21:10:51","/externals/C66FM/img/_wms/_l/electronicgames/pp522/sexyjokerdeluxe_540.webp"
"1064","Sugar Chef","505","YB","slot","5","0","0","2393","2026-02-24 12:08:55","/externals/C66FM/img/_wms/_l/electronicgames/ybex/Sugar_chef_540_exclusive_v2.webp"
"1059","Mega Bandit","505","YB","slot","5","0","0","5940","2026-03-23 15:26:32","/externals/C66FM/img/_wms/_l/electronicgames/BP/20251201-163542.webp"
"1055","Sexy Joker","505","YB","slot","5","0","0","627","2025-11-14 17:38:52","/externals/C66FM/img/_wms/_l/electronicgames/pp522/Sexy_Joker_540.webp"
"1054","Golden X Ace","505","YB","slot","5","0","0","1330","2025-10-07 10:35:48","/externals/C66FM/img/_wms/_l/electronicgames/Y123/Golden_x_ace_540.webp"
"1053","Fortune X Ace","505","YB","slot","5","0","0","720","2026-03-06 16:38:55","/externals/C66FM/img/_wms/_l/electronicgames/pp522/fortuneA1-min.webp"
"1052","Dragon Gems Super Buy","505","YB","slot","5","0","0","950","2026-03-19 17:45:10","/externals/C66FM/img/_wms/_l/electronicgames/pp522/DragonG1-min.webp"
"10052","Aztec: Bonus Hunt 2","521","Advantplay","slot","5","0","0","99","2026-03-30 10:34:06","/externals/C66FM/img/_wms/_l/electronicgames/77/Aztec_bonus_hunt_2_540.webp"
"10062","BlackJack 21","521","Advantplay","slot","5","0","0","1","2026-03-30 10:34:20","/externals/C66FM/img/_wms/_l/electronicgames/77/Blackjack_21_540.webp"
"10061","Jumanji Bonanza","521","Advantplay","slot","5","0","0","1","2026-03-30 10:34:13","/externals/C66FM/img/_wms/_l/electronicgames/77/Jumanji_bonanza_540.webp"
"10060","Crazy Bounty: Jackpot","521","Advantplay","slot","5","0","0","27","2026-03-30 10:34:16","/externals/C66FM/img/_wms/_l/electronicgames/77/Crazy_bounty_jackpot_540.webp"
"10059","Buffalo Rush","521","Advantplay","slot","5","0","0","55","2026-03-30 10:34:14","/externals/C66FM/img/_wms/_l/electronicgames/77/Buffalo_rush_540.webp"
"10058","Rush Hour Gold","521","Advantplay","slot","5","0","0","1","2026-03-30 10:34:15","/externals/C66FM/img/_wms/_l/electronicgames/77/Rush_hour_gold_540.webp"
"10057","Rhapsody of Muertos","521","Advantplay","slot","5","0","0","2","2026-03-30 10:34:10","/externals/C66FM/img/_wms/_l/electronicgames/77/Rhapsody_of_muertos_540.webp"
"10056","Phantom Multiplier","521","Advantplay","slot","5","0","0","0","2026-03-30 10:34:11","/externals/C66FM/img/_wms/_l/electronicgames/77/Phantom_multiplier_540.webp"
"10055","Starry Adventure","521","Advantplay","slot","5","0","0","2","2026-03-30 10:34:12","/externals/C66FM/img/_wms/_l/electronicgames/77/Starry_adventure_540.webp"
"10054","Kingyo Riches","521","Advantplay","slot","5","0","0","1","2026-03-30 10:34:09","/externals/C66FM/img/_wms/_l/electronicgames/77/Kingyo_riches_540.webp"
"10053","Ramakien Blessing","521","Advantplay","slot","5","0","0","1","2026-03-30 10:34:07","/externals/C66FM/img/_wms/_l/electronicgames/77/Ramakien_blessings_540.webp"
"10063","Cai Shen Fortune","521","Advantplay","slot","5","0","0","9","2026-03-30 10:34:17","/externals/C66FM/img/_wms/_l/electronicgames/77/Cai_shen_fortune_540.webp"
"10051","Football Fever","521","Advantplay","slot","5","0","0","86","2026-03-30 10:34:05","/externals/C66FM/img/_wms/_l/electronicgames/77/Football_fever_540.webp"
"10050","Fish Prawn Crab Bonanza","521","Advantplay","slot","5","0","0","1","2026-03-30 10:34:08","/externals/C66FM/img/_wms/_l/electronicgames/77/Fish_prawn_crab_bonanza_540.webp"
"10049","Firefly Hunter","521","Advantplay","slot","5","0","0","0","2026-03-30 10:34:04","/externals/C66FM/img/_wms/_l/electronicgames/77/Firefly_hunter_540.webp"
"10048","Dark Ritual","521","Advantplay","slot","5","0","0","14","2026-03-30 10:34:03","/externals/C66FM/img/_wms/_l/electronicgames/77/Dark_ritual_540.webp"
"10047","Hungry Slime","521","Advantplay","slot","5","0","0","0","2026-03-30 10:34:02","/externals/C66FM/img/_wms/_l/electronicgames/77/Hungry_slime_540.webp"
"10046","Maya: Elemental Totem","521","Advantplay","slot","5","0","0","48","2026-03-30 10:34:00","/externals/C66FM/img/_wms/_l/electronicgames/77/Maya_elemental_totem_540.webp"
"10045","Crazy Bounty","521","Advantplay","slot","5","0","0","29","2026-03-30 10:34:01","/externals/C66FM/img/_wms/_l/electronicgames/77/Crazy_bounty_540.webp"
"10044","Dragon Chi’s Quest","521","Advantplay","slot","5","0","0","112","2026-03-30 10:33:59","/externals/C66FM/img/_wms/_l/electronicgames/77/Dragon_chis_quest_540.webp"
"10043","Cookie Hunter","521","Advantplay","slot","5","0","0","0","2026-03-30 10:33:57","/externals/C66FM/img/_wms/_l/electronicgames/77/Cookie_hunter_540.webp"
"10073","Maya: Elemental Totem 2","521","Advantplay","slot","5","0","0","6","2026-03-30 10:34:27","/externals/C66FM/img/_wms/_l/electronicgames/77/Maya_elemental_totem_2_540.webp"
"51","Mahjong Bonus","528","Blaze Games","slot","5","0","0","685","2026-06-19 18:21:59","/externals/C66FM/img/_wms/_l/electronicgames/pp522/MahjongBonus540x540.webp"
"38","Super Wins","528","Blaze Games","slot","5","0","0","1859","2026-06-01 14:11:27","/externals/C66FM/img/_wms/_l/electronicgames/BDF0701/SuperWins-540.webp"
"602860","Landing Chicken","525","Funky Game","arcade","30","0","0","2","2026-06-17 14:32:58","/externals/C66FM/img/_wms/_l/electronicgames/Funky/Landing_Chicken_540x540_no_en.webp"
"60278","Happy Hour Fruit 5","525","Funky Game","arcade","30","0","0","2","2026-06-17 14:32:58","/externals/C66FM/img/_wms/_l/electronicgames/Funky/Happy_Hour_Fruit_Slot_540x540_no_en.webp"
"20001","Wheel of Gems","521","Advantplay","live-casino","8","0","0","4","2026-03-30 10:33:40","/externals/C66FM/img/_wms/_l/electronicgames/77/Wheel_of_gems_540.webp"
"10080","Buffalo Rush HIGHROLLER","521","Advantplay","slot","5","0","0","2","2026-03-30 10:34:31","/externals/C66FM/img/_wms/_l/electronicgames/77/Buffalo_rush_highroller_540.webp"
"10076","Pinata Fest","521","Advantplay","slot","5","0","0","32","2026-03-30 10:34:32","/externals/C66FM/img/_wms/_l/electronicgames/77/Pinata_fest_540.webp"
"10075","Mahjong Roar","521","Advantplay","slot","5","0","0","396","2026-03-30 10:34:29","/externals/C66FM/img/_wms/_l/electronicgames/77/Mahjong_roar_540.webp"
"10074","Golden Egypt","521","Advantplay","slot","5","0","0","49","2026-03-30 10:34:30","/externals/C66FM/img/_wms/_l/electronicgames/77/Golden_egypt_540.webp"
"10042","Xiang Qi Ways 2","521","Advantplay","slot","5","0","0","2","2026-03-30 10:33:56","/externals/C66FM/img/_wms/_l/electronicgames/77/Xiang_qi_ways_2_540.webp"
"10072","LABUBU: Fall In Wild","521","Advantplay","slot","5","0","0","4","2026-03-30 10:34:28","/externals/C66FM/img/_wms/_l/electronicgames/77/Labubu_fall_in_wild_540.webp"
"10071","Disco 777 Hold and Win","521","Advantplay","slot","5","0","0","3","2026-03-30 10:34:24","/externals/C66FM/img/_wms/_l/electronicgames/77/Disco_777_hold_and_win_540.webp"
"10070","Big Net Bass","521","Advantplay","slot","5","0","0","2","2026-03-30 10:34:26","/externals/C66FM/img/_wms/_l/electronicgames/77/Big_net_bass_540.webp"
"10069","Squid Game 2：Mukunghwa","521","Advantplay","slot","5","0","0","1","2026-03-30 10:34:22","/externals/C66FM/img/_wms/_l/electronicgames/77/Squid_game_2_mukunghwa_540.webp"
"10068","Sugar Crush","521","Advantplay","slot","5","0","0","115","2026-03-30 10:34:25","/externals/C66FM/img/_wms/_l/electronicgames/77/Sugar_crush_540.webp"
"10067","Piggy Bank Gold","521","Advantplay","slot","5","0","0","80","2026-03-30 10:34:23","/externals/C66FM/img/_wms/_l/electronicgames/77/Piggy_bank_gold_540.webp"
"10066","Leprechaun’s Fortune","521","Advantplay","slot","5","0","0","0","2026-03-30 10:34:21","/externals/C66FM/img/_wms/_l/electronicgames/77/Leprechauns_fortune_540.webp"
"10065","Pirate Treasure Hunt","521","Advantplay","slot","5","0","0","2","2026-03-30 10:34:18","/externals/C66FM/img/_wms/_l/electronicgames/77/Pirate_treasure_hunt_540.webp"
"10064","Aztec: Gold Temple","521","Advantplay","slot","5","0","0","19","2026-03-30 10:34:19","/externals/C66FM/img/_wms/_l/electronicgames/77/Aztec_gold_temple_540.webp"
"9","Golden Tour","515","REELX","slot","5","0","0","942","2026-03-03 17:51:16","/externals/C66FM/img/_wms/_l/electronicgames/R/540x540-GoldenTour.webp"
"KingOctopus","King Octopus","519","KA gaming","live-casino","8","0","0","25","2025-11-17 11:19:07","/externals/C66FM/img/_wms/_l/electronicgames/BP/King_octopus_540.webp"
"GoldMagic","Gold Magic","519","KA gaming","slot","5","0","0","24","2025-11-14 13:33:40","/externals/C66FM/img/_wms/_l/electronicgames/BP/Gold_magic_540.webp"
"GoldenFishHunter","Golden Fish Hunter","519","KA gaming","live-casino","8","0","0","74","2025-12-12 19:30:07","/externals/C66FM/img/_wms/_l/electronicgames/BP/Golden_fish_hunter_540.webp"
"GoldenDragon","Golden Dragon","519","KA gaming","live-casino","8","0","0","75","2026-03-16 11:35:00","/externals/C66FM/img/_wms/_l/electronicgames/BP/Golden_dragon_540.webp"
"FishingExpedition","Fishing Expedition","519","KA gaming","live-casino","8","0","0","20","2025-11-17 11:08:39","/externals/C66FM/img/_wms/_l/electronicgames/BP/Fishing_expedition_540.webp"
"DragonBoom","Dragon Boom","519","KA gaming","live-casino","8","0","0","56","2025-12-02 11:31:26","/externals/C66FM/img/_wms/_l/electronicgames/BP/Dragon_boom_540.webp"
"CaiShenDao","Cai Shen Dao","519","KA gaming","live-casino","8","0","0","80","2025-11-17 10:55:48","/externals/C66FM/img/_wms/_l/electronicgames/BP/Caishen_dao_540.webp"
"bubblegum-robo","Bubblegum & Robo","518","PETER&SONS","slot","5","0","0","3113","2026-01-12 14:03:58","/externals/C66FM/img/_wms/_l/electronicgames/BP/Bubblegum_robo_540.webp"
"BLOSBINGOEXP","Blossom Bingo Express","517","DARWIN","bingo","21","0","0","3","2026-06-01 03:10:57","/externals/C66FM/img/_wms/_l/electronicgames/DW56/Blosom_bingo_express_540.webp"
"MythicalBeast","Mythical Beast","519","KA gaming","live-casino","8","0","0","23","2025-11-17 13:45:05","/externals/C66FM/img/_wms/_l/electronicgames/BP/Mythical_beast_540.webp"
"8","Cash Maker","515","REELX","slot","5","0","0","539","2025-11-24 10:55:40","/externals/C66FM/img/_wms/_l/electronicgames/R/540x540_cash maker.webp"
"7","Fortune Maya","515","REELX","slot","5","0","0","1661","2026-03-09 11:54:30","/externals/C66FM/img/_wms/_l/electronicgames/n309/fortunemaya_540.webp"
"6","Endless Fortune","515","REELX","slot","5","0","0","5218","2026-03-31 19:30:26","/externals/C66FM/img/_wms/_l/electronicgames/R/540x540_Endless Fortune.webp"
"54","Chicky Mines","515","REELX","live-casino","8","0","0","12","2026-06-17 09:31:40","/externals/C66FM/img/_wms/_l/electronicgames/pp522/chickymines_540X540.webp"
"5","Super Mahjong","515","REELX","slot","5","0","0","6267","2026-02-24 12:07:53","/externals/C66FM/img/_wms/_l/electronicgames/R/540x540_Super Mahjong.webp"
"40","Drop Ball Flash","515","REELX","arcade","30","0","0","23","2026-06-19 18:21:59","/externals/C66FM/img/_wms/_l/electronicgames/pp522/DropBallFlash540x540.webp"
"4","Candy777 Turbo","515","REELX","slot","5","0","0","1220","2026-01-05 15:08:33","/externals/C66FM/img/_wms/_l/electronicgames/BP/Candy777_4_540.webp"
"39","Lucky Coins","515","REELX","live-casino","8","0","0","136","2026-06-17 09:31:40","/externals/C66FM/img/_wms/_l/electronicgames/pp522/LUCKYCOINS_banner_540x540.webp"
"37","Chicky Tower","515","REELX","live-casino","8","0","0","25","2026-06-17 09:31:40","/externals/C66FM/img/_wms/_l/electronicgames/pp522/Chickytower_540X540.webp"
"10032","Boom of Prosperity","521","Advantplay","slot","5","0","0","1","2026-03-30 10:33:44","/externals/C66FM/img/_wms/_l/electronicgames/77/Boom_of_prosperity_540.webp"
"10041","Xmas Gift Delight","521","Advantplay","slot","5","0","0","4","2026-04-17 19:21:45","/externals/C66FM/img/_wms/_l/electronicgames/77/Xmas_gift_delight_540.webp"
"10040","Mace of Hercules","521","Advantplay","slot","5","0","0","1","2026-03-30 10:33:54","/externals/C66FM/img/_wms/_l/electronicgames/77/Mace_of_hercules_540.webp"
"10039","Jewel Mastermind","521","Advantplay","slot","5","0","0","1","2026-03-30 10:33:53","/externals/C66FM/img/_wms/_l/electronicgames/77/Jewel_mastermind_540.webp"
"10038","Last Samurai","521","Advantplay","slot","5","0","0","37","2026-03-30 10:33:52","/externals/C66FM/img/_wms/_l/electronicgames/77/Last_samurai_540.webp"
"10037","DJ FEVER","521","Advantplay","slot","5","0","0","2","2026-03-30 10:33:55","/externals/C66FM/img/_wms/_l/electronicgames/77/Dj_fever_540.webp"
"10036","PUBG2","521","Advantplay","slot","5","0","0","7","2026-03-30 10:33:51","/externals/C66FM/img/_wms/_l/electronicgames/77/PUBG_2_540.webp"
"10035","Scale of Heaven: Anubis","521","Advantplay","slot","5","0","0","3","2026-03-30 10:33:49","/externals/C66FM/img/_wms/_l/electronicgames/77/Scale_of_heaven_anubis_540.webp"
"10034","Infinity Ocean","521","Advantplay","slot","5","0","0","0","2026-03-30 10:33:50","/externals/C66FM/img/_wms/_l/electronicgames/77/Infinity_ocean_540.webp"
"10033","Fantastic Beast","521","Advantplay","slot","5","0","0","1","2026-03-30 10:33:47","/externals/C66FM/img/_wms/_l/electronicgames/77/Fantastic_beast_540.webp"
"072","Temple Adventure","503","YGR","slot","5","0","0","140","2025-02-12 00:00:00","/externals/C66FM/img/_wms/_l/electronicgames/YGR/Temple_adventure_540.webp"
"10031","World Cup Final","521","Advantplay","slot","5","0","0","25","2026-03-30 10:33:42","/externals/C66FM/img/_wms/_l/electronicgames/77/World_cup_final_540.webp"
"10030","Genie Mystery","521","Advantplay","slot","5","0","0","2","2026-03-30 10:33:45","/externals/C66FM/img/_wms/_l/electronicgames/77/Genie_mystery_540.webp"
"10029","Slotto 4D","521","Advantplay","lottery","12","0","0","37","2026-04-17 19:21:45","/externals/C66FM/img/_wms/_l/electronicgames/pp522/Slotto4D_540x540.webp"
"10028","Bunny to the Moon","521","Advantplay","slot","5","0","0","46","2026-03-30 10:33:46","/externals/C66FM/img/_wms/_l/electronicgames/77/Bunny_to_the_moon_540.webp"
"10027","Disco 777","521","Advantplay","slot","5","0","0","3","2026-03-30 10:33:41","/externals/C66FM/img/_wms/_l/electronicgames/77/Disco_777_540.webp"
"10022","Aztec: Bonus Hunt","521","Advantplay","slot","5","0","0","4","2026-03-30 10:33:48","/externals/C66FM/img/_wms/_l/electronicgames/77/Aztec_bonus_hunt_540.webp"
"UnderseaTreasure","Undersea Treasure","519","KA gaming","live-casino","8","0","0","31","2026-03-16 11:40:31","/externals/C66FM/img/_wms/_l/electronicgames/BP/Undersea_treasure_540.webp"
"ThunderLand","Thunder Land","519","KA gaming","live-casino","8","0","0","32","2025-11-21 15:07:40","/externals/C66FM/img/_wms/_l/electronicgames/BP/Thunder_land_540.webp"
"PoseidonSecret","Poseidon's Secret","519","KA gaming","live-casino","8","0","0","28","2025-11-17 10:47:11","/externals/C66FM/img/_wms/_l/electronicgames/BP/Poseidons_secret_540.webp"
"45","Mayan Empire","251","ACEWIN","slot","5","0","0","4","2026-06-29 09:44:29","/externals/C66FM/img/_wms/_l/electronicgames/pp522/Mayan_Empire_540x540.webp"
"5272","Fortune Rabbit","251","ACEWIN","slot","5","0","0","2","2026-06-29 09:44:28","/externals/C66FM/img/_wms/_l/electronicgames/pp522/Fortune_Rabbit_540x540.webp"
"5271","Viking Glory","251","ACEWIN","slot","5","0","0","1","2026-06-29 09:44:28","/externals/C66FM/img/_wms/_l/electronicgames/pp522/Viking_Glory_540x540.webp"
"5270","Fortune Tai Chi","251","ACEWIN","slot","5","0","0","0","2026-06-29 09:44:28","/externals/C66FM/img/_wms/_l/electronicgames/pp522/Fortune_Tai_Chi_540x540.webp"
"5268","Dragon Bao Bao","251","ACEWIN","slot","5","0","0","0","2026-06-29 09:44:28","/externals/C66FM/img/_wms/_l/electronicgames/pp522/Dragon_Bao_Bao_540x540.webp"
"5267","Super Acewin","251","ACEWIN","slot","5","0","0","10","2026-06-29 09:44:28","/externals/C66FM/img/_wms/_l/electronicgames/pp522/Super_Acewin_540x540.webp"
"5266","Spin Of Fate","251","ACEWIN","slot","5","0","0","3","2026-06-29 09:44:28","/externals/C66FM/img/_wms/_l/electronicgames/pp522/Spin_Of_Fate_540x540.webp"
"52","Wild Chips","251","ACEWIN","slot","5","0","0","3","2026-06-29 09:44:29","/externals/C66FM/img/_wms/_l/electronicgames/pp522/Wild_Chips_540x540.webp"
"51","Bingo Fortune","251","ACEWIN","slot","5","0","0","4","2026-06-29 09:44:29","/externals/C66FM/img/_wms/_l/electronicgames/pp522/Bingo_Fortune_540x540.webp"
"47","High Road King Classic","251","ACEWIN","live-casino","8","0","0","5","2026-06-29 09:44:29","/externals/C66FM/img/_wms/_l/electronicgames/pp522/High_Road_King_Classic_540x540.webp"
"46","Roma Plus","251","ACEWIN","slot","5","0","0","0","2026-06-29 09:44:28","/externals/C66FM/img/_wms/_l/electronicgames/pp522/Roma_Plus_540x540.webp"
"5274","The First Emperor","251","ACEWIN","slot","5","0","0","0","2026-06-29 09:44:28","/externals/C66FM/img/_wms/_l/electronicgames/pp522/The_First_Emperor_540x540.webp"
"44","Fortune Four","251","ACEWIN","slot","5","0","0","3","2026-06-29 09:44:29","/externals/C66FM/img/_wms/_l/electronicgames/pp522/Fortune_Four_540x540.webp"
"42","Jump For Richness","251","ACEWIN","live-casino","8","0","0","4","2026-06-29 09:44:29","/externals/C66FM/img/_wms/_l/electronicgames/pp522/Jump_For_Richness_540x540.webp"
"41","High Road King Plus","251","ACEWIN","live-casino","8","0","0","4","2026-06-29 09:44:29","/externals/C66FM/img/_wms/_l/electronicgames/pp522/High_Road_King_Plus_540x540.webp"
"40","Pirate Treasure","251","ACEWIN","slot","5","0","0","2","2026-06-29 09:44:29","/externals/C66FM/img/_wms/_l/electronicgames/pp522/Pirate_Treasure_540x540.webp"
"4","Zeus","251","ACEWIN","slot","5","0","0","2","2026-06-29 09:44:29","/externals/C66FM/img/_wms/_l/electronicgames/pp522/Zeus_540x540.webp"
"33","Hulao Battle","251","ACEWIN","slot","5","0","0","5","2026-06-29 09:44:29","/externals/C66FM/img/_wms/_l/electronicgames/pp522/Hulao_Battle_540x540.webp"
"32","Shu Lai Bao","251","ACEWIN","live-casino","8","0","0","6","2026-06-29 09:44:29","/externals/C66FM/img/_wms/_l/electronicgames/pp522/Shu_Lai_Bao_540x540.webp"
"26","Tons Of Money","251","ACEWIN","live-casino","8","0","0","2","2026-06-29 09:44:29","/externals/C66FM/img/_wms/_l/electronicgames/pp522/Tons_Of_Money_540x540.webp"
"24","Super Bar","251","ACEWIN","live-casino","8","0","0","4","2026-06-29 09:44:29","/externals/C66FM/img/_wms/_l/electronicgames/pp522/Super_Bar_540x540.webp"
"5288","Cash King","251","ACEWIN","slot","5","0","0","6","2026-06-29 09:44:28","/externals/C66FM/img/_wms/_l/electronicgames/pp522/Cash_King_540x540.webp"
"5706","Money Tree","251","ACEWIN","slot","5","0","0","2","2026-06-29 09:44:28","/externals/C66FM/img/_wms/_l/electronicgames/pp522/Money_Tree_540x540.webp"
"5705","Mr. Fortune","251","ACEWIN","slot","5","0","0","2","2026-06-29 09:44:28","/externals/C66FM/img/_wms/_l/electronicgames/pp522/Mr_Fortune_540x540.webp"
"5703","Lucky Buddha","251","ACEWIN","slot","5","0","0","0","2026-06-29 09:44:28","/externals/C66FM/img/_wms/_l/electronicgames/pp522/Lucky_Buddha_540x540.webp"
"55","Fist Champion","251","ACEWIN","slot","5","0","0","5","2026-06-29 09:44:28","/externals/C66FM/img/_wms/_l/electronicgames/pp522/Fist_Champion_540x540.webp"
"53","Zombie Awaken","251","ACEWIN","slot","5","0","0","3","2026-06-29 09:44:28","/externals/C66FM/img/_wms/_l/electronicgames/pp522/Zombie_Awaken_540x540.webp"
"5296","Fortune Arrow","251","ACEWIN","slot","5","0","0","2","2026-06-29 09:44:28","/externals/C66FM/img/_wms/_l/electronicgames/pp522/Fortune_Arrow_540x540.webp"
"5295","Dragon Bao Bao 2","251","ACEWIN","slot","5","0","0","6","2026-06-29 09:44:28","/externals/C66FM/img/_wms/_l/electronicgames/pp522/Dragon_Bao_Bao_2_540x540.webp"
"5292","Freedom Stars","251","ACEWIN","slot","5","0","0","1","2026-06-29 09:44:28","/externals/C66FM/img/_wms/_l/electronicgames/pp522/Freedom_Stars_540x540.webp"
"5290","Lucky Gems","251","ACEWIN","slot","5","0","0","9","2026-06-29 09:44:28","/externals/C66FM/img/_wms/_l/electronicgames/pp522/Lucky_Gems_540x540.webp"
"22","Golden Hen","251","ACEWIN","live-casino","8","0","0","0","2026-06-29 09:44:29","/externals/C66FM/img/_wms/_l/electronicgames/pp522/Golden_Hen_540x540.webp"
"5286","Temple Of Gold","251","ACEWIN","slot","5","0","0","1","2026-06-29 09:44:28","/externals/C66FM/img/_wms/_l/electronicgames/pp522/Temple_Of_Gold_540x540.webp"
"5285","Cake Bonanza 1000","251","ACEWIN","slot","5","0","0","2","2026-06-29 09:44:28","/externals/C66FM/img/_wms/_l/electronicgames/pp522/Cake_Bonanza_1000_540x540.webp"
"5284","Buddha Spin","251","ACEWIN","slot","5","0","0","4","2026-06-29 09:44:28","/externals/C66FM/img/_wms/_l/electronicgames/pp522/Buddha_Spin_540x540.webp"
"5283","Lion 2 Dance","251","ACEWIN","slot","5","0","0","2","2026-06-29 09:44:28","/externals/C66FM/img/_wms/_l/electronicgames/pp522/Lion_2_Dance_540x540.webp"
"5282","Triple Piggies","251","ACEWIN","slot","5","0","0","4","2026-06-29 09:44:28","/externals/C66FM/img/_wms/_l/electronicgames/pp522/Triple_Piggies_540x540.webp"
"5281","Jungle Adventure","251","ACEWIN","slot","5","0","0","1","2026-06-29 09:44:28","/externals/C66FM/img/_wms/_l/electronicgames/pp522/Jungle_Adventure_540x540.webp"
"5280","Fourtune 4Ever Dragon","251","ACEWIN","slot","5","0","0","3","2026-06-29 09:44:28","/externals/C66FM/img/_wms/_l/electronicgames/pp522/Fourtune_4Ever_Dragon_540x540.webp"
"5279","Lucky Fireworks","251","ACEWIN","slot","5","0","0","3","2026-06-29 09:44:28","/externals/C66FM/img/_wms/_l/electronicgames/pp522/Lucky_Fireworks_540x540.webp"
"5278","Lucky Riches","251","ACEWIN","slot","5","0","0","4","2026-06-29 09:44:28","/externals/C66FM/img/_wms/_l/electronicgames/pp522/Lucky_Riches_540x540.webp"
"18","Bounceball Olympus","244","GGSOFT","live-casino","8","0","0","62","2026-03-30 10:34:36","/externals/C66FM/img/_wms/_l/electronicgames/77/Bounce_olympus_540.webp"
"1","Phoenix Legend","251","ACEWIN","live-casino","8","0","0","3","2026-06-29 09:44:29","/externals/C66FM/img/_wms/_l/electronicgames/pp522/Phoenix_Legend_540x540.webp"
"8","Plinko Olympus","244","GGSOFT","live-casino","8","0","0","19","2026-03-30 10:34:46","/externals/C66FM/img/_wms/_l/electronicgames/77/Plinko_olympus_540.webp"
"7","Monopoly Classic","244","GGSOFT","live-casino","8","0","0","486","2026-04-07 10:18:51","/externals/C66FM/img/_wms/_l/electronicgames/77/Monopoly_classic_540.webp"
"6","Heist Classic","244","GGSOFT","live-casino","8","0","0","7","2026-04-07 09:55:47","/externals/C66FM/img/_wms/_l/electronicgames/77/Heist_classic_540.webp"
"5","Mines Classic","244","GGSOFT","live-casino","8","0","0","25","2026-04-07 09:48:22","/externals/C66FM/img/_wms/_l/electronicgames/77/Mines_classic_540.webp"
"21","Mermaid Princess","244","GGSOFT","live-casino","8","0","0","50","2026-03-30 10:34:33","/externals/C66FM/img/_wms/_l/electronicgames/77/Mermaid_princess_540.webp"
"20","Bounceball Sweet","244","GGSOFT","live-casino","8","0","0","19","2026-03-30 10:34:34","/externals/C66FM/img/_wms/_l/electronicgames/77/Bounceball_sweet_540.webp"
"2","Plinko Liong","244","GGSOFT","live-casino","8","0","0","53","2026-04-07 09:37:56","/externals/C66FM/img/_wms/_l/electronicgames/77/Plinko_liong_540.webp"
"19","Mission Uncatchable","244","GGSOFT","live-casino","8","0","0","15","2026-03-30 10:34:35","/externals/C66FM/img/_wms/_l/electronicgames/77/Mission_uncatchable_540.webp"
"1001","The First Emperor 2","251","ACEWIN","slot","5","0","0","1","2026-06-29 09:44:28","/externals/C66FM/img/_wms/_l/electronicgames/pp522/The_First_Emperor_2_540x540.webp"
"17","Crossing Classic","244","GGSOFT","live-casino","8","0","0","11","2026-03-30 10:34:37","/externals/C66FM/img/_wms/_l/electronicgames/77/Crossing_classic_540.webp"
"16","Bounceball Space","244","GGSOFT","live-casino","8","0","0","8","2026-03-30 10:34:38","/externals/C66FM/img/_wms/_l/electronicgames/77/Bounceball_space_540.webp"
"15","Bounceball Aztec","244","GGSOFT","live-casino","8","0","0","14","2026-03-30 10:34:39","/externals/C66FM/img/_wms/_l/electronicgames/77/Bounceball_aztec_540.webp"
"14","Bounceball Classic","244","GGSOFT","live-casino","8","0","0","5","2026-03-30 10:34:40","/externals/C66FM/img/_wms/_l/electronicgames/77/Bounceball_classic_540.webp"
"13","Monopoly City","244","GGSOFT","live-casino","8","0","0","208","2026-04-14 16:41:17","/externals/C66FM/img/_wms/_l/electronicgames/77/Monopoly_city_540.webp"
"12","Monopoly Snake&Ladder Jungle","244","GGSOFT","live-casino","8","0","0","10","2026-03-30 10:34:42","/externals/C66FM/img/_wms/_l/electronicgames/77/Monopoly_snake_and_ladder_jungle_540.webp"
"11","Heist Royale","244","GGSOFT","live-casino","8","0","0","18","2026-03-30 10:34:43","/externals/C66FM/img/_wms/_l/electronicgames/77/Heist_royale_540.webp"
"10","Mines Fossils Digger","244","GGSOFT","live-casino","8","0","0","15","2026-03-30 10:34:44","/externals/C66FM/img/_wms/_l/electronicgames/77/Mines_fossils_digger_540.webp"
"1","Plinko Classic","244","GGSOFT","live-casino","8","0","0","34","2026-03-30 10:34:53","/externals/C66FM/img/_wms/_l/electronicgames/77/Plinko_classic_540.webp"
"1021","Masskara Mania","251","ACEWIN","slot","5","0","0","20","2026-06-29 09:44:28","/externals/C66FM/img/_wms/_l/electronicgames/pp522/Masskara_Mania_540x540.webp"
"17","5 Dragons Legend","251","ACEWIN","slot","5","0","0","3","2026-06-29 09:44:29","/externals/C66FM/img/_wms/_l/electronicgames/pp522/5_Dragons_Legend_540x540.webp"
"16","Fu Xing Gao Zhao","251","ACEWIN","live-casino","8","0","0","3","2026-06-29 09:44:29","/externals/C66FM/img/_wms/_l/electronicgames/pp522/Fu_Xing_Gao_Zhao_540x540.webp"
"15","Grand Blue","251","ACEWIN","live-casino","8","0","0","5","2026-06-29 09:44:29","/externals/C66FM/img/_wms/_l/electronicgames/pp522/Grand_Blue_540x540.webp"
"13","Hot Shot","251","ACEWIN","slot","5","0","0","14","2026-06-29 09:44:29","/externals/C66FM/img/_wms/_l/electronicgames/pp522/Hot_Shot_540x540.webp"
"1048","Lucky Gems Expand","251","ACEWIN","slot","5","0","0","50","2026-06-29 09:44:28","/externals/C66FM/img/_wms/_l/electronicgames/pp522/Lucky_Gems_Expand_540x540.webp"
"1045","Super Acewin 1000","251","ACEWIN","slot","5","0","0","47","2026-06-29 09:44:28","/externals/C66FM/img/_wms/_l/electronicgames/pp522/Super_Acewin_1000_540x540.webp"
"1040","Triple Christmas Piggies","251","ACEWIN","slot","5","0","0","3","2026-06-29 09:44:28","/externals/C66FM/img/_wms/_l/electronicgames/pp522/Triple_Christmas_Piggies_540x540.webp"
"1030","Christmas Vibe","251","ACEWIN","slot","5","0","0","0","2026-06-29 09:44:28","/externals/C66FM/img/_wms/_l/electronicgames/pp522/Christmas_Vibe_540x540.webp"
"1027","Lil' Green","251","ACEWIN","slot","5","0","0","0","2026-06-29 09:44:28","/externals/C66FM/img/_wms/_l/electronicgames/pp522/Lil_Green_540x540.webp"
"5707","Ice & Fire","251","ACEWIN","slot","5","0","0","1","2026-06-29 09:44:28","/externals/C66FM/img/_wms/_l/electronicgames/pp522/Ice_Fire_540x540.webp"
"1020","Party! Party!","251","ACEWIN","slot","5","0","0","3","2026-06-29 09:44:28","/externals/C66FM/img/_wms/_l/electronicgames/pp522/Party_Party_540x540.webp"
"1012","Dojo Meow","251","ACEWIN","slot","5","0","0","4","2026-06-29 09:44:28","/externals/C66FM/img/_wms/_l/electronicgames/pp522/Dojo_Meow_540x540.webp"
"1011","Mystical Forest","251","ACEWIN","slot","5","0","0","0","2026-06-29 09:44:28","/externals/C66FM/img/_wms/_l/electronicgames/pp522/Mystical_Forest_540x540.webp"
"1009","Dragon Treasure","251","ACEWIN","slot","5","0","0","1","2026-06-29 09:44:28","/externals/C66FM/img/_wms/_l/electronicgames/pp522/Dragon_Treasure_540x540.webp"
"1006","Puff & Puff","251","ACEWIN","slot","5","0","0","0","2026-06-29 09:44:28","/externals/C66FM/img/_wms/_l/electronicgames/pp522/Puff_Puff_540x540.webp"
"1005","Fruit Cha-Cha-Cha","251","ACEWIN","live-casino","8","0","0","1","2026-06-29 09:44:29","/externals/C66FM/img/_wms/_l/electronicgames/pp522/Fruit_ChaChaCha_540x540.webp"
"1004","Candy Rush","251","ACEWIN","slot","5","0","0","6","2026-06-29 09:44:28","/externals/C66FM/img/_wms/_l/electronicgames/pp522/Candy_Rush_540x540.webp"
"1003","Lucky Fireworks 2","251","ACEWIN","slot","5","0","0","1","2026-06-29 09:44:28","/externals/C66FM/img/_wms/_l/electronicgames/pp522/Lucky_Fireworks_2_540x540.webp"
"1002","Mummy Mia","251","ACEWIN","slot","5","0","0","1","2026-06-29 09:44:28","/externals/C66FM/img/_wms/_l/electronicgames/pp522/Mummy_Mia_540x540.webp"
"038","Muay Thai","503","YGR","slot","5","0","0","77","2025-02-12 00:00:00","/externals/C66FM/img/_wms/_l/electronicgames/YGR/Muay_thai_champion_540.webp"
"049","100x Diamond 7","503","YGR","slot","5","0","0","277","2025-02-12 00:00:00","/externals/C66FM/img/_wms/_l/electronicgames/YGR/100x_diamond_7_540.webp"
"048","Bank Robbery","503","YGR","slot","5","0","0","139","2025-02-12 00:00:00","/externals/C66FM/img/_wms/_l/electronicgames/YGR/Bank_robbery_540.webp"
"046","Slide & Win","503","YGR","lottery","12","0","0","1996","2026-04-08 16:12:36","/externals/C66FM/img/_wms/_l/electronicgames/loteria/Slide_Win_540.png"
"045","Rich Mahjong 2","503","YGR","slot","5","0","0","543","2025-02-12 00:00:00","/externals/C66FM/img/_wms/_l/electronicgames/YGR/Rich_mahjong_2_540.webp"
"044","Candy Xmas","503","YGR","slot","5","0","0","118","2025-02-12 00:00:00","/externals/C66FM/img/_wms/_l/electronicgames/YGR/Candy_xmas_540.webp"
"043","Lucky Star","503","YGR","slot","5","0","0","239","2025-02-12 00:00:00","/externals/C66FM/img/_wms/_l/electronicgames/YGR/Lucky_star_540.webp"
"042","Cleopatra","503","YGR","slot","5","0","0","144","2025-02-12 00:00:00","/externals/C66FM/img/_wms/_l/electronicgames/YGR/Cleopatra_540.webp"
"041","Money Rush","503","YGR","slot","5","0","0","418","2025-01-14 15:53:15","/externals/C66FM/img/_wms/_l/electronicgames/ygr/Money_rush_540.webp"
"040","Super More Cash 7 II","503","YGR","slot","5","0","0","211","2025-02-12 00:00:00","/externals/C66FM/img/_wms/_l/electronicgames/YGR/Super_more_cash_7_II_540.webp"
"039","Sabong","503","YGR","slot","5","0","0","316","2025-02-12 00:00:00","/externals/C66FM/img/_wms/_l/electronicgames/YGR/Sabong_540.webp"
"050","10x Lions 7","503","YGR","slot","5","0","0","146","2025-02-12 00:00:00","/externals/C66FM/img/_wms/_l/electronicgames/YGR/10x_lions_7_540.webp"
"036","10x Diamond 7","503","YGR","slot","5","0","0","224","2025-02-12 00:00:00","/externals/C66FM/img/_wms/_l/electronicgames/YGR/10x_diamond_7_540.webp"
"035","Fortune God Coming","503","YGR","slot","5","0","0","241","2025-02-12 00:00:00","/externals/C66FM/img/_wms/_l/electronicgames/YGR/Fortune_god_coming_540.webp"
"033","Piggy Bank","503","YGR","slot","5","0","0","221","2025-02-12 00:00:00","/externals/C66FM/img/_wms/_l/electronicgames/YGR/Piggy_bank_540.webp"
"032","Piggy Boom","503","YGR","slot","5","0","0","169","2025-02-12 00:00:00","/externals/C66FM/img/_wms/_l/electronicgames/YGR/Piggy_boom_540.webp"
"031","Gold Panda Rush","503","YGR","slot","5","0","0","100","2025-02-12 00:00:00","/externals/C66FM/img/_wms/_l/electronicgames/YGR/Gold_panda_rush_540.webp"
"030","Chill Fishing","503","YGR","live-casino","8","0","0","1164","2025-09-22 13:39:50","/externals/C66FM/img/_wms/_l/electronicgames/ygr/Chill_fishing_540.webp"
"029","777 More Cash","503","YGR","slot","5","0","0","644","2025-02-21 11:10:53","/externals/C66FM/img/_wms/_l/electronicgames/YGR/777_more_cash_540.webp"
"028","Fortune Lucky 7","503","YGR","slot","5","0","0","233","2025-02-12 00:00:00","/externals/C66FM/img/_wms/_l/electronicgames/YGR/Fortune_lucky_7_540.webp"
"027","Lucky Dragon Ball 7","503","YGR","slot","5","0","0","141","2025-02-12 00:00:00","/externals/C66FM/img/_wms/_l/electronicgames/YGR/Lucky_dragon_ball_7_540.webp"
"060","Captain Fishing","503","YGR","live-casino","8","0","0","677","2025-06-17 09:45:09","/externals/C66FM/img/_wms/_l/electronicgames/ygr/Captain_fishing_540.webp"
"070","Make a Killing Fishing","503","YGR","live-casino","8","0","0","544","2025-05-21 16:38:16","/externals/C66FM/img/_wms/_l/electronicgames/ygr/Make_a_killing_fishing_540.webp"
"069","Barista BONANZA","503","YGR","slot","5","0","0","127","2025-01-14 15:54:04","/externals/C66FM/img/_wms/_l/electronicgames/ygr/Barista_bonanza_540.webp"
"068","Fortune Fishing","503","YGR","live-casino","8","0","0","1786","2025-07-04 13:22:36","/externals/C66FM/img/_wms/_l/electronicgames/324/Fortune_fishing_540.webp"
"067","Night of Millionaire","503","YGR","slot","5","0","0","162","2025-02-12 00:00:00","/externals/C66FM/img/_wms/_l/electronicgames/YGR/Night_of_millionaire_540.webp"
"066","Chain Spin","503","YGR","slot","5","0","0","78","2025-02-12 00:00:00","/externals/C66FM/img/_wms/_l/electronicgames/YGR/Chain_spin_540.webp"
"065","MonteZuma's Treasure","503","YGR","slot","5","0","0","180","2025-02-12 00:00:00","/externals/C66FM/img/_wms/_l/electronicgames/YGR/Montezumas_treasure_540.webp"
"064","Fruit & BAR","503","YGR","slot","5","0","0","55","2025-02-12 00:00:00","/externals/C66FM/img/_wms/_l/electronicgames/YGR/Fruit_and_bar_540.webp"
"063","MahJong God","503","YGR","slot","5","0","0","408","2025-02-12 00:00:00","/externals/C66FM/img/_wms/_l/electronicgames/YGR/Mahjong_god_540.webp"
"062","Maya Golden City","503","YGR","slot","5","0","0","423","2025-02-12 00:00:00","/externals/C66FM/img/_wms/_l/electronicgames/YGR/Maya_golden_city_540.webp"
"026","Rainbow & Clover 7","503","YGR","slot","5","0","0","189","2025-02-12 00:00:00","/externals/C66FM/img/_wms/_l/electronicgames/YGR/Rainbow_and_clover_7_540.webp"
"059","Cone BONANZA","503","YGR","slot","5","0","0","126","2025-02-12 00:00:00","/externals/C66FM/img/_wms/_l/electronicgames/YGR/Cone_bonanza_540.webp"
"058","Fu Lu Shou","503","YGR","slot","5","0","0","105","2025-02-12 00:00:00","/externals/C66FM/img/_wms/_l/electronicgames/YGR/Fu_lo_shou_540.webp"
"057","Fish Prawn Crab","503","YGR","slot","5","0","0","88","2024-12-11 17:14:27","/externals/C66FM/img/_wms/_l/electronicgames/ygr/Fish_prawn_crab_540.webp"
"056","Treasure of Dragon","503","YGR","slot","5","0","0","147","2025-02-12 00:00:00","/externals/C66FM/img/_wms/_l/electronicgames/YGR/Treasure_of_dragon_540.webp"
"055","Lucky Doll","503","YGR","slot","5","0","0","116","2025-02-12 00:00:00","/externals/C66FM/img/_wms/_l/electronicgames/YGR/Lucky_doll_540.webp"
"054","Dog's Vacation","503","YGR","slot","5","0","0","60","2025-02-12 00:00:00","/externals/C66FM/img/_wms/_l/electronicgames/YGR/Dogs_vacation_540.webp"
"053","Puffy Paradise","503","YGR","slot","5","0","0","84","2025-02-12 00:00:00","/externals/C66FM/img/_wms/_l/electronicgames/YGR/Puffy_paradise_540.webp"
"052","LongYa Fishing","503","YGR","live-casino","8","0","0","286","2025-03-20 15:15:25","/externals/C66FM/img/_wms/_l/electronicgames/ygr/Long_ya_fishing_540.webp"
"051","100x Lions 7","503","YGR","slot","5","0","0","271","2025-02-12 00:00:00","/externals/C66FM/img/_wms/_l/electronicgames/YGR/100x_lions_7_540.webp"
"Baccarat","Baccarat","502","KM","live-casino","17","0","0","440","2026-04-23 15:48:41","/externals/C66FM/img/_wms/_l/electronicgames/casino01/KMBaccarat540x540.webp"
"Dota_Hi-Lo","Dota Hi-Lo","502","KM","live-casino","8","0","0","64","2025-02-10 13:13:46","/externals/C66FM/img/_wms/_l/electronicgames/km/Dota_hi_lo_540.webp"
"Color_Game","Color Game","502","KM","arcade","30","0","0","374","2026-04-01 10:08:18","/externals/C66FM/img/_wms/_l/electronicgames/411/Color_game_540.webp"
"Coin_Toss","Coin Toss","502","KM","live-casino","8","0","0","2060","2025-12-01 14:53:22","/externals/C66FM/img/_wms/_l/electronicgames/New/CoinToss.webp"
"Coin_Pusher","Coin Pusher","502","KM","live-casino","8","0","0","260","2026-04-24 10:12:43","/externals/C66FM/img/_wms/_l/electronicgames/KM/Coin_pusher_540.webp"
"Chicken_Crossy","Chicken Crossy","502","KM","live-casino","8","0","0","285","2026-03-30 11:16:02","/externals/C66FM/img/_wms/_l/electronicgames/pp522/ChickenCrossy_540_540.webp"
"Cash_Rocket","Cash Rocket","502","KM","live-casino","8","0","0","159","2025-07-03 09:07:03","/externals/C66FM/img/_wms/_l/electronicgames/km/Cash_rocket_540.webp"
"Cards_Hi_Lo","Cards Hi Lo","502","KM","live-casino","8","0","0","130","2025-06-24 09:36:52","/externals/C66FM/img/_wms/_l/electronicgames/km/Cards_hi_lo_540.webp"
"Bonus_Dice","Bonus Dice","502","KM","live-casino","8","0","0","103","2025-06-24 09:38:32","/externals/C66FM/img/_wms/_l/electronicgames/km/Bonus_dice_540.webp"
"Blackjack","Blackjack","502","KM","live-casino","17","0","0","83","2026-04-23 15:47:43","/externals/C66FM/img/_wms/_l/electronicgames/casino01/KMBlackJack540x540.webp"
"KM_Marble_Knockout","KM Marble Knockout","502","KM","arcade","30","0","0","64","2026-04-01 10:09:38","/externals/C66FM/img/_wms/_l/electronicgames/km/KM_Marble_knockout_540.webp"
"9","Fortune Tree","251","ACEWIN","slot","5","0","0","4","2026-06-29 09:44:29","/externals/C66FM/img/_wms/_l/electronicgames/pp522/Fortune_Tree_540x540.webp"
"8","Monkey King","251","ACEWIN","live-casino","8","0","0","10","2026-06-29 09:44:29","/externals/C66FM/img/_wms/_l/electronicgames/pp522/Monkey_King_540x540.webp"
"5716","Aladdin 2 Mirage","251","ACEWIN","slot","5","0","0","7","2026-06-29 09:44:28","/externals/C66FM/img/_wms/_l/electronicgames/pp522/Aladdin_2_Mirage_540x540.webp"
"5714","Jackpot Frenzy","251","ACEWIN","slot","5","0","0","2","2026-06-29 09:44:28","/externals/C66FM/img/_wms/_l/electronicgames/pp522/Jackpot_Frenzy_540x540.webp"
"5713","Kung Fu Meow","251","ACEWIN","slot","5","0","0","4","2026-06-29 09:44:28","/externals/C66FM/img/_wms/_l/electronicgames/pp522/Kung_Fu_Meow_540x540.webp"
"5711","Ocean Pioneers","251","ACEWIN","slot","5","0","0","0","2026-06-29 09:44:28","/externals/C66FM/img/_wms/_l/electronicgames/pp522/Ocean_Pioneers_540x540.webp"
"5710","Super Star","251","ACEWIN","slot","5","0","0","2","2026-06-29 09:44:28","/externals/C66FM/img/_wms/_l/electronicgames/pp522/Super_Star_540x540.webp"
"5709","Circus","251","ACEWIN","slot","5","0","0","0","2026-06-29 09:44:28","/externals/C66FM/img/_wms/_l/electronicgames/pp522/Circus_540x540.webp"
"5708","Aladdin Adventure","251","ACEWIN","slot","5","0","0","1","2026-06-29 09:44:28","/externals/C66FM/img/_wms/_l/electronicgames/pp522/Aladdin_Adventure_540x540.webp"
"Pusoy","Pusoy","502","KM","poker","3","0","0","202","2025-12-16 09:12:49","/externals/C66FM/img/_wms/_l/electronicgames/km/Pusoy_540.webp"
"025","Super Fire 7","503","YGR","slot","5","0","0","194","2024-12-11 17:14:27","/externals/C66FM/img/_wms/_l/electronicgames/ygr/Super_fire_7_540.webp"
"024","Lightning Respin 7","503","YGR","slot","5","0","0","170","2025-02-12 00:00:00","/externals/C66FM/img/_wms/_l/electronicgames/YGR/Lightning_respin_7_540.webp"
"023","5X Diamond 7","503","YGR","slot","5","0","0","125","2025-02-12 00:00:00","/externals/C66FM/img/_wms/_l/electronicgames/YGR/5x_diamond_7_540.webp"
"022","Koi Respin 7","503","YGR","slot","5","0","0","182","2025-02-12 00:00:00","/externals/C66FM/img/_wms/_l/electronicgames/YGR/Koi_respin_7_540.webp"
"021","Fortune Lions 7","503","YGR","slot","5","0","0","191","2025-02-12 00:00:00","/externals/C66FM/img/_wms/_l/electronicgames/YGR/Fortune_lions_7_540.webp"
"018","Dragon Zuma","503","YGR","live-casino","8","0","0","398","2025-08-07 11:07:41","/externals/C66FM/img/_wms/_l/electronicgames/ygr/Dragon_zuma_540.webp"
"017","Insect Master","503","YGR","live-casino","8","0","0","420","2025-08-07 11:07:28","/externals/C66FM/img/_wms/_l/electronicgames/ygr/Insect_master_540.webp"
"012","Pirates Fishing","503","YGR","live-casino","8","0","0","445","2025-06-17 09:44:49","/externals/C66FM/img/_wms/_l/electronicgames/ygr/Pirates_fishing_540.webp"
"Tongits","Tongits","502","KM","poker","3","0","0","468","2026-04-14 17:29:34","/externals/C66FM/img/_wms/_l/electronicgames/km/Tongits_540.webp"
"40","SicBo","243","EEZE","live-casino","17","0","0","6","2026-04-21 13:12:39","/externals/C66FM/img/_wms/_l/electronicgames/0859/SicBo540.webp"
"Plinko","Plinko","502","KM","live-casino","8","0","0","603","2025-05-20 16:08:40","/externals/C66FM/img/_wms/_l/electronicgames/KM/Plinko_540.webp"
"Perya_Roleta","Perya Roleta","502","KM","arcade","30","0","0","1161","2026-04-01 10:06:37","/externals/C66FM/img/_wms/_l/electronicgames/527/peryawheel.webp"
"Perya_Drop_Ball_Color","Perya Dropball color","502","KM","arcade","30","0","0","1303","2026-04-01 10:09:01","/externals/C66FM/img/_wms/_l/electronicgames/KM/Perya_drop_ball_color_540.webp"
"Perya_Drop_Ball_Card","Perya Dropball card","502","KM","arcade","30","0","0","1259","2026-04-01 10:08:49","/externals/C66FM/img/_wms/_l/electronicgames/527/perya.webp"
"Perya_4_Balls","Perya 4 balls","502","KM","arcade","30","0","0","1076","2026-04-01 10:07:54","/externals/C66FM/img/_wms/_l/electronicgames/KM/Perya_4_balls_540.webp"
"Minesweeper","Minesweeper","502","KM","live-casino","8","0","0","2116","2026-03-09 11:02:53","/externals/C66FM/img/_wms/_l/electronicgames/km/Minesweeper_540.webp"
"KM_Virtual_Treadmill_Racing","KM Virtual Treadmill Racing","502","KM","live-casino","8","0","0","111","2026-04-13 17:41:41","/externals/C66FM/img/_wms/_l/electronicgames/km/KM_Virtual_treadmill_racing_540.webp"
"KM_Virtual_Horse_Racing","KM Virtual Horse Racing","502","KM","live-casino","8","0","0","193","2026-04-13 17:41:24","/externals/C66FM/img/_wms/_l/electronicgames/km/KM_Virtual_horse_racing_540.webp"
"KM_Virtual_Animal_Race","KM Virtual Animal Race","502","KM","live-casino","8","0","0","135","2025-08-12 10:31:54","/externals/C66FM/img/_wms/_l/electronicgames/km/KM_Virtual_animal_racing_540.webp"
"274","Keno Extra Bet","161","JILI","lottery","12","0","0","322","2026-04-08 17:13:14","/externals/C66FM/img/_wms/_l/electronicgames/pp522/KenoExtraBet_540x540.webp"
"PSS-ON-51314","Gems Plus","141","PLAYSTAR","slot","5","0","0","4846","2025-12-04 11:07:17","/externals/C66FM/img/_wms/_l/electronicgames/BP/20251204-105400.webp"
"xwayshoarder2dx1","Xways Hoarder 2","192","NLC","slot","5","0","0","277","2025-06-17 09:28:39","/externals/C66FM/img/_wms/_l/electronicgames/BP/Xways_hoarder_2_540.webp"
"ugliestcatchdx10","Ugliest Catch","192","NLC","slot","5","0","0","129","2025-09-04 09:43:16","/externals/C66FM/img/_wms/_l/electronicgames/BP/Ugliest_catch_540.webp"
"tombstonehterdx1","Tombstone Slaughter","192","NLC","slot","5","0","0","315","2025-06-17 09:28:39","/externals/C66FM/img/_wms/_l/electronicgames/BP/Tombstone_slaughter_540.webp"
"tombstonedx10000","Tombstone","192","NLC","slot","5","0","0","17","2025-09-04 09:43:16","/externals/C66FM/img/_wms/_l/electronicgames/BP/Tombstone_540.webp"
"241","Keno","161","JILI","lottery","12","0","0","757","2026-04-24 13:46:30","/externals/C66FM/img/_wms/_l/electronicgames/loteria/JILI-Keno.gif"
"272","Keno Bonus Number","161","JILI","lottery","12","0","0","221","2026-04-08 16:45:32","/externals/C66FM/img/_wms/_l/electronicgames/loteria/Keno_bonus_number_540.webp"
"273","Keno Super Chance","161","JILI","lottery","12","0","0","694","2026-04-17 19:26:36","/externals/C66FM/img/_wms/_l/electronicgames/pp522/KenoSuperChance_540x540.webp"
"tankeddx10000000","Tanked","192","NLC","slot","5","0","0","1241","2025-09-04 09:43:16","/externals/C66FM/img/_wms/_l/electronicgames/BP/Tanked_540.jpg"
"stockholmromedx1","Stockholm Syndrome","192","NLC","slot","5","0","0","133","2025-09-04 09:43:16","/externals/C66FM/img/_wms/_l/electronicgames/BP/Stockholm_syndrome_540.webp"
"PSS-ON-00166","Super Gems","141","PLAYSTAR","slot","5","0","0","5914","2026-03-30 21:14:33","/externals/C66FM/img/_wms/_l/electronicgames/pp522/Super_Gems_540.webp"
"389","Fish Prawn Crab","161","JILI","live-casino","17","0","0","558","2026-02-13 17:38:26","/externals/C66FM/img/_wms/_l/electronicgames/casino01/FISHPRAWNCRAB540x540.webp"
"393","Fortune Hook Boom","161","JILI","slot","5","0","0","422","2025-11-19 10:31:45","/externals/C66FM/img/_wms/_l/electronicgames/pp522/Fortune_Hook_Boom_540.webp"
"sanquentin2dx100","San Quentin 2: Death Row","192","NLC","slot","5","0","0","626","2025-09-04 09:43:16","/externals/C66FM/img/_wms/_l/electronicgames/BP/San_quentin_2_death_row_540.webp"
"394","Sweet Magic","161","JILI","slot","5","0","0","1977","2025-11-28 18:10:23","/externals/C66FM/img/_wms/_l/electronicgames/Y123/Sweet_magic_540.webp"
"409","Super Ace Joker","161","JILI","slot","5","0","0","36619","2026-01-19 14:38:36","/externals/C66FM/img/_wms/_l/electronicgames/JDB37/Super_ace_joker_540.webp"
"42","Dinosaur Tycoon","161","JILI","live-casino","8","0","0","248","2026-03-30 10:56:32","/externals/C66FM/img/_wms/_l/electronicgames/pp522/Dinosaur_tycoon_540.webp"
"423","Bikini Lady","161","JILI","slot","5","0","0","601","2025-11-28 10:23:18","/externals/C66FM/img/_wms/_l/electronicgames/pp522/Bikini_Lady_540.webp"
"424","Golden Empire 2","161","JILI","slot","5","0","0","9460","2025-08-01 13:46:09","/externals/C66FM/img/_wms/_l/electronicgames/pp522/Golden_Empire_2_540.webp"
"punkrocker200000","Punk Rocker 2","192","NLC","slot","5","0","0","45","2025-01-21 00:00:00","/externals/C66FM/img/_wms/_l/electronicgames/nlc/Punk_rocker_2_540.webp"
"205","Speed Roulette 2","199","PP","live-casino","17","0","0","62","2025-07-21 16:36:53","/externals/C66FM/img/_wms/_l/electronicgames/42/Speed_roulette_2_540.webp"
"224","Turkish Roulette","199","PP","live-casino","17","0","0","100","2025-03-21 00:00:00","/externals/C66FM/img/_wms/_l/electronicgames/42/Turkish_roulette_540.webp"
"222","German Roulette","199","PP","live-casino","17","0","0","44","2025-03-21 00:00:00","/externals/C66FM/img/_wms/_l/electronicgames/42/German_roulette_540.webp"
"221","Russian Roulette","199","PP","live-casino","17","0","0","40","2025-03-21 00:00:00","/externals/C66FM/img/_wms/_l/electronicgames/42/Russian_roulette_540.webp"
"213","Korean Roulette","199","PP","live-casino","17","0","0","49","2025-03-21 00:00:00","/externals/C66FM/img/_wms/_l/electronicgames/42/Korean_roulette_540.webp"
"211","Lucky 6 Roulette","199","PP","live-casino","17","0","0","70","2025-05-14 14:04:55","/externals/C66FM/img/_wms/_l/electronicgames/42/Lucky_6_roulette_540.webp"
"2101","Mega Sic Bac","199","PP","live-casino","17","0","0","45","2025-03-21 00:00:00","/externals/C66FM/img/_wms/_l/electronicgames/42/Mega_sic_bac_540.webp"
"210","Auto Mega Roulette","199","PP","live-casino","17","0","0","57","2025-06-05 13:20:33","/externals/C66FM/img/_wms/_l/electronicgames/casino01/AutoMegaRoulette540x540.webp"
"208","Turkish Mega Roulette","199","PP","live-casino","17","0","0","68","2025-06-02 11:37:29","/externals/C66FM/img/_wms/_l/electronicgames/42/Turkish_mega_roulette_540.webp"
"206","Roulette Macao","199","PP","live-casino","17","0","0","75","2025-05-14 14:05:05","/externals/C66FM/img/_wms/_l/electronicgames/42/Roulette_macao_540.webp"
"possesseddx10000","Possessed","192","NLC","slot","5","0","0","52","2025-01-21 00:00:00","/externals/C66FM/img/_wms/_l/electronicgames/nlc/Possessed_540.webp"
"204","Mega Roulette","199","PP","live-casino","17","0","0","67","2025-03-21 00:00:00","/externals/C66FM/img/_wms/_l/electronicgames/42/Mega_roulette_540.webp"
"203","Speed Roulette 1","199","PP","live-casino","17","0","0","70","2025-06-02 11:37:34","/externals/C66FM/img/_wms/_l/electronicgames/42/Speed_roulette_1_540.webp"
"201","Roulette Green","199","PP","live-casino","17","0","0","78","2025-03-21 00:00:00","/externals/C66FM/img/_wms/_l/electronicgames/42/Roulette_green_540.webp"
"1601","Snakes & Ladders Live","199","PP","live-casino","17","0","0","134","2025-03-21 00:00:00","/externals/C66FM/img/_wms/_l/electronicgames/42/Snakes_and_ladders_live_540.webp"
"1501","Vegas Ball Bonanza","199","PP","live-casino","17","0","0","65","2025-06-02 11:37:23","/externals/C66FM/img/_wms/_l/electronicgames/42/Vegas_ball_bonanza_540.webp"
"1101","Sweet Bonanza Candyland","199","PP","live-casino","17","0","0","314","2025-03-21 00:00:00","/externals/C66FM/img/_wms/_l/electronicgames/42/Sweet_bonanza_candyland_540.webp"
"1001","Dragon Tiger","199","PP","live-casino","17","0","0","113","2025-03-21 00:00:00","/externals/C66FM/img/_wms/_l/electronicgames/42/Dragon_tiger_540.webp"
"PSS-ON-00160","Go Clash","141","PLAYSTAR","slot","5","0","0","1296","2025-04-21 17:41:05","/externals/C66FM/img/_wms/_l/electronicgames/411/Go_clash_540.webp"
"PSS-ON-00161","Cube?","141","PLAYSTAR","slot","5","0","0","574","2025-05-22 17:44:55","/externals/C66FM/img/_wms/_l/electronicgames/424/yayaddB.webp"
"560","Fortune Gems Pacquiao","161","JILI","slot","5","0","0","9283","2026-04-26 00:16:30","/externals/C66FM/img/_wms/_l/electronicgames/n309/PacquiaoFortuneGems_540.webp"
"536","Lucky Jaguar 2","161","JILI","slot","5","0","0","1129","2026-04-14 14:49:44","/externals/C66FM/img/_wms/_l/electronicgames/pp522/Jaguar1-min.webp"
"539","Super Ace Speed","161","JILI","slot","5","0","0","6490","2026-06-10 19:07:11","/externals/C66FM/img/_wms/_l/electronicgames/pp522/SuperAceSpeed540.webp"
"homeoftheravedx1","Home Of The Brave","192","NLC","slot","5","0","0","272","2025-06-17 09:28:39","/externals/C66FM/img/_wms/_l/electronicgames/BP/Home_of_the_brave_540.webp"
"540","Fortune Gems 500","161","JILI","slot","5","0","0","159","2026-07-01 14:00:07","/externals/C66FM/img/_wms/_l/electronicgames/pp522/FortuneGems500_540x540.webp"
"546","Mines Grand","161","JILI","live-casino","8","0","0","1036","2026-03-09 10:09:22","/externals/C66FM/img/_wms/_l/electronicgames/pp522/Mines_grand_540.webp"
"551","Plinko of Mine","161","JILI","live-casino","8","0","0","330","2025-11-14 17:56:34","/externals/C66FM/img/_wms/_l/electronicgames/pp522/JILI_Plinko_Of_Mine_540.webp"
"554","Golden Treasure","161","JILI","live-casino","8","0","0","1775","2026-03-10 17:13:08","/externals/C66FM/img/_wms/_l/electronicgames/pp522/Golden_treasure_540.webp"
"fireintheole2dx1","Fire In The Hole 2","192","NLC","slot","5","0","0","160","2025-09-04 09:43:16","/externals/C66FM/img/_wms/_l/electronicgames/BP/Fire_in_the_hole_2_540.webp"
"557","Super Ace Pacquiao","161","JILI","slot","5","0","0","35995","2026-04-26 00:12:52","/externals/C66FM/img/_wms/_l/electronicgames/pp522/SuperAcePAC540.webp"
"529","Joker Coins","161","JILI","slot","5","0","0","4179","2026-03-09 10:56:02","/externals/C66FM/img/_wms/_l/electronicgames/pp522/Joker_Coins_540.webp"
"573","Fortune Coins 2","161","JILI","slot","5","0","0","3915","2026-01-26 16:13:52","/externals/C66FM/img/_wms/_l/electronicgames/pp522/Fortune_Coins_2_540.webp"
"581","20 Blazing Clover","161","JILI","slot","5","0","0","421","2026-03-06 16:38:55","/externals/C66FM/img/_wms/_l/electronicgames/pp522/Clover1-min.webp"
"586","Party Ape","161","JILI","slot","5","0","0","1236","2026-06-08 16:51:01","/externals/C66FM/img/_wms/_l/electronicgames/pp522/PartyApe540.webp"
"588","3 Super Ace","161","JILI","slot","5","0","0","16123","2026-04-26 00:10:12","/externals/C66FM/img/_wms/_l/electronicgames/pp522/3SuperAceNEW540.webp"
"590","Clover Coins 4x4","161","JILI","slot","5","0","0","1836","2026-04-27 10:36:10","/externals/C66FM/img/_wms/_l/electronicgames/pp522/CloverCoins%20540.webp"
"593","Devil Fire Twins","161","JILI","slot","5","0","0","1364","2026-04-14 14:20:06","/externals/C66FM/img/_wms/_l/electronicgames/pp522/Devil_Fire_Twins540.webp"
"deadwoodripdx100","Deadwood R.I.P.","192","NLC","slot","5","0","0","54","2025-01-21 00:00:00","/externals/C66FM/img/_wms/_l/electronicgames/nlc/Deadwood_rip_540.webp"
"596","3 Mummy Treasures","161","JILI","slot","5","0","0","2857","2026-01-26 16:14:13","/externals/C66FM/img/_wms/_l/electronicgames/pp522/3_Mummy_Treasures_540.webp"
"ddaydx1000000000","D Day","192","NLC","slot","5","0","0","37","2025-01-21 00:00:00","/externals/C66FM/img/_wms/_l/electronicgames/nlc/D_day_540.webp"
"479","Color Game Extreme","161","JILI","arcade","30","0","0","1582","2026-04-01 10:06:09","/externals/C66FM/img/_wms/_l/electronicgames/pp522/Color_game_extreme_540.webp"
"441","Fortune Gems Card","161","JILI","lottery","12","0","0","1522","2026-04-15 14:27:20","/externals/C66FM/img/_wms/_l/electronicgames/loteria/JILI-FortuneGemsCard_540x540.gif"
"442","Go For Champion","161","JILI","lottery","12","0","0","693","2026-04-21 14:03:14","/externals/C66FM/img/_wms/_l/electronicgames/loteria/JILI-GoForChampion_540x540.gif"
"448","Rapid Gems 777","161","JILI","slot","5","0","0","757","2025-11-10 19:01:26","/externals/C66FM/img/_wms/_l/electronicgames/pp522/Rapid_gems_540.webp"
"munchiesdx100000","Munchies","192","NLC","slot","5","0","0","90","2025-09-04 09:43:16","/externals/C66FM/img/_wms/_l/electronicgames/BP/Munchies_540.jpg"
"460","3 Charge Buffalo","161","JILI","slot","5","0","0","6568","2025-05-22 17:26:33","/externals/C66FM/img/_wms/_l/electronicgames/48/3_charge_buffalo_540.webp"
"461","Pirate Queen 2","161","JILI","slot","5","0","0","20745","2025-05-30 11:37:19","/externals/C66FM/img/_wms/_l/electronicgames/502/A.webp"
"463","3 LUCKY LION","161","JILI","slot","5","0","0","2644","2025-05-22 18:25:28","/externals/C66FM/img/_wms/_l/electronicgames/513/3LUCKYLION.webp"
"472","3 Coin Treasures 2","161","JILI","slot","5","0","0","6370","2025-09-05 11:52:08","/externals/C66FM/img/_wms/_l/electronicgames/424/3_coin_treasures_2_540.webp"
"mental2dx1000000","Mental II","192","NLC","slot","5","0","0","350","2025-06-17 09:28:39","/externals/C66FM/img/_wms/_l/electronicgames/BP/Mental_2_540.webp"
"225","Auto Roulette","199","PP","live-casino","17","0","0","40","2025-03-21 00:00:00","/externals/C66FM/img/_wms/_l/electronicgames/42/Auto_roulette_540.webp"
"485","3 Coin Wild Horse","161","JILI","slot","5","0","0","5387","2026-02-09 11:23:56","/externals/C66FM/img/_wms/_l/electronicgames/324C/3_coin_wild_horse_540.webp"
"lonerdx100000000","Loner","192","NLC","slot","5","0","0","96","2025-09-04 09:43:16","/externals/C66FM/img/_wms/_l/electronicgames/BP/Loner_540.webp"
"495","Boxing King Title Match","161","JILI","slot","5","0","0","1405","2025-12-12 16:51:22","/externals/C66FM/img/_wms/_l/electronicgames/pp522/Boxing_King_Title_Match_540.webp"
"504","Crazy777 2","161","JILI","slot","5","0","0","2994","2025-08-27 14:41:53","/externals/C66FM/img/_wms/_l/electronicgames/BP/Crazy777-2-540.webp"
"landofthefreedx1","Land Of The Free","192","NLC","slot","5","0","0","145","2025-09-04 09:43:16","/externals/C66FM/img/_wms/_l/electronicgames/BP/Land_of_the_free_540.webp"
"517","Roma X Deluxe","161","JILI","slot","5","0","0","2247","2025-04-03 17:17:59","/externals/C66FM/img/_wms/_l/electronicgames/JDB37/Roma_x_deluxe_540.webp"
"kennethmutdiedx1","Kenneth Must Die","192","NLC","slot","5","0","0","180","2025-09-04 09:43:16","/externals/C66FM/img/_wms/_l/electronicgames/BP/Kenneth_must_die_540.webp"
"523","Fortune Coins","161","JILI","slot","5","0","0","39539","2025-09-18 10:03:46","/externals/C66FM/img/_wms/_l/electronicgames/3211/Fortune_coins_540.webp"
"526","10 Sparkling Crown","161","JILI","slot","5","0","0","641","2026-02-02 17:17:11","/externals/C66FM/img/_wms/_l/electronicgames/pp522/10_Sparkling_Crown_540.webp"
"482","Chinese Speed Baccarat 2","199","PP","live-casino","17","0","0","38","2025-03-21 00:00:00","/externals/C66FM/img/_wms/_l/electronicgames/42/Chinese_speed_baccarat_2_540.webp"
"801","Mega Wheel","199","PP","live-casino","17","0","0","284","2026-04-17 19:51:36","/externals/C66FM/img/_wms/_l/electronicgames/42/Mega_wheel_540.webp"
"711a","Sic Bo","199","PP","live-casino","17","0","0","83","2025-03-21 00:00:00","/externals/C66FM/img/_wms/_l/electronicgames/42/Sic_bo_540.webp"
"701","Mega Sic Bo","199","PP","live-casino","17","0","0","81","2025-03-21 00:00:00","/externals/C66FM/img/_wms/_l/electronicgames/42/Mega_sic_bo_540.webp"
"545","VIP Roulette - The Club","199","PP","live-casino","17","0","0","40","2025-06-02 11:00:31","/externals/C66FM/img/_wms/_l/electronicgames/42/Vip_roulette_the_club_540.webp"
"491","Punto Banco Italia Tricolore","199","PP","live-casino","17","0","0","263","2025-06-03 15:29:29","/externals/C66FM/img/_wms/_l/electronicgames/42/Punto_blamco_italia_tricolore_540.webp"
"490","Japanese Speed Baccarat 3","199","PP","live-casino","17","0","0","42","2025-03-21 00:00:00","/externals/C66FM/img/_wms/_l/electronicgames/42/Japanese_speed_baccarat_3_540.webp"
"489","Japanese Speed Baccarat 2","199","PP","live-casino","17","0","0","33","2025-03-21 00:00:00","/externals/C66FM/img/_wms/_l/electronicgames/42/Japanese_speed_baccarat_2_540.webp"
"488","Japanese Speed Baccarat 1","199","PP","live-casino","17","0","0","40","2025-03-21 00:00:00","/externals/C66FM/img/_wms/_l/electronicgames/42/Japanese_speed_baccarat_1_540.webp"
"483","Chinese Speed Baccarat 3","199","PP","live-casino","17","0","0","110","2025-03-21 00:00:00","/externals/C66FM/img/_wms/_l/electronicgames/42/Chinese_speed_baccarat_3_540.webp"
"vs10bbdoubled","Big Bass Vegas Double Down Deluxe","199","PP","slot","5","0","0","371","2025-09-04 09:43:16","/externals/C66FM/img/_wms/_l/electronicgames/BP/Big_bass_vegas_double_down_deluxe_540.webp"
"481","Chinese Speed Baccarat 1","199","PP","live-casino","17","0","0","52","2025-03-21 00:00:00","/externals/C66FM/img/_wms/_l/electronicgames/42/Chinese_speed_baccarat_1_540.webp"
"479","Vietnamese Speed Baccarat 1","199","PP","live-casino","17","0","0","77","2025-06-02 11:00:36","/externals/C66FM/img/_wms/_l/electronicgames/42/Vietnamese_speed_baccarat_1_540.webp"
"477","Korean Speed Baccarat 6","199","PP","live-casino","17","0","0","52","2025-03-21 00:00:00","/externals/C66FM/img/_wms/_l/electronicgames/42/Korean_speed_baccarat_6_540.webp"
"476","Korean Speed Baccarat 5","199","PP","live-casino","17","0","0","44","2025-03-21 00:00:00","/externals/C66FM/img/_wms/_l/electronicgames/42/Korean_speed_baccarat_5_540.webp"
"460","Korean Speed Baccarat 4","199","PP","live-casino","17","0","0","56","2025-03-21 00:00:00","/externals/C66FM/img/_wms/_l/electronicgames/42/Korean_speed_baccarat_4_540.webp"
"459","Korean Speed Baccarat 3","199","PP","live-casino","17","0","0","37","2025-03-21 00:00:00","/externals/C66FM/img/_wms/_l/electronicgames/42/Korean_speed_baccarat_3_540.webp"
"451","Thai Speed Baccarat 1","199","PP","live-casino","17","0","0","192","2025-03-21 00:00:00","/externals/C66FM/img/_wms/_l/electronicgames/42/Thai_speed_baccarat_1_540.webp"
"450","Indonesia Speed Baccarat 1","199","PP","live-casino","17","0","0","35","2025-03-21 00:00:00","/externals/C66FM/img/_wms/_l/electronicgames/42/Indonesian_speed_baccarat_1_540.webp"
"449","Korean Speed Baccarat 2","199","PP","live-casino","17","0","0","50","2025-03-21 00:00:00","/externals/C66FM/img/_wms/_l/electronicgames/42/Korean_speed_baccarat_2_540.webp"
"vs1masterjoker","Master Joker","199","PP","slot","5","0","0","617","2025-09-04 09:43:16","/externals/C66FM/img/_wms/_l/electronicgames/BP/Master_joker_540.webp"
"tzxc3b8v2nqqq0pj","Perya Speed Baccarat10","108","EVOLUTION","live-casino","17","0","0","83","2025-08-15 10:31:45","/externals/C66FM/img/_wms/_l/electronicgames/pp522/Perya_speed_baccarat_10_540.webp"
"gpas_tfortune_pop","Gold Pile: Tigers Pride","212","PT","slot","5","0","0","327","2025-07-02 11:00:00","/externals/C66FM/img/_wms/_l/electronicgames/PT/Gold_pile_tigers_pride_540x540.webp"
"vs20chicken","The Great Chicken Escape","199","PP","slot","5","0","0","174","2025-09-04 09:43:16","/externals/C66FM/img/_wms/_l/electronicgames/BP/The_great_chicken_escape_540.webp"
"vs20chickdrop","Chicken Drop","199","PP","slot","5","0","0","285","2025-09-04 09:43:16","/externals/C66FM/img/_wms/_l/electronicgames/BP/Chicken_drop_540.webp"
"vs20candyia","Candy Rush","199","PP","slot","5","0","0","2123","2026-05-12 11:09:45","/externals/C66FM/img/_wms/_l/electronicgames/pp522/CandyRush540.webp"
"vs20bison","Release the Bison","199","PP","slot","5","0","0","272","2025-09-04 09:43:16","/externals/C66FM/img/_wms/_l/electronicgames/BP/Release_the_bison_540.webp"
"War0000000000001","War","108","EVOLUTION","live-casino","17","0","0","203","2025-08-06 10:07:38","/externals/C66FM/img/_wms/_l/electronicgames/casino01/War540x540.webp"
"vs20bchprty","Wild Beach Party","199","PP","slot","5","0","0","486","2025-09-04 09:43:16","/externals/C66FM/img/_wms/_l/electronicgames/BP/Wild_beach_party_540.webp"
"vs20aladdinsorc","Aladdin and the Sorcerer","199","PP","slot","5","0","0","172","2025-09-04 09:43:16","/externals/C66FM/img/_wms/_l/electronicgames/BP/Aladdin_and_the_sorcerer_540.webp"
"442","Mega Baccarat","199","PP","live-casino","17","0","0","77","2025-03-21 00:00:00","/externals/C66FM/img/_wms/_l/electronicgames/42/Mega_baccarat_540.webp"
"XXXtremeLB000001","XXXtreme lightning Baccarat","108","EVOLUTION","live-casino","17","0","0","689","2026-02-11 19:35:25","/externals/C66FM/img/_wms/_l/electronicgames/casino01/XXXtremelightningBaccarat540x540.webp"
"vs10runes","Gates of Valhalla","199","PP","slot","5","0","0","269","2025-09-04 09:43:16","/externals/C66FM/img/_wms/_l/electronicgames/BP/Gates_of_valhalla_540.webp"
"PSS-ON-00073","Moon Festival","141","PLAYSTAR","slot","5","0","0","824","2025-05-22 17:43:22","/externals/C66FM/img/_wms/_l/electronicgames/502/Moon_festival_540.webp"
"vs10jnmntzma","Jane Hunter and the Mask of Montezuma","199","PP","slot","5","0","0","239","2025-09-04 09:43:16","/externals/C66FM/img/_wms/_l/electronicgames/BP/Jane_hunter_and_the_mask_of_montezuma_540.webp"
"PSS-ON-00135","Feature Buy・Golden Pig","141","PLAYSTAR","slot","5","0","0","1239","2025-08-12 15:57:04","/externals/C66FM/img/_wms/_l/electronicgames/502/Challenge_golden_pig_540.webp"
"PSS-ON-00137","Feature Buy・Super Powerful","141","PLAYSTAR","slot","5","0","0","887","2025-05-22 17:43:16","/externals/C66FM/img/_wms/_l/electronicgames/502/Super_powerful_540.webp"
"PSS-ON-00155","Pyramid Of Flames","141","PLAYSTAR","slot","5","0","0","371","2025-09-04 09:43:16","/externals/C66FM/img/_wms/_l/electronicgames/BP/Pyramid_of_flames_540.webp"
"PSS-ON-00156","For The Horde","141","PLAYSTAR","slot","5","0","0","35628","2025-09-04 09:43:16","/externals/C66FM/img/_wms/_l/electronicgames/BP/For_the_horde_540.webp"
"PSS-ON-00157","Piggy Master","141","PLAYSTAR","slot","5","0","0","344","2024-12-09 17:23:17","/externals/C66FM/img/_wms/_l/electronicgames/play/Piggy_master_540.webp"
"287","Mega Roulette - Brazilian","199","PP","live-casino","17","0","0","34","2025-03-21 00:00:00","/externals/C66FM/img/_wms/_l/electronicgames/42/Mega_roulette_brazilian_540.webp"
"412","Speed Baccarat 3","199","PP","live-casino","17","0","0","74","2025-03-21 00:00:00","/externals/C66FM/img/_wms/_l/electronicgames/42/Speed_baccarat_3_540.webp"
"411","Baccarat 5","199","PP","live-casino","17","0","0","122","2025-03-21 00:00:00","/externals/C66FM/img/_wms/_l/electronicgames/42/Baccarat_5_540.webp"
"405","Speed Baccarat 14","199","PP","live-casino","17","0","0","59","2025-03-21 00:00:00","/externals/C66FM/img/_wms/_l/electronicgames/42/Speed_baccarat_14_540.webp"
"404","Baccarat 2","199","PP","live-casino","17","0","0","616","2026-02-11 18:51:43","/externals/C66FM/img/_wms/_l/electronicgames/casino01/Baccarat2540x540.webp"
"403","Speed Baccarat 2","199","PP","live-casino","17","0","0","67","2025-03-21 00:00:00","/externals/C66FM/img/_wms/_l/electronicgames/42/Speed_baccarat_2_540.webp"
"402","Speed Baccarat 1","199","PP","live-casino","17","0","0","182","2025-03-21 00:00:00","/externals/C66FM/img/_wms/_l/electronicgames/42/Speed_baccarat_1_540.webp"
"401","Baccarat 1","199","PP","live-casino","17","0","0","173","2025-03-21 00:00:00","/externals/C66FM/img/_wms/_l/electronicgames/42/Baccarat_1_540.webp"
"4001","Super Trunfo
(Football Blitz Top Card)","199","PP","live-casino","17","0","0","37","2025-03-21 00:00:00","/externals/C66FM/img/_wms/_l/electronicgames/42/Super_trunfo_540.webp"
"3426","24D Spin","199","PP","lottery","12","0","0","326","2026-04-23 10:13:59","/externals/C66FM/img/_wms/_l/electronicgames/pp522/24D-Spin_540x540.webp"
"413","Baccarat 6","199","PP","live-casino","17","0","0","126","2025-03-21 00:00:00","/externals/C66FM/img/_wms/_l/electronicgames/42/Baccarat_6_540.webp"
"266","VIP Auto Roulette","199","PP","live-casino","17","0","0","61","2025-03-21 00:00:00","/externals/C66FM/img/_wms/_l/electronicgames/42/Vip_auto_roulette_540.webp"
"262","Vietnamese Roulette","199","PP","live-casino","17","0","0","89","2025-03-21 00:00:00","/externals/C66FM/img/_wms/_l/electronicgames/42/Vietnamese_roulette_540.webp"
"240","PowerUP Roulette","199","PP","live-casino","17","0","0","40","2025-03-21 00:00:00","/externals/C66FM/img/_wms/_l/electronicgames/42/Power_up_roulette_540.webp"
"237","Brazilian Roulette","199","PP","live-casino","17","0","0","34","2025-03-21 00:00:00","/externals/C66FM/img/_wms/_l/electronicgames/42/Brazilian_roulette_540.webp"
"234","Spanish Roulette","199","PP","live-casino","17","0","0","47","2025-03-21 00:00:00","/externals/C66FM/img/_wms/_l/electronicgames/42/Spanish_roulette_540.webp"
"233","Romanian Roulette","199","PP","live-casino","17","0","0","79","2025-07-21 16:36:47","/externals/C66FM/img/_wms/_l/electronicgames/casino01/RomanianRoulette540x540.webp"
"230a20","Roulette Ruby","199","PP","live-casino","17","0","0","58","2025-03-21 00:00:00","/externals/C66FM/img/_wms/_l/electronicgames/42/Roulette_ruby_540.webp"
"227","Roulette Azure","199","PP","live-casino","17","0","0","60","2025-03-21 00:00:00","/externals/C66FM/img/_wms/_l/electronicgames/42/Roulette_azure_540.webp"
"226","Speed Auto Roulette","199","PP","live-casino","17","0","0","26","2025-03-21 00:00:00","/externals/C66FM/img/_wms/_l/electronicgames/42/Speed_auto_roulette_540.webp"
"430","Speed Baccarat 9","199","PP","live-casino","17","0","0","59","2025-03-21 00:00:00","/externals/C66FM/img/_wms/_l/electronicgames/42/Speed_baccarat_9_540.webp"
"441","Korean Speed Baccarat 1","199","PP","live-casino","17","0","0","70","2025-03-21 00:00:00","/externals/C66FM/img/_wms/_l/electronicgames/42/Korean_speed_baccarat_1_540.webp"
"439","Speed Baccarat 17","199","PP","live-casino","17","0","0","21","2025-03-21 00:00:00","/externals/C66FM/img/_wms/_l/electronicgames/42/Speed_baccarat_17_540.webp"
"438f","Speed Baccarat 13","199","PP","live-casino","17","0","0","50","2025-03-21 00:00:00","/externals/C66FM/img/_wms/_l/electronicgames/42/Speed_baccarat_13_540.webp"
"436","Baccarat 9","199","PP","live-casino","17","0","0","167","2025-03-21 00:00:00","/externals/C66FM/img/_wms/_l/electronicgames/42/Baccarat_9_540.webp"
"435","Speed Baccarat 16","199","PP","live-casino","17","0","0","51","2025-03-21 00:00:00","/externals/C66FM/img/_wms/_l/electronicgames/42/Speed_baccarat_16_540.webp"
"434","Fortune 6 Baccarat","199","PP","live-casino","17","0","0","35","2025-03-21 00:00:00","/externals/C66FM/img/_wms/_l/electronicgames/42/Fortune_6_baccarat_540.webp"
"433","Super 8 Baccarat","199","PP","live-casino","17","0","0","39","2025-03-21 00:00:00","/externals/C66FM/img/_wms/_l/electronicgames/42/Super_8_baccarat_540.webp"
"432","Speed Baccarat 8","199","PP","live-casino","17","0","0","321","2026-02-11 18:57:10","/externals/C66FM/img/_wms/_l/electronicgames/casino01/SpeedBaccarat8540x540.webp"
"431","Speed Baccarat 7","199","PP","live-casino","17","0","0","56","2025-03-21 00:00:00","/externals/C66FM/img/_wms/_l/electronicgames/42/Speed_baccarat_7_540.webp"
"597","Supernova","161","JILI","slot","5","0","0","822","2026-04-21 18:55:51","/externals/C66FM/img/_wms/_l/electronicgames/pp522/Supernova540.webp"
"428","Speed Baccarat 10","199","PP","live-casino","17","0","0","60","2025-03-21 00:00:00","/externals/C66FM/img/_wms/_l/electronicgames/42/Speed_baccarat_10_540.webp"
"427b","Speed Baccarat 15","199","PP","live-casino","17","0","0","116","2026-02-11 18:57:36","/externals/C66FM/img/_wms/_l/electronicgames/1107/Speed_baccarat_15_540.webp"
"426b","Baccarat 8","199","PP","live-casino","17","0","0","82","2025-03-21 00:00:00","/externals/C66FM/img/_wms/_l/electronicgames/42/Baccarat_8_540.webp"
"425","Baccarat 7","199","PP","live-casino","17","0","0","85","2025-03-21 00:00:00","/externals/C66FM/img/_wms/_l/electronicgames/42/Baccarat_7_540.webp"
"424f","Speed Baccarat 11","199","PP","live-casino","17","0","0","45","2025-03-21 00:00:00","/externals/C66FM/img/_wms/_l/electronicgames/42/Speed_baccarat_11_540.webp"
"422f","Baccarat 3","199","PP","live-casino","17","0","0","101","2025-03-21 00:00:00","/externals/C66FM/img/_wms/_l/electronicgames/42/Baccarat_3_540.webp"
"421f","Speed Baccarat 12","199","PP","live-casino","17","0","0","72","2025-03-21 00:00:00","/externals/C66FM/img/_wms/_l/electronicgames/42/Speed_baccarat_12_540.webp"
"415","Speed Baccarat 6","199","PP","live-casino","17","0","0","63","2025-03-21 00:00:00","/externals/C66FM/img/_wms/_l/electronicgames/42/Speed_baccarat_6_540.webp"
"414","Speed Baccarat 5","199","PP","live-casino","17","0","0","61","2025-03-21 00:00:00","/externals/C66FM/img/_wms/_l/electronicgames/42/Speed_baccarat_5_540.webp"
"22092","DJ BOOM BOOM","176","FACHAI","slot","5","0","0","6971","2026-03-09 14:47:25","/externals/C66FM/img/_wms/_l/electronicgames/n226/DJBoomBoom_540.webp"
"813","Crash Cricket Legend","161","JILI","live-casino","8","0","0","65","2026-04-24 11:08:38","/externals/C66FM/img/_wms/_l/electronicgames/pp522/Crash_cricket_legend_540.webp"
"814","Perya Jackpot Bingo","161","JILI","bingo","21","0","0","561","2026-04-29 16:11:58","/externals/C66FM/img/_wms/_l/electronicgames/pp522/peryaJPBingo540.webp"
"LS001","Lucky Tansan Flip","168","LRO","arcade","30","0","0","591","2026-05-05 17:04:04","/externals/C66FM/img/_wms/_l/electronicgames/pp522/LTF540x540GIF.webp"
"LS006","Crown Flip","168","LRO","live-casino","17","0","0","9","2026-05-28 18:13:00","/externals/C66FM/img/_wms/_l/electronicgames/casino01/CrownFlip540x540.webp"
"LS014","Raffle Pinoy","168","LRO","live-casino","8","0","0","827","2026-05-13 19:36:39","/externals/C66FM/img/_wms/_l/electronicgames/pp522/rafflePH540.webp"
"22111","Halo Halo","176","FACHAI","slot","5","0","0","5414","2026-06-24 14:14:13","/externals/C66FM/img/_wms/_l/electronicgames/pp522/HaloHalo540.webp"
"22098","Super Elements 2","176","FACHAI","slot","5","0","0","3295","2026-06-05 16:58:50","/externals/C66FM/img/_wms/_l/electronicgames//FC0619/SuperElement2_540.webp"
"22096","Revolver Hare","176","FACHAI","slot","5","0","0","389","2026-07-01 17:54:39","/externals/C66FM/img/_wms/_l/electronicgames/pp522/RevolverHare_540x540.webp"
"22094","Golden Idol","176","FACHAI","slot","5","0","0","90","2026-06-30 10:51:01","/externals/C66FM/img/_wms/_l/electronicgames/pp522/goldenidol_540.webp"
"22093","Sugar Bang Bang Plus","176","FACHAI","slot","5","0","0","14344","2026-04-26 00:17:37","/externals/C66FM/img/_wms/_l/electronicgames/pg/SugarBangBangPlus540.webp"
"812","Fortune Gems Legend","161","JILI","slot","5","0","0","7258","2026-04-26 00:12:05","/externals/C66FM/img/_wms/_l/electronicgames/BDF415/FortuneGemsLegend.webp"
"22091","Muscle Fortune Cat","176","FACHAI","slot","5","0","0","2490","2026-04-15 18:23:07","/externals/C66FM/img/_wms/_l/electronicgames/pp522/Muscle1-min.webp"
"LS015","Fiesta Dice","168","LRO","slot","5","0","0","326","2026-06-30 14:15:54","/externals/C66FM/img/_wms/_l/electronicgames/pp522/fiestadicespin1000_540.webp"
"LS016","Mines","168","LRO","live-casino","8","0","0","64","2026-06-30 18:58:30","/externals/C66FM/img/_wms/_l/electronicgames/fishing260703/LigaMinesIcon_540x540.webp"
"22075","Sword Of King","176","FACHAI","slot","5","0","0","827","2025-09-17 10:31:45","/externals/C66FM/img/_wms/_l/electronicgames/pp522/Sword_of_king_540.webp"
"6001","Color Crush","169","Spin Master","slot","5","0","0","289","2026-03-11 10:46:11","/externals/C66FM/img/_wms/_l/electronicgames/Spin/Color_crush_540.webp"
"6002","Color Game","169","Spin Master","arcade","30","0","0","573","2026-04-01 10:02:49","/externals/C66FM/img/_wms/_l/electronicgames/Spin/Color_game_540.webp"
"6003","Super Color","169","Spin Master","slot","5","0","0","114","2026-03-25 10:31:45","/externals/C66FM/img/_wms/_l/electronicgames/pp522/SuperColor1.webp"
"6005","Bathala","169","Spin Master","slot","5","0","0","5778","2026-04-15 21:15:40","/externals/C66FM/img/_wms/_l/electronicgames/Spin/Bathala540.webp"
"22069","Buffalo Ways","176","FACHAI","slot","5","0","0","1027","2025-09-05 09:45:08","/externals/C66FM/img/_wms/_l/electronicgames/BP/Buffalo_ways_540.webp"
"731","Plinko Football","161","JILI","live-casino","8","0","0","105","2026-04-24 10:47:30","/externals/C66FM/img/_wms/_l/electronicgames/pp522/Plinko_football_540.webp"
"osmmorepuff","Huff n' Even More Puff","180","","fishing","6","0","0","267","2025-09-23 13:31:10","/externals/C66FM/img/_wms/_l/electronicgames/pp522/Huff_n_even_more_puff_540.webp"
"osmlionlink","Lion Link","180","","fishing","6","0","0","14","2026-06-04 11:02:04","/externals/C66FM/img/_wms/_l/electronicgames/pp522/LionLink540.webp"
"osmlightninggongs","Lightning Gongs","180","","fishing","6","0","0","25","2026-06-04 11:02:04","/externals/C66FM/img/_wms/_l/electronicgames/pp522/LightningGongs540.webp"
"osmjjbxgrand","JJBX Grand","180","","fishing","6","0","0","19","2025-01-23 00:00:00","/externals/C66FM/img/_wms/_l/electronicgames/1223/JJBX_Grand540.webp"
"705","Storm Of Seth 2","161","JILI","slot","5","0","0","433","2026-06-30 10:27:12","/externals/C66FM/img/_wms/_l/electronicgames/pp522/StormofSeth2-540.webp"
"709","Lucky Caramelo","161","JILI","slot","5","0","0","97","2026-07-01 17:54:39","/externals/C66FM/img/_wms/_l/electronicgames/pp522/LuckyCaramelo_540x540.webp"
"osmhotpot","Super Hot Flaming Pots","180","","fishing","6","0","0","5","2026-06-04 11:02:04","/externals/C66FM/img/_wms/_l/electronicgames/pp522/SuperHotFlamingPot540.webp"
"osmdragontrio","dragon trio","180","","fishing","6","0","0","201","2025-09-19 14:56:32","/externals/C66FM/img/_wms/_l/electronicgames/BP/dragon-trio-540.webp"
"720","Bison Fortune Coins","161","JILI","slot","5","0","0","1938","2026-05-12 13:25:06","/externals/C66FM/img/_wms/_l/electronicgames/pp522/BisonFortuneCoins540.webp"
"6007","Zuma's Treasure","169","Spin Master","slot","5","0","0","316","2026-03-25 10:31:45","/externals/C66FM/img/_wms/_l/electronicgames/pp522/ZumasTreasure_540.webp"
"osmdfdc10pct","₱0.1 Duo Fu Duo Cai","180","","fishing","6","0","0","2","2026-06-04 11:02:04","/externals/C66FM/img/_wms/_l/electronicgames/pp522/0.1DuoFuDuoCai540.webp"
"736","Jackpot Fishing 2","161","JILI","live-casino","8","0","0","372","2026-03-30 11:15:38","/externals/C66FM/img/_wms/_l/electronicgames/pp522/JPfish540.webp"
"737","Jackpot Football","161","JILI","live-casino","8","0","0","4","2026-06-30 10:51:01","/externals/C66FM/img/_wms/_l/electronicgames/pp522/JackpotFootball540.webp"
"748","Chicken Dash 10000","161","JILI","live-casino","8","0","0","301","2026-04-24 10:22:32","/externals/C66FM/img/_wms/_l/electronicgames/pp522/Chicken_dash_1000_540.webp"
"751","Boxing King Pacquiao","161","JILI","slot","5","0","0","11343","2026-04-20 17:26:32","/externals/C66FM/img/_wms/_l/electronicgames/0502/BoxingKingPacquiaoNew.webp"
"osmbullblitz","Bull Blitz","180","","fishing","6","0","0","212","2025-09-23 13:31:10","/externals/C66FM/img/_wms/_l/electronicgames/pp522/Bull_blitz_540.webp"
"761","Fortune of Aztec","161","JILI","slot","5","0","0","2105","2026-06-22 18:44:50","/externals/C66FM/img/_wms/_l/electronicgames/JILI0623-1/FortuneOfAztec-540.webp"
"770","Charge Bison","161","JILI","slot","5","0","0","239","2026-06-19 18:21:59","/externals/C66FM/img/_wms/_l/electronicgames/JILI0623-2/ChargeBison-540.webp"
"786","Football Golden Cup","161","JILI","live-casino","8","0","0","1","2026-05-27 15:20:29","/externals/C66FM/img/_wms/_l/electronicgames/pp522/FootballGoldenCup_540x540.webp"
"bountyraid","Bounty Raid","175","GameZone","slot","5","0","0","7972","2025-07-23 13:15:11","/externals/C66FM/img/_wms/_l/electronicgames/pp522/bountyraid540.webp"
"120","Super Color Game","175","GameZone","arcade","30","0","0","362","2026-04-01 17:42:28","/externals/C66FM/img/_wms/_l/electronicgames/pp522/[GZ]super_color_game540.webp"
"123","Pahiyas Win's","175","GameZone","slot","5","0","0","32264","2026-04-27 10:31:07","/externals/C66FM/img/_wms/_l/electronicgames/BDF611/PahiyasWins-540.webp"
"124","Gold Master","175","GameZone","live-casino","8","0","0","482","2026-05-06 14:42:06","/externals/C66FM/img/_wms/_l/electronicgames/pp522/goldmaster540.webp"
"126","Chicken Go","175","GameZone","live-casino","8","0","0","270","2026-04-24 11:15:21","/externals/C66FM/img/_wms/_l/electronicgames/pp522/[GZ]chickengo540.webp"
"127","Blackjack Multihand","175","GameZone","live-casino","17","0","0","67","2026-04-23 16:09:58","/externals/C66FM/img/_wms/_l/electronicgames/casino01/GZBlackJack540x540.webp"
"130","Hilo+","175","GameZone","live-casino","8","0","0","574","2026-04-24 10:48:01","/externals/C66FM/img/_wms/_l/electronicgames/pp522/[GZ]Hilo_Plus.webp"
"135","Triple Wheel Spin","175","GameZone","live-casino","8","0","0","1164","2026-05-27 15:38:53","/externals/C66FM/img/_wms/_l/electronicgames/pp522/[GZ]TripleWheelsSpin_540-540.webp"
"140","Museo Yaman","175","GameZone","slot","5","0","0","459","2026-07-01 18:34:24","/externals/C66FM/img/_wms/_l/electronicgames/GZ07031/Museo540.webp"
"142","Goal In Between","175","GameZone","arcade","30","0","0","74","2026-06-11 20:37:05","/externals/C66FM/img/_wms/_l/electronicgames/pp522/[GZ]GoalInBetween540.webp"
"zhumeng008","Mangkukulam","169","Spin Master","slot","5","0","0","246","2026-03-26 10:47:17","/externals/C66FM/img/_wms/_l/electronicgames/pp522/Mangkukulam_540.webp"
"fortunesblessing","Fortunes Blessing","175","GameZone","slot","5","0","0","1076","2025-11-14 17:54:48","/externals/C66FM/img/_wms/_l/electronicgames/BP/FortunesBlessing540.webp"
"mayantotem","Mayan Totem","175","GameZone","slot","5","0","0","1720","2025-04-04 11:29:13","/externals/C66FM/img/_wms/_l/electronicgames/GZ213/MAYAN540.webp"
"minesmagic","Mines Magic","175","GameZone","live-casino","8","0","0","322","2025-12-01 11:11:05","/externals/C66FM/img/_wms/_l/electronicgames/BP/Mines-Magic540.webp"
"pacquiaofortune","Pacquiao Fortune","175","GameZone","slot","5","0","0","6886","2026-04-09 00:08:05","/externals/C66FM/img/_wms/_l/electronicgames/n309/PacquiaoFortune_540.webp"
"pharaohstreasure","Pharaoh Treasure","175","GameZone","slot","5","0","0","3305","2025-06-13 10:12:39","/externals/C66FM/img/_wms/_l/electronicgames/BP/Pharaohs_Treasure540.webp"
"phoenixvertical","Phoenix","175","GameZone","slot","5","0","0","1279","2026-01-05 13:56:02","/externals/C66FM/img/_wms/_l/electronicgames/pp522/[GZ]Phoenix540.webp"
"pusoyjp","Pusoy JP","175","GameZone","poker","3","0","0","3325","2026-04-14 17:24:11","/externals/C66FM/img/_wms/_l/electronicgames/BPGZ0701/pusoyJP20260701.webp"
"sabong","Sabong Cards","175","GameZone","poker","3","0","0","1304","2026-04-14 17:26:59","/externals/C66FM/img/_wms/_l/electronicgames/gz225/Sabong_cards_540_540.webp"
"tongitsjp","Tongits Jackpot","175","GameZone","poker","3","0","0","4344","2026-04-14 17:23:58","/externals/C66FM/img/_wms/_l/electronicgames/pp522/tongits_JP_BP_Green_540-540.webp"
"slot008","Tikbalang","169","Spin Master","slot","5","0","0","149","2026-03-25 10:31:45","/externals/C66FM/img/_wms/_l/electronicgames/pp522/Tikbalang_540.webp"
"22067","Treasures Of Odin","176","FACHAI","slot","5","0","0","44639","2025-11-17 15:55:27","/externals/C66FM/img/_wms/_l/electronicgames/pp522/TREASURES_OF_ODIN_540.webp"
"6013","Bathala's Blessing","169","Spin Master","slot","5","0","0","5120","2026-05-26 13:42:24","/externals/C66FM/img/_wms/_l/electronicgames/pp522/BathalasBlessing540.webp"
"slot001","Crystal Rush","169","Spin Master","slot","5","0","0","387","2026-03-11 10:46:21","/externals/C66FM/img/_wms/_l/electronicgames/Spin/Crystal_rush_540.webp"
"slot002","Sugar Frenzy","169","Spin Master","slot","5","0","0","377","2026-02-18 11:40:39","/externals/C66FM/img/_wms/_l/electronicgames/Spin/Sugar_frenzy_540.webp"
"slot003","Star Fruits 777","169","Spin Master","slot","5","0","0","138","2026-02-18 11:40:37","/externals/C66FM/img/_wms/_l/electronicgames/Spin/Star fruits_777_540.webp"
"slot004","Hoops Legends","169","Spin Master","slot","5","0","0","165","2026-03-25 10:31:45","/externals/C66FM/img/_wms/_l/electronicgames/pp522/hooplegends_540.webp"
"slot005","Boxing King","169","Spin Master","slot","5","0","0","254","2026-03-25 10:31:45","/externals/C66FM/img/_wms/_l/electronicgames/pp522/boxingking540SM.webp"
"slot006","Bakunawa 2","169","Spin Master","slot","5","0","0","1172","2026-04-15 21:18:09","/externals/C66FM/img/_wms/_l/electronicgames/Spin/Bakunawa_2_540.webp"
"slot007","Jeepney Rush","169","Spin Master","slot","5","0","0","58","2026-02-20 10:38:15","/externals/C66FM/img/_wms/_l/electronicgames/Spin/JeepneyRush540.webp"
"osmrisingrockets","Rising Rockets","180","","fishing","6","0","0","9","2026-06-04 11:02:04","/externals/C66FM/img/_wms/_l/electronicgames/pp522/RisingRockets540.webp"
"slot009","Kanto Feast","169","Spin Master","slot","5","0","0","142","2026-03-25 10:31:45","/externals/C66FM/img/_wms/_l/electronicgames/pp522/KantoFeast_540.webp"
"slot013","Mayon's Blessing","169","Spin Master","slot","5","0","0","198","2026-03-25 10:31:45","/externals/C66FM/img/_wms/_l/electronicgames/pp522/MayonsBlessing_540.webp"
"zhumeng001","Maria Makiling","169","Spin Master","slot","5","0","0","72","2026-03-25 10:31:45","/externals/C66FM/img/_wms/_l/electronicgames/pp522/MariaMakiling_540.webp"
"zhumeng002","Malakas At Maganda","169","Spin Master","slot","5","0","0","171","2026-03-25 10:31:45","/externals/C66FM/img/_wms/_l/electronicgames/pp522/MalakasAtMaganda_540.webp"
"zhumeng003","Ibong Adarna","169","Spin Master","slot","5","0","0","106","2026-03-25 10:31:45","/externals/C66FM/img/_wms/_l/electronicgames/pp522/IbongAdarna_540.webp"
"zhumeng004","Lam-Ang","169","Spin Master","slot","5","0","0","1327","2026-04-08 18:14:04","/externals/C66FM/img/_wms/_l/electronicgames/pp522/LamAng_540.webp"
"zhumeng005","Bakunawa","169","Spin Master","slot","5","0","0","176","2026-02-18 11:40:35","/externals/C66FM/img/_wms/_l/electronicgames/Spin/Bakunawa_540.webp"
"zhumeng006","Diwata Mayari","169","Spin Master","slot","5","0","0","1563","2026-03-17 11:29:58","/externals/C66FM/img/_wms/_l/electronicgames/Spin/Mayari540.webp"
"zhumeng007","Kapre","169","Spin Master","slot","5","0","0","499","2026-02-20 10:38:15","/externals/C66FM/img/_wms/_l/electronicgames/Spin/Kapre540.webp"
"popv100000000000","Pop","188","BTG","slot","5","0","0","34","2024-12-11 17:14:26","/externals/C66FM/img/_wms/_l/electronicgames/btg/Pop_540.webp"
"664","Lucky Jaguar 500","161","JILI","slot","5","0","0","4162","2026-04-27 10:35:32","/externals/C66FM/img/_wms/_l/electronicgames/pp522/Lucky_Jaguar_500_540.webp"
"thefinalcownv194","The Final Countdown","188","BTG","slot","5","0","0","23","2024-12-11 17:14:26","/externals/C66FM/img/_wms/_l/electronicgames/btg/The_final_countdown_540.webp"
"starclustersv100","Star Cluster","188","BTG","slot","5","0","0","46","2024-12-11 17:14:26","/externals/C66FM/img/_wms/_l/electronicgames/btg/Star_clusters_540.webp"
"spicymeatllsv194","Spicy Meatballs","188","BTG","slot","5","0","0","37","2024-12-11 17:14:26","/externals/C66FM/img/_wms/_l/electronicgames/btg/Spicy_meatballs_540.webp"
"slotvegasoadedv1","Slot Vegas - Fully Loaded","188","BTG","slot","5","0","0","42","2024-12-11 17:14:26","/externals/C66FM/img/_wms/_l/electronicgames/btg/Slot_vegas_fully_loaded_540.webp"
"sanctuaryv100000","Sanctuary","188","BTG","slot","5","0","0","24","2024-12-11 17:14:26","/externals/C66FM/img/_wms/_l/electronicgames/btg/Sanctuary_540.webp"
"royalmintv100000","Royal Mint","188","BTG","slot","5","0","0","37","2024-12-11 17:14:26","/externals/C66FM/img/_wms/_l/electronicgames/btg/Royal_mint_540.webp"
"rasputinmegaways","Rasputin Megaways","188","BTG","slot","5","0","0","35","2024-12-11 17:14:26","/externals/C66FM/img/_wms/_l/electronicgames/btg/Rasputin_megaways_540.webp"
"queenofrichev194","Queen of Riches","188","BTG","slot","5","0","0","46","2024-12-11 17:14:26","/externals/C66FM/img/_wms/_l/electronicgames/btg/Queen_of_riches_540.webp"
"triggerhappyv194","Trigger Happy","188","BTG","slot","5","0","0","31","2024-12-11 17:14:26","/externals/C66FM/img/_wms/_l/electronicgames/btg/Trigger_happy_540.webp"
"piratepaysv10000","Pirate Pays","188","BTG","slot","5","0","0","39","2024-12-11 17:14:26","/externals/C66FM/img/_wms/_l/electronicgames/btg/Pirate_pays_540.webp"
"pandamoneyv19400","Panda Money","188","BTG","slot","5","0","0","57","2024-12-11 17:14:26","/externals/C66FM/img/_wms/_l/electronicgames/btg/Panda_money_540.webp"
"overthemoonv1000","Over The Moon","188","BTG","slot","5","0","0","16","2024-12-11 17:14:26","/externals/C66FM/img/_wms/_l/electronicgames/btg/Over_the_moon_540.webp"
"outlawv100000000","Outlaw","188","BTG","slot","5","0","0","38","2024-12-11 17:14:26","/externals/C66FM/img/_wms/_l/electronicgames/btg/Outlaw_540.webp"
"opalfruitsv10000","Opal Fruits","188","BTG","slot","5","0","0","28","2024-12-11 17:14:26","/externals/C66FM/img/_wms/_l/electronicgames/btg/Opal_fruits_540.webp"
"moreturkeyv10000","More Turkey","188","BTG","slot","5","0","0","20","2024-12-11 17:14:26","/externals/C66FM/img/_wms/_l/electronicgames/btg/More_turkey_540.webp"
"millionairev1950","Millionaire","188","BTG","slot","5","0","0","92","2024-12-11 17:14:27","/externals/C66FM/img/_wms/_l/electronicgames/btg/Millionaire_megaways_540.webp"
"millionairdsv194","Millionaire Tapcards","188","BTG","lottery","12","0","0","107","2026-04-08 17:36:05","/externals/C66FM/img/_wms/_l/electronicgames/pp522/Millionaire-Tapcards_540x540.webp"
"millionaierushv1","Millionaire Rush","188","BTG","slot","5","0","0","43","2024-12-11 17:14:26","/externals/C66FM/img/_wms/_l/electronicgames/btg/Millionaire_rush_540.webp"
"645","Cash Stack","161","JILI","live-casino","8","0","0","180","2026-04-24 10:22:56","/externals/C66FM/img/_wms/_l/electronicgames/pp522/Cash_stack_540.webp"
"598","Lucky Macaw","161","JILI","slot","5","0","0","2400","2026-02-24 12:08:35","/externals/C66FM/img/_wms/_l/electronicgames/pp522/Lucky_Macaw_540.webp"
"604","Drop Ball","161","JILI","arcade","30","0","0","862","2026-04-01 09:54:12","/externals/C66FM/img/_wms/_l/electronicgames/pp522/Drop_ball_540.webp"
"605","Jackpot Joker Fever","161","JILI","slot","5","0","0","3109","2025-11-28 18:09:02","/externals/C66FM/img/_wms/_l/electronicgames/pp522/Jackpot_joker_fever_540.webp"
"613","Mines Cricket","161","JILI","live-casino","8","0","0","163","2026-03-30 11:01:38","/externals/C66FM/img/_wms/_l/electronicgames/pp522/mine_cricket540.webp"
"bruteforcedx1000","Brute Force","192","NLC","slot","5","0","0","137","2025-09-04 09:43:16","/externals/C66FM/img/_wms/_l/electronicgames/BP/Brute_force_540.webp"
"621","Crown Of Fortune","161","JILI","slot","5","0","0","536","2025-11-19 10:31:45","/externals/C66FM/img/_wms/_l/electronicgames/pp522/CrownofFortune540x540 .webp"
"623","Coin of Lightning","161","JILI","slot","5","0","0","1516","2026-04-10 17:05:38","/externals/C66FM/img/_wms/_l/electronicgames/BDF410/NCoin.webp"
"626","Golden Treasure Lightning","161","JILI","live-casino","8","0","0","403","2026-03-30 11:04:38","/externals/C66FM/img/_wms/_l/electronicgames/pp522/Grand_golden_treasure_540.webp"
"643","Clover Ladybug","161","JILI","slot","5","0","0","301","2025-12-12 16:51:22","/externals/C66FM/img/_wms/_l/electronicgames/pp522/Clover_Ladybug_540.webp"
"millionaiboxv194","Millionaire Mystery Box","188","BTG","slot","5","0","0","58","2024-12-11 17:14:26","/externals/C66FM/img/_wms/_l/electronicgames/btg/Millionaire_mystery_box_540.webp"
"beheadeddx100000","Beheaded","192","NLC","slot","5","0","0","61","2025-01-21 00:00:00","/externals/C66FM/img/_wms/_l/electronicgames/nlc/Beheaded_540.webp"
"662","Crash Trader","161","JILI","live-casino","8","0","0","4","2026-05-27 15:20:29","/externals/C66FM/img/_wms/_l/electronicgames/pp522/crashtrade540.webp"
"apocalypse000000","Apocalypse Super xNudge","192","NLC","slot","5","0","0","58","2025-01-21 00:00:00","/externals/C66FM/img/_wms/_l/electronicgames/nlc/Apocalypse_super_xnudge_540.webp"
"wildunicornsv100","Wild Unicorns","188","BTG","slot","5","0","0","81","2024-12-11 17:14:26","/externals/C66FM/img/_wms/_l/electronicgames/btg/Wild_unicorns_540.webp"
"wildportalsv1000","Wild Portals","188","BTG","slot","5","0","0","63","2024-12-11 17:14:26","/externals/C66FM/img/_wms/_l/electronicgames/btg/Wild_portals_540.webp"
"wildflowerv10000","Wild Flower","188","BTG","slot","5","0","0","39","2024-12-11 17:14:26","/externals/C66FM/img/_wms/_l/electronicgames/btg/Wild_flower_540.webp"
"whiterabbitv2950","White Rabbit","188","BTG","slot","5","0","0","99","2024-12-11 17:14:26","/externals/C66FM/img/_wms/_l/electronicgames/btg/White_rabbit_540.webp"
"vegasrushv100000","Vegas Rush","188","BTG","slot","5","0","0","39","2024-12-11 17:14:26","/externals/C66FM/img/_wms/_l/electronicgames/btg/Vegas_rush_540.webp"
"vegasmegawaysv10","Vegas Megaways","188","BTG","slot","5","0","0","39","2024-12-11 17:14:26","/externals/C66FM/img/_wms/_l/electronicgames/btg/Vegas_megaways_540.webp"
"apollopaysv10000","Apollo Pays","188","BTG","slot","5","0","0","43","2024-12-11 17:14:26","/externals/C66FM/img/_wms/_l/electronicgames/btg/Apollo_pays_540.webp"
"castleofterrorv1","Castle of Terror","188","BTG","slot","5","0","0","20","2024-12-11 17:14:26","/externals/C66FM/img/_wms/_l/electronicgames/btg/Castle_of_terror_540.webp"
"boov194000000000","Boo","188","BTG","slot","5","0","0","16","2024-12-11 17:14:26","/externals/C66FM/img/_wms/_l/electronicgames/btg/Boo_540.webp"
"bookofgodsv19400","Book of Gods","188","BTG","slot","5","0","0","38","2024-12-11 17:14:26","/externals/C66FM/img/_wms/_l/electronicgames/btg/Book_of_gods_540.webp"
"bonanzav29500000","Bonanza","188","BTG","slot","5","0","0","137","2024-12-11 17:14:26","/externals/C66FM/img/_wms/_l/electronicgames/btg/Bonanza_540.webp"
"bonanzatardsv194","Bonanza Tapcards","188","BTG","lottery","12","0","0","142","2026-04-08 17:35:32","/externals/C66FM/img/_wms/_l/electronicgames/pp522/Bonanza-Tapcards_540x540.webp"
"bonanzafallsv100","Bonanza Falls","188","BTG","slot","5","0","0","72","2024-12-11 17:14:26","/externals/C66FM/img/_wms/_l/electronicgames/btg/Bonanza_falls_540.webp"
"bigbuckstrdsv194","Big Bucks Deluxe Tapcards","188","BTG","lottery","12","0","0","236","2026-04-17 19:21:24","/externals/C66FM/img/_wms/_l/electronicgames/pp522/Big-Bucks-Deluxe-Tapcards_540x540.webp"
"bigbadbisonv1000","Big Bad Bison","188","BTG","slot","5","0","0","49","2024-12-11 17:14:26","/externals/C66FM/img/_wms/_l/electronicgames/btg/Big_bad_bison_540.webp"
"beeflightningv10","Beef Lightning","188","BTG","slot","5","0","0","41","2024-12-11 17:14:26","/externals/C66FM/img/_wms/_l/electronicgames/btg/Beef_lightning_540.webp"
"chocolatesv19400","Chocolates","188","BTG","slot","5","0","0","46","2024-12-11 17:14:26","/externals/C66FM/img/_wms/_l/electronicgames/btg/Chocolates_540.webp"
"665","Mines Football","161","JILI","live-casino","8","0","0","193","2026-04-24 10:32:37","/externals/C66FM/img/_wms/_l/electronicgames/pp522/Mines_football_540.webp"
"686","Fortune Coins Unlimited Fortune","161","JILI","slot","5","0","0","3153","2026-05-06 11:16:05","/externals/C66FM/img/_wms/_l/electronicgames/pp522/FortuneCoin540.webp"
"690","Chicken Dash","161","JILI","live-casino","8","0","0","360","2025-11-17 11:49:27","/externals/C66FM/img/_wms/_l/electronicgames/pp522/Chicken_dash_540.webp"
"696","Fortune Garuda 500","161","JILI","slot","5","0","0","27046","2026-04-27 14:04:16","/externals/C66FM/img/_wms/_l/electronicgames/BDF512/FortuneGaruda540.webp"
"698","Frog Dash","161","JILI","live-casino","8","0","0","119","2025-12-19 15:26:04","/externals/C66FM/img/_wms/_l/electronicgames/pp522/Frog_dash_540.webp"
"699","LiveSpin","161","JILI","slot","5","0","0","42","2026-06-02 20:05:06","/externals/C66FM/img/_wms/_l/electronicgames/pp522/Livespin540.webp"
"osmtiancijinlong","Tian Ci Jin Long","180","","fishing","6","0","0","10","2026-06-04 11:02:04","/externals/C66FM/img/_wms/_l/electronicgames/pp522/TianCiJinLong540.webp"
"osmsuperburstlink","Superburst","180","","fishing","6","0","0","330","2025-09-23 13:31:28","/externals/C66FM/img/_wms/_l/electronicgames/pp522/Super_burst_540.webp"
"osmsquidgame","Squid Game","180","","fishing","6","0","0","158","2025-09-23 13:32:22","/externals/C66FM/img/_wms/_l/electronicgames/pp522/Squid_game_540.webp"
"fizzypennlotv194","Fizzy Pennyslot","188","BTG","slot","5","0","0","20","2024-12-11 17:14:26","/externals/C66FM/img/_wms/_l/electronicgames/btg/Fizzy_pennyslot_540.webp"
"maxmegawaysv1000","Max Megaways","188","BTG","slot","5","0","0","46","2024-12-11 17:14:26","/externals/C66FM/img/_wms/_l/electronicgames/btg/Max_megaways_540.webp"
"maxmegaways2v100","Max Megaways 2","188","BTG","slot","5","0","0","32","2024-12-11 17:14:26","/externals/C66FM/img/_wms/_l/electronicgames/btg/Max_megaways_2_540.webp"
"luckystremk2v194","Lucky Streak Mk2","188","BTG","slot","5","0","0","21","2024-12-11 17:14:26","/externals/C66FM/img/_wms/_l/electronicgames/btg/Lucky_streak_mk2_540.webp"
"kingofcatsv19400","King of Cats","188","BTG","slot","5","0","0","29","2024-12-11 17:14:26","/externals/C66FM/img/_wms/_l/electronicgames/btg/King_of_cats_540.webp"
"kingmakerdedv194","Kingmaker Fully Loaded","188","BTG","slot","5","0","0","27","2024-12-11 17:14:26","/externals/C66FM/img/_wms/_l/electronicgames/btg/Kingmaker_fully_loaded_540.webp"
"holydiveraysv194","Holy Diver Megaways","188","BTG","slot","5","0","0","22","2024-12-11 17:14:26","/externals/C66FM/img/_wms/_l/electronicgames/btg/Holy_diver_540.webp"
"goldmegawaysv100","Gold Megaways","188","BTG","slot","5","0","0","46","2024-12-11 17:14:26","/externals/C66FM/img/_wms/_l/electronicgames/btg/Gold_megaways_540.webp"
"goldencatchv1950","Golden Catch","188","BTG","slot","5","0","0","68","2024-12-11 17:14:26","/externals/C66FM/img/_wms/_l/electronicgames/btg/Golden_catch_540.webp"
"giftsoffounev295","Gifts Of Fortune","188","BTG","slot","5","0","0","60","2024-12-11 17:14:27","/externals/C66FM/img/_wms/_l/electronicgames/btg/Gifts_of_fortune_540.webp"
"tzxd9y6k1sqqqztk","Perya Speed Baccarat11","108","EVOLUTION","live-casino","17","0","0","175","2025-08-15 10:31:45","/externals/C66FM/img/_wms/_l/electronicgames/pp522/Perya_speed_baccarat_11_540.webp"
"fireworksaysv194","Fireworks Megaways","188","BTG","slot","5","0","0","43","2024-12-11 17:14:26","/externals/C66FM/img/_wms/_l/electronicgames/btg/Fireworks_megaways_540.webp"
"extrachilrdsv194","Extra Chilli Tapcards","188","BTG","lottery","12","0","0","119","2026-04-17 19:15:09","/externals/C66FM/img/_wms/_l/electronicgames/pp522/Extra-Chilli-Tapcards_540x540.webp"
"extrachilliv2950","Extra Chilli","188","BTG","slot","5","0","0","97","2024-12-11 17:14:26","/externals/C66FM/img/_wms/_l/electronicgames/btg/Extra_chilli_540.webp"
"donutsv100000000","Donuts","188","BTG","slot","5","0","0","21","2024-12-11 17:14:26","/externals/C66FM/img/_wms/_l/electronicgames/btg/Donuts_540.webp"
"diamondfruitsv10","Diamond Fruits","188","BTG","slot","5","0","0","29","2024-12-11 17:14:26","/externals/C66FM/img/_wms/_l/electronicgames/btg/Diamond_fruits_540.webp"
"dangerhigagev295","Danger High Voltage","188","BTG","slot","5","0","0","49","2024-12-11 17:14:26","/externals/C66FM/img/_wms/_l/electronicgames/btg/Danger_high_voltage_540.webp"
"cyberslotersv194","Cyberslot Megaclusters","188","BTG","slot","5","0","0","25","2024-12-11 17:14:26","/externals/C66FM/img/_wms/_l/electronicgames/btg/Cyberslot_megaclusters_540.webp"
"christmasnzav195","Christmas Bonanza","188","BTG","slot","5","0","0","77","2024-12-11 17:14:26","/externals/C66FM/img/_wms/_l/electronicgames/btg/Christmas_bonanza_540.webp"
"christmascatchv1","Christmas Catch","188","BTG","slot","5","0","0","22","2024-12-11 17:14:26","/externals/C66FM/img/_wms/_l/electronicgames/btg/Christmas_catch_540.webp"
"201455","Cloud Princess","207","HACKSAW","slot","5","0","0","814","2025-03-03 17:50:24","/externals/C66FM/img/_wms/_l/electronicgames/HACK/Cloud_princess_540.webp"
"880129","90k Yeti Gigablox","209","YGG","slot","5","0","0","3","2025-12-04 13:33:40","/externals/C66FM/img/_wms/_l/electronicgames/YGG/90k_yeti_gigablox_540.webp"
"880127","Xibalba","209","YGG","slot","5","0","0","2","2025-12-04 13:33:40","/externals/C66FM/img/_wms/_l/electronicgames/YGG/Xibalba_540.webp"
"1865521","Dead Man's Riches","100","PG","slot","5","0","0","1438","2025-05-29 18:27:21","/externals/C66FM/img/_wms/_l/electronicgames/513/Dead_Man's_Riches.webp"
"201539","Pray for Three","207","HACKSAW","slot","5","0","0","265","2025-10-09 14:52:17","/externals/C66FM/img/_wms/_l/electronicgames/BP/Pray_for_three_540.webp"
"201524","Life and Death","207","HACKSAW","slot","5","0","0","288","2025-10-09 14:52:17","/externals/C66FM/img/_wms/_l/electronicgames/BP/Life_and_death_540.webp"
"201514","Strength of Hercules","207","HACKSAW","slot","5","0","0","380","2025-10-09 14:52:17","/externals/C66FM/img/_wms/_l/electronicgames/BP/Strength_of_hercules_540.webp"
"1881268","Knockout Riches","100","PG","slot","5","0","0","2137","2025-05-22 17:44:37","/externals/C66FM/img/_wms/_l/electronicgames/502/KnockoutRiches.webp"
"201464","Duel at Dawn","207","HACKSAW","slot","5","0","0","889","2025-03-03 17:49:42","/externals/C66FM/img/_wms/_l/electronicgames/HACK/Duel_at_dawn_540.webp"
"201462","Wings of Horus","207","HACKSAW","slot","5","0","0","137","2025-03-03 17:49:51","/externals/C66FM/img/_wms/_l/electronicgames/HACK/Wings_of_horus_540.webp"
"880130","Spina Colada","209","YGG","slot","5","0","0","2","2025-12-04 13:33:40","/externals/C66FM/img/_wms/_l/electronicgames/YGG/Spina_colada_540.webp"
"201454","Le Pharaoh","207","HACKSAW","slot","5","0","0","470","2025-03-03 17:50:35","/externals/C66FM/img/_wms/_l/electronicgames/HACK/Le_pharaoh_540.webp"
"201414","Evil Eyes","207","HACKSAW","slot","5","0","0","92","2025-03-03 17:47:49","/externals/C66FM/img/_wms/_l/electronicgames/HACK/Evil_eyes_540.webp"
"1903012","Grimms' Bounty: Hansel & Gretel","100","PG","slot","5","0","0","1227","2025-11-28 18:09:59","/externals/C66FM/img/_wms/_l/electronicgames/Y123/Grimms_bounty_hansel_and_gretel_540.webp"
"1929177","Kraken Gold Rush","100","PG","slot","5","0","0","1317","2025-11-21 15:11:53","/externals/C66FM/img/_wms/_l/electronicgames/pp522/Kraken_Gold_Rush_540.webp"
"1935269","Diner Frenzy Spins","100","PG","slot","5","0","0","1269","2025-07-29 14:20:05","/externals/C66FM/img/_wms/_l/electronicgames/pp522/Diner_Frenzy_Spins_540.webp"
"1940257","Alibaba'S Cave Of Fortune","100","PG","slot","5","0","0","2106","2026-01-26 16:13:59","/externals/C66FM/img/_wms/_l/electronicgames/pp522/Alibaba's_Cave_of_Fortune_540.webp"
"2075272","Zombie Blasters","100","PG","slot","5","0","0","125","2026-06-30 10:51:01","/externals/C66FM/img/_wms/_l/electronicgames/pp522/zombiesblasters_540.webp"
"2220422","Wild Bounty Pacquiao","100","PG","slot","5","0","0","11940","2026-03-30 18:54:06","/externals/C66FM/img/_wms/_l/electronicgames/n226/WildBountyPacquiao_540.webp"
"880175","Golden Fish tank","209","YGG","slot","5","0","0","6","2025-12-04 13:33:40","/externals/C66FM/img/_wms/_l/electronicgames/YGG/Golden_fish_tank_540.webp"
"abjl;abjl_allbetsblackjack","All Bets Blackjack","212","PT","live-casino","17","0","0","72","2026-02-13 17:42:06","/externals/C66FM/img/_wms/_l/electronicgames/casino01/AllBetsBlackjack540x540.webp"
"7eml;7eml_7emezzo","Sette E Mezzo","212","PT","live-casino","17","0","0","39","2026-02-11 18:06:58","/externals/C66FM/img/_wms/_l/electronicgames/casino01/SetteEMezzo540x540.webp"
"880370","7x7 Zeus","209","YGG","slot","5","0","0","34","2025-12-04 13:33:40","/externals/C66FM/img/_wms/_l/electronicgames/YGG/7x7_zeus_540.webp"
"880366","Mutagenes","209","YGG","slot","5","0","0","3","2025-12-04 13:33:40","/externals/C66FM/img/_wms/_l/electronicgames/YGG/Mutagenes_540.webp"
"880348","Gunpowder","209","YGG","slot","5","0","0","3","2025-12-04 13:33:40","/externals/C66FM/img/_wms/_l/electronicgames/YGG/Gunpowder_540.webp"
"880320","Ghost Father","209","YGG","slot","5","0","0","4","2025-12-04 13:33:40","/externals/C66FM/img/_wms/_l/electronicgames/YGG/Ghostfather_540.webp"
"880246","Lady Merlin Multimax","209","YGG","slot","5","0","0","2","2025-12-04 13:33:40","/externals/C66FM/img/_wms/_l/electronicgames/YGG/Lady_merlin_multimax_540.webp"
"880223","Voodoo Hex","209","YGG","slot","5","0","0","4","2025-12-04 13:33:40","/externals/C66FM/img/_wms/_l/electronicgames/YGG/Voodoo_hex_540.webp"
"880184","Gems Infinity Reels","209","YGG","slot","5","0","0","6","2025-12-04 13:33:40","/externals/C66FM/img/_wms/_l/electronicgames/YGG/Gems_infinity_reels_540.webp"
"201333","Baccarat","207","HACKSAW","live-casino","17","0","0","78","2026-04-23 15:45:23","/externals/C66FM/img/_wms/_l/electronicgames/casino01/HACKSAWBaccarat540x540.webp"
"880173","Blood Moon Wilds","209","YGG","slot","5","0","0","3","2025-12-04 13:33:40","/externals/C66FM/img/_wms/_l/electronicgames/YGG/Blood_moon_wilds_540.webp"
"880172","Arthur's Fortune","209","YGG","slot","5","0","0","3","2025-12-04 13:33:40","/externals/C66FM/img/_wms/_l/electronicgames/YGG/Arhturs_fortune_540.webp"
"880169","Sahara Nights","209","YGG","slot","5","0","0","1","2025-12-04 13:33:40","/externals/C66FM/img/_wms/_l/electronicgames/YGG/Sahara_nights_540.webp"
"880165","The One Armed Bandit","209","YGG","slot","5","0","0","3","2025-12-04 13:33:40","/externals/C66FM/img/_wms/_l/electronicgames/YGG/The_one_armed__bandit_540.webp"
"880159","Pumpkin Smash","209","YGG","slot","5","0","0","12","2025-12-04 13:33:40","/externals/C66FM/img/_wms/_l/electronicgames/YGG/Pumpkin_smash_540.webp"
"880158","Gem Rocks","209","YGG","slot","5","0","0","1","2025-12-04 13:33:40","/externals/C66FM/img/_wms/_l/electronicgames/YGG/Gem_rocks_540.webp"
"880156","Sunny Shores","209","YGG","slot","5","0","0","1","2025-12-04 13:33:40","/externals/C66FM/img/_wms/_l/electronicgames/YGG/Sunny_shores_540.webp"
"880151","Multifly!","209","YGG","slot","5","0","0","1","2025-12-04 13:33:40","/externals/C66FM/img/_wms/_l/electronicgames/YGG/Multifly_multimax_540.webp"
"1_86","Wild West Glory","103","TPG","slot","5","0","0","2282","2025-04-04 11:29:40","/externals/C66FM/img/_wms/_l/electronicgames/tpg318/Wild_west_glory_540.webp"
"1_1100021","Jurassic Survival Bonus","103","TPG","slot","5","0","0","211","2025-05-07 00:00:00","/externals/C66FM/img/_wms/_l/electronicgames/77/JURASSIC_SURVIVAL_BONUS_540.webp"
"1_116","God Of Wealth","103","TPG","slot","5","0","0","1223","2025-05-22 17:37:36","/externals/C66FM/img/_wms/_l/electronicgames/pl220/God_of_wealth_540.webp"
"1_117","Wealth of Tiger","103","TPG","slot","5","0","0","740","2025-05-22 17:46:07","/externals/C66FM/img/_wms/_l/electronicgames/424/wealthoftiger2.webp"
"1_118","Candy Pop","103","TPG","slot","5","0","0","664","2025-05-07 00:00:00","/externals/C66FM/img/_wms/_l/electronicgames/77/CANDY_POP_540.webp"
"vs20clspwrndg","Sweet Powernudge","199","PP","slot","5","0","0","511","2025-09-04 09:43:16","/externals/C66FM/img/_wms/_l/electronicgames/BP/Sweet_powernudge_540.webp"
"1_122","Rise Of Thunder 1888X","103","TPG","slot","5","0","0","2697","2025-10-07 10:37:05","/externals/C66FM/img/_wms/_l/electronicgames/Y123/Rise_of_thunder_1888x_540.webp"
"1_126","Rise Of Hellfire","103","TPG","slot","5","0","0","798","2025-12-17 18:41:46","/externals/C66FM/img/_wms/_l/electronicgames/pp522/Rise_of_Hellfire_540.webp"
"1_129","Wild Joker","103","TPG","slot","5","0","0","2174","2026-02-26 17:55:59","/externals/C66FM/img/_wms/_l/electronicgames/pp522/WildJoker540.webp"
"1_82","Ancient Dragons","103","TPG","slot","5","0","0","24","2026-06-17 10:26:33","/externals/C66FM/img/_wms/_l/electronicgames/pp522/AncientDragons.540x540EN.webp"
"1_1100020","Black Myth: Wukong","103","TPG","slot","5","0","0","927","2025-05-31 00:00:00","/externals/C66FM/img/_wms/_l/electronicgames/pp522/Black_Myth_Wukong_3_540.webp"
"1_98","Money Tree","103","TPG","slot","5","0","0","1115","2025-05-22 17:37:42","/externals/C66FM/img/_wms/_l/electronicgames/TPG/Money_tree_540.webp"
"5_1","Keno Neon","103","TPG","lottery","12","0","0","571","2026-04-08 16:16:32","/externals/C66FM/img/_wms/_l/electronicgames/loteria/Keno_neon_540.webp"
"0_14096","Lucky Elephant X-Huge","104","JDB","slot","5","0","0","289","2025-08-18 15:34:00","/externals/C66FM/img/_wms/_l/electronicgames/BP/Lucky-Elephant-540.webp"
"0_14097","Fishin' Fever X-Huge","104","JDB","slot","5","0","0","245","2025-09-05 10:23:21","/externals/C66FM/img/_wms/_l/electronicgames/BP/Fishin-Fever-540.webp"
"0_14099","Pop Pop Candy 1000","104","JDB","slot","5","0","0","5635","2025-05-22 17:47:42","/externals/C66FM/img/_wms/_l/electronicgames/411/Pop_pop_candy_1000_540.webp"
"0_14102","Voyage of Blast Raider X-Lock","104","JDB","slot","5","0","0","215","2026-04-08 10:23:48","/externals/C66FM/img/_wms/_l/electronicgames/pp522/Blast540.webp"
"0_14103","Voyage of Cryo Gunner X-Lock","104","JDB","slot","5","0","0","476","2026-04-08 10:23:11","/externals/C66FM/img/_wms/_l/electronicgames/pp522/Cryo540.webp"
"0_14104","Voyage of Daring Queen X-Lock","104","JDB","slot","5","0","0","537","2026-04-08 10:22:39","/externals/C66FM/img/_wms/_l/electronicgames/pp522/Daring540.webp"
"1_1100005","Book Of Antique","103","TPG","slot","5","0","0","815","2025-03-21 00:00:00","/externals/C66FM/img/_wms/_l/electronicgames/42/Book_of_antique_540.webp"
"201300","Colors","207","HACKSAW","arcade","30","0","0","76","2026-03-04 13:36:32","/externals/C66FM/img/_wms/_l/electronicgames/HACK/Colors_540.webp"
"1_104","Lucky 7","103","TPG","slot","5","0","0","1082","2025-03-21 00:00:00","/externals/C66FM/img/_wms/_l/electronicgames/42/Lucky_7_540.webp"
"1_105","Super Star","103","TPG","slot","5","0","0","2014","2025-05-22 17:38:09","/externals/C66FM/img/_wms/_l/electronicgames/tpg/Suoer_star_540.webp"
"1_106","Amazing Christmas","103","TPG","slot","5","0","0","1802","2025-03-06 16:30:49","/externals/C66FM/img/_wms/_l/electronicgames/tpg/Amazing_christmas_540.webp"
"1_107","Rise of Thunder","103","TPG","slot","5","0","0","2732","2025-05-22 17:37:49","/externals/C66FM/img/_wms/_l/electronicgames/tpg/Rise_of_thunder_540.webp"
"1_108","Lucky Toad","103","TPG","slot","5","0","0","1203","2025-05-22 17:38:01","/externals/C66FM/img/_wms/_l/electronicgames/tpg/Lucky_toad_540.webp"
"1_109","Aztec Empire","103","TPG","slot","5","0","0","1543","2025-05-07 00:00:00","/externals/C66FM/img/_wms/_l/electronicgames/77/AZTEC_EMPIRE_540.webp"
"1_1100003","Civilization Of Bull Bull","103","TPG","slot","5","0","0","2","2026-06-17 09:31:40","/externals/C66FM/img/_wms/_l/electronicgames/pp522/CivilizationofBullBull.540x540EN.webp"
"abjl;abjl_chroma","Sports All Bets Blackjack","212","PT","live-casino","17","0","0","3","2026-06-19 18:21:59","/externals/C66FM/img/_wms/_l/electronicgames/pp522/SportsAllBetsBlackjack_540x540_en.webp"
"1_1100007","Sushi Saga","103","TPG","slot","5","0","0","54","2025-03-06 16:31:58","/externals/C66FM/img/_wms/_l/electronicgames/TPG/Sushi_saga_540.webp"
"1_1100008","Giant Fruits","103","TPG","slot","5","0","0","5","2026-06-17 09:31:40","/externals/C66FM/img/_wms/_l/electronicgames/pp522/GiantFruits.540x540EN.webp"
"1_1100009","Civilization Of Bull Bull 2","103","TPG","slot","5","0","0","845","2025-05-22 17:37:20","/externals/C66FM/img/_wms/_l/electronicgames/42/Civilization_of_bull_bull_2_540.webp"
"1_1100011","Fortune Lions","103","TPG","slot","5","0","0","158","2025-03-06 16:32:13","/externals/C66FM/img/_wms/_l/electronicgames/TPG/Fortune_lions_540.webp"
"1_1100016","Wealth Arrives","103","TPG","slot","5","0","0","6","2026-06-17 09:31:40","/externals/C66FM/img/_wms/_l/electronicgames/pp522/WealthArrives.540x540EN.webp"
"1_1100017","Civilization Of Bull Bull X88","103","TPG","slot","5","0","0","217","2025-03-06 16:32:06","/externals/C66FM/img/_wms/_l/electronicgames/TPG/Civilization_of_bull_bull_x88_540.webp"
"1_1100018","Monster Hunt Wilds","103","TPG","slot","5","0","0","218","2025-05-07 00:00:00","/externals/C66FM/img/_wms/_l/electronicgames/77/MONSTER_HUNT_WILDS_540.webp"
"1_1100019","Black Myth: Wukong 3","103","TPG","slot","5","0","0","1998","2025-05-22 17:37:28","/externals/C66FM/img/_wms/_l/electronicgames/ee311/Black_myth_wukong_540.webp"
"gpas_fgift_pop","Frog's Gift","212","PT","slot","5","0","0","95","2025-04-07 00:00:00","/externals/C66FM/img/_wms/_l/electronicgames/pt319/Frogs_gift_540.webp"
"gpas_hlfiw_pop","Halloween Fortune Scratch","212","PT","lottery","12","0","0","107","2026-04-24 11:49:56","/externals/C66FM/img/_wms/_l/electronicgames/pp522/Halloween-Fortune-Scratch_540x540.webp"
"gpas_hgextremeiw_pop","Hot Gems Xtreme Scratch","212","PT","lottery","12","0","0","134","2026-04-24 11:51:06","/externals/C66FM/img/_wms/_l/electronicgames/pp522/Hot-Gems-Xtreme-Scratch_540x540.webp"
"gpas_gwizard_pop","Fire Blaze: Green Wizard","212","PT","slot","5","0","0","119","2025-04-07 00:00:00","/externals/C66FM/img/_wms/_l/electronicgames/pt319/Fire_blaze_green_wizard_540.webp"
"gpas_gwish_pop","Mighty Hat: Lamp of Gold","212","PT","slot","5","0","0","90","2025-04-07 00:00:00","/externals/C66FM/img/_wms/_l/electronicgames/pt319/Mighty_hat_lamp_of_gold_540.webp"
"gpas_gporang_pop","Gold Pile: Orangutan!","212","PT","slot","5","0","0","634","2025-07-02 11:00:00","/externals/C66FM/img/_wms/_l/electronicgames/PT/Gold_pile_orangutan_540x540.webp"
"gpas_goldhit3_pop","Gold Hit: Dragon Bonanza","212","PT","slot","5","0","0","2026","2025-07-31 10:48:12","/externals/C66FM/img/_wms/_l/electronicgames/PT/Gold_hit_dragon_bonanza_540x540.webp"
"gpas_goldh4_pop","Gold Hit & Link: JP Bacon & Co","212","PT","slot","5","0","0","475","2025-07-02 11:00:00","/externals/C66FM/img/_wms/_l/electronicgames/PT/Gold_hit_&_link_jp_bacon_&_co_540x540.webp"
"gpas_gmacaque_pop","Fire Blaze: Golden Macaque","212","PT","slot","5","0","0","172","2025-04-07 00:00:00","/externals/C66FM/img/_wms/_l/electronicgames/pt319/Fire_blaze_golden_macaque_540.webp"
"gpas_gblue_pop","Great Blue","212","PT","slot","5","0","0","495","2025-07-02 11:00:00","/externals/C66FM/img/_wms/_l/electronicgames/PT/Great_blue_540x540.webp"
"gpas_keno_pop","Age of the Gods Keno","212","PT","lottery","12","0","0","180","2026-01-28 09:58:00","/externals/C66FM/img/_wms/_l/electronicgames/pp522/Age-of-the-Gods-Keno_540x540.webp"
"gpas_ffighter_pop","Fire Blaze: Fire Fighter","212","PT","slot","5","0","0","136","2025-04-07 00:00:00","/externals/C66FM/img/_wms/_l/electronicgames/pt319/Fire_blaze_fire_fighter_540.webp"
"gpas_fblazeiw_pop","Fire Blaze Scratch","212","PT","lottery","12","0","0","55","2026-04-24 11:50:14","/externals/C66FM/img/_wms/_l/electronicgames/pp522/Fire-Blaze-Scratch_540x540.webp"
"gpas_fballiwpp_pop","Football Scratch PowerPlay Jackpot","212","PT","lottery","12","0","0","61","2026-04-24 11:50:52","/externals/C66FM/img/_wms/_l/electronicgames/pp522/Football-Scratch-PowerPlay-Jackpot_540x540.webp"
"gpas_engage_pop","Mega Fire Blaze: Piggies and the Bank","212","PT","slot","5","0","0","2453","2025-07-31 10:47:58","/externals/C66FM/img/_wms/_l/electronicgames/PT/Mega_fire_blaze_piggies_and_the_bank_540x540.webp"
"gpas_emptriw_pop","Empire Treasures Scratch","212","PT","lottery","12","0","0","193","2026-04-24 11:52:21","/externals/C66FM/img/_wms/_l/electronicgames/loteria/playtech-Empire-Treasures-Scratch_540x540.gif"
"gpas_elady_pop","Fire Blaze: Eternal Lady","212","PT","slot","5","0","0","949","2025-07-02 11:00:00","/externals/C66FM/img/_wms/_l/electronicgames/PT/Fire_blaze_eternal_lady_540x540.webp"
"gpas_dsparks_pop","Dragon Spark","212","PT","slot","5","0","0","190","2025-09-09 11:00:00","/externals/C66FM/img/_wms/_l/electronicgames/BP/Dragon_Spark_540.webp"
"gpas_drise_pop","Diamond Rise","212","PT","slot","5","0","0","113","2025-04-07 00:00:00","/externals/C66FM/img/_wms/_l/electronicgames/pt319/Diamond_rise_540.webp"
"gpas_pppearls_pop","Fire Blaze: Pearls Pearls Pearls","212","PT","slot","5","0","0","493","2025-07-02 11:00:00","/externals/C66FM/img/_wms/_l/electronicgames/PT/Fire_blaze_pearls_pearls_pearls_540x540.webp"
"gpas_tbirds_pop","Power Zones: Thunder Birds","212","PT","slot","5","0","0","305","2025-07-02 11:00:00","/externals/C66FM/img/_wms/_l/electronicgames/PT/Power_zones_thunder_birds_540x540.webp"
"gpas_srichesiw_pop","Cash Collect Scratch","212","PT","lottery","12","0","0","501","2026-04-24 11:48:17","/externals/C66FM/img/_wms/_l/electronicgames/loteria/playtech-Cash-Collect-Scratch_540x540.gif"
"gpas_sorome_pop","Shields of Rome","212","PT","slot","5","0","0","293","2025-07-02 11:00:00","/externals/C66FM/img/_wms/_l/electronicgames/PT/Shields_of_rome_540x540.webp"
"gpas_sbullet_pop","Silver Bullet Bandit: Cash Collect","212","PT","slot","5","0","0","218","2025-09-09 11:00:00","/externals/C66FM/img/_wms/_l/electronicgames/BP/Silver_Bullet_Bandit_Cash_Collect_540.webp"
"gpas_safarih_pop","Safari Heat","212","PT","slot","5","0","0","249","2025-07-02 11:00:00","/externals/C66FM/img/_wms/_l/electronicgames/PT/Safari_heat_540x540.webp"
"gpas_rwizard_pop","Fire Blaze: Red Wizard","212","PT","slot","5","0","0","127","2025-04-07 00:00:00","/externals/C66FM/img/_wms/_l/electronicgames/pt319/Fire_blaze_red_wizard_540.webp"
"gpas_rrlustforg_pop","Rich Roll: Lust for Gold!","212","PT","slot","5","0","0","145","2025-04-07 00:00:00","/externals/C66FM/img/_wms/_l/electronicgames/pt319/Rich_roll_lust_for_gold_540.webp"
"gpas_pstrike_pop","Power Zones: Pyramid Valley","212","PT","slot","5","0","0","733","2025-07-02 11:00:00","/externals/C66FM/img/_wms/_l/electronicgames/PT/Power_zones_pyramid_valley_540x540.webp"
"gpas_dreef_pop","Dolphin Reef","212","PT","slot","5","0","0","234","2025-07-02 11:00:00","/externals/C66FM/img/_wms/_l/electronicgames/PT/Dolphin_reef_540x540.webp"
"gpas_pmoon_pop","Panther Moon","212","PT","slot","5","0","0","269","2025-07-02 11:00:00","/externals/C66FM/img/_wms/_l/electronicgames/PT/Panther_moon_540x540.webp"
"gpas_pigeonfs_pop","Pigeons From Space!","212","PT","slot","5","0","0","398","2025-07-02 11:00:00","/externals/C66FM/img/_wms/_l/electronicgames/PT/Pigeons_from_space_540x540.webp"
"gpas_pbreak_pop","Lockdown Loot","212","PT","slot","5","0","0","480","2025-07-02 11:00:00","/externals/C66FM/img/_wms/_l/electronicgames/PT/Lockdown_loot_540x540.webp"
"gpas_pandabz_pop","Panda Blitz","212","PT","slot","5","0","0","604","2025-07-02 11:00:00","/externals/C66FM/img/_wms/_l/electronicgames/PT/Panda_blitz_540x540.webp"
"gpas_oink_pop","Oink Oink Oink","212","PT","slot","5","0","0","1907","2025-09-09 11:00:00","/externals/C66FM/img/_wms/_l/electronicgames/BP/Oink_Oink_Oink_540.webp"
"gpas_mwilds_pop","Midnight Wilds","212","PT","slot","5","0","0","540","2025-07-02 11:00:00","/externals/C66FM/img/_wms/_l/electronicgames/PT/Midnight_wilds_540x540.webp"
"gpas_mgbwizard_pop","Fire Blaze: Blue Wizard Megaways","212","PT","slot","5","0","0","236","2025-07-02 11:00:00","/externals/C66FM/img/_wms/_l/electronicgames/PT/Fire_blaze_blue_wizard_megaways_540x540.webp"
"gpas_lbmcc_pop","Lucky Bass: Mega Cash Collect","212","PT","slot","5","0","0","202","2025-04-07 00:00:00","/externals/C66FM/img/_wms/_l/electronicgames/pt319/Lucky_bass_mega_cash_collect_540.webp"
"bjl;bjl_royalebj1","Royale Blackjack 1","212","PT","live-casino","17","0","0","26","2026-02-11 18:07:52","/externals/C66FM/img/_wms/_l/electronicgames/casino01/RoyaleBlackjack1540x540.webp"
"ccrol;ccrol_cashcollect","Cash Collect Roulette Live","212","PT","live-casino","17","0","0","79","2026-02-11 18:18:46","/externals/C66FM/img/_wms/_l/electronicgames/casino01/CashCollectRouletteLive540x540.webp"
"bs_dtl;bs_dtl_betondragontiger","Bet On Dragon Tiger","212","PT","live-casino","17","0","0","53","2026-02-11 18:21:29","/externals/C66FM/img/_wms/_l/electronicgames/casino01/BetOnDragonTiger540x540.webp"
"bs_bal;bal_betslipbaccarat","Bet On Baccarat","212","PT","live-casino","17","0","0","18","2026-06-19 18:21:59","/externals/C66FM/img/_wms/_l/electronicgames/pp522/BetOnSportsBaccarat_540x540_en.webp"
"bjl;blj_blackjack1","Blackjack 1","212","PT","live-casino","17","0","0","28","2026-02-11 18:21:04","/externals/C66FM/img/_wms/_l/electronicgames/casino01/Blackjack1540x540.webp"
"bjl;bjl_sportsbj2","Sports Blackjack2","212","PT","live-casino","17","0","0","5","2026-06-19 18:21:59","/externals/C66FM/img/_wms/_l/electronicgames/pp522/SportsBlackjack2_540x540_en.webp"
"bjl;bjl_sportsbj1","Sports Blackjack1","212","PT","live-casino","17","0","0","3","2026-06-19 18:21:59","/externals/C66FM/img/_wms/_l/electronicgames/pp522/SportsBlackjack1_540x540_en.webp"
"bjl;bjl_soireepriveebj","Soirée Privée Blackjack","212","PT","live-casino","17","0","0","36","2026-02-11 18:05:15","/externals/C66FM/img/_wms/_l/electronicgames/casino01/SoireePriveeBlackjack540x540.webp"
"bjl;bjl_soireebj1","Blackjack Soirée 1","212","PT","live-casino","17","0","0","20","2026-04-20 15:32:01","/externals/C66FM/img/_wms/_l/electronicgames/casino01/BlackjackSoiree1540x540.webp"
"bjl;bjl_soiree500","Soirée Elite Vip Blackjack","212","PT","live-casino","17","0","0","29","2026-04-20 15:33:25","/externals/C66FM/img/_wms/_l/electronicgames/casino01/SoireeEliteVIPBlackjack540x540.webp"
"chel;chel_casinoholdem","Casino Hold'Em","212","PT","live-casino","17","0","0","36","2026-02-11 18:18:20","/externals/C66FM/img/_wms/_l/electronicgames/casino01/CasinoHoldem540x540.webp"
"bjl;bjl_persoireebj1","Blackjack Soirée Gold 1","212","PT","live-casino","17","0","0","31","2026-02-11 18:19:16","/externals/C66FM/img/_wms/_l/electronicgames/casino01/BlackjackSoireeGold1540x540.webp"
"bjl;bjl_italianobj1","Blackjack Italiano 1","212","PT","live-casino","17","0","0","24","2026-02-11 18:20:39","/externals/C66FM/img/_wms/_l/electronicgames/casino01/BlackjackItaliano1540x540.webp"
"bjl;bjl_grandbjl","Grand Blackjack","212","PT","live-casino","17","0","0","35","2026-02-13 17:41:37","/externals/C66FM/img/_wms/_l/electronicgames/casino01/GrandBlackjack540x540.webp"
"bjl;bjl_deutschbj","Deutsches Blackjack","212","PT","live-casino","17","0","0","24","2026-02-11 18:17:23","/externals/C66FM/img/_wms/_l/electronicgames/casino01/DeutschesBlackjack540x540.webp"
"bjl;bjl_colombiabj","Colombia Blackjack","212","PT","live-casino","17","0","0","26","2026-02-11 18:17:51","/externals/C66FM/img/_wms/_l/electronicgames/casino01/ColombiaBlackjack540x540.webp"
"bjl;bjl_blackjackitalianovip","Blackjack Italiano Vip","212","PT","live-casino","17","0","0","55","2026-02-11 18:20:10","/externals/C66FM/img/_wms/_l/electronicgames/casino01/BlackjackItalianoVIP540x540.webp"
"abwlbl;abwlbl_abwlbl","Wonderland Lucky Ball","212","PT","lottery","12","0","0","837","2026-04-23 10:14:38","/externals/C66FM/img/_wms/_l/electronicgames/loteria/Wonderland-Lucky-Ball001.gif"
"abwl;abwl_wonderland","Adventure Beyond Wonderland Live","212","PT","live-casino","17","0","0","3503","2026-03-31 17:55:34","/externals/C66FM/img/_wms/_l/electronicgames/casino01/AdventureBeyondWonderlandLive540x540.webp"
"gpas_bbld_pop","Bing Bing Lil Demon™","212","PT","slot","5","0","0","52","2026-06-30 10:27:12","/externals/C66FM/img/_wms/_l/electronicgames/pp522/bingbinglildemon_540.webp"
"gpas_cish_pop","Circuit Shock","212","PT","slot","5","0","0","95","2025-04-07 00:00:00","/externals/C66FM/img/_wms/_l/electronicgames/pt319/Circuit_shock_540.webp"
"gpas_ccsahara_pop","Sahara Riches Cash Collect","212","PT","slot","5","0","0","220","2025-04-07 00:00:00","/externals/C66FM/img/_wms/_l/electronicgames/pt319/Sahara_riches_cash_collect_540.webp"
"gpas_ccluck_pop","Leprechaun's Luck: Cash Collect","212","PT","slot","5","0","0","202","2025-04-07 00:00:00","/externals/C66FM/img/_wms/_l/electronicgames/pt319/Leprechauns_luck_cash_collect_540.webp"
"gpas_bwizard_pop","Fire Blaze: Blue Wizard","212","PT","slot","5","0","0","98","2025-04-07 00:00:00","/externals/C66FM/img/_wms/_l/electronicgames/pt319/Fire_blaze_blue_wizard_540.webp"
"gpas_blitziw_pop","Blitz Scratch","212","PT","lottery","12","0","0","187","2026-04-24 13:51:34","/externals/C66FM/img/_wms/_l/electronicgames/pp522/Blitz-Scratch_540x540.webp"
"gpas_bebandit_pop","Bulls Eye Bandits","212","PT","slot","5","0","0","547","2025-05-20 00:00:00","/externals/C66FM/img/_wms/_l/electronicgames/527/Bulls_eye_bandits_540.webp"
"gpas_bcircus_pop","Mega Fire Blaze: Big Circus!","212","PT","slot","5","0","0","205","2025-09-09 11:00:00","/externals/C66FM/img/_wms/_l/electronicgames/BP/Mega_Fire_Blaze_Big_Circus!_540.webp"
"gpas_bblitz2_pop","Buffalo Blitz II","212","PT","slot","5","0","0","1284","2025-09-09 11:00:00","/externals/C66FM/img/_wms/_l/electronicgames/BP/Buffalo_Blitz_II_540.webp"
"1_119","Dragon'S Legacy","103","TPG","slot","5","0","0","2047","2025-07-23 13:16:12","/externals/C66FM/img/_wms/_l/electronicgames/pp522/Dragons_Legacy_540.webp"
"gpas_awildiw_pop","Anaconda Wild Scratch","212","PT","lottery","12","0","0","185","2026-04-24 11:49:20","/externals/C66FM/img/_wms/_l/electronicgames/loteria/playtech-Anaconda-Wild-Scratch_540x540.gif"
"gpas_aogiw_pop","Age of the Gods Scratch","212","PT","lottery","12","0","0","209","2026-04-24 11:49:35","/externals/C66FM/img/_wms/_l/electronicgames/loteria/playtech-Age-of-the-Gods-Scratch_540x540.gif"
"gpas_alohacc_pop","Alohawaii: Cash Collect","212","PT","slot","5","0","0","379","2025-09-09 11:00:00","/externals/C66FM/img/_wms/_l/electronicgames/BP/Alohawaii_Cash_Collect_540.webp"
"frofl;rofl_livefootballroulette","Football French Roulette","212","PT","live-casino","17","0","0","30","2026-02-11 18:15:54","/externals/C66FM/img/_wms/_l/electronicgames/casino01/FootballFrenchRoulette540x540.webp"
"fbrol;fbrol_fireblazerol","Mega Fire Blaze Roulette Live","212","PT","live-casino","17","0","0","312","2026-03-31 18:08:06","/externals/C66FM/img/_wms/_l/electronicgames/casino01/MegaFireBlazeRouletteLive540x540.webp"
"fbbl;fbbl_luckyballbr","Mega Fire Blaze Lucky Ball Brasileiro","212","PT","bingo","21","0","0","150","2026-03-26 17:29:44","/externals/C66FM/img/_wms/_l/electronicgames/pt319/Mega_fire_blaze_lucky_ball_brasiliero_540.webp"
"fbbjl;fbbjl_fireblazebj","Mega Fire Blaze Blackjack Live","212","PT","live-casino","17","0","0","202","2026-02-11 18:11:29","/externals/C66FM/img/_wms/_l/electronicgames/casino01/MegaFireBlazeBlackjackLive540x540.webp"
"dtl;dtl_dragontiger","Dragon Tiger","212","PT","live-casino","17","0","0","102","2026-02-11 18:16:19","/externals/C66FM/img/_wms/_l/electronicgames/casino01/DragonTiger540x540.webp"
"vs20swbon2500","Sweet Bonanza 2500","199","PP","slot","5","0","0","9019","2026-04-26 00:14:26","/externals/C66FM/img/_wms/_l/electronicgames/BDF331/AniSweet2500.webp"
"GoldVaultRo00001","Gold Vault Roulette","108","EVOLUTION","live-casino","17","0","0","176","2026-02-11 19:56:05","/externals/C66FM/img/_wms/_l/electronicgames/casino01/GoldVaultRoulette540x540.webp"
"IceFishing000001","Ice Fishing","108","EVOLUTION","live-casino","17","0","0","1306","2026-04-17 11:27:05","/externals/C66FM/img/_wms/_l/electronicgames/pp522/icefishing540.webp"
"InstantSSB000001","Speed Super Sic Bo","108","EVOLUTION","live-casino","17","0","0","199","2026-02-11 19:27:16","/externals/C66FM/img/_wms/_l/electronicgames/casino01/SpeedSuperSicBo540x540.webp"
"vs50grghsts","Great Ghosts!","199","PP","slot","5","0","0","1479","2026-05-06 11:26:03","/externals/C66FM/img/_wms/_l/electronicgames/pp522/GreatGhost540.webp"
"LightningDT00001","Lightning Dragon Tiger","108","EVOLUTION","live-casino","17","0","0","519","2026-02-11 19:31:23","/externals/C66FM/img/_wms/_l/electronicgames/casino01/LightningDragonTiger540x540.webp"
"lightningsb00001","Lightning Sic Bo","108","EVOLUTION","live-casino","17","0","0","184","2026-02-11 19:47:00","/externals/C66FM/img/_wms/_l/electronicgames/casino01/LightningSicBo540x540.webp"
"LightningStorm01","Lightning Storm","108","EVOLUTION","live-casino","17","0","0","7494","2026-03-31 18:06:00","/externals/C66FM/img/_wms/_l/electronicgames/casino01/LightningStorm540x540.webp"
"vs20wraanu","Fury Of Anubis","199","PP","slot","5","0","0","1152","2026-06-25 15:14:04","/externals/C66FM/img/_wms/_l/electronicgames/pp522/FuryofAnubis540x540.webp"
"vs20swbonsup","Sweet Bonanza Super Scatter","199","PP","slot","5","0","0","9851","2025-11-13 15:12:52","/externals/C66FM/img/_wms/_l/electronicgames/Y123/Sweet_bonanza_super_scatter_540.webp"
"ESpeedBJ00000011","Evo Speed Blackjack 11","108","EVOLUTION","live-casino","17","0","0","35","2026-02-11 19:51:39","/externals/C66FM/img/_wms/_l/electronicgames/casino01/EvoSpeedBlackjack11540x540.webp"
"vs20sugrushss","Sugar Rush Super Scatter","199","PP","slot","5","0","0","9548","2026-04-27 10:32:36","/externals/C66FM/img/_wms/_l/electronicgames/pp522/SugarRushSuperScatter540.webp"
"PeryaRo000000001","Perya Roulette","108","EVOLUTION","live-casino","17","0","0","205","2025-12-23 16:38:40","/externals/C66FM/img/_wms/_l/electronicgames/pp522/perya_roulette540.webp"
"PTBaccarat000001","Prosperity Tree Baccarat","108","EVOLUTION","live-casino","17","0","0","257","2026-02-11 20:00:58","/externals/C66FM/img/_wms/_l/electronicgames/casino01/ProsperityTreeBaccarat540x540.webp"
"vs20starprss","Starlight Princess Super Scatter","199","PP","slot","5","0","0","6859","2026-03-25 18:38:46","/externals/C66FM/img/_wms/_l/electronicgames/pp522/Starlight_princess_super_scatter_540.webp"
"RedDoorRoulette1","Red Door Roulette","108","EVOLUTION","live-casino","17","0","0","752","2026-02-11 19:42:37","/externals/C66FM/img/_wms/_l/electronicgames/casino01/RedDoorRoulette540x540.webp"
"rng-dreamcatcher","First Person Dream Catcher","108","EVOLUTION","live-casino","8","0","0","1475","2025-12-02 11:37:12","/externals/C66FM/img/_wms/_l/electronicgames/casino01/FirstPersonDreamCatcher540x540.webp"
"rng-gwbaccarat00","First Person Golden Wealth Baccarat","108","EVOLUTION","live-casino","17","0","0","328","2026-02-11 19:41:40","/externals/C66FM/img/_wms/_l/electronicgames/casino01/FirstPersonGoldenWealthBaccarat540x540.webp"
"rng-lbaccarat000","First Person Lightning Baccarat","108","EVOLUTION","live-casino","17","0","0","580","2026-02-11 20:04:23","/externals/C66FM/img/_wms/_l/electronicgames/casino01/FirstPersonLightningBaccarat540x540.webp"
"ESpeedBJ00000002","Evo Speed Blackjack 2","108","EVOLUTION","live-casino","17","0","0","22","2026-02-11 19:34:13","/externals/C66FM/img/_wms/_l/electronicgames/casino01/EvoSpeedBlackjack2540x540.webp"
"BalloonRace00001","Live balloon race","108","EVOLUTION","lottery","12","0","0","141","2026-04-24 13:56:19","/externals/C66FM/img/_wms/_l/electronicgames/casino01/BalloonRace540x540.webp"
"21","Legendary Gladiator","200","FTG","slot","5","0","0","41","2025-05-14 00:00:00","/externals/C66FM/img/_wms/_l/electronicgames/FTG/Legendary_gladiator_540.webp"
"BonsaiBacc000001","Bonsai Speed Baccarat A","108","EVOLUTION","live-casino","17","0","0","176","2026-02-11 19:49:46","/externals/C66FM/img/_wms/_l/electronicgames/casino01/BonsaiBaccaratA540x540.webp"
"13","Invincible Expedition","200","FTG","slot","5","0","0","59","2025-05-14 00:00:00","/externals/C66FM/img/_wms/_l/electronicgames/FTG/Invincible_expedition_540.webp"
"BonsaiBacc000002","Bonsai Speed Baccarat B","108","EVOLUTION","live-casino","17","0","0","317","2026-02-11 19:55:29","/externals/C66FM/img/_wms/_l/electronicgames/casino01/SpeedBaccaratB540x540.webp"
"BonsaiBacc000003","Bonsai Speed Baccarat C","108","EVOLUTION","live-casino","17","0","0","136","2026-02-11 19:42:55","/externals/C66FM/img/_wms/_l/electronicgames/casino01/BonsaiBaccaratC540x540.webp"
"CrazyPachinko001","Crazy Pachinko","108","EVOLUTION","slot","5","0","0","261","2025-05-22 17:29:31","/externals/C66FM/img/_wms/_l/electronicgames/casino01/CrazyPachinko540x540.webp"
"easybj0000000001","Easy Blackjack","108","EVOLUTION","live-casino","17","0","0","3","2026-06-19 18:21:59","/externals/C66FM/img/_wms/_l/electronicgames/pp522/EasyBlackjacklive540x540.webp"
"ESpeedBJ00000001","Evo Speed Blackjack 1","108","EVOLUTION","live-casino","17","0","0","32","2026-02-11 19:26:30","/externals/C66FM/img/_wms/_l/electronicgames/casino01/EvoSpeedBlackjack1540x540.webp"
"rng-ptbaccarat01","First Person Prosperity Tree Baccarat","108","EVOLUTION","live-casino","17","0","0","81","2026-02-11 19:38:15","/externals/C66FM/img/_wms/_l/electronicgames/casino01/FirstPersonProsperityTreeBaccarat540x540.webp"
"vswaysmwss","Mahjong Wins Super Scatter","199","PP","slot","5","0","0","14333","2025-07-23 13:14:54","/externals/C66FM/img/_wms/_l/electronicgames/pp522/Mahjong_wins_super_scatter_540.webp"
"201052","Summer Card","207","HACKSAW","lottery","12","0","0","17","2026-04-24 14:02:02","/externals/C66FM/img/_wms/_l/electronicgames/pp522/SummerCard_540x540.webp"
"ESpeedBJ00000004","Evo Speed Blackjack 4","108","EVOLUTION","live-casino","17","0","0","23","2026-02-11 19:55:12","/externals/C66FM/img/_wms/_l/electronicgames/casino01/EvoSpeedBlackjack4540x540.webp"
"ESpeedBJ00000005","Evo Speed Blackjack 5","108","EVOLUTION","live-casino","17","0","0","30","2026-02-11 20:00:41","/externals/C66FM/img/_wms/_l/electronicgames/casino01/EvoSpeedBlackjack5540x540.webp"
"ESpeedBJ00000006","Evo Speed Blackjack 6","108","EVOLUTION","live-casino","17","0","0","19","2026-02-11 19:34:38","/externals/C66FM/img/_wms/_l/electronicgames/casino01/EvoSpeedBlackjack6540x540.webp"
"ESpeedBJ00000007","Evo Speed Blackjack 7","108","EVOLUTION","live-casino","17","0","0","22","2026-02-11 19:55:46","/externals/C66FM/img/_wms/_l/electronicgames/casino01/EvoSpeedBlackjack7540x540.webp"
"vswaysfortsup","Fortune Ace Super Scatter","199","PP","slot","5","0","0","7140","2025-11-28 18:11:18","/externals/C66FM/img/_wms/_l/electronicgames/pp522/Fortune_cce_super_scatter_540.webp"
"ESpeedBJ00000010","Evo Speed Blackjack 10","108","EVOLUTION","live-casino","17","0","0","14","2026-02-11 19:54:16","/externals/C66FM/img/_wms/_l/electronicgames/casino01/EvoSpeedBlackjack10540x540.webp"
"vs20earthquake","Cyclops Smash","199","PP","slot","5","0","0","176","2025-09-04 09:43:16","/externals/C66FM/img/_wms/_l/electronicgames/BP/Cyclops_smash_540.webp"
"vs20honey","Honey Honey Honey","199","PP","slot","5","0","0","161","2025-09-04 09:43:16","/externals/C66FM/img/_wms/_l/electronicgames/BP/Honey_honey_honey_540.webp"
"vs20gtsofhades","Gates Of Hades","199","PP","slot","5","0","0","6839","2025-06-02 13:53:51","/externals/C66FM/img/_wms/_l/electronicgames/pp522/Gates_of_Hades_540.webp"
"Supercolorgame02","Perya Super Color Game","108","EVOLUTION","arcade","30","0","0","1584","2026-04-01 09:28:47","/externals/C66FM/img/_wms/_l/electronicgames/pp522/PSCGL540x540.webp"
"topz1m7k4sdddx5q","Perya Classic Blackjack5","108","EVOLUTION","live-casino","17","0","0","50","2025-08-15 10:31:45","/externals/C66FM/img/_wms/_l/electronicgames/pp522/Blackjack5_540.webp"
"toxa8f2w0jdddr9c","Perya Classic Blackjack9","108","EVOLUTION","live-casino","17","0","0","53","2025-08-15 10:31:45","/externals/C66FM/img/_wms/_l/electronicgames/pp522/Blackjack9_540.webp"
"toxj6x8f2qdddk7a","Perya Classic Blackjack7","108","EVOLUTION","live-casino","17","0","0","30","2025-08-15 10:31:45","/externals/C66FM/img/_wms/_l/electronicgames/pp522/Blackjack7_540hu.webp"
"toxk4m9q7xddd2a8","Perya Classic Blackjack8","108","EVOLUTION","live-casino","17","0","0","39","2025-08-15 10:31:45","/externals/C66FM/img/_wms/_l/electronicgames/pp522/Blackjack8_540.webp"
"toxp9w3a6tdddn6m","Perya Classic Blackjack6","108","EVOLUTION","live-casino","17","0","0","27","2025-08-15 10:31:45","/externals/C66FM/img/_wms/_l/electronicgames/pp522/Blackjack6_540.webp"
"vs20emptybank","Empty the Bank","199","PP","slot","5","0","0","189","2025-09-04 09:43:16","/externals/C66FM/img/_wms/_l/electronicgames/BP/Empty_the_bank_540.webp"
"sbjfunfun2100001","Infinite Fun Fun 21 Blackjack","108","EVOLUTION","live-casino","17","0","0","49","2026-02-11 19:48:35","/externals/C66FM/img/_wms/_l/electronicgames/casino01/InfiniteFunFun21Blackjack540x540.webp"
"tpc0fjr7xwdddq9c","PD Classic Blackjack 3","108","EVOLUTION","live-casino","17","0","0","202","2026-02-02 10:38:58","/externals/C66FM/img/_wms/_l/electronicgames/pp522/Classic_blackjack_3_540.webp"
"tpc4727ijhddd7p2","PD Classic Blackjack 1","108","EVOLUTION","live-casino","17","0","0","143","2026-02-02 10:38:58","/externals/C66FM/img/_wms/_l/electronicgames/pp522/Classic_blackjack_1_540.webp"
"tpc8m4zqk9ddd2a7","PD Classic Blackjack 2","108","EVOLUTION","live-casino","17","0","0","110","2026-02-02 10:38:58","/externals/C66FM/img/_wms/_l/electronicgames/pp522/Classic_blackjack_2_540.webp"
"tpcl9s2a5uddd84m","PD Classic Blackjack 4","108","EVOLUTION","live-casino","17","0","0","124","2026-02-02 10:38:58","/externals/C66FM/img/_wms/_l/electronicgames/pp522/Classic_blackjack_4_540.webp"
"vs20daydead","Day of Dead","199","PP","slot","5","0","0","184","2025-09-04 09:43:16","/externals/C66FM/img/_wms/_l/electronicgames/BP/Day_of_dead_540.webp"
"tupnutjlkglabsm7","Race Track","108","EVOLUTION","arcade","30","0","0","273","2026-04-01 09:28:00","/externals/C66FM/img/_wms/_l/electronicgames/pp522/RaceTrackLOGO540.webp"
"tzx7z0xq9mqqq4ri","Perya Speed Baccarat9","108","EVOLUTION","live-casino","17","0","0","118","2025-08-15 10:31:45","/externals/C66FM/img/_wms/_l/electronicgames/pp522/Perya_speed_baccarat_9_540.webp"
"vs20clustcol","Sweet Kingdom","199","PP","slot","5","0","0","619","2025-09-04 09:43:16","/externals/C66FM/img/_wms/_l/electronicgames/BP/Sweet_kingdom_540.webp"
"SalPrivBac000013","Salon Privé Baccarat M Private Salon Baccarat M","108","EVOLUTION","live-casino","17","0","0","40","2026-02-11 20:01:59","/externals/C66FM/img/_wms/_l/electronicgames/casino01/SalonPrivBaccaratM540x540.webp"
"vs20powerwild","Mystery Mice","199","PP","slot","5","0","0","228","2025-09-04 09:43:16","/externals/C66FM/img/_wms/_l/electronicgames/BP/Mystery_mice_540.webp"
"rng-rt-american0","First Person American Roulette","108","EVOLUTION","live-casino","17","0","0","124","2026-02-11 19:48:51","/externals/C66FM/img/_wms/_l/electronicgames/casino01/FirstPersonAmericanRoulette540x540.webp"
"rng-rt-lightning","First Person Lightning Roulette","108","EVOLUTION","live-casino","17","0","0","650","2026-02-11 19:59:13","/externals/C66FM/img/_wms/_l/electronicgames/casino01/FirstPersonLightningRoulette540x540.webp"
"rng-rt-xxxtreme1","First person XXXtreme Lightning Roulette","108","EVOLUTION","live-casino","17","0","0","137","2026-02-11 19:46:15","/externals/C66FM/img/_wms/_l/electronicgames/casino01/FirstpersonXXXtremeLightningRoulette540x540.webp"
"vs20payanyvol","Jelly Express","199","PP","slot","5","0","0","3360","2026-04-21 19:08:30","/externals/C66FM/img/_wms/_l/electronicgames/pp522/jellyexpress540.webp"
"rngXXXtremeLB001","First Person XXXtreme Lightning Baccarat","108","EVOLUTION","live-casino","17","0","0","174","2026-02-11 19:53:57","/externals/C66FM/img/_wms/_l/electronicgames/casino01/FirstPersonXXXtremeLightningBaccarat540x540.webp"
"SalPrivBac000011","Salon Privé Baccarat K Baccarat K Private Living Room","108","EVOLUTION","live-casino","17","0","0","202","2026-02-11 20:02:17","/externals/C66FM/img/_wms/_l/electronicgames/casino01/SalonPrivBaccaratK540x540.webp"
"SalPrivBac000012","Salon Privé Baccarat L Private Salon Baccarat L","108","EVOLUTION","live-casino","17","0","0","166","2026-02-11 16:54:41","/externals/C66FM/img/_wms/_l/electronicgames/casino01/SalonPrivBaccaratL540x540.webp"
"ESpeedBJ00000003","Evo Speed Blackjack 3","108","EVOLUTION","live-casino","17","0","0","23","2026-02-11 19:48:20","/externals/C66FM/img/_wms/_l/electronicgames/casino01/EvoSpeedBlackjack3540x540.webp"
"SalPrivBac000014","Salon Privé Baccarat N Baccarat N Private Lounge","108","EVOLUTION","live-casino","17","0","0","54","2026-02-11 19:50:02","/externals/C66FM/img/_wms/_l/electronicgames/casino01/SalonPrivéBaccaratN540x540n1.webp"
"SalPrivBJ0000011","Salon Privé Blackjack K Private Living Room Blackjack K","108","EVOLUTION","live-casino","17","0","0","13","2026-02-11 19:39:45","/externals/C66FM/img/_wms/_l/electronicgames/casino01/SalonPrivéBlackjackK540x540n1.webp"
"SalPrivBJ0000012","Salon Privé Blackjack L Private Living Room Blackjack L","108","EVOLUTION","live-casino","17","0","0","10","2026-02-11 19:52:08","/externals/C66FM/img/_wms/_l/electronicgames/casino01/SalonPrivéBlackjackL540x540n1.webp"
"vs20mparty","Wild Hop & Drop","199","PP","slot","5","0","0","241","2025-09-04 09:43:16","/externals/C66FM/img/_wms/_l/electronicgames/BP/Wild_hop_and_drop_540.webp"
"SalPrivBJ0000013","Salon Privé Blackjack M Private Living Room Blackjack M","108","EVOLUTION","live-casino","17","0","0","5","2026-02-11 19:52:08","/externals/C66FM/img/_wms/_l/electronicgames/casino01/SalonPrivéBlackjackM540x540n1.webp"
"vs20mesmult","Yeti Quest","199","PP","slot","5","0","0","194","2025-09-04 09:43:16","/externals/C66FM/img/_wms/_l/electronicgames/BP/Yeti_quest_540.webp"
"vs20magicpot","The Magic Cauldron – Enchanted Brew","199","PP","slot","5","0","0","236","2025-09-04 09:43:16","/externals/C66FM/img/_wms/_l/electronicgames/BP/The_magic_cauldron_enchanted_brew_540.webp"
"SalPrivBJ0000014","Salon Privé Blackjack N Private Living Room Blackjack N","108","EVOLUTION","live-casino","17","0","0","12","2026-02-11 19:52:08","/externals/C66FM/img/_wms/_l/electronicgames/casino01/SalonPrivéBlackjackN540x540n1.webp"
"201008","Card Big","207","HACKSAW","lottery","12","0","0","50","2026-04-24 13:59:40","/externals/C66FM/img/_wms/_l/electronicgames/pp522/CardBig_540x540.webp"
"201026","Cash Vault I","207","HACKSAW","lottery","12","0","0","17","2026-04-24 14:05:38","/externals/C66FM/img/_wms/_l/electronicgames/pp522/CashVaultI_540x540.webp"
"201020","Lucky Shot","207","HACKSAW","lottery","12","0","0","23","2026-04-24 14:07:25","/externals/C66FM/img/_wms/_l/electronicgames/pp522/LuckyShot_540x540.webp"
"201019","Diamond Rush","207","HACKSAW","lottery","12","0","0","25","2026-04-24 14:07:15","/externals/C66FM/img/_wms/_l/electronicgames/pp522/DiamondRush_540x540.webp"
"201018","Ruby Rush","207","HACKSAW","lottery","12","0","0","24","2026-04-24 14:06:55","/externals/C66FM/img/_wms/_l/electronicgames/pp522/RubyRush_540x540.webp"
"201013","Lucky Card","207","HACKSAW","lottery","12","0","0","135","2026-04-24 11:52:06","/externals/C66FM/img/_wms/_l/electronicgames/pp522/LuckyCard_540x540.webp"
"201012","Happy Card","207","HACKSAW","lottery","12","0","0","60","2026-04-24 11:51:53","/externals/C66FM/img/_wms/_l/electronicgames/pp522/HappyCard_540x540.webp"
"201011","Prince Treasure","207","HACKSAW","lottery","12","0","0","115","2026-04-24 11:51:42","/externals/C66FM/img/_wms/_l/electronicgames/pp522/PrinceTreasure_540x540.webp"
"201010","Queen Treasure","207","HACKSAW","lottery","12","0","0","26","2026-04-24 14:06:38","/externals/C66FM/img/_wms/_l/electronicgames/pp522/QueenTreasure_540x540.webp"
"201009","King Treasure","207","HACKSAW","lottery","12","0","0","30","2026-04-24 14:06:18","/externals/C66FM/img/_wms/_l/electronicgames/pp522/KingTreasure_540x540.webp"
"201027","Cash Vault II","207","HACKSAW","lottery","12","0","0","20","2026-04-24 14:05:50","/externals/C66FM/img/_wms/_l/electronicgames/pp522/CashVaultII_540x540.webp"
"201007","Card","207","HACKSAW","lottery","12","0","0","46","2026-04-24 13:58:42","/externals/C66FM/img/_wms/_l/electronicgames/pp522/Card_540x540.webp"
"201006","Card Mini","207","HACKSAW","lottery","12","0","0","85","2026-04-24 13:57:57","/externals/C66FM/img/_wms/_l/electronicgames/pp522/CardMini_540x540.webp"
"201005","Express 200 Card","207","HACKSAW","lottery","12","0","0","20","2026-04-24 14:03:03","/externals/C66FM/img/_wms/_l/electronicgames/pp522/Express200Card_540x540.webp"
"201004","Card! Bronze","207","HACKSAW","lottery","12","0","0","30","2026-04-24 14:01:02","/externals/C66FM/img/_wms/_l/electronicgames/pp522/CardBronze_540x540.webp"
"201003","Card! Silver","207","HACKSAW","lottery","12","0","0","21","2026-04-24 14:01:16","/externals/C66FM/img/_wms/_l/electronicgames/pp522/CardSilver_540x540.webp"
"201002","Card! Gold","207","HACKSAW","lottery","12","0","0","23","2026-04-24 14:02:15","/externals/C66FM/img/_wms/_l/electronicgames/pp522/CardGold_540x540.webp"
"201001","Card! Platinum","207","HACKSAW","lottery","12","0","0","31","2026-04-24 14:02:38","/externals/C66FM/img/_wms/_l/electronicgames/pp522/CardPlatinum_540x540.webp"
"plinko","Plinko","202","SPRIBE","live-casino","8","0","0","237","2025-08-13 09:53:34","/externals/C66FM/img/_wms/_l/electronicgames/spr/Plinko_540.webp"
"201042","Cash Card","207","HACKSAW","lottery","12","0","0","49","2026-04-08 16:37:24","/externals/C66FM/img/_wms/_l/electronicgames/pp522/CashCard_540x540.webp"
"201051","Stack 'em Card","207","HACKSAW","lottery","12","0","0","31","2026-04-24 13:59:57","/externals/C66FM/img/_wms/_l/electronicgames/pp522/StackemCard_540x540.webp"
"201050","Tiger Card","207","HACKSAW","lottery","12","0","0","37","2026-04-24 13:57:27","/externals/C66FM/img/_wms/_l/electronicgames/pp522/TigerCard_540x540.webp"
"201049","Snow Card","207","HACKSAW","lottery","12","0","0","20","2026-04-24 13:58:15","/externals/C66FM/img/_wms/_l/electronicgames/pp522/SnowCard_540x540.webp"
"201048","Spooky Scary Card","207","HACKSAW","lottery","12","0","0","16","2026-04-24 13:59:13","/externals/C66FM/img/_wms/_l/electronicgames/pp522/SpookyScaryCard_540x540.webp"
"201047","The Perfect Card","207","HACKSAW","lottery","12","0","0","16","2026-04-24 14:01:41","/externals/C66FM/img/_wms/_l/electronicgames/loteria/ThePerfectCard_540x540.png"
"201046","Football Card","207","HACKSAW","lottery","12","0","0","10","2026-04-24 14:00:35","/externals/C66FM/img/_wms/_l/electronicgames/pp522/FootballCard_540x540.webp"
"201045","Chaos Crew Card","207","HACKSAW","lottery","12","0","0","43","2026-04-24 11:52:39","/externals/C66FM/img/_wms/_l/electronicgames/pp522/ChaosCrewCard_540x540.webp"
"201044","Eggstra Cash","207","HACKSAW","lottery","12","0","0","12","2026-04-24 14:03:19","/externals/C66FM/img/_wms/_l/electronicgames/pp522/EggstraCash_540x540.webp"
"always9baccarat1","Always 9 Baccarat","108","EVOLUTION","live-casino","17","0","0","116","2026-05-06 13:51:58","/externals/C66FM/img/_wms/_l/electronicgames/pp522/Always9Baccarat540x540.webp"
"201041","Cash Pool","207","HACKSAW","lottery","12","0","0","16","2026-04-24 14:03:46","/externals/C66FM/img/_wms/_l/electronicgames/pp522/CashPool_540x540.webp"
"201039","Crazy Donuts","207","HACKSAW","lottery","12","0","0","20","2026-04-24 14:04:06","/externals/C66FM/img/_wms/_l/electronicgames/pp522/CrazyDonuts_540x540.webp"
"201038","Balloons","207","HACKSAW","lottery","12","0","0","15","2026-04-24 14:04:23","/externals/C66FM/img/_wms/_l/electronicgames/pp522/Balloons_540x540.webp"
"201037","Rat Riches","207","HACKSAW","lottery","12","0","0","16","2026-04-24 14:04:43","/externals/C66FM/img/_wms/_l/electronicgames/pp522/RatRiches_540x540.webp"
"201035","Frogs Card","207","HACKSAW","lottery","12","0","0","28","2026-04-24 14:00:16","/externals/C66FM/img/_wms/_l/electronicgames/pp522/FrogsCard_540x540.webp"
"201034","Gold Coins","207","HACKSAW","lottery","12","0","0","34","2026-04-24 14:05:00","/externals/C66FM/img/_wms/_l/electronicgames/pp522/GoldCoins_540x540.webp"
"201033","Break The Ice","207","HACKSAW","lottery","12","0","0","14","2026-04-24 14:05:20","/externals/C66FM/img/_wms/_l/electronicgames/pp522/BreaktheIce_540x540.webp"
"201030","Card’em","207","HACKSAW","lottery","12","0","0","21","2026-04-24 13:58:59","/externals/C66FM/img/_wms/_l/electronicgames/pp522/Card’em_540x540.webp"
"9_9024","Piggy Bank Taptap","104","JDB","live-casino","8","0","0","1361","2026-04-08 18:02:34","/externals/C66FM/img/_wms/_l/electronicgames/fishing260630/jdb_piggy_bank_taptap_gameid9_9024_en_540.webp"
"mini-roulette","Mini Roulette","202","SPRIBE","live-casino","17","0","0","59","2026-04-23 15:46:29","/externals/C66FM/img/_wms/_l/electronicgames/casino01/SPRIBEMiniRoulette540x540.webp"
"aviator","Aviator","202","SPRIBE","live-casino","8","0","0","7125","2026-04-10 14:02:31","/externals/C66FM/img/_wms/_l/electronicgames/fishing260703/spribe_aviator_gameIDaviator_us_540.webp"
"7_7008","Fighter Fire","104","JDB","live-casino","8","0","0","591","2025-08-07 11:14:07","/externals/C66FM/img/_wms/_l/electronicgames/JDB/Fighter_fire_540.webp"
"47","Magnificent Thief","200","FTG","slot","5","0","0","254","2025-08-11 15:42:31","/externals/C66FM/img/_wms/_l/electronicgames/FTG/Magnificent_thief_540.webp"
"46","Tomb Adventure","200","FTG","slot","5","0","0","89","2025-05-14 00:00:00","/externals/C66FM/img/_wms/_l/electronicgames/FTG/Tomb_adventure_540.webp"
"9_9013","Galaxy Burst","104","JDB","live-casino","8","0","0","254","2025-12-04 13:35:07","/externals/C66FM/img/_wms/_l/electronicgames/pl220/Galaxy_burst_540.webp"
"9_9015","Firework Burst","104","JDB","live-casino","8","0","0","880","2025-08-08 13:39:33","/externals/C66FM/img/_wms/_l/electronicgames/pl220/Firework_burst_540.webp"
"9_9017","HILO","104","JDB","live-casino","8","0","0","528","2025-12-01 13:54:49","/externals/C66FM/img/_wms/_l/electronicgames/pl220/Hilo_540.webp"
"9_9019","Dice","104","JDB","live-casino","8","0","0","167","2025-05-22 17:36:47","/externals/C66FM/img/_wms/_l/electronicgames/JDB/Dice_540.webp"
"39","Giant King Kong","200","FTG","slot","5","0","0","42","2025-05-14 00:00:00","/externals/C66FM/img/_wms/_l/electronicgames/FTG/Giant_king_kong_540.webp"
"9_9021","MINES 2","104","JDB","live-casino","8","0","0","3799","2025-12-02 14:24:19","/externals/C66FM/img/_wms/_l/electronicgames/JDB/Mines_2_540.webp"
"35","School of Witchcraft","200","FTG","slot","5","0","0","34","2025-05-14 00:00:00","/externals/C66FM/img/_wms/_l/electronicgames/FTG/School_of_witchraft_540.webp"
"310","Coin Touch","200","FTG","live-casino","8","0","0","335","2026-04-24 10:12:11","/externals/C66FM/img/_wms/_l/electronicgames/pp522/CoinTouch_540_540.webp"
"balloon","Balloon","202","SPRIBE","live-casino","8","0","0","98","2025-08-13 09:52:14","/externals/C66FM/img/_wms/_l/electronicgames/spr/Balloon_540.webp"
"297","Hand Of Fate","200","FTG","live-casino","8","0","0","342","2026-03-13 17:16:50","/externals/C66FM/img/_wms/_l/electronicgames/BP/Hand_Of_Fate_540x540.webp"
"293","Space War","200","FTG","live-casino","8","0","0","200","2026-03-30 11:16:29","/externals/C66FM/img/_wms/_l/electronicgames/pp522/SpaceWar_540_540.webp"
"292","Fortune Koi","200","FTG","slot","5","0","0","130","2025-05-14 00:00:00","/externals/C66FM/img/_wms/_l/electronicgames/FTG/Fortune_koi_540.webp"
"9_9104","Para Po","104","JDB","live-casino","8","0","0","933","2026-04-15 20:20:35","/externals/C66FM/img/_wms/_l/electronicgames/fishing0326/9104_Icon.gif"
"288","Money machine","200","FTG","slot","5","0","0","281","2025-05-14 00:00:00","/externals/C66FM/img/_wms/_l/electronicgames/FTG/Money_machine_540.webp"
"275","Dancing Drums","200","FTG","slot","5","0","0","87","2025-05-14 00:00:00","/externals/C66FM/img/_wms/_l/electronicgames/FTG/Dancing_drums_540.webp"
"270","786 SLOT","200","FTG","slot","5","0","0","207","2025-05-14 00:00:00","/externals/C66FM/img/_wms/_l/electronicgames/FTG/786_slot_540.webp"
"268","JP Mahjong","200","FTG","slot","5","0","0","314","2025-05-14 00:00:00","/externals/C66FM/img/_wms/_l/electronicgames/FTG/Jp_mahjong_540.webp"
"774SuperSpeedBac","Super Speed Baccarat","108","EVOLUTION","live-casino","17","0","0","919","2026-02-13 17:27:47","/externals/C66FM/img/_wms/_l/electronicgames/casino01/SuperSpeedBaccarat540x540.webp"
"254","Dragon Gate Trial","200","FTG","slot","5","0","0","80","2025-05-14 00:00:00","/externals/C66FM/img/_wms/_l/electronicgames/FTG/Dragon_gate_trial_540.webp"
"Always8baccarat0","Always 8 Baccarat","108","EVOLUTION","live-casino","17","0","0","36","2026-05-06 13:51:58","/externals/C66FM/img/_wms/_l/electronicgames/pp522/Always8Baccarat540x540.webp"
"248","Ocean Palace Loot","200","FTG","live-casino","8","0","0","1638","2025-11-17 12:25:40","/externals/C66FM/img/_wms/_l/electronicgames/BP/Ocean_Palace_Loot_540x540.webp"
"mines","Mines","202","SPRIBE","live-casino","8","0","0","1032","2025-12-02 13:27:10","/externals/C66FM/img/_wms/_l/electronicgames/spr/Mines_540.webp"
"goal","Goal","202","SPRIBE","live-casino","8","0","0","1263","2025-08-13 09:53:12","/externals/C66FM/img/_wms/_l/electronicgames/spr/Goal_540.webp"
"dice","Dice","202","SPRIBE","live-casino","8","0","0","31","2025-08-13 09:53:43","/externals/C66FM/img/_wms/_l/electronicgames/spr/Dice_540.webp"
"hi-lo","Hi Lo","202","SPRIBE","live-casino","8","0","0","144","2025-08-13 09:52:51","/externals/C66FM/img/_wms/_l/electronicgames/spr/Hilo_540.webp"
"hotline","Hotline","202","SPRIBE","live-casino","8","0","0","28","2025-08-13 09:52:29","/externals/C66FM/img/_wms/_l/electronicgames/spr/Hotline_540.webp"
"keno","Keno","202","SPRIBE","lottery","12","0","0","30","2026-01-21 18:11:41","/externals/C66FM/img/_wms/_l/electronicgames/pp522/Keno_540x540.webp"
"StandAloneWheel","Wheel","221","GEMH","live-casino","8","0","0","101","2026-03-09 10:44:31","/externals/C66FM/img/_wms/_l/electronicgames/pp522/Wheel_540.webp"
"StandAloneVideoPoker","Video Poker","221","GEMH","live-casino","8","0","0","7","2025-08-06 16:18:50","/externals/C66FM/img/_wms/_l/electronicgames/pp522/Video_poker_540.webp"
"StandAlonePlinkoNE","Plinko Neon","221","GEMH","live-casino","8","0","0","29","2025-11-17 12:56:58","/externals/C66FM/img/_wms/_l/electronicgames/pp522/Plinko_neon_540.webp"
"StandAlonePlinkoGR","Plinko Gold Rush","221","GEMH","live-casino","8","0","0","48","2026-03-09 10:47:57","/externals/C66FM/img/_wms/_l/electronicgames/pp522/Plinko_gold_rush_540.webp"
"518","Circus Joker 4096","161","JILI","slot","5","0","0","6704","2025-08-15 13:44:22","/externals/C66FM/img/_wms/_l/electronicgames/pp522/Circus_joker_4096_540.webp"
"StandAlonePlinkoCL","Plinko Classic","221","GEMH","live-casino","8","0","0","33","2025-09-17 13:50:04","/externals/C66FM/img/_wms/_l/electronicgames/pp522/Plinko_classic_540.webp"
"StandAlonePlinko","Plinko","221","GEMH","live-casino","8","0","0","27","2025-08-06 14:34:58","/externals/C66FM/img/_wms/_l/electronicgames/pp522/Plinko_540.webp"
"StandAloneMinesRaider","Mines Raider","221","GEMH","live-casino","8","0","0","330","2026-03-09 11:04:06","/externals/C66FM/img/_wms/_l/electronicgames/pp522/Mines_raider_540.webp"
"1897678","Dragon's Treasure Quest","100","PG","slot","5","0","0","2896","2025-08-29 10:30:00","/externals/C66FM/img/_wms/_l/electronicgames/pp522/Dragons_treasure_quest_540.webp"
"StandAloneMinesNE","Mines Neon","221","GEMH","live-casino","8","0","0","400","2025-08-06 13:51:22","/externals/C66FM/img/_wms/_l/electronicgames/pp522/Mines_neon_540.webp"
"543","Money Coming 2","161","JILI","slot","5","0","0","4625","2025-08-29 10:28:15","/externals/C66FM/img/_wms/_l/electronicgames/pp522/Money_coming_2_540.webp"
"StandAloneMinesMA","Mines Maple","221","GEMH","live-casino","8","0","0","336","2026-01-06 13:50:25","/externals/C66FM/img/_wms/_l/electronicgames/pp522/Mines_maple_540.webp"
"StandAloneMines","Mines","221","GEMH","live-casino","8","0","0","447","2025-12-04 13:31:15","/externals/C66FM/img/_wms/_l/electronicgames/pp522/Mines_540.webp"
"StandAloneDice","Dice","221","GEMH","live-casino","8","0","0","19","2025-08-07 17:26:13","/externals/C66FM/img/_wms/_l/electronicgames/pp522/Dice_540.webp"
"StandAloneDiamonds","Diamonds","221","GEMH","live-casino","8","0","0","524","2025-08-06 15:55:55","/externals/C66FM/img/_wms/_l/electronicgames/pp522/Diamonds_540.webp"
"GO05","Onestick Fishing","073","CQ9","live-casino","8","0","0","325","2025-09-22 13:39:33","/externals/C66FM/img/_wms/_l/electronicgames/pp522/One_stick_fishing_540.webp"
"MultiPlayerCrash","Crash Meteor","221","GEMH","live-casino","8","0","0","29","2025-08-06 14:36:12","/externals/C66FM/img/_wms/_l/electronicgames/pp522/Crash_meteor_540.webp"
"StandAloneHiloCL","Hilo Classic","221","GEMH","live-casino","8","0","0","31","2025-08-06 15:51:36","/externals/C66FM/img/_wms/_l/electronicgames/pp522/Hilo_classic_540.webp"
"StandAloneHiloGR","Hilo Gold Rush","221","GEMH","live-casino","8","0","0","38","2025-08-13 10:02:37","/externals/C66FM/img/_wms/_l/electronicgames/pp522/Hilo_gold_rush_540.webp"
"7_7010","Dragon of Demons","104","JDB","live-casino","8","0","0","381","2025-12-02 14:29:31","/externals/C66FM/img/_wms/_l/electronicgames/pp522/Dragon_of_demons_540.webp"
"StandAloneHiloNE","Hilo Neon","221","GEMH","live-casino","8","0","0","21","2025-08-13 10:19:59","/externals/C66FM/img/_wms/_l/electronicgames/pp522/Hilo_neon_540.webp"
"StandAloneLimbo","Limbo","221","GEMH","live-casino","8","0","0","11","2025-08-06 14:39:35","/externals/C66FM/img/_wms/_l/electronicgames/pp522/Limbo_540.webp"
"StandAloneLimboCL","Limbo Classic","221","GEMH","live-casino","8","0","0","41","2025-11-17 12:07:54","/externals/C66FM/img/_wms/_l/electronicgames/pp522/Limbo_classic_540.webp"
"StandAloneLimboGR","Limbo Gold Rush","221","GEMH","live-casino","8","0","0","7","2025-08-08 13:29:11","/externals/C66FM/img/_wms/_l/electronicgames/pp522/Limbo_gold_rush_540.webp"
"StandAloneLimboNE","Limbo Neon","221","GEMH","live-casino","8","0","0","21","2025-08-07 17:41:31","/externals/C66FM/img/_wms/_l/electronicgames/pp522/Limbo_neon_540.webp"
"StandAloneLuckyHilo","Lucky Hilo","221","GEMH","live-casino","8","0","0","169","2026-03-09 10:44:11","/externals/C66FM/img/_wms/_l/electronicgames/pp522/Lucky_hilo_540.webp"
"StandAloneMinesCL","Mines Classic","221","GEMH","live-casino","8","0","0","414","2025-08-06 16:19:40","/externals/C66FM/img/_wms/_l/electronicgames/pp522/Mines_classic_540.webp"
"gpas_archer_pop","Archer","212","PT","slot","5","0","0","321","2025-09-19 16:51:51","/externals/C66FM/img/_wms/_l/electronicgames/PT/Archer_540x540.webp"
"gpas_scqueen_pop","Fire Blaze: Pharaoh's Daughter","212","PT","slot","5","0","0","1225","2025-10-10 17:40:44","/externals/C66FM/img/_wms/_l/electronicgames/BP/Fire_Blaze_Pharaoh's_Daughter_540.webp"
"gpas_squeen_pop","Fire Blaze: Sky Queen","212","PT","slot","5","0","0","506","2025-09-19 16:40:36","/externals/C66FM/img/_wms/_l/electronicgames/PT/Fire_blaze_sky_queen_540x540.webp"