id,name,provider,rank,categories,imageUrl,localImage
"1","Wild Bounty Showdown","","1","High Cash Rebate|Slots","https://cp-images.casinoplus.live/images/cpms/26-07/3034_135_h5_260701192658.webp","images/unknown__Wild_Bounty_Showdown__1.webp"
"2","Baccarat","","2","EVOCASHREBATE|Live|Slots","https://cp-images.casinoplus.live/images/cpms/26-05/gameImage_163408.webp","images/unknown__Baccarat__2.webp"
"3","Pula Puti","","3","Perya","https://cp-images.casinoplus.live/images/cpms/ebtdz/mobile/PulaPutiH5_v2.webp","images/unknown__Pula_Puti__3.webp"
"4","Color Game","","4","Perya|Slots","https://cp-images.casinoplus.live/images/cpms/ALL_GAME/166/colorgameH5.webp","images/unknown__Color_Game__4.webp"
"5","JJBX Gold","","5","Slot Machines","https://cp-images.casinoplus.live/images/cpms/ALL_GAME/170/osm15.webp","images/unknown__JJBX_Gold__5.webp"
"6","Super Ace","","6","High Cash Rebate|Slots","https://cp-images.casinoplus.live/images/cpms/26-07/3001_49_h5_260701190058.webp","images/unknown__Super_Ace__6.webp"
"7","Speed Baccarat A","EGS","7","EVOCASHREBATE|Live","https://cp-images.casinoplus.live/images/cpms/egs/mobile/evo1.webp","images/EGS__Speed_Baccarat_A__7.webp"
"8","Bathala","","8","High Cash Rebate|Slots","https://cp-images.casinoplus.live/images/cpms/26-07/3033_6005_h5_260701203624.webp","images/unknown__Bathala__8.webp"
"9","Crazy Time","EGS","9","Perya","https://cp-images.casinoplus.live/images/cpms/egs/mobile/CrazyTime0000001.webp","images/EGS__Crazy_Time__9.webp"
"10","Drop Ball","","10","RTP98|Perya|Slots","https://cp-images.casinoplus.live/images/cpms/ALL_GAME/3016/dropball_v5.webp","images/unknown__Drop_Ball__10.webp"
"11","Roulette","","11","Live","https://cp-images.casinoplus.live/images/cpms/ALL_GAME/4500/mobile/roulette.webp","images/unknown__Roulette__11.webp"
"12","Bao Zhu Zhao Fu","","12","Slot Machines","https://cp-images.casinoplus.live/images/cpms/ALL_GAME/170/osm3.webp","images/unknown__Bao_Zhu_Zhao_Fu__12.webp"
"13","Pacman Dropball Punch","","13","High Cash Rebate|Slots","https://cp-images.casinoplus.live/images/cpms/26-07/3033_6004_h5_260701203427.webp","images/unknown__Pacman_Dropball_Punch__13.webp"
"14","Gates Of Olympus Super Scatter","","14","High Cash Rebate|Slots","https://cp-images.casinoplus.live/images/cpms/26-07/3031_vs20olympgold_h5_260701200005.webp","images/unknown__Gates_Of_Olympus_Super_Scatter__14.webp"
"15","Dragon Link","","15","Slot Machines","https://cp-images.casinoplus.live/images/cpms/ALL_GAME/170/osm8.webp","images/unknown__Dragon_Link__15.webp"
"16","Dragon Tiger","","16","Live","https://cp-images.casinoplus.live/images/cpms/ALL_GAME/185/dragontigerH5.webp","images/unknown__Dragon_Tiger__16.webp"
"17","Jin Ji Bao Xi","","17","Slot Machines","https://cp-images.casinoplus.live/images/cpms/ALL_GAME/170/osm14.webp","images/unknown__Jin_Ji_Bao_Xi__17.webp"
"18","Sugar Bang Bang 2","","18","High Cash Rebate|Slots","https://cp-images.casinoplus.live/images/cpms/26-07/3043_22071_h5_260701205325.webp","images/unknown__Sugar_Bang_Bang_2__18.webp"
"19","Black Jack","","19","RTP98|Live","https://cp-images.casinoplus.live/images/cpms/ALL_GAME/3007/21blackjack_v2.webp","images/unknown__Black_Jack__19.webp"
"20","DFDC Grand","","20","Slot Machines","https://cp-images.casinoplus.live/images/cpms/ALL_GAME/170/osm7.webp","images/unknown__DFDC_Grand__20.webp"
"21","Fruity Bonanza Combo","JDB","21","Slots","https://cp-images.casinoplus.live/images/cpms/jdb/mobile/0_14098.webp","images/JDB__Fruity_Bonanza_Combo__21.webp"
"22","Pai Gow Poker","","22","Live","https://cp-images.casinoplus.live/images/cpms/ALL_GAME/3013/Paigow.webp","images/unknown__Pai_Gow_Poker__22.webp"
"23","Lion","","23","Slot Machines","https://cp-images.casinoplus.live/images/cpms/ALL_GAME/170/osm20.webp","images/unknown__Lion__23.webp"
"24","Lightning Roulette","EGS","24","Live","https://cp-images.casinoplus.live/images/cpms/egs/mobile/LightningTable01.webp","images/EGS__Lightning_Roulette__24.webp"
"25","Royal Ace","","25","Slots","https://cp-images.casinoplus.live/images/cpms/ALL_GAME/3089/h5/1032.webp","images/unknown__Royal_Ace__25.webp"
"26","Slot Machine","","26","Slot Machines","https://cp-images.casinoplus.live/images/cpms/ALL_GAME/170/osm24.webp","images/unknown__Slot_Machine__26.webp"
"27","Dragon Gems","","27","High Cash Rebate|Slots","https://cp-images.casinoplus.live/images/cpms/26-07/3089_1046_h5_260701202206.webp","images/unknown__Dragon_Gems__27.webp"
"28","₱0.1 DuoFuDuoCai","","28","Slot Machines","https://cp-images.casinoplus.live/images/cpms/ALL_GAME/170/osm32.webp","images/unknown__0.1_DuoFuDuoCai__28.webp"
"29","SicBo","","29","Live|Slots","https://cp-images.casinoplus.live/images/cpms/ALL_GAME/5000/220x280.webp","images/unknown__SicBo__29.webp"
"30","Tian Ci Jin Long","","30","Slot Machines","https://cp-images.casinoplus.live/images/cpms/ALL_GAME/170/osm29.webp","images/unknown__Tian_Ci_Jin_Long__30.webp"
"31","Jungle Bang Bang","","31","High Cash Rebate|Slots","https://cp-images.casinoplus.live/images/cpms/26-07/3043_22084_h5_260701205449.webp","images/unknown__Jungle_Bang_Bang__31.webp"
"32","Long Yi Fa","","32","","https://cp-images.casinoplus.live/images/cpms/ALL_GAME/170/nosmlongyifa.webp","images/unknown__Long_Yi_Fa__32.webp"
"33","Super Ace Deluxe","","33","High Cash Rebate|Slots","https://cp-images.casinoplus.live/images/cpms/26-07/3001_403_h5_260701201213.webp","images/unknown__Super_Ace_Deluxe__33.webp"
"34","Fruity Bonanza","JDB","34","Slots","https://cp-images.casinoplus.live/images/cpms/jdb/mobile/0_14085.webp","images/JDB__Fruity_Bonanza__34.webp"
"35","Lion Link","","35","Slot Machines","https://cp-images.casinoplus.live/images/cpms/ALL_GAME/170/osm19.webp","images/unknown__Lion_Link__35.webp"
"36","Tikbalang","","36","High Cash Rebate|Slots","https://cp-images.casinoplus.live/images/cpms/26-07/3039_slot008_h5_260701203026.webp","images/unknown__Tikbalang__36.webp"
"37","5 Dragons Gold Mystery","","37","Slot Machines","https://cp-images.casinoplus.live/images/cpms/ALL_GAME/170/osm34.webp","images/unknown__5_Dragons_Gold_Mystery__37.webp"
"38","Sweet Bonanza 1000","PP","38","Slots","https://cp-images.casinoplus.live/images/cpms/pp/mobile/vs20fruitswx.webp","images/PP__Sweet_Bonanza_1000__38.webp"
"39","Huff n","","39","Slot Machines","https://cp-images.casinoplus.live/images/cpms/ALL_GAME/170/osm13.webp","images/unknown__Huff_n__39.webp"
"40","Pinata Wins","","40","High Cash Rebate|Slots","https://cp-images.casinoplus.live/images/cpms/26-07/3034_1492288_h5_260701210151.webp","images/unknown__Pinata_Wins__40.webp"
"41","Squid Game","","41","Slot Machines","https://cp-images.casinoplus.live/images/cpms/ALL_GAME/170/osm25.webp","images/unknown__Squid_Game__41.webp"
"42","Fortune Gems","","42","High Cash Rebate|Slots","https://cp-images.casinoplus.live/images/cpms/26-07/3001_109_h5_260701192253.webp","images/unknown__Fortune_Gems__42.webp"
"43","Bull Blitz","","43","Slot Machines","https://cp-images.casinoplus.live/images/cpms/ALL_GAME/170/osm5.webp","images/unknown__Bull_Blitz__43.webp"
"44","Poker Win","","44","High Cash Rebate|Slots","https://cp-images.casinoplus.live/images/cpms/26-07/3043_22060_h5_260701204823.webp","images/unknown__Poker_Win__44.webp"
"45","Big Fu Cash","","45","Slot Machines","https://cp-images.casinoplus.live/images/cpms/ALL_GAME/170/osm4.webp","images/unknown__Big_Fu_Cash__45.webp"
"46","Sugar Rush 1000","","46","High Cash Rebate|Slots","https://cp-images.casinoplus.live/images/cpms/26-07/3031_vs20sugarrushx_h5_260701200459.webp","images/unknown__Sugar_Rush_1000__46.webp"
"47","Mighty Cash","","47","Slot Machines","https://cp-images.casinoplus.live/images/cpms/ALL_GAME/170/osm22.webp","images/unknown__Mighty_Cash__47.webp"
"48","Halloween","","48","Slots","https://cp-images.casinoplus.live/images/cpms/ALL_GAME/3081/PSS-ON-00051.webp","images/unknown__Halloween__48.webp"
"49","Dragon Trio","","49","Slot Machines","https://cp-images.casinoplus.live/images/cpms/ALL_GAME/170/osm9.webp","images/unknown__Dragon_Trio__49.webp"
"50","Wild Ape#3258","","50","High Cash Rebate|Slots","https://cp-images.casinoplus.live/images/cpms/26-07/3034_1508783_h5_260701210257.webp","images/unknown__Wild_Ape_3258__50.webp"
"51","Ba Bao Huang Long","","51","Slot Machines","https://cp-images.casinoplus.live/images/cpms/ALL_GAME/170/osm2.webp","images/unknown__Ba_Bao_Huang_Long__51.webp"
"52","Koi Trio","JDB","52","Slots","https://cp-images.casinoplus.live/images/cpms/jdb/mobile/0_14100.webp","images/JDB__Koi_Trio__52.webp"
"53","Super Burst","","53","Slot Machines","https://cp-images.casinoplus.live/images/cpms/ALL_GAME/170/osm27.webp","images/unknown__Super_Burst__53.webp"
"54","Fortune Gems 2","","54","High Cash Rebate|Slots","https://cp-images.casinoplus.live/images/cpms/26-07/3001_223_h5_260701195853.webp","images/unknown__Fortune_Gems_2__54.webp"
"55","Duo Fu Duo Cai","","55","Slot Machines","https://cp-images.casinoplus.live/images/cpms/ALL_GAME/170/osm10.webp","images/unknown__Duo_Fu_Duo_Cai__55.webp"
"56","Mines","JILI","56","High Cash Rebate|Slots","https://cp-images.casinoplus.live/images/cpms/jili/mobile/229.webp","images/JILI__Mines__56.webp"
"57","Stand Alone","","57","Slot Machines","https://cp-images.casinoplus.live/images/cpms/ALL_GAME/170/osm26.webp","images/unknown__Stand_Alone__57.webp"
"58","Super Elements","","58","High Cash Rebate|Slots","https://cp-images.casinoplus.live/images/cpms/26-07/3043_22055_h5_260701204541.webp","images/unknown__Super_Elements__58.webp"
"59","Tian Ci Jin Lu","","59","Slot Machines","https://cp-images.casinoplus.live/images/cpms/ALL_GAME/170/osm30.webp","images/unknown__Tian_Ci_Jin_Lu__59.webp"
"60","Golden Empire","","60","High Cash Rebate|Slots","https://cp-images.casinoplus.live/images/cpms/26-07/3001_103_h5_260701191907.webp","images/unknown__Golden_Empire__60.webp"
"61","Coin Combo","","61","Slot Machines","https://cp-images.casinoplus.live/images/cpms/ALL_GAME/170/osm6.webp","images/unknown__Coin_Combo__61.webp"
"62","Gates Of Olympus 1000","","62","High Cash Rebate|Slots","https://cp-images.casinoplus.live/images/cpms/26-07/3031_vs20olympx_h5_260701200115.webp","images/unknown__Gates_Of_Olympus_1000__62.webp"
"63","Fu Lai Cai Lai","","63","Slot Machines","https://cp-images.casinoplus.live/images/cpms/ALL_GAME/170/osm11.webp","images/unknown__Fu_Lai_Cai_Lai__63.webp"
"64","Fortune Gems 3","","64","High Cash Rebate|Slots","https://cp-images.casinoplus.live/images/cpms/26-07/3001_300_h5_260701200444.webp","images/unknown__Fortune_Gems_3__64.webp"
"65","₱0.5 Duo Fu Duo Cai","","65","Slot Machines","https://cp-images.casinoplus.live/images/cpms/ALL_GAME/170/osm33.webp","images/unknown__0.5_Duo_Fu_Duo_Cai__65.webp"
"66","Fortune Coins","","66","High Cash Rebate|Slots","https://cp-images.casinoplus.live/images/cpms/26-07/3001_523_h5_260702102550.webp","images/unknown__Fortune_Coins__66.webp"
"67","JJBX Grand","","67","Slot Machines","https://cp-images.casinoplus.live/images/cpms/ALL_GAME/170/osm16.webp","images/unknown__JJBX_Grand__67.webp"
"68","Money Coming","","68","High Cash Rebate|Slots","https://cp-images.casinoplus.live/images/cpms/26-07/3001_51_h5_260701190604.webp","images/unknown__Money_Coming__68.webp"
"69","Good Fortune","","69","Slot Machines|Slots","https://cp-images.casinoplus.live/images/cpms/ALL_GAME/170/osm12.webp","images/unknown__Good_Fortune__69.webp"
"70","Money Coming Expand Bets","","70","High Cash Rebate|Slots","https://cp-images.casinoplus.live/images/cpms/26-07/3001_302_h5_260701200925.webp","images/unknown__Money_Coming_Expand_Bets__70.webp"
"71","Lightning Link","","71","Slot Machines","https://cp-images.casinoplus.live/images/cpms/ALL_GAME/170/osm18.webp","images/unknown__Lightning_Link__71.webp"
"72","Lucky Neko","","72","High Cash Rebate|Slots","https://cp-images.casinoplus.live/images/cpms/26-07/3034_89_h5_260701191246.webp","images/unknown__Lucky_Neko__72.webp"
"73","All Aboard","","73","Slot Machines","https://cp-images.casinoplus.live/images/cpms/ALL_GAME/170/osm1.webp","images/unknown__All_Aboard__73.webp"
"74","Chinese New Year Moreways","","74","High Cash Rebate|Slots","https://cp-images.casinoplus.live/images/cpms/26-07/3043_22064_h5_260701205016.webp","images/unknown__Chinese_New_Year_Moreways__74.webp"
"75","Treasures Of Aztec","","75","High Cash Rebate|Slots","https://cp-images.casinoplus.live/images/cpms/26-07/3034_87_h5_260701191203.webp","images/unknown__Treasures_Of_Aztec__75.webp"
"76","Sugar Bang Bang","","76","High Cash Rebate|Slots","https://cp-images.casinoplus.live/images/cpms/26-07/3043_22043_h5_260701204152.webp","images/unknown__Sugar_Bang_Bang__76.webp"
"77","Starlight Princess 1000","","77","High Cash Rebate|Slots","https://cp-images.casinoplus.live/images/cpms/26-07/3031_vs20starlightx_h5_260701200349.webp","images/unknown__Starlight_Princess_1000__77.webp"
"78","Queen Of Inca","","78","High Cash Rebate|Slots","https://cp-images.casinoplus.live/images/cpms/26-07/3043_22063_h5_260701204910.webp","images/unknown__Queen_Of_Inca__78.webp"
"79","Lucky Fortunes Jackpot","","79","High Cash Rebate|Slots","https://cp-images.casinoplus.live/images/cpms/26-07/3043_22068_h5_260701205142.webp","images/unknown__Lucky_Fortunes_Jackpot__79.webp"
"80","Lucky Fortunes","FC","80","Slots","https://cp-images.casinoplus.live/images/cpms/fc/mobile/n22040.webp","images/FC__Lucky_Fortunes__80.webp"
"81","Golden Genie","","81","High Cash Rebate|Slots","https://cp-images.casinoplus.live/images/cpms/26-07/3043_22047_h5_260701204247.webp","images/unknown__Golden_Genie__81.webp"
"82","Gates Of Gatot Kaca 1000","","82","High Cash Rebate|Slots","https://cp-images.casinoplus.live/images/cpms/26-07/3031_vs20gatotx_h5_260701201310.webp","images/unknown__Gates_Of_Gatot_Kaca_1000__82.webp"
"83","Wisdom Of Athena","","83","High Cash Rebate|Slots","https://cp-images.casinoplus.live/images/cpms/26-07/3031_vs20procount_h5_260701200214.webp","images/unknown__Wisdom_Of_Athena__83.webp"
"84","Sweet Bonanza Xmas","PP","84","Slots","https://cp-images.casinoplus.live/images/cpms/pp/mobile/vs20sbxmas.webp","images/PP__Sweet_Bonanza_Xmas__84.webp"
"85","Zeus Vs Hades - Gods Of War","","85","High Cash Rebate|Slots","https://cp-images.casinoplus.live/images/cpms/26-07/3031_vs15godsofwar_h5_260701201732.webp","images/unknown__Zeus_Vs_Hades_-_Gods_Of_War__85.webp"
"86","Sweet Bonanza","PP","86","Slots","https://cp-images.casinoplus.live/images/cpms/pp/mobile/vs20fruitsw.webp","images/PP__Sweet_Bonanza__86.webp"
"87","Magic Ace Wild Lock","JDB","87","Slots","https://cp-images.casinoplus.live/images/cpms/jdb/mobile/0_14093.webp","images/JDB__Magic_Ace_Wild_Lock__87.webp"
"88","Golden Aztec Mega","","88","Slots","https://cp-images.casinoplus.live/images/cpms/ALL_GAME/3089/h5/1037.webp","images/unknown__Golden_Aztec_Mega__88.webp"
"89","Sugar Crush","","89","Slots","https://cp-images.casinoplus.live/images/cpms/ALL_GAME/3089/h5/1039.webp","images/unknown__Sugar_Crush__89.webp"
"90","Vampire","","90","Slots","https://cp-images.casinoplus.live/images/cpms/ALL_GAME/3081/PSS-ON-00059.webp","images/unknown__Vampire__90.webp"
"91","Super Awesome","","91","Slots","https://cp-images.casinoplus.live/images/cpms/ALL_GAME/3081/PSS-ON-00127.webp","images/unknown__Super_Awesome__91.webp"
"92","Minesweeper","KM","92","Slots","https://cp-images.casinoplus.live/images/cpms/km/mobile/Minesweeper.webp","images/KM__Minesweeper__92.webp"
"93","Colour Game","KM","93","Slots","https://cp-images.casinoplus.live/images/cpms/km/mobile/Color_Game.webp","images/KM__Colour_Game__93.webp"
"94","Brawler","PLAYTECH","94","Slots","https://cp-images.casinoplus.live/images/cpms/PT/mobile/pop_9d921557_qsp.webp","images/PLAYTECH__Brawler__94.webp"
"95","Super Color","","95","High Cash Rebate|Slots","https://cp-images.casinoplus.live/images/cpms/26-07/3033_6003_h5_260701203302.webp","images/unknown__Super_Color__95.webp"
"96","Malakas at Maganda","","97","High Cash Rebate|Slots","https://cp-images.casinoplus.live/images/cpms/26-07/3050_zhumeng002_h5_260701193228.webp","images/unknown__Malakas_at_Maganda__96.webp"
"97","Lucky Fortunes 3x3","FC","98","Slots","https://cp-images.casinoplus.live/images/cpms/fc/mobile/n22061.webp","images/FC__Lucky_Fortunes_3x3__97.webp"
"98","Book Of Monsters","PP","99","Slots","https://cp-images.casinoplus.live/images/cpms/pp/mobile/vs20fatbook.webp","images/PP__Book_Of_Monsters__98.webp"
"99","Bakunawa","","100","Slots","https://cp-images.casinoplus.live/images/cpms/26-05/3050_zhumeng005_h5_260519205725.webp","images/unknown__Bakunawa__99.webp"
"100","Asgardian Rising","","101","High Cash Rebate|Slots","https://cp-images.casinoplus.live/images/cpms/26-07/3034_1340277_h5_260701210027.webp","images/unknown__Asgardian_Rising__100.webp"
"101","Star Fruits 777","","102","High Cash Rebate|Slots","https://cp-images.casinoplus.live/images/cpms/26-07/3039_slot003_h5_260701202419.webp","images/unknown__Star_Fruits_777__101.webp"
"102","Bone Fortune","JILI","103","Slots","https://cp-images.casinoplus.live/images/cpms/jili/mobile/126.webp","images/JILI__Bone_Fortune__102.webp"
"103","Ibong Adarna","","104","High Cash Rebate|Slots","https://cp-images.casinoplus.live/images/cpms/26-07/3050_zhumeng003_h5_260701193421.webp","images/unknown__Ibong_Adarna__103.webp"
"104","Boxing King","","105","High Cash Rebate|Slots","https://cp-images.casinoplus.live/images/cpms/ALL_GAME/3039/slot005_v1.webp","images/unknown__Boxing_King__104.webp"
"105","Lucky Coming","JILI","106","Slots","https://cp-images.casinoplus.live/images/cpms/jili/mobile/91.webp","images/JILI__Lucky_Coming__105.webp"
"106","Pirate Queen","JILI","107","Slots","https://cp-images.casinoplus.live/images/cpms/jili/mobile/164.webp","images/JILI__Pirate_Queen__106.webp"
"107","60X Color Game","","108","","https://cp-images.casinoplus.live/images/cpms/ALL_GAME/166/colorgameX60.webp","images/unknown__60X_Color_Game__107.webp"
"108","Zeus","JILI","109","Slots","https://cp-images.casinoplus.live/images/cpms/jili/mobile/252.webp","images/JILI__Zeus__108.webp"
"109","No Commission Baccarat","EGS","110","EVOCASHREBATE|Live","https://cp-images.casinoplus.live/images/cpms/egs/mobile/evo2.webp","images/EGS__No_Commission_Baccarat__109.webp"
"110","Min ₱100 Blackjack","","111","Live","https://cp-images.casinoplus.live/images/cpms/ALL_GAME/3007/min100.webp","images/unknown__Min_100_Blackjack__110.webp"
"111","Devil Fire 2","","112","High Cash Rebate|Slots","https://cp-images.casinoplus.live/images/cpms/26-07/3001_258_h5_260701200325.webp","images/unknown__Devil_Fire_2__111.webp"
"112","Neko Fortune","JILI","113","Slots","https://cp-images.casinoplus.live/images/cpms/jili/mobile/145.webp","images/JILI__Neko_Fortune__112.webp"
"113","Tower","JILI","114","Slots","https://cp-images.casinoplus.live/images/cpms/jili/mobile/232.webp","images/JILI__Tower__113.webp"
"114","Super Ace Jackpot","JILI","115","Slots","https://cp-images.casinoplus.live/images/cpms/jili/mobile/471.webp","images/JILI__Super_Ace_Jackpot__114.webp"
"115","Crazy777","","116","High Cash Rebate|Slots","https://cp-images.casinoplus.live/images/cpms/26-07/3001_35_h5_260701185251.webp","images/unknown__Crazy777__115.webp"
"116","Medusa","","117","High Cash Rebate|Slots","https://cp-images.casinoplus.live/images/cpms/26-07/3001_101_h5_260701191729.webp","images/unknown__Medusa__116.webp"
"117","Fa Fa Fa","JILI","118","Slots","https://cp-images.casinoplus.live/images/cpms/jili/mobile/21.webp","images/JILI__Fa_Fa_Fa__117.webp"
"118","Bonus Hunter","JILI","119","Slots","https://cp-images.casinoplus.live/images/cpms/jili/mobile/142.webp","images/JILI__Bonus_Hunter__118.webp"
"119","Charge Buffalo","","120","High Cash Rebate|Slots","https://cp-images.casinoplus.live/images/cpms/26-07/3001_47_h5_260701185713.webp","images/unknown__Charge_Buffalo__119.webp"
"120","Shanghai Beauty","JILI","121","Slots","https://cp-images.casinoplus.live/images/cpms/jili/mobile/17.webp","images/JILI__Shanghai_Beauty__120.webp"
"121","Mega Ace","","122","High Cash Rebate|Slots","https://cp-images.casinoplus.live/images/cpms/26-07/3001_134_h5_260701192544.webp","images/unknown__Mega_Ace__121.webp"
"122","God Of Martial","JILI","123","Slots","https://cp-images.casinoplus.live/images/cpms/jili/mobile/431.webp","images/JILI__God_Of_Martial__122.webp"
"123","Sweet Land","JILI","124","Slots","https://cp-images.casinoplus.live/images/cpms/jili/mobile/198.webp","images/JILI__Sweet_Land__123.webp"
"124","Witches Night","JILI","125","Slots","https://cp-images.casinoplus.live/images/cpms/jili/mobile/226.webp","images/JILI__Witches_Night__124.webp"
"125","Super Ace Joker","","127","High Cash Rebate|Slots","https://cp-images.casinoplus.live/images/cpms/26-07/3001_409_h5_260701201323.webp","images/unknown__Super_Ace_Joker__125.webp"
"126","Mega Fishing","JILI","128","Slots|Fishing","https://cp-images.casinoplus.live/images/cpms/jili/mobile/74.webp","images/JILI__Mega_Fishing__126.webp"
"127","Diwata-Mayari","","129","High Cash Rebate|Slots","https://cp-images.casinoplus.live/images/cpms/26-07/3050_zhumeng006_h5_260701193706.webp","images/unknown__Diwata-Mayari__127.webp"
"128","Starlight Princess","PP","130","Slots","https://cp-images.casinoplus.live/images/cpms/pp/mobile/vs20starlight.webp","images/PP__Starlight_Princess__128.webp"
"129","Go Rush","JILI","131","Slots","https://cp-images.casinoplus.live/images/cpms/jili/mobile/224.webp","images/JILI__Go_Rush__129.webp"
"130","Starlight Christmas","PP","132","Slots","https://cp-images.casinoplus.live/images/cpms/pp/mobile/vs20schristmas.webp","images/PP__Starlight_Christmas__130.webp"
"131","Lucky Gold Bricks","","133","High Cash Rebate|Slots","https://cp-images.casinoplus.live/images/cpms/26-07/3001_48_h5_260701185941.webp","images/unknown__Lucky_Gold_Bricks__131.webp"
"132","JILI Caishen","JILI","134","Slots","https://cp-images.casinoplus.live/images/cpms/jili/mobile/144.webp","images/JILI__JILI_Caishen__132.webp"
"133","Super Rich","JILI","135","Slots","https://cp-images.casinoplus.live/images/cpms/jili/mobile/100.webp","images/JILI__Super_Rich__133.webp"
"134","Forge Of Olympus","PP","136","Slots","https://cp-images.casinoplus.live/images/cpms/pp/mobile/vs20forge.webp","images/PP__Forge_Of_Olympus__134.webp"
"135","Fortune Tree","JILI","137","Slots","https://cp-images.casinoplus.live/images/cpms/jili/mobile/6.webp","images/JILI__Fortune_Tree__135.webp"
"136","Sugar Supreme Powernudge","PP","138","Slots","https://cp-images.casinoplus.live/images/cpms/pp/mobile/vs20sugarnudge.webp","images/PP__Sugar_Supreme_Powernudge__136.webp"
"137","Wild West Gold","PP","139","Slots","https://cp-images.casinoplus.live/images/cpms/pp/mobile/vs40wildwest.webp","images/PP__Wild_West_Gold__137.webp"
"138","Fengshen","JILI","140","Slots","https://cp-images.casinoplus.live/images/cpms/jili/mobile/38.webp","images/JILI__Fengshen__138.webp"
"139","Sticky Bees","PP","141","Slots","https://cp-images.casinoplus.live/images/cpms/pp/mobile/vs20clustwild.webp","images/PP__Sticky_Bees__139.webp"
"140","Fire Stampede","PP","142","Slots","https://cp-images.casinoplus.live/images/cpms/pp/mobile/vswaysstampede.webp","images/PP__Fire_Stampede__140.webp"
"141","Samba","JILI","143","Slots","https://cp-images.casinoplus.live/images/cpms/jili/mobile/136.webp","images/JILI__Samba__141.webp"
"142","Pharaoh Treasure","JILI","144","Slots","https://cp-images.casinoplus.live/images/cpms/jili/mobile/85.webp","images/JILI__Pharaoh_Treasure__142.webp"
"143","Candy Blitz","PP","145","Slots","https://cp-images.casinoplus.live/images/cpms/pp/mobile/vs20candyblitz.webp","images/PP__Candy_Blitz__143.webp"
"144","Twilight Princess","PP","146","Slots","https://cp-images.casinoplus.live/images/cpms/pp/mobile/vs20dhcluster.webp","images/PP__Twilight_Princess__144.webp"
"145","Candy Jar Clusters","PP","147","Slots","https://cp-images.casinoplus.live/images/cpms/pp/mobile/vs20cjcluster.webp","images/PP__Candy_Jar_Clusters__145.webp"
"146","Viking Forge","PP","148","Slots","https://cp-images.casinoplus.live/images/cpms/pp/mobile/vs20sugarcoins.webp","images/PP__Viking_Forge__146.webp"
"147","Seven Seven Seven","JILI","149","Slots","https://cp-images.casinoplus.live/images/cpms/jili/mobile/27.webp","images/JILI__Seven_Seven_Seven__147.webp"
"148","The Dog House Megaways","PP","150","Slots","https://cp-images.casinoplus.live/images/cpms/pp/mobile/vswaysdogs.webp","images/PP__The_Dog_House_Megaways__148.webp"
"149","Magic Lamp","JILI","151","Slots","https://cp-images.casinoplus.live/images/cpms/jili/mobile/108.webp","images/JILI__Magic_Lamp__149.webp"
"150","Jungle King","JILI","152","Slots","https://cp-images.casinoplus.live/images/cpms/jili/mobile/16.webp","images/JILI__Jungle_King__150.webp"
"151","Wheel O","PP","153","Slots","https://cp-images.casinoplus.live/images/cpms/pp/mobile/vs20multiup.webp","images/PP__Wheel_O__151.webp"
"152","Hot Chilli","JILI","154","Slots","https://cp-images.casinoplus.live/images/cpms/jili/mobile/5.webp","images/JILI__Hot_Chilli__152.webp"
"153","Hot Pepper","PP","155","Slots","https://cp-images.casinoplus.live/images/cpms/pp/mobile/vs20dugems.webp","images/PP__Hot_Pepper__153.webp"
"154","Pompeii Megareels Megaways","PP","156","Slots","https://cp-images.casinoplus.live/images/cpms/pp/mobile/vswaysmegareel.webp","images/PP__Pompeii_Megareels_Megaways__154.webp"
"155","Secret Treasure","JILI","157","Slots","https://cp-images.casinoplus.live/images/cpms/jili/mobile/78.webp","images/JILI__Secret_Treasure__155.webp"
"156","Buffalo King Megaways","PP","158","Slots","https://cp-images.casinoplus.live/images/cpms/pp/mobile/vswaysbufking.webp","images/PP__Buffalo_King_Megaways__156.webp"
"157","Bubble Beauty","JILI","159","Slots","https://cp-images.casinoplus.live/images/cpms/jili/mobile/30.webp","images/JILI__Bubble_Beauty__157.webp"
"158","World Cup","JILI","160","Slots","https://cp-images.casinoplus.live/images/cpms/jili/mobile/146.webp","images/JILI__World_Cup__158.webp"
"159","Cowboy Coins","PP","161","Slots","https://cp-images.casinoplus.live/images/cpms/pp/mobile/vswaysultrcoin.webp","images/PP__Cowboy_Coins__159.webp"
"160","Crazy Pusher","JILI","162","Slots","https://cp-images.casinoplus.live/images/cpms/jili/mobile/153.webp","images/JILI__Crazy_Pusher__160.webp"
"161","The Alter Ego","PP","163","Slots","https://cp-images.casinoplus.live/images/cpms/pp/mobile/vswaysalterego.webp","images/PP__The_Alter_Ego__161.webp"
"162","Agent Ace","JILI","164","Slots","https://cp-images.casinoplus.live/images/cpms/jili/mobile/115.webp","images/JILI__Agent_Ace__162.webp"
"163","The Big Dawgs","PP","165","Slots","https://cp-images.casinoplus.live/images/cpms/pp/mobile/vs20bigdawgs.webp","images/PP__The_Big_Dawgs__163.webp"
"164","Teen Patti 20-20","JILI","166","Slots","https://cp-images.casinoplus.live/images/cpms/jili/mobile/161.webp","images/JILI__Teen_Patti_20-20__164.webp"
"165","Fat Panda","PP","167","Slots","https://cp-images.casinoplus.live/images/cpms/pp/mobile/vs20beefed.webp","images/PP__Fat_Panda__165.webp"
"166","Trial of Phoenix","","168","High Cash Rebate|Slots","https://cp-images.casinoplus.live/images/cpms/26-07/3001_208_h5_260702103019.webp","images/unknown__Trial_of_Phoenix__166.webp"
"167","Golden Bank","JILI","169","Slots","https://cp-images.casinoplus.live/images/cpms/jili/mobile/45.webp","images/JILI__Golden_Bank__167.webp"
"168","Release The Kraken","PP","170","Slots","https://cp-images.casinoplus.live/images/cpms/pp/mobile/vs20kraken.webp","images/PP__Release_The_Kraken__168.webp"
"169","Arena Fighter","","171","High Cash Rebate|Slots","https://cp-images.casinoplus.live/images/cpms/26-07/3001_228_h5_260701200036.webp","images/unknown__Arena_Fighter__169.webp"
"170","Power Of Thor Megaways","PP","172","Slots","https://cp-images.casinoplus.live/images/cpms/pp/mobile/vswayshammthor.webp","images/PP__Power_Of_Thor_Megaways__170.webp"
"171","Year Of The Dragon King","PP","173","Slots","https://cp-images.casinoplus.live/images/cpms/pp/mobile/vs20yotdk.webp","images/PP__Year_Of_The_Dragon_King__171.webp"
"172","Candy Baby","","174","High Cash Rebate|Slots","https://cp-images.casinoplus.live/images/cpms/26-07/3001_23_h5_260701185039.webp","images/unknown__Candy_Baby__172.webp"
"173","Cricket King 18","JILI","175","Slots","https://cp-images.casinoplus.live/images/cpms/jili/mobile/225.webp","images/JILI__Cricket_King_18__173.webp"
"174","Sky Bounty","PP","176","Slots","https://cp-images.casinoplus.live/images/cpms/pp/mobile/vs50jucier.webp","images/PP__Sky_Bounty__174.webp"
"175","Elf Bingo","","177","High Cash Rebate|Slots","https://cp-images.casinoplus.live/images/cpms/26-07/3001_172_h5_260701193120.webp","images/unknown__Elf_Bingo__175.webp"
"176","Fury Of Odin Megaways","PP","178","Slots","https://cp-images.casinoplus.live/images/cpms/pp/mobile/vswaysfuryodin.webp","images/PP__Fury_Of_Odin_Megaways__176.webp"
"177","Muertos Multiplier Megaways","PP","179","Slots","https://cp-images.casinoplus.live/images/cpms/pp/mobile/vs20muertos.webp","images/PP__Muertos_Multiplier_Megaways__177.webp"
"178","Book of Gold","JILI","180","Slots","https://cp-images.casinoplus.live/images/cpms/jili/mobile/87.webp","images/JILI__Book_of_Gold__178.webp"
"179","Blazing Wilds Megaways","","181","High Cash Rebate|Slots","https://cp-images.casinoplus.live/images/cpms/26-07/3031_vswaysfirewmw_h5_260701201025.webp","images/unknown__Blazing_Wilds_Megaways__179.webp"
"180","Fortunepig","JILI","182","Slots","https://cp-images.casinoplus.live/images/cpms/jili/mobile/33.webp","images/JILI__Fortunepig__180.webp"
"181","Fortunes Of Aztec","PP","183","Slots","https://cp-images.casinoplus.live/images/cpms/pp/mobile/vswaysstrlght.webp","images/PP__Fortunes_Of_Aztec__181.webp"
"182","Gold Rush","JILI","184","Slots","https://cp-images.casinoplus.live/images/cpms/jili/mobile/137.webp","images/JILI__Gold_Rush__182.webp"
"183","Yum Yum Powerways","PP","185","Slots","https://cp-images.casinoplus.live/images/cpms/pp/mobile/vswaysyumyum.webp","images/PP__Yum_Yum_Powerways__183.webp"
"184","Chin Shi Huang","JILI","186","Slots","https://cp-images.casinoplus.live/images/cpms/jili/mobile/2.webp","images/JILI__Chin_Shi_Huang__184.webp"
"185","Dragon Hero","","187","High Cash Rebate|Slots","https://cp-images.casinoplus.live/images/cpms/26-07/3031_vs20drgbless_h5_260701201622.webp","images/unknown__Dragon_Hero__185.webp"
"186","Wild Racer","JILI","188","Slots","https://cp-images.casinoplus.live/images/cpms/jili/mobile/166.webp","images/JILI__Wild_Racer__186.webp"
"187","Big Bass Amazon Xtreme","PP","189","Slots","https://cp-images.casinoplus.live/images/cpms/pp/mobile/vs10bbextreme.webp","images/PP__Big_Bass_Amazon_Xtreme__187.webp"
"188","Crazy FaFaFa","JILI","190","Slots","https://cp-images.casinoplus.live/images/cpms/jili/mobile/40.webp","images/JILI__Crazy_FaFaFa__188.webp"
"189","Fruit Party","PP","191","Slots","https://cp-images.casinoplus.live/images/cpms/pp/mobile/vs20fruitparty.webp","images/PP__Fruit_Party__189.webp"
"190","Mayan Empire","","192","High Cash Rebate|Slots","https://cp-images.casinoplus.live/images/cpms/26-07/3001_135_h5_260701193022.webp","images/unknown__Mayan_Empire__190.webp"
"191","Wild Ace","","193","High Cash Rebate|Slots","https://cp-images.casinoplus.live/images/cpms/26-07/3001_181_h5_260701193335.webp","images/unknown__Wild_Ace__191.webp"
"192","Juicy Fruits Multihold","PP","194","Slots","https://cp-images.casinoplus.live/images/cpms/pp/mobile/vs50jfmulthold.webp","images/PP__Juicy_Fruits_Multihold__192.webp"
"193","Golden Queen","JILI","195","Slots","https://cp-images.casinoplus.live/images/cpms/jili/mobile/58.webp","images/JILI__Golden_Queen__193.webp"
"194","Juicy Fruits","PP","196","Slots","https://cp-images.casinoplus.live/images/cpms/pp/mobile/vs50juicyfr.webp","images/PP__Juicy_Fruits__194.webp"
"195","Madame Destiny Megaways","PP","197","Slots","https://cp-images.casinoplus.live/images/cpms/pp/mobile/vswaysmadame.webp","images/PP__Madame_Destiny_Megaways__195.webp"
"196","War Of Dragons","JILI","198","Slots","https://cp-images.casinoplus.live/images/cpms/jili/mobile/9.webp","images/JILI__War_Of_Dragons__196.webp"
"197","Golden Joker","JILI","199","Slots","https://cp-images.casinoplus.live/images/cpms/jili/mobile/183.webp","images/JILI__Golden_Joker__197.webp"
"198","Infective Wild","PP","200","Slots","https://cp-images.casinoplus.live/images/cpms/pp/mobile/vs40infwild.webp","images/PP__Infective_Wild__198.webp"
"199","Floating Dragon New Year Festival Ultra Megaways Hold &amp; Spin","PP","201","Slots","https://cp-images.casinoplus.live/images/cpms/pp/mobile/vswaysfltdrgny.webp","images/PP__Floating_Dragon_New_Year_Festival_Ultra_Megaways_Hold_amp_Spin__199.webp"
"200","Happy Taxi","JILI","202","Slots","https://cp-images.casinoplus.live/images/cpms/jili/mobile/116.webp","images/JILI__Happy_Taxi__200.webp"
"201","Rocket Blast Megaways","PP","203","Slots","https://cp-images.casinoplus.live/images/cpms/pp/mobile/vswaysrockblst.webp","images/PP__Rocket_Blast_Megaways__201.webp"
"202","Dragon Treasure","JILI","204","Slots","https://cp-images.casinoplus.live/images/cpms/jili/mobile/46.webp","images/JILI__Dragon_Treasure__202.webp"
"203","Barn Festival","PP","205","Slots","https://cp-images.casinoplus.live/images/cpms/pp/mobile/vs20farmfest.webp","images/PP__Barn_Festival__203.webp"
"204","Magician","PP","206","Slots","https://cp-images.casinoplus.live/images/cpms/pp/mobile/vs4096magician.webp","images/PP__Magician__204.webp"
"205","Hilo","JILI","207","Slots","https://cp-images.casinoplus.live/images/cpms/jili/mobile/233.webp","images/JILI__Hilo__205.webp"
"206","Thor X","JILI","208","Slots","https://cp-images.casinoplus.live/images/cpms/jili/mobile/130.webp","images/JILI__Thor_X__206.webp"
"207","Gears Of Horus","PP","209","Slots","https://cp-images.casinoplus.live/images/cpms/pp/mobile/vs20clustext.webp","images/PP__Gears_Of_Horus__207.webp"
"208","Trees Of Treasure","PP","210","Slots","https://cp-images.casinoplus.live/images/cpms/pp/mobile/vs20treesot.webp","images/PP__Trees_Of_Treasure__208.webp"
"209","Aztec Priestess","JILI","211","Slots","https://cp-images.casinoplus.live/images/cpms/jili/mobile/209.webp","images/JILI__Aztec_Priestess__209.webp"
"210","Gravity Bonanza","PP","212","Slots","https://cp-images.casinoplus.live/images/cpms/pp/mobile/vs20gravity.webp","images/PP__Gravity_Bonanza__210.webp"
"211","Master Tiger","JILI","213","Slots","https://cp-images.casinoplus.live/images/cpms/jili/mobile/176.webp","images/JILI__Master_Tiger__211.webp"
"212","RomaX","JILI","214","Slots","https://cp-images.casinoplus.live/images/cpms/jili/mobile/102.webp","images/JILI__RomaX__212.webp"
"213","Strawberry Cocktail","PP","215","Slots","https://cp-images.casinoplus.live/images/cpms/pp/mobile/vs10strawberry.webp","images/PP__Strawberry_Cocktail__213.webp"
"214","Cricket Sah 75","JILI","216","Slots","https://cp-images.casinoplus.live/images/cpms/jili/mobile/230.webp","images/JILI__Cricket_Sah_75__214.webp"
"215","Release The Kraken 2","PP","217","Slots","https://cp-images.casinoplus.live/images/cpms/pp/mobile/vs20kraken2.webp","images/PP__Release_The_Kraken_2__215.webp"
"216","Bao Boon Chin","JILI","218","Slots","https://cp-images.casinoplus.live/images/cpms/jili/mobile/36.webp","images/JILI__Bao_Boon_Chin__216.webp"
"217","Gold Party","PP","219","Slots","https://cp-images.casinoplus.live/images/cpms/pp/mobile/vs25goldparty.webp","images/PP__Gold_Party__217.webp"
"218","Party Night","JILI","220","Slots","https://cp-images.casinoplus.live/images/cpms/jili/mobile/76.webp","images/JILI__Party_Night__218.webp"
"219","Mochimon","PP","221","Slots","https://cp-images.casinoplus.live/images/cpms/pp/mobile/vs20mochimon.webp","images/PP__Mochimon__219.webp"
"220","Gods Of Giza","PP","222","Slots","https://cp-images.casinoplus.live/images/cpms/pp/mobile/vs10gizagods.webp","images/PP__Gods_Of_Giza__220.webp"
"221","Crazy Hunter","JILI","223","Slots","https://cp-images.casinoplus.live/images/cpms/jili/mobile/92.webp","images/JILI__Crazy_Hunter__221.webp"
"222","The Dog House Multihold","PP","224","Slots","https://cp-images.casinoplus.live/images/cpms/pp/mobile/vs20doghousemh.webp","images/PP__The_Dog_House_Multihold__222.webp"
"223","Devil Fire","JILI","225","Slots","https://cp-images.casinoplus.live/images/cpms/jili/mobile/193.webp","images/JILI__Devil_Fire__223.webp"
"224","Aztec Gems","PP","226","Slots","https://cp-images.casinoplus.live/images/cpms/pp/mobile/vs5aztecgems.webp","images/PP__Aztec_Gems__224.webp"
"225","Twin Wins","","227","High Cash Rebate|Slots","https://cp-images.casinoplus.live/images/cpms/26-07/3001_106_h5_260701192134.webp","images/unknown__Twin_Wins__225.webp"
"226","Wild West Gold Megaways","PP","228","Slots","https://cp-images.casinoplus.live/images/cpms/pp/mobile/vswayswildwest.webp","images/PP__Wild_West_Gold_Megaways__226.webp"
"227","Limbo","JILI","229","Slots","https://cp-images.casinoplus.live/images/cpms/jili/mobile/235.webp","images/JILI__Limbo__227.webp"
"228","Big Bass – Hold &amp; Spinner","PP","230","Slots","https://cp-images.casinoplus.live/images/cpms/pp/mobile/vs10bbhas.webp","images/PP__Big_Bass_Hold_amp_Spinner__228.webp"
"229","Castle Of Fire","PP","231","Slots","https://cp-images.casinoplus.live/images/cpms/pp/mobile/vswaysexpandng.webp","images/PP__Castle_Of_Fire__229.webp"
"230","XiYangYang","JILI","232","Slots","https://cp-images.casinoplus.live/images/cpms/jili/mobile/43.webp","images/JILI__XiYangYang__230.webp"
"231","Ali Baba","JILI","233","Slots","https://cp-images.casinoplus.live/images/cpms/jili/mobile/110.webp","images/JILI__Ali_Baba__231.webp"
"232","Lucky Lightning","PP","234","Slots","https://cp-images.casinoplus.live/images/cpms/pp/mobile/vswayslight.webp","images/PP__Lucky_Lightning__232.webp"
"233","Blade &amp; Fangs","PP","235","Slots","https://cp-images.casinoplus.live/images/cpms/pp/mobile/vs20mergedwndw.webp","images/PP__Blade_amp_Fangs__233.webp"
"234","Mammoth Gold Megaways","PP","236","Slots","https://cp-images.casinoplus.live/images/cpms/pp/mobile/vs20mammoth.webp","images/PP__Mammoth_Gold_Megaways__234.webp"
"235","Gates Of Olympus","PP","237","Slots","https://cp-images.casinoplus.live/images/cpms/pp/mobile/vs20olympgate.webp","images/PP__Gates_Of_Olympus__235.webp"
"236","Sugar Rush","PP","238","Slots","https://cp-images.casinoplus.live/images/cpms/pp/mobile/vs20sugarrush.webp","images/PP__Sugar_Rush__236.webp"
"237","The Wild Gang","PP","239","Slots","https://cp-images.casinoplus.live/images/cpms/pp/mobile/vswayswildgang.webp","images/PP__The_Wild_Gang__237.webp"
"238","Sugar Rush Xmas","PP","240","Slots","https://cp-images.casinoplus.live/images/cpms/pp/mobile/vs20sugrux.webp","images/PP__Sugar_Rush_Xmas__238.webp"
"239","The Money Men Megaways","PP","241","Slots","https://cp-images.casinoplus.live/images/cpms/pp/mobile/vswaysmoneyman.webp","images/PP__The_Money_Men_Megaways__239.webp"
"240","Elemental Gems Megaways","PP","242","Slots","https://cp-images.casinoplus.live/images/cpms/pp/mobile/vswayselements.webp","images/PP__Elemental_Gems_Megaways__240.webp"
"241","Santa","PP","243","Slots","https://cp-images.casinoplus.live/images/cpms/pp/mobile/vs20santawonder.webp","images/PP__Santa__241.webp"
"242","Jewel Rush","PP","244","Slots","https://cp-images.casinoplus.live/images/cpms/pp/mobile/vs20jewelparty.webp","images/PP__Jewel_Rush__242.webp"
"243","Cowboys Gold","PP","245","Slots","https://cp-images.casinoplus.live/images/cpms/pp/mobile/vs10cowgold.webp","images/PP__Cowboys_Gold__243.webp"
"244","Big Bass Hold &amp; Spinner Megaways","PP","246","Slots","https://cp-images.casinoplus.live/images/cpms/pp/mobile/vswaysbbhas.webp","images/PP__Big_Bass_Hold_amp_Spinner_Megaways__244.webp"
"245","Crown Of Fire","PP","247","Slots","https://cp-images.casinoplus.live/images/cpms/pp/mobile/vs10crownfire.webp","images/PP__Crown_Of_Fire__245.webp"
"246","Rabbit Garden","PP","248","Slots","https://cp-images.casinoplus.live/images/cpms/pp/mobile/vs20goldclust.webp","images/PP__Rabbit_Garden__246.webp"
"247","Book Of Golden Sands","PP","249","Slots","https://cp-images.casinoplus.live/images/cpms/pp/mobile/vswaysbook.webp","images/PP__Book_Of_Golden_Sands__247.webp"
"248","Sword Of Ares","PP","250","Slots","https://cp-images.casinoplus.live/images/cpms/pp/mobile/vs20swordofares.webp","images/PP__Sword_Of_Ares__248.webp"
"249","Ding Dong Christmas Bells","PP","251","Slots","https://cp-images.casinoplus.live/images/cpms/pp/mobile/vs10ddcbells.webp","images/PP__Ding_Dong_Christmas_Bells__249.webp"
"250","Wild Wild Riches","PP","253","Slots","https://cp-images.casinoplus.live/images/cpms/pp/mobile/vs576treasures.webp","images/PP__Wild_Wild_Riches__250.webp"
"251","Pizza! Pizza? Pizza!","PP","254","Slots","https://cp-images.casinoplus.live/images/cpms/pp/mobile/vswayspizza.webp","images/PP__Pizza_Pizza_Pizza__251.webp"
"252","Cosmic Cash","PP","255","Slots","https://cp-images.casinoplus.live/images/cpms/pp/mobile/vs40cosmiccash.webp","images/PP__Cosmic_Cash__252.webp"
"253","Caishen","PP","256","Slots","https://cp-images.casinoplus.live/images/cpms/pp/mobile/vs243fortune.webp","images/PP__Caishen__253.webp"
"254","Fire Archer","PP","257","Slots","https://cp-images.casinoplus.live/images/cpms/pp/mobile/vs25archer.webp","images/PP__Fire_Archer__254.webp"
"255","Rainbow Reels","PP","258","Slots","https://cp-images.casinoplus.live/images/cpms/pp/mobile/vs40rainbowr.webp","images/PP__Rainbow_Reels__255.webp"
"256","Cleocatra","PP","259","Slots","https://cp-images.casinoplus.live/images/cpms/pp/mobile/vs20cleocatra.webp","images/PP__Cleocatra__256.webp"
"257","Piggy Bankers","PP","260","Slots","https://cp-images.casinoplus.live/images/cpms/pp/mobile/vs20piggybank.webp","images/PP__Piggy_Bankers__257.webp"
"258","Zombie Carnival","PP","261","Slots","https://cp-images.casinoplus.live/images/cpms/pp/mobile/vswayszombcarn.webp","images/PP__Zombie_Carnival__258.webp"
"259","Gold Oasis","PP","262","Slots","https://cp-images.casinoplus.live/images/cpms/pp/mobile/vswaysincwnd.webp","images/PP__Gold_Oasis__259.webp"
"260","Extra Juicy Megaways","PP","263","Slots","https://cp-images.casinoplus.live/images/cpms/pp/mobile/vswaysxjuicy.webp","images/PP__Extra_Juicy_Megaways__260.webp"
"261","Nile Fortune","PP","264","Slots","https://cp-images.casinoplus.live/images/cpms/pp/mobile/vs20nilefort.webp","images/PP__Nile_Fortune__261.webp"
"262","Knight Hot Spotz","PP","265","Slots","https://cp-images.casinoplus.live/images/cpms/pp/mobile/vs25spotz.webp","images/PP__Knight_Hot_Spotz__262.webp"
"263","Treasure Wild","PP","266","Slots","https://cp-images.casinoplus.live/images/cpms/pp/mobile/vs20trsbox.webp","images/PP__Treasure_Wild__263.webp"
"264","Spellbinding Mystery","PP","267","Slots","https://cp-images.casinoplus.live/images/cpms/pp/mobile/vs20splmystery.webp","images/PP__Spellbinding_Mystery__264.webp"
"265","Fire Strike 2","PP","268","Slots","https://cp-images.casinoplus.live/images/cpms/pp/mobile/vs10firestrike2.webp","images/PP__Fire_Strike_2__265.webp"
"266","Chilli Heat Megaways","PP","269","Slots","https://cp-images.casinoplus.live/images/cpms/pp/mobile/vswayschilheat.webp","images/PP__Chilli_Heat_Megaways__266.webp"
"267","Black Bull","PP","270","Slots","https://cp-images.casinoplus.live/images/cpms/pp/mobile/vs20trswild2.webp","images/PP__Black_Bull__267.webp"
"268","Monster Superlanche","PP","271","Slots","https://cp-images.casinoplus.live/images/cpms/pp/mobile/vs20superlanche.webp","images/PP__Monster_Superlanche__268.webp"
"269","Cash Box","PP","272","Slots","https://cp-images.casinoplus.live/images/cpms/pp/mobile/vs20cashmachine.webp","images/PP__Cash_Box__269.webp"
"270","Wild Beach Party","PP","273","Slots","https://cp-images.casinoplus.live/images/cpms/pp/mobile/vs20bchprty.webp","images/PP__Wild_Beach_Party__270.webp"
"271","Christmas Carol Megaways","PP","274","Slots","https://cp-images.casinoplus.live/images/cpms/pp/mobile/vs20xmascarol.webp","images/PP__Christmas_Carol_Megaways__271.webp"
"272","Mustang Trail","PP","275","Slots","https://cp-images.casinoplus.live/images/cpms/pp/mobile/vs10trail.webp","images/PP__Mustang_Trail__272.webp"
"273","Floating Dragon Megaways","PP","276","Slots","https://cp-images.casinoplus.live/images/cpms/pp/mobile/vswaysfltdrg.webp","images/PP__Floating_Dragon_Megaways__273.webp"
"274","5 Frozen Charms Megaways","PP","277","Slots","https://cp-images.casinoplus.live/images/cpms/pp/mobile/vswayscharms.webp","images/PP__5_Frozen_Charms_Megaways__274.webp"
"275","Good Luck &amp; Good Fortune","PP","278","Slots","https://cp-images.casinoplus.live/images/cpms/pp/mobile/vs10luckfort.webp","images/PP__Good_Luck_amp_Good_Fortune__275.webp"
"276","Big Bass Halloween","PP","279","Slots","https://cp-images.casinoplus.live/images/cpms/pp/mobile/vs10bhallbnza.webp","images/PP__Big_Bass_Halloween__276.webp"
"277","Spirit Of Adventure","PP","280","Slots","https://cp-images.casinoplus.live/images/cpms/pp/mobile/vs10spiritadv.webp","images/PP__Spirit_Of_Adventure__277.webp"
"278","Tree Of Riches","PP","281","Slots","https://cp-images.casinoplus.live/images/cpms/pp/mobile/vs1fortunetree.webp","images/PP__Tree_Of_Riches__278.webp"
"279","Chase For Glory","PP","282","Slots","https://cp-images.casinoplus.live/images/cpms/pp/mobile/vswayscfglory.webp","images/PP__Chase_For_Glory__279.webp"
"280","Heist For The Golden Nuggets","PP","283","Slots","https://cp-images.casinoplus.live/images/cpms/pp/mobile/vs20hstgldngt.webp","images/PP__Heist_For_The_Golden_Nuggets__280.webp"
"281","Big Bass Christmas Bash","PP","284","Slots","https://cp-images.casinoplus.live/images/cpms/pp/mobile/vs10bbsplxmas.webp","images/PP__Big_Bass_Christmas_Bash__281.webp"
"282","3 Dancing Monkeys","PP","285","Slots","https://cp-images.casinoplus.live/images/cpms/pp/mobile/vswaysmonkey.webp","images/PP__3_Dancing_Monkeys__282.webp"
"283","Excalibur Unleashed","PP","286","Slots","https://cp-images.casinoplus.live/images/cpms/pp/mobile/vs20excalibur.webp","images/PP__Excalibur_Unleashed__283.webp"
"284","Empty The Bank","PP","287","Slots","https://cp-images.casinoplus.live/images/cpms/pp/mobile/vs20emptybank.webp","images/PP__Empty_The_Bank__284.webp"
"285","Aztec Gems Deluxe","PP","288","Slots","https://cp-images.casinoplus.live/images/cpms/pp/mobile/vs9aztecgemsdx.webp","images/PP__Aztec_Gems_Deluxe__285.webp"
"286","Honey Honey Honey","PP","289","Slots","https://cp-images.casinoplus.live/images/cpms/pp/mobile/vs20honey.webp","images/PP__Honey_Honey_Honey__286.webp"
"287","Mighty Munching Melons","PP","290","Slots","https://cp-images.casinoplus.live/images/cpms/pp/mobile/vs20mmmelon.webp","images/PP__Mighty_Munching_Melons__287.webp"
"288","Tundra","PP","291","Slots","https://cp-images.casinoplus.live/images/cpms/pp/mobile/vswaysraghex.webp","images/PP__Tundra__288.webp"
"289","Wild Hop &amp; Drop","PP","292","Slots","https://cp-images.casinoplus.live/images/cpms/pp/mobile/vs20mparty.webp","images/PP__Wild_Hop_amp_Drop__289.webp"
"290","Fruit Party 2","PP","293","Slots","https://cp-images.casinoplus.live/images/cpms/pp/mobile/vs20fparty2.webp","images/PP__Fruit_Party_2__290.webp"
"291","Might Of Ra","PP","294","Slots","https://cp-images.casinoplus.live/images/cpms/pp/mobile/vs50mightra.webp","images/PP__Might_Of_Ra__291.webp"
"292","Timber Stacks","PP","295","Slots","https://cp-images.casinoplus.live/images/cpms/pp/mobile/vswaystimber.webp","images/PP__Timber_Stacks__292.webp"
"293","Spin &amp; Score Megaways","PP","296","Slots","https://cp-images.casinoplus.live/images/cpms/pp/mobile/vswaysfrywld.webp","images/PP__Spin_amp_Score_Megaways__293.webp"
"294","African Elephant","PP","297","Slots","https://cp-images.casinoplus.live/images/cpms/pp/mobile/vs20hotzone.webp","images/PP__African_Elephant__294.webp"
"295","Clover Gold","PP","298","Slots","https://cp-images.casinoplus.live/images/cpms/pp/mobile/vs20mustanggld2.webp","images/PP__Clover_Gold__295.webp"
"296","Super X","PP","299","Slots","https://cp-images.casinoplus.live/images/cpms/pp/mobile/vs20superx.webp","images/PP__Super_X__296.webp"
"297","Eye Of Cleopatra","PP","300","Slots","https://cp-images.casinoplus.live/images/cpms/pp/mobile/vs40cleoeye.webp","images/PP__Eye_Of_Cleopatra__297.webp"
"298","The Knight King","PP","301","Slots","https://cp-images.casinoplus.live/images/cpms/pp/mobile/vs20sknights.webp","images/PP__The_Knight_King__298.webp"
"299","Wild Spells","PP","302","Slots","https://cp-images.casinoplus.live/images/cpms/pp/mobile/vs25wildspells.webp","images/PP__Wild_Spells__299.webp"
"300","Big Juan","PP","303","Slots","https://cp-images.casinoplus.live/images/cpms/pp/mobile/vs40bigjuan.webp","images/PP__Big_Juan__300.webp"
"301","Book Of Tut Megaways","PP","305","Slots","https://cp-images.casinoplus.live/images/cpms/pp/mobile/vswaystut.webp","images/PP__Book_Of_Tut_Megaways__301.webp"
"302","Christmas Big Bass Bonanza","PP","306","Slots","https://cp-images.casinoplus.live/images/cpms/pp/mobile/vs10bxmasbnza.webp","images/PP__Christmas_Big_Bass_Bonanza__302.webp"
"303","Reel Banks","PP","307","Slots","https://cp-images.casinoplus.live/images/cpms/pp/mobile/vs25rlbank.webp","images/PP__Reel_Banks__303.webp"
"304","Wild West Duels","PP","308","Slots","https://cp-images.casinoplus.live/images/cpms/pp/mobile/vs20pistols.webp","images/PP__Wild_West_Duels__304.webp"
"305","Fish Eye","PP","309","Slots","https://cp-images.casinoplus.live/images/cpms/pp/mobile/vs10fisheye.webp","images/PP__Fish_Eye__305.webp"
"306","Pub Kings","PP","310","Slots","https://cp-images.casinoplus.live/images/cpms/pp/mobile/vs20lvlup.webp","images/PP__Pub_Kings__306.webp"
"307","Cash Elevator","PP","311","Slots","https://cp-images.casinoplus.live/images/cpms/pp/mobile/vs20terrorv.webp","images/PP__Cash_Elevator__307.webp"
"308","Jungle Gorilla","PP","312","Slots","https://cp-images.casinoplus.live/images/cpms/pp/mobile/vs20gorilla.webp","images/PP__Jungle_Gorilla__308.webp"
"309","Wild Celebrity Bus Megaways","PP","313","Slots","https://cp-images.casinoplus.live/images/cpms/pp/mobile/vswaysrsm.webp","images/PP__Wild_Celebrity_Bus_Megaways__309.webp"
"310","Crystal Caverns Megaways","PP","314","Slots","https://cp-images.casinoplus.live/images/cpms/pp/mobile/vswayscryscav.webp","images/PP__Crystal_Caverns_Megaways__310.webp"
"311","Mystery Of The Orient","PP","315","Slots","https://cp-images.casinoplus.live/images/cpms/pp/mobile/vswaysmorient.webp","images/PP__Mystery_Of_The_Orient__311.webp"
"312","Octobeer Fortunes","PP","316","Slots","https://cp-images.casinoplus.live/images/cpms/pp/mobile/vs20octobeer.webp","images/PP__Octobeer_Fortunes__312.webp"
"313","Hot To Burn Extreme","PP","317","Slots","https://cp-images.casinoplus.live/images/cpms/pp/mobile/vs40hotburnx.webp","images/PP__Hot_To_Burn_Extreme__313.webp"
"314","Aztec Bonanza","PP","318","Slots","https://cp-images.casinoplus.live/images/cpms/pp/mobile/vs7776aztec.webp","images/PP__Aztec_Bonanza__314.webp"
"315","Pirate Golden Age","PP","319","Slots","https://cp-images.casinoplus.live/images/cpms/pp/mobile/vs20mtreasure.webp","images/PP__Pirate_Golden_Age__315.webp"
"316","Diamond Strike","PP","320","Slots","https://cp-images.casinoplus.live/images/cpms/pp/mobile/vs15diamond.webp","images/PP__Diamond_Strike__316.webp"
"317","Chicken Chase – Caccia Alla Gallina","PP","321","Slots","https://cp-images.casinoplus.live/images/cpms/pp/mobile/vs10chkchase.webp","images/PP__Chicken_Chase_Caccia_Alla_Gallina__317.webp"
"318","Temujin Treasures","PP","322","Slots","https://cp-images.casinoplus.live/images/cpms/pp/mobile/vs1024temuj.webp","images/PP__Temujin_Treasures__318.webp"
"319","Pirates Pub","PP","323","Slots","https://cp-images.casinoplus.live/images/cpms/pp/mobile/vs9outlaw.webp","images/PP__Pirates_Pub__319.webp"
"320","Big Bass Bonanza","PP","324","Slots","https://cp-images.casinoplus.live/images/cpms/pp/mobile/vs10bbbonanza.webp","images/PP__Big_Bass_Bonanza__320.webp"
"321","Gorilla Mayhem","PP","325","Slots","https://cp-images.casinoplus.live/images/cpms/pp/mobile/vs1024gmayhem.webp","images/PP__Gorilla_Mayhem__321.webp"
"322","Jasmine Dreams","PP","326","Slots","https://cp-images.casinoplus.live/images/cpms/pp/mobile/vs20mvwild.webp","images/PP__Jasmine_Dreams__322.webp"
"323","Queenie","PP","327","Slots","https://cp-images.casinoplus.live/images/cpms/pp/mobile/vs243queenie.webp","images/PP__Queenie__323.webp"
"324","Great Rhino Megaways","PP","328","Slots","https://cp-images.casinoplus.live/images/cpms/pp/mobile/vswaysrhino.webp","images/PP__Great_Rhino_Megaways__324.webp"
"325","Rise Of Giza Powernudge","PP","329","Slots","https://cp-images.casinoplus.live/images/cpms/pp/mobile/vs10nudgeit.webp","images/PP__Rise_Of_Giza_Powernudge__325.webp"
"326","Panda Fortune 2","PP","330","Slots","https://cp-images.casinoplus.live/images/cpms/pp/mobile/vs25pandatemple.webp","images/PP__Panda_Fortune_2__326.webp"
"327","Big Bass Bonanza Megaways","PP","331","Slots","https://cp-images.casinoplus.live/images/cpms/pp/mobile/vswaysbbb.webp","images/PP__Big_Bass_Bonanza_Megaways__327.webp"
"328","Cash Bonanza","PP","332","Slots","https://cp-images.casinoplus.live/images/cpms/pp/mobile/vswaysbankbonz.webp","images/PP__Cash_Bonanza__328.webp"
"329","Pyramid King","PP","333","Slots","https://cp-images.casinoplus.live/images/cpms/pp/mobile/vs25pyramid.webp","images/PP__Pyramid_King__329.webp"
"330","North Guardians","PP","334","Slots","https://cp-images.casinoplus.live/images/cpms/pp/mobile/vs50northgard.webp","images/PP__North_Guardians__330.webp"
"331","Diamond Cascade","PP","335","Slots","https://cp-images.casinoplus.live/images/cpms/pp/mobile/vs50dmdcascade.webp","images/PP__Diamond_Cascade__331.webp"
"332","Jane Hunter And The Mask Of Montezuma","PP","336","Slots","https://cp-images.casinoplus.live/images/cpms/pp/mobile/vs10jnmntzma.webp","images/PP__Jane_Hunter_And_The_Mask_Of_Montezuma__332.webp"
"333","5 Lions Dance","PP","337","Slots","https://cp-images.casinoplus.live/images/cpms/pp/mobile/vs1024lionsd.webp","images/PP__5_Lions_Dance__333.webp"
"334","Greedy Wolf","PP","338","Slots","https://cp-images.casinoplus.live/images/cpms/pp/mobile/vs20wolfie.webp","images/PP__Greedy_Wolf__334.webp"
"335","Colossal Cash Zone","PP","339","Slots","https://cp-images.casinoplus.live/images/cpms/pp/mobile/vs20colcashzone.webp","images/PP__Colossal_Cash_Zone__335.webp"
"336","Fire Hot 100","PP","340","Slots","https://cp-images.casinoplus.live/images/cpms/pp/mobile/vs100firehot.webp","images/PP__Fire_Hot_100__336.webp"
"337","Wolf Gold","PP","341","Slots","https://cp-images.casinoplus.live/images/cpms/pp/mobile/vs25wolfgold.webp","images/PP__Wolf_Gold__337.webp"
"338","Three Star Fortune","PP","342","Slots","https://cp-images.casinoplus.live/images/cpms/pp/mobile/vs10threestar.webp","images/PP__Three_Star_Fortune__338.webp"
"339","Eye Of The Storm","PP","343","Slots","https://cp-images.casinoplus.live/images/cpms/pp/mobile/vs10eyestorm.webp","images/PP__Eye_Of_The_Storm__339.webp"
"340","Snakes And Ladders Megadice","PP","344","Slots","https://cp-images.casinoplus.live/images/cpms/pp/mobile/vs10snakeladd.webp","images/PP__Snakes_And_Ladders_Megadice__340.webp"
"341","Bounty Gold","PP","345","Slots","https://cp-images.casinoplus.live/images/cpms/pp/mobile/vs25btygold.webp","images/PP__Bounty_Gold__341.webp"
"342","Vampires Vs Wolves","PP","346","Slots","https://cp-images.casinoplus.live/images/cpms/pp/mobile/vs10vampwolf.webp","images/PP__Vampires_Vs_Wolves__342.webp"
"343","Dragon Kingdom - Eyes Of Fire","PP","347","Slots","https://cp-images.casinoplus.live/images/cpms/pp/mobile/vs5drmystery.webp","images/PP__Dragon_Kingdom_-_Eyes_Of_Fire__343.webp"
"344","Mysterious Egypt","PP","348","Slots","https://cp-images.casinoplus.live/images/cpms/pp/mobile/vs10wildtut.webp","images/PP__Mysterious_Egypt__344.webp"
"345","Shield Of Sparta","PP","349","Slots","https://cp-images.casinoplus.live/images/cpms/pp/mobile/vs20sparta.webp","images/PP__Shield_Of_Sparta__345.webp"
"346","Star Bounty","PP","350","Slots","https://cp-images.casinoplus.live/images/cpms/pp/mobile/vswayshive.webp","images/PP__Star_Bounty__346.webp"
"347","Tropical Tiki","PP","351","Slots","https://cp-images.casinoplus.live/images/cpms/pp/mobile/vswaysjkrdrop.webp","images/PP__Tropical_Tiki__347.webp"
"348","Rainbow Gold","PP","352","Slots","https://cp-images.casinoplus.live/images/cpms/pp/mobile/vs20rainbowg.webp","images/PP__Rainbow_Gold__348.webp"
"349","Queen Of Gods","PP","353","Slots","https://cp-images.casinoplus.live/images/cpms/pp/mobile/vs10egrich.webp","images/PP__Queen_Of_Gods__349.webp"
"350","7 Piggies","PP","354","Slots","https://cp-images.casinoplus.live/images/cpms/pp/mobile/vs7pigs.webp","images/PP__7_Piggies__350.webp"
"351","Peak Power","PP","355","Slots","https://cp-images.casinoplus.live/images/cpms/pp/mobile/vs10powerlines.webp","images/PP__Peak_Power__351.webp"
"352","The Red Queen","PP","356","Slots","https://cp-images.casinoplus.live/images/cpms/pp/mobile/vswaysredqueen.webp","images/PP__The_Red_Queen__352.webp"
"353","Hot To Burn Hold And Spin","PP","357","Slots","https://cp-images.casinoplus.live/images/cpms/pp/mobile/vs20hburnhs.webp","images/PP__Hot_To_Burn_Hold_And_Spin__353.webp"
"354","Fairytale Fortune","PP","358","Slots","https://cp-images.casinoplus.live/images/cpms/pp/mobile/vs15fairytale.webp","images/PP__Fairytale_Fortune__354.webp"
"355","Voodoo Magic","PP","359","Slots","https://cp-images.casinoplus.live/images/cpms/pp/mobile/vs40voodoo.webp","images/PP__Voodoo_Magic__355.webp"
"356","Wild Wild Bananas","PP","360","Slots","https://cp-images.casinoplus.live/images/cpms/pp/mobile/vswayswwhex.webp","images/PP__Wild_Wild_Bananas__356.webp"
"357","Phoenix Forge","PP","361","Slots","https://cp-images.casinoplus.live/images/cpms/pp/mobile/vs20phoenixf.webp","images/PP__Phoenix_Forge__357.webp"
"358","Kingdom Of The Dead","PP","362","Slots","https://cp-images.casinoplus.live/images/cpms/pp/mobile/vs10kingofdth.webp","images/PP__Kingdom_Of_The_Dead__358.webp"
"359","The Dragon Tiger","PP","363","Slots","https://cp-images.casinoplus.live/images/cpms/pp/mobile/vs1024dtiger.webp","images/PP__The_Dragon_Tiger__359.webp"
"360","Bigger Bass Bonanza","PP","364","Slots","https://cp-images.casinoplus.live/images/cpms/pp/mobile/vs12bbb.webp","images/PP__Bigger_Bass_Bonanza__360.webp"
"361","Towering Fortunes","PP","365","Slots","https://cp-images.casinoplus.live/images/cpms/pp/mobile/vs20theights.webp","images/PP__Towering_Fortunes__361.webp"
"362","The Ultimate 5","PP","366","Slots","https://cp-images.casinoplus.live/images/cpms/pp/mobile/vs20ultim5.webp","images/PP__The_Ultimate_5__362.webp"
"363","Mysterious","PP","367","Slots","https://cp-images.casinoplus.live/images/cpms/pp/mobile/vs4096mystery.webp","images/PP__Mysterious__363.webp"
"364","Down The Rails","PP","368","Slots","https://cp-images.casinoplus.live/images/cpms/pp/mobile/vs20underground.webp","images/PP__Down_The_Rails__364.webp"
"365","John Hunter And The Mayan Gods","PP","369","Slots","https://cp-images.casinoplus.live/images/cpms/pp/mobile/vs10mayangods.webp","images/PP__John_Hunter_And_The_Mayan_Gods__365.webp"
"366","Wild Walker","PP","370","Slots","https://cp-images.casinoplus.live/images/cpms/pp/mobile/vs25walker.webp","images/PP__Wild_Walker__366.webp"
"367","Piggy Bank Bills","PP","371","Slots","https://cp-images.casinoplus.live/images/cpms/pp/mobile/vs9piggybank.webp","images/PP__Piggy_Bank_Bills__367.webp"
"368","Emerald King Rainbow Road","PP","372","Slots","https://cp-images.casinoplus.live/images/cpms/pp/mobile/vs20ekingrr.webp","images/PP__Emerald_King_Rainbow_Road__368.webp"
"369","Shining Hot 100","PP","373","Slots","https://cp-images.casinoplus.live/images/cpms/pp/mobile/vs100sh.webp","images/PP__Shining_Hot_100__369.webp"
"370","Smugglers Cove","PP","374","Slots","https://cp-images.casinoplus.live/images/cpms/pp/mobile/vs20smugcove.webp","images/PP__Smugglers_Cove__370.webp"
"371","Greek Gods","PP","375","Slots","https://cp-images.casinoplus.live/images/cpms/pp/mobile/vs243fortseren.webp","images/PP__Greek_Gods__371.webp"
"372","Floating Dragon","PP","376","Slots","https://cp-images.casinoplus.live/images/cpms/pp/mobile/vs10floatdrg.webp","images/PP__Floating_Dragon__372.webp"
"373","Joker King","PP","377","Slots","https://cp-images.casinoplus.live/images/cpms/pp/mobile/vs25jokerking.webp","images/PP__Joker_King__373.webp"
"374","Vegas Nights","PP","378","Slots","https://cp-images.casinoplus.live/images/cpms/pp/mobile/vs25vegas.webp","images/PP__Vegas_Nights__374.webp"
"375","Spartan King","PP","379","Slots","https://cp-images.casinoplus.live/images/cpms/pp/mobile/vs40spartaking.webp","images/PP__Spartan_King__375.webp"
"376","Tic Tac Take","PP","380","Slots","https://cp-images.casinoplus.live/images/cpms/pp/mobile/vs10tictac.webp","images/PP__Tic_Tac_Take__376.webp"
"377","Floating Dragon – Dragon Boat Festival","PP","381","Slots","https://cp-images.casinoplus.live/images/cpms/pp/mobile/vs10fdrasbf.webp","images/PP__Floating_Dragon_Dragon_Boat_Festival__377.webp"
"378","Great Rhino Deluxe","PP","382","Slots","https://cp-images.casinoplus.live/images/cpms/pp/mobile/vs20rhinoluxe.webp","images/PP__Great_Rhino_Deluxe__378.webp"
"379","Congo Cash","PP","383","Slots","https://cp-images.casinoplus.live/images/cpms/pp/mobile/vs432congocash.webp","images/PP__Congo_Cash__379.webp"
"380","Hercules And Pegasus","PP","384","Slots","https://cp-images.casinoplus.live/images/cpms/pp/mobile/vs20hercpeg.webp","images/PP__Hercules_And_Pegasus__380.webp"
"381","Wild Booster","PP","385","Slots","https://cp-images.casinoplus.live/images/cpms/pp/mobile/vs20wildboost.webp","images/PP__Wild_Booster__381.webp"
"382","The Wild Machine","PP","386","Slots","https://cp-images.casinoplus.live/images/cpms/pp/mobile/vs40madwheel.webp","images/PP__The_Wild_Machine__382.webp"
"383","Dragon Hot Hold And Spin","PP","387","Slots","https://cp-images.casinoplus.live/images/cpms/pp/mobile/vs5drhs.webp","images/PP__Dragon_Hot_Hold_And_Spin__383.webp"
"384","Day Of Dead","PP","388","Slots","https://cp-images.casinoplus.live/images/cpms/pp/mobile/vs20daydead.webp","images/PP__Day_Of_Dead__384.webp"
"385","Egyptian Fortunes","PP","389","Slots","https://cp-images.casinoplus.live/images/cpms/pp/mobile/vs20egypttrs.webp","images/PP__Egyptian_Fortunes__385.webp"
"386","Fishin","PP","390","Slots","https://cp-images.casinoplus.live/images/cpms/pp/mobile/vs10goldfish.webp","images/PP__Fishin__386.webp"
"387","Candy Stars","PP","391","Slots","https://cp-images.casinoplus.live/images/cpms/pp/mobile/vswaysstrwild.webp","images/PP__Candy_Stars__387.webp"
"388","Super Joker","PP","392","Slots","https://cp-images.casinoplus.live/images/cpms/pp/mobile/vs5spjoker.webp","images/PP__Super_Joker__388.webp"
"389","Fire Hot 40","PP","393","Slots","https://cp-images.casinoplus.live/images/cpms/pp/mobile/vs40firehot.webp","images/PP__Fire_Hot_40__389.webp"
"390","Street Racer","PP","394","Slots","https://cp-images.casinoplus.live/images/cpms/pp/mobile/vs40streetracer.webp","images/PP__Street_Racer__390.webp"
"391","Fire Hot 20","PP","395","Slots","https://cp-images.casinoplus.live/images/cpms/pp/mobile/vs20fh.webp","images/PP__Fire_Hot_20__391.webp"
"392","Bomb Bonanza","PP","396","Slots","https://cp-images.casinoplus.live/images/cpms/pp/mobile/vs25bomb.webp","images/PP__Bomb_Bonanza__392.webp"
"393","The Magic Cauldron – Enchanted Brew","PP","397","Slots","https://cp-images.casinoplus.live/images/cpms/pp/mobile/vs20magicpot.webp","images/PP__The_Magic_Cauldron_Enchanted_Brew__393.webp"
"394","Dance Party","PP","398","Slots","https://cp-images.casinoplus.live/images/cpms/pp/mobile/vs243dancingpar.webp","images/PP__Dance_Party__394.webp"
"395","The Great Chicken Escape","PP","399","Slots","https://cp-images.casinoplus.live/images/cpms/pp/mobile/vs20chicken.webp","images/PP__The_Great_Chicken_Escape__395.webp"
"396","Vegas Magic","PP","400","Slots","https://cp-images.casinoplus.live/images/cpms/pp/mobile/vs20vegasmagic.webp","images/PP__Vegas_Magic__396.webp"
"397","Fire Hot 5","PP","401","Slots","https://cp-images.casinoplus.live/images/cpms/pp/mobile/vs5firehot.webp","images/PP__Fire_Hot_5__397.webp"
"398","Diamonds Of Egypt","PP","402","Slots","https://cp-images.casinoplus.live/images/cpms/pp/mobile/vswayseternity.webp","images/PP__Diamonds_Of_Egypt__398.webp"
"399","Fruit Rainbow","PP","403","Slots","https://cp-images.casinoplus.live/images/cpms/pp/mobile/vs40frrainbow.webp","images/PP__Fruit_Rainbow__399.webp"
"400","Monkey Madness","PP","404","Slots","https://cp-images.casinoplus.live/images/cpms/pp/mobile/vs9madmonkey.webp","images/PP__Monkey_Madness__400.webp"
"401","Shining Hot 40","PP","405","Slots","https://cp-images.casinoplus.live/images/cpms/pp/mobile/vs40sh.webp","images/PP__Shining_Hot_40__401.webp"
"402","Pixie Wings","PP","406","Slots","https://cp-images.casinoplus.live/images/cpms/pp/mobile/vs50pixie.webp","images/PP__Pixie_Wings__402.webp"
"403","Aladdin And The Sorcerer","PP","407","Slots","https://cp-images.casinoplus.live/images/cpms/pp/mobile/vs20aladdinsorc.webp","images/PP__Aladdin_And_The_Sorcerer__403.webp"
"404","Hellvis Wild","PP","408","Slots","https://cp-images.casinoplus.live/images/cpms/pp/mobile/vs243nudge4gold.webp","images/PP__Hellvis_Wild__404.webp"
"405","Pirate Gold Deluxe","PP","409","Slots","https://cp-images.casinoplus.live/images/cpms/pp/mobile/vs40pirgold.webp","images/PP__Pirate_Gold_Deluxe__405.webp"
"406","Star Pirates Code","PP","410","Slots","https://cp-images.casinoplus.live/images/cpms/pp/mobile/vs10starpirate.webp","images/PP__Star_Pirates_Code__406.webp"
"407","Shining Hot 5","PP","411","Slots","https://cp-images.casinoplus.live/images/cpms/pp/mobile/vs5sh.webp","images/PP__Shining_Hot_5__407.webp"
"408","Mystic Chief","PP","412","Slots","https://cp-images.casinoplus.live/images/cpms/pp/mobile/vswayswest.webp","images/PP__Mystic_Chief__408.webp"
"409","Goblin Heist Powernudge","PP","413","Slots","https://cp-images.casinoplus.live/images/cpms/pp/mobile/vs20gobnudge.webp","images/PP__Goblin_Heist_Powernudge__409.webp"
"410","Shining Hot 20","PP","415","Slots","https://cp-images.casinoplus.live/images/cpms/pp/mobile/vs20sh.webp","images/PP__Shining_Hot_20__410.webp"
"411","Big Bass Bonanza - Keeping It Reel","PP","416","Slots","https://cp-images.casinoplus.live/images/cpms/pp/mobile/vs10bbkir.webp","images/PP__Big_Bass_Bonanza_-_Keeping_It_Reel__411.webp"
"412","Big Bass Splash","PP","417","Slots","https://cp-images.casinoplus.live/images/cpms/pp/mobile/vs10txbigbass.webp","images/PP__Big_Bass_Splash__412.webp"
"413","Wild Depths","PP","418","Slots","https://cp-images.casinoplus.live/images/cpms/pp/mobile/vs40wanderw.webp","images/PP__Wild_Depths__413.webp"
"414","Starz Megaways","PP","419","Slots","https://cp-images.casinoplus.live/images/cpms/pp/mobile/vs117649starz.webp","images/PP__Starz_Megaways__414.webp"
"415","The Great Stick-Up","PP","420","Slots","https://cp-images.casinoplus.live/images/cpms/pp/mobile/vs20stickysymbol.webp","images/PP__The_Great_Stick-Up__415.webp"
"416","Gems Of Serengeti","PP","421","Slots","https://cp-images.casinoplus.live/images/cpms/pp/mobile/vs20lcount.webp","images/PP__Gems_Of_Serengeti__416.webp"
"417","Wild Wild Riches Megaways","PP","422","Slots","https://cp-images.casinoplus.live/images/cpms/pp/mobile/vswayswwriches.webp","images/PP__Wild_Wild_Riches_Megaways__417.webp"
"418","Secret City Gold","PP","423","Slots","https://cp-images.casinoplus.live/images/cpms/pp/mobile/vs25spgldways.webp","images/PP__Secret_City_Gold__418.webp"
"419","Gems Bonanza","PP","424","Slots","https://cp-images.casinoplus.live/images/cpms/pp/mobile/vs20goldfever.webp","images/PP__Gems_Bonanza__419.webp"
"420","Lobster Bob","PP","425","Slots","https://cp-images.casinoplus.live/images/cpms/pp/mobile/vs20lobcrab.webp","images/PP__Lobster_Bob__420.webp"
"421","Magic Money Maze","PP","426","Slots","https://cp-images.casinoplus.live/images/cpms/pp/mobile/vs10mmm.webp","images/PP__Magic_Money_Maze__421.webp"
"422","Striking Hot 5","PP","427","Slots","https://cp-images.casinoplus.live/images/cpms/pp/mobile/vs5strh.webp","images/PP__Striking_Hot_5__422.webp"
"423","Demon Pots","PP","428","Slots","https://cp-images.casinoplus.live/images/cpms/pp/mobile/vs40demonpots.webp","images/PP__Demon_Pots__423.webp"
"424","Bigger Bass Blizzard - Christmas Catch","PP","429","Slots","https://cp-images.casinoplus.live/images/cpms/pp/mobile/vs12bbbxmas.webp","images/PP__Bigger_Bass_Blizzard_-_Christmas_Catch__424.webp"
"425","Fire Strike","PP","430","Slots","https://cp-images.casinoplus.live/images/cpms/pp/mobile/vs10firestrike.webp","images/PP__Fire_Strike__425.webp"
"426","Frozen Tropics","PP","431","Slots","https://cp-images.casinoplus.live/images/cpms/pp/mobile/vswaysftropics.webp","images/PP__Frozen_Tropics__426.webp"
"427","8 Golden Dragon Challenge","PP","432","Slots","https://cp-images.casinoplus.live/images/cpms/pp/mobile/vs10gdchalleng.webp","images/PP__8_Golden_Dragon_Challenge__427.webp"
"428","Lamp Of Infinity","PP","433","Slots","https://cp-images.casinoplus.live/images/cpms/pp/mobile/vs20lampinf.webp","images/PP__Lamp_Of_Infinity__428.webp"
"429","Curse Of The Werewolf Megaways","PP","434","Slots","https://cp-images.casinoplus.live/images/cpms/pp/mobile/vswayswerewolf.webp","images/PP__Curse_Of_The_Werewolf_Megaways__429.webp"
"430","Loki","PP","435","Slots","https://cp-images.casinoplus.live/images/cpms/pp/mobile/vs20loksriches.webp","images/PP__Loki__430.webp"
"431","Pinup Girls","PP","436","Slots","https://cp-images.casinoplus.live/images/cpms/pp/mobile/vs20ltng.webp","images/PP__Pinup_Girls__431.webp"
"432","Cyclops Smash","PP","437","Slots","https://cp-images.casinoplus.live/images/cpms/pp/mobile/vs20earthquake.webp","images/PP__Cyclops_Smash__432.webp"
"433","Buffalo King","PP","438","Slots","https://cp-images.casinoplus.live/images/cpms/pp/mobile/vs4096bufking.webp","images/PP__Buffalo_King__433.webp"
"434","Cash Chips","PP","439","Slots","https://cp-images.casinoplus.live/images/cpms/pp/mobile/vs20maskgame.webp","images/PP__Cash_Chips__434.webp"
"435","Hot Fiesta","PP","440","Slots","https://cp-images.casinoplus.live/images/cpms/pp/mobile/vs25hotfiesta.webp","images/PP__Hot_Fiesta__435.webp"
"436","Club Tropicana","PP","441","Slots","https://cp-images.casinoplus.live/images/cpms/pp/mobile/vs12tropicana.webp","images/PP__Club_Tropicana__436.webp"
"437","Gates Of Valhalla","PP","442","Slots","https://cp-images.casinoplus.live/images/cpms/pp/mobile/vs10runes.webp","images/PP__Gates_Of_Valhalla__437.webp"
"438","Chicken Drop","PP","443","Slots","https://cp-images.casinoplus.live/images/cpms/pp/mobile/vs20chickdrop.webp","images/PP__Chicken_Drop__438.webp"
"439","Sweet Powernudge","PP","444","Slots","https://cp-images.casinoplus.live/images/cpms/pp/mobile/vs20clspwrndg.webp","images/PP__Sweet_Powernudge__439.webp"
"440","The Hand Of Midas","PP","445","Slots","https://cp-images.casinoplus.live/images/cpms/pp/mobile/vs20midas.webp","images/PP__The_Hand_Of_Midas__440.webp"
"441","Big Bass Day At The Races","PP","446","Slots","https://cp-images.casinoplus.live/images/cpms/pp/mobile/vs10bbbnz.webp","images/PP__Big_Bass_Day_At_The_Races__441.webp"
"442","5 Lions Megaways","PP","447","Slots","https://cp-images.casinoplus.live/images/cpms/pp/mobile/vswayslions.webp","images/PP__5_Lions_Megaways__442.webp"
"443","3 Kingdoms – Battle Of Red Cliffs","PP","448","Slots","https://cp-images.casinoplus.live/images/cpms/pp/mobile/vs25kingdoms.webp","images/PP__3_Kingdoms_Battle_Of_Red_Cliffs__443.webp"
"444","6 Jokers","PP","449","Slots","https://cp-images.casinoplus.live/images/cpms/pp/mobile/vs5magicdoor.webp","images/PP__6_Jokers__444.webp"
"445","7 Monkeys","PP","450","Slots","https://cp-images.casinoplus.live/images/cpms/pp/mobile/vs7monkeys.webp","images/PP__7_Monkeys__445.webp"
"446","Aztec Blaze","PP","451","Slots","https://cp-images.casinoplus.live/images/cpms/pp/mobile/vs25kfruit.webp","images/PP__Aztec_Blaze__446.webp"
"447","Aztec Powernudge","PP","452","Slots","https://cp-images.casinoplus.live/images/cpms/pp/mobile/vs20sbpnudge.webp","images/PP__Aztec_Powernudge__447.webp"
"448","Barnyard Megahays Megaways","PP","453","Slots","https://cp-images.casinoplus.live/images/cpms/pp/mobile/vswaysmegahays.webp","images/PP__Barnyard_Megahays_Megaways__448.webp"
"449","John Hunter And The Quest For Bermuda Riches","PP","454","Slots","https://cp-images.casinoplus.live/images/cpms/pp/mobile/vs20bermuda.webp","images/PP__John_Hunter_And_The_Quest_For_Bermuda_Riches__449.webp"
"450","Beware The Deep Megaways","PP","455","Slots","https://cp-images.casinoplus.live/images/cpms/pp/mobile/vswaysbewaretd.webp","images/PP__Beware_The_Deep_Megaways__450.webp"
"451","Big Bass Bonanza – Reel Action","PP","456","Slots","https://cp-images.casinoplus.live/images/cpms/pp/mobile/vs10bbbrlact.webp","images/PP__Big_Bass_Bonanza_Reel_Action__451.webp"
"452","Big Bass Secrets Of The Golden Lake","PP","457","Slots","https://cp-images.casinoplus.live/images/cpms/pp/mobile/vs10bblotgl.webp","images/PP__Big_Bass_Secrets_Of_The_Golden_Lake__452.webp"
"453","Big Burger Load It Up With Xtra Cheese","PP","458","Slots","https://cp-images.casinoplus.live/images/cpms/pp/mobile/vs10bburger.webp","images/PP__Big_Burger_Load_It_Up_With_Xtra_Cheese__453.webp"
"454","John Hunter And The Book Of The Fallen","PP","459","Slots","https://cp-images.casinoplus.live/images/cpms/pp/mobile/vs10bookfallen.webp","images/PP__John_Hunter_And_The_Book_Of_The_Fallen__454.webp"
"455","Book Of Kingdoms","PP","460","Slots","https://cp-images.casinoplus.live/images/cpms/pp/mobile/vs25bkofkngdm.webp","images/PP__Book_Of_Kingdoms__455.webp"
"456","John Hunter And The Book Of Tut Respin","PP","461","Slots","https://cp-images.casinoplus.live/images/cpms/pp/mobile/vs10tut.webp","images/PP__John_Hunter_And_The_Book_Of_Tut_Respin__456.webp"
"457","Book Of Vikings","PP","462","Slots","https://cp-images.casinoplus.live/images/cpms/pp/mobile/vs10bookviking.webp","images/PP__Book_Of_Vikings__457.webp"
"458","Buffalo King Untamed Megaways","PP","463","Slots","https://cp-images.casinoplus.live/images/cpms/pp/mobile/vswaysbkingasc.webp","images/PP__Buffalo_King_Untamed_Megaways__458.webp"
"459","Candy Blitz Bombs","PP","464","Slots","https://cp-images.casinoplus.live/images/cpms/pp/mobile/vs20candybltz2.webp","images/PP__Candy_Blitz_Bombs__459.webp"
"460","Country Farming","PP","465","Slots","https://cp-images.casinoplus.live/images/cpms/pp/mobile/vs20mysteryst.webp","images/PP__Country_Farming__460.webp"
"461","Drago – Jewels Of Fortune","PP","466","Slots","https://cp-images.casinoplus.live/images/cpms/pp/mobile/vs1600drago.webp","images/PP__Drago_Jewels_Of_Fortune__461.webp"
"462","Drill That Gold","PP","467","Slots","https://cp-images.casinoplus.live/images/cpms/pp/mobile/vs20drtgold.webp","images/PP__Drill_That_Gold__462.webp"
"463","Emerald King","PP","468","Slots","https://cp-images.casinoplus.live/images/cpms/pp/mobile/vs20eking.webp","images/PP__Emerald_King__463.webp"
"464","Fire Portals","PP","469","Slots","https://cp-images.casinoplus.live/images/cpms/pp/mobile/vs20portals.webp","images/PP__Fire_Portals__464.webp"
"465","Firebird Spirit","PP","470","Slots","https://cp-images.casinoplus.live/images/cpms/pp/mobile/vswaysconcoll.webp","images/PP__Firebird_Spirit__465.webp"
"466","Hand Of Midas 2","PP","471","Slots","https://cp-images.casinoplus.live/images/cpms/pp/mobile/vs20midas2.webp","images/PP__Hand_Of_Midas_2__466.webp"
"467","Happy Hooves","PP","472","Slots","https://cp-images.casinoplus.live/images/cpms/pp/mobile/vs40mstrwild.webp","images/PP__Happy_Hooves__467.webp"
"468","Heart Of Cleopatra","PP","473","Slots","https://cp-images.casinoplus.live/images/cpms/pp/mobile/vs20heartcleo.webp","images/PP__Heart_Of_Cleopatra__468.webp"
"469","Heart Of Rio","PP","474","Slots","https://cp-images.casinoplus.live/images/cpms/pp/mobile/vs25rio.webp","images/PP__Heart_Of_Rio__469.webp"
"470","Hot Safari","PP","475","Slots","https://cp-images.casinoplus.live/images/cpms/pp/mobile/vs25safari.webp","images/PP__Hot_Safari__470.webp"
"471","Hot To Burn","PP","476","Slots","https://cp-images.casinoplus.live/images/cpms/pp/mobile/vs5hotburn.webp","images/PP__Hot_To_Burn__471.webp"
"472","Hot To Burn Multiplier","PP","477","Slots","https://cp-images.casinoplus.live/images/cpms/pp/mobile/vs5hotbmult.webp","images/PP__Hot_To_Burn_Multiplier__472.webp"
"473","Ice Lobster","PP","478","Slots","https://cp-images.casinoplus.live/images/cpms/pp/mobile/vs20stickypos.webp","images/PP__Ice_Lobster__473.webp"
"474","Money Mouse","PP","480","Slots","https://cp-images.casinoplus.live/images/cpms/pp/mobile/vs25mmouse.webp","images/PP__Money_Mouse__474.webp"
"475","Pot Of Fortune","PP","481","Slots","https://cp-images.casinoplus.live/images/cpms/pp/mobile/vs20stckwldsc.webp","images/PP__Pot_Of_Fortune__475.webp"
"476","Return Of The Dead","PP","482","Slots","https://cp-images.casinoplus.live/images/cpms/pp/mobile/vs10returndead.webp","images/PP__Return_Of_The_Dead__476.webp"
"477","Revenge Of Loki Megaways","PP","483","Slots","https://cp-images.casinoplus.live/images/cpms/pp/mobile/vswaysloki.webp","images/PP__Revenge_Of_Loki_Megaways__477.webp"
"478","Rise Of Pyramids","PP","484","Slots","https://cp-images.casinoplus.live/images/cpms/pp/mobile/vswayshexhaus.webp","images/PP__Rise_Of_Pyramids__478.webp"
"479","Rock Vegas Mega Hold &amp; Spin","PP","485","Slots","https://cp-images.casinoplus.live/images/cpms/pp/mobile/vs20rockvegas.webp","images/PP__Rock_Vegas_Mega_Hold_amp_Spin__479.webp"
"480","Samurai Code","PP","486","Slots","https://cp-images.casinoplus.live/images/cpms/pp/mobile/vs12scode.webp","images/PP__Samurai_Code__480.webp"
"481","Snakes &amp; Ladders 2 – Snake Eyes","PP","487","Slots","https://cp-images.casinoplus.live/images/cpms/pp/mobile/vs10snakeeyes.webp","images/PP__Snakes_amp_Ladders_2_Snake_Eyes__481.webp"
"482","Starlight Princess Pachi","PP","488","Slots","https://cp-images.casinoplus.live/images/cpms/pp/mobile/vswaysjapan.webp","images/PP__Starlight_Princess_Pachi__482.webp"
"483","Super 7S","PP","489","Slots","https://cp-images.casinoplus.live/images/cpms/pp/mobile/vs5super7.webp","images/PP__Super_7S__483.webp"
"484","Sweet Kingdom","PP","490","Slots","https://cp-images.casinoplus.live/images/cpms/pp/mobile/vs20clustcol.webp","images/PP__Sweet_Kingdom__484.webp"
"485","The Dog House – Dog Or Alive","PP","491","Slots","https://cp-images.casinoplus.live/images/cpms/pp/mobile/vs20doghouse2.webp","images/PP__The_Dog_House_Dog_Or_Alive__485.webp"
"486","Ultra Burn","PP","492","Slots","https://cp-images.casinoplus.live/images/cpms/pp/mobile/vs5ultrab.webp","images/PP__Ultra_Burn__486.webp"
"487","Ultra Hold And Spin","PP","493","Slots","https://cp-images.casinoplus.live/images/cpms/pp/mobile/vs5ultra.webp","images/PP__Ultra_Hold_And_Spin__487.webp"
"488","Wild Pixies","PP","494","Slots","https://cp-images.casinoplus.live/images/cpms/pp/mobile/vs20wildpix.webp","images/PP__Wild_Pixies__488.webp"
"489","Wildies","PP","495","Slots","https://cp-images.casinoplus.live/images/cpms/pp/mobile/vs25wildies.webp","images/PP__Wildies__489.webp"
"490","Happy Fortune","PP","496","Slots","https://cp-images.casinoplus.live/images/cpms/pp/mobile/vs20laughluck.webp","images/PP__Happy_Fortune__490.webp"
"491","Cyber Heist","PP","497","Slots","https://cp-images.casinoplus.live/images/cpms/pp/mobile/vs20cbrhst.webp","images/PP__Cyber_Heist__491.webp"
"492","Gates Of Gatot Kaca","PP","498","Slots","https://cp-images.casinoplus.live/images/cpms/pp/mobile/vs20gatotgates.webp","images/PP__Gates_Of_Gatot_Kaca__492.webp"
"493","Power Of Ninja","PP","499","Slots","https://cp-images.casinoplus.live/images/cpms/pp/mobile/vs20ninjapower.webp","images/PP__Power_Of_Ninja__493.webp"
"494","Pyramid Bonanza","PP","500","Slots","https://cp-images.casinoplus.live/images/cpms/pp/mobile/vs20pbonanza.webp","images/PP__Pyramid_Bonanza__494.webp"
"495","Rise Of Samurai 4","PP","501","Slots","https://cp-images.casinoplus.live/images/cpms/pp/mobile/vs15samurai4.webp","images/PP__Rise_Of_Samurai_4__495.webp"
"496","Rujak Bonanza","PP","502","Slots","https://cp-images.casinoplus.live/images/cpms/pp/mobile/vs20rujakbnz.webp","images/PP__Rujak_Bonanza__496.webp"
"497","Saiyan Mania","PP","503","Slots","https://cp-images.casinoplus.live/images/cpms/pp/mobile/vs20saiman.webp","images/PP__Saiyan_Mania__497.webp"
"498","Sin City","JILI","504","Slots","https://cp-images.casinoplus.live/images/cpms/jili/mobile/171.webp","images/JILI__Sin_City__498.webp"
"499","King Arthur","JILI","505","Slots","https://cp-images.casinoplus.live/images/cpms/jili/mobile/214.webp","images/JILI__King_Arthur__499.webp"
"500","Jackpot Joker","JILI","506","Slots","https://cp-images.casinoplus.live/images/cpms/jili/mobile/301.webp","images/JILI__Jackpot_Joker__500.webp"
"501","Charge Buffalo Ascent","JILI","507","Slots","https://cp-images.casinoplus.live/images/cpms/jili/mobile/259.webp","images/JILI__Charge_Buffalo_Ascent__501.webp"
"502","Bangla Beauty","JILI","508","Slots","https://cp-images.casinoplus.live/images/cpms/jili/mobile/238.webp","images/JILI__Bangla_Beauty__502.webp"
"503","Fortune Monkey","JILI","509","Slots","https://cp-images.casinoplus.live/images/cpms/jili/mobile/303.webp","images/JILI__Fortune_Monkey__503.webp"
"504","Coin Toss","KM","510","Slots","https://cp-images.casinoplus.live/images/cpms/km/mobile/Coin_Toss.webp","images/KM__Coin_Toss__504.webp"
"505","7 Up 7 Down","KM","512","Slots","https://cp-images.casinoplus.live/images/cpms/km/mobile/7_Up_7_Down.webp","images/KM__7_Up_7_Down__505.webp"
"506","Thai Hi Lo 2","KM","513","Slots","https://cp-images.casinoplus.live/images/cpms/km/mobile/Thai_Hi_Lo_2.webp","images/KM__Thai_Hi_Lo_2__506.webp"
"507","Fish Prawn Crab 2","KM","514","Slots","https://cp-images.casinoplus.live/images/cpms/km/mobile/Fish_Prawn_Crab_2.webp","images/KM__Fish_Prawn_Crab_2__507.webp"
"508","Belangkai 2","KM","515","Slots","https://cp-images.casinoplus.live/images/cpms/km/mobile/Belangkai_2.webp","images/KM__Belangkai_2__508.webp"
"509","Dragon Tiger 2","KM","516","Slots","https://cp-images.casinoplus.live/images/cpms/km/mobile/Dragon_Tiger_2.webp","images/KM__Dragon_Tiger_2__509.webp"
"510","Vietnam Fish Prawn Crab","KM","517","Slots","https://cp-images.casinoplus.live/images/cpms/km/mobile/Viet_Fish_Prawn_Crab.webp","images/KM__Vietnam_Fish_Prawn_Crab__510.webp"
"511","Tai Xiu","KM","519","Slots","https://cp-images.casinoplus.live/images/cpms/km/mobile/Tai_Xiu.webp","images/KM__Tai_Xiu__511.webp"
"512","Poker Roulette","KM","520","Slots","https://cp-images.casinoplus.live/images/cpms/km/mobile/Poker_Roulette.webp","images/KM__Poker_Roulette__512.webp"
"513","Thai Fish Prawn Crab","KM","521","Slots","https://cp-images.casinoplus.live/images/cpms/km/mobile/Thai_Fish_Prawn_Crab.webp","images/KM__Thai_Fish_Prawn_Crab__513.webp"
"514","Xoc Dia Lightning","KM","522","Slots","https://cp-images.casinoplus.live/images/cpms/km/mobile/Xoc_Dia_Lightning.webp","images/KM__Xoc_Dia_Lightning__514.webp"
"515","Fan Tan Classic","KM","523","Slots","https://cp-images.casinoplus.live/images/cpms/km/mobile/Fan_Tan_Classic.webp","images/KM__Fan_Tan_Classic__515.webp"
"516","Triple Chance","KM","524","Slots","https://cp-images.casinoplus.live/images/cpms/km/mobile/Triple_Chance.webp","images/KM__Triple_Chance__516.webp"
"517","Fruit Roulette","KM","525","Slots","https://cp-images.casinoplus.live/images/cpms/km/mobile/Fruit_Roulette.webp","images/KM__Fruit_Roulette__517.webp"
"518","Bai Cao","KM","526","Slots|Poker","https://cp-images.casinoplus.live/images/cpms/km/mobile/Bai_Cao.webp","images/KM__Bai_Cao__518.webp"
"519","European Roulette","KM","527","Slots","https://cp-images.casinoplus.live/images/cpms/km/mobile/European_Roulette.webp","images/KM__European_Roulette__519.webp"
"520","Jhandi Munda","KM","528","Slots","https://cp-images.casinoplus.live/images/cpms/km/mobile/Jhandi_Munda.webp","images/KM__Jhandi_Munda__520.webp"
"521","Andar Bahar","KM","529","Live|Slots","https://cp-images.casinoplus.live/images/cpms/km/mobile/Andar_Bahar.webp","images/KM__Andar_Bahar__521.webp"
"522","Pai Kang","KM","530","Slots|Poker","https://cp-images.casinoplus.live/images/cpms/km/mobile/Pai_Kang.webp","images/KM__Pai_Kang__522.webp"
"523","32 Cards","KM","531","Slots","https://cp-images.casinoplus.live/images/cpms/km/mobile/32_Cards.webp","images/KM__32_Cards__523.webp"
"524","Plinko","KM","532","Slots","https://cp-images.casinoplus.live/images/cpms/km/mobile/Plinko.webp","images/KM__Plinko__524.webp"
"525","Bonus Dice","KM","533","Slots","https://cp-images.casinoplus.live/images/cpms/km/mobile/Bonus_Dice.webp","images/KM__Bonus_Dice__525.webp"
"526","Dota Hi-Lo","KM","534","Slots","https://cp-images.casinoplus.live/images/cpms/km/mobile/Dota_Hi-Lo.webp","images/KM__Dota_Hi-Lo__526.webp"
"527","Heist","KM","535","Slots","https://cp-images.casinoplus.live/images/cpms/km/mobile/Heist.webp","images/KM__Heist__527.webp"
"528","Km Virtual Horse Racing","KM","536","Slots","https://cp-images.casinoplus.live/images/cpms/km/mobile/KM_Virtual_Horse_Racing.webp","images/KM__Km_Virtual_Horse_Racing__528.webp"
"529","Sugar Blast","KM","537","Slots","https://cp-images.casinoplus.live/images/cpms/km/mobile/Sugar_Blast.webp","images/KM__Sugar_Blast__529.webp"
"530","Star Hunter","FC","538","Slots|Fishing","https://cp-images.casinoplus.live/images/cpms/fc/mobile/n21008.webp","images/FC__Star_Hunter__530.webp"
"531","Tongits","KM","539","Slots|Poker","https://cp-images.casinoplus.live/images/cpms/km/mobile/Tongits.webp","images/KM__Tongits__531.webp"
"532","Coin Pusher","KM","540","Slots","https://cp-images.casinoplus.live/images/cpms/km/mobile/Coin_Pusher.webp","images/KM__Coin_Pusher__532.webp"
"533","Monkey King Fishing","FC","541","Slots|Fishing","https://cp-images.casinoplus.live/images/cpms/fc/mobile/n21003.webp","images/FC__Monkey_King_Fishing__533.webp"
"534","Luxury Golden Panther","FC","542","Slots","https://cp-images.casinoplus.live/images/cpms/fc/mobile/n22030.webp","images/FC__Luxury_Golden_Panther__534.webp"
"535","Hot Pot Party","FC","543","Slots","https://cp-images.casinoplus.live/images/cpms/fc/mobile/n22026.webp","images/FC__Hot_Pot_Party__535.webp"
"536","Da Le Men","FC","544","Slots","https://cp-images.casinoplus.live/images/cpms/fc/mobile/n22023.webp","images/FC__Da_Le_Men__536.webp"
"537","Circus Dozer","FC","545","Slots","https://cp-images.casinoplus.live/images/cpms/fc/mobile/n27002.webp","images/FC__Circus_Dozer__537.webp"
"538","Egypt Bonanza","FC","546","Slots","https://cp-images.casinoplus.live/images/cpms/fc/mobile/n22056.webp","images/FC__Egypt_Bonanza__538.webp"
"539","Golden Panther","FC","547","Slots","https://cp-images.casinoplus.live/images/cpms/fc/mobile/n22016.webp","images/FC__Golden_Panther__539.webp"
"540","Night Market","FC","548","Slots","https://cp-images.casinoplus.live/images/cpms/fc/mobile/n22018.webp","images/FC__Night_Market__540.webp"
"541","Fierce Fishing","FC","549","Slots|Fishing","https://cp-images.casinoplus.live/images/cpms/fc/mobile/n21006.webp","images/FC__Fierce_Fishing__541.webp"
"542","Bao Chuan Fishing","FC","550","Slots|Fishing","https://cp-images.casinoplus.live/images/cpms/fc/mobile/n21004.webp","images/FC__Bao_Chuan_Fishing__542.webp"
"543","Treasure Raiders","FC","551","Slots","https://cp-images.casinoplus.live/images/cpms/fc/mobile/n22042.webp","images/FC__Treasure_Raiders__543.webp"
"544","Magic Beans","FC","552","Slots","https://cp-images.casinoplus.live/images/cpms/fc/mobile/n22032.webp","images/FC__Magic_Beans__544.webp"
"545","Gods Grant Fortune","FC","553","Slots|Fishing","https://cp-images.casinoplus.live/images/cpms/fc/mobile/n21009.webp","images/FC__Gods_Grant_Fortune__545.webp"
"546","Three Little Pigs","FC","554","Slots","https://cp-images.casinoplus.live/images/cpms/fc/mobile/22017_v2.webp","images/FC__Three_Little_Pigs__546.webp"
"547","Chinese New Year","FC","555","Slots","https://cp-images.casinoplus.live/images/cpms/fc/mobile/n22020.webp","images/FC__Chinese_New_Year__547.webp"
"548","Cowboys","FC","557","Slots","https://cp-images.casinoplus.live/images/cpms/fc/mobile/n22029.webp","images/FC__Cowboys__548.webp"
"549","Glory Of Rome","FC","558","Slots","https://cp-images.casinoplus.live/images/cpms/fc/mobile/n22038.webp","images/FC__Glory_Of_Rome__549.webp"
"550","Rich Man","FC","559","Slots","https://cp-images.casinoplus.live/images/cpms/fc/mobile/n22036.webp","images/FC__Rich_Man__550.webp"
"551","Treasure Cruise","FC","561","Slots","https://cp-images.casinoplus.live/images/cpms/fc/mobile/22028_v2.webp","images/FC__Treasure_Cruise__551.webp"
"552","Fa Chai Dozer","FC","562","Slots","https://cp-images.casinoplus.live/images/cpms/fc/mobile/n27003.webp","images/FC__Fa_Chai_Dozer__552.webp"
"553","Lightning Bomb","FC","563","Slots","https://cp-images.casinoplus.live/images/cpms/fc/mobile/n27005.webp","images/FC__Lightning_Bomb__553.webp"
"554","Grand Blue","FC","564","Slots","https://cp-images.casinoplus.live/images/cpms/fc/mobile/n22037.webp","images/FC__Grand_Blue__554.webp"
"555","Animal Racing","FC","565","Slots","https://cp-images.casinoplus.live/images/cpms/fc/mobile/n22024.webp","images/FC__Animal_Racing__555.webp"
"556","Win Win Neko","FC","566","Slots","https://cp-images.casinoplus.live/images/cpms/fc/mobile/n22050.webp","images/FC__Win_Win_Neko__556.webp"
"557","Legend Of Inca","FC","567","Slots","https://cp-images.casinoplus.live/images/cpms/fc/mobile/n22053.webp","images/FC__Legend_Of_Inca__557.webp"
"558","Crazy Buffalo","FC","569","Slots","https://cp-images.casinoplus.live/images/cpms/fc/mobile/n22048.webp","images/FC__Crazy_Buffalo__558.webp"
"559","Chilihuahua","","570","High Cash Rebate|Slots","https://cp-images.casinoplus.live/images/cpms/26-07/3043_22059_h5_260701204651.webp","images/unknown__Chilihuahua__559.webp"
"560","Fortune Egg","FC","571","Slots","https://cp-images.casinoplus.live/images/cpms/fc/mobile/n22051.webp","images/FC__Fortune_Egg__560.webp"
"561","Chinese New Year 2","","572","High Cash Rebate|Slots","https://cp-images.casinoplus.live/images/cpms/26-07/3043_22041_h5_260701204040.webp","images/unknown__Chinese_New_Year_2__561.webp"
"562","Robin Hood","FC","574","Slots","https://cp-images.casinoplus.live/images/cpms/fc/mobile/n22039.webp","images/FC__Robin_Hood__562.webp"
"563","Night Market 2","FC","575","Slots","https://cp-images.casinoplus.live/images/cpms/fc/mobile/n22054.webp","images/FC__Night_Market_2__563.webp"
"564","Money Tree Dozer","FC","576","Slots","https://cp-images.casinoplus.live/images/cpms/fc/mobile/n27001.webp","images/FC__Money_Tree_Dozer__564.webp"
"565","War Of The Universe","FC","577","Slots","https://cp-images.casinoplus.live/images/cpms/fc/mobile/n22031.webp","images/FC__War_Of_The_Universe__565.webp"
"566","Fortune Sheep","FC","578","Slots","https://cp-images.casinoplus.live/images/cpms/fc/mobile/n22062.webp","images/FC__Fortune_Sheep__566.webp"
"567","Merge Magic","FC","579","Slots","https://cp-images.casinoplus.live/images/cpms/fc/mobile/n22045.webp","images/FC__Merge_Magic__567.webp"
"568","Panda Dragon Boat","FC","580","Slots","https://cp-images.casinoplus.live/images/cpms/fc/mobile/n22019.webp","images/FC__Panda_Dragon_Boat__568.webp"
"569","Happy Duo Bao","FC","581","Slots","https://cp-images.casinoplus.live/images/cpms/fc/mobile/n22027.webp","images/FC__Happy_Duo_Bao__569.webp"
"570","Pong Pong Hu","FC","582","Slots","https://cp-images.casinoplus.live/images/cpms/fc/mobile/n22021.webp","images/FC__Pong_Pong_Hu__570.webp"
"571","Fa Chai Fishing","FC","583","Slots|Fishing","https://cp-images.casinoplus.live/images/cpms/fc/mobile/n21007.webp","images/FC__Fa_Chai_Fishing__571.webp"
"572","Fortune Koi","FC","584","Slots","https://cp-images.casinoplus.live/images/cpms/fc/mobile/n22022.webp","images/FC__Fortune_Koi__572.webp"
"573","Roma Gladiatrix","FC","585","Slots","https://cp-images.casinoplus.live/images/cpms/fc/mobile/n22066.webp","images/FC__Roma_Gladiatrix__573.webp"
"574","Fortune Goddess","","586","High Cash Rebate|Slots","https://cp-images.casinoplus.live/images/cpms/26-07/3043_22057_h5_260701211601.webp","images/unknown__Fortune_Goddess__574.webp"
"575","Shields of Lambda","PLAYTECH","587","Slots","https://cp-images.casinoplus.live/images/cpms/PT/mobile/pop_c8bbebef_qsp.webp","images/PLAYTECH__Shields_of_Lambda__575.webp"
"576","Temple of Paw","PLAYTECH","588","Slots","https://cp-images.casinoplus.live/images/cpms/PT/mobile/pop_d2c001cd_qsp.webp","images/PLAYTECH__Temple_of_Paw__576.webp"
"577","Diamond Rise","PLAYTECH","589","Slots","https://cp-images.casinoplus.live/images/cpms/playtech/mobile/gpas_drise_pop_v2.webp","images/PLAYTECH__Diamond_Rise__577.webp"
"578","Archer","PLAYTECH","590","Slots","https://cp-images.casinoplus.live/images/cpms/playtech/mobile/arc.webp","images/PLAYTECH__Archer__578.webp"
"579","Dolphin Reef","PLAYTECH","591","Slots","https://cp-images.casinoplus.live/images/cpms/playtech/mobile/dnr.webp","images/PLAYTECH__Dolphin_Reef__579.webp"
"580","Fire Blaze: Blue Wizard","PLAYTECH","592","Slots","https://cp-images.casinoplus.live/images/cpms/playtech/mobile/gpas_bwizard_pop_v2.webp","images/PLAYTECH__Fire_Blaze_Blue_Wizard__580.webp"
"581","Fire Blaze: Blue Wizard Megaways","PLAYTECH","593","Slots","https://cp-images.casinoplus.live/images/cpms/playtech/mobile/gpas_mgbwizard_pop.webp","images/PLAYTECH__Fire_Blaze_Blue_Wizard_Megaways__581.webp"
"582","Fire Blaze: Eternal Lady","PLAYTECH","594","Slots","https://cp-images.casinoplus.live/images/cpms/playtech/mobile/gpas_elady_pop.webp","images/PLAYTECH__Fire_Blaze_Eternal_Lady__582.webp"
"583","Fire Blaze : Fire Fighter","PLAYTECH","595","Slots","https://cp-images.casinoplus.live/images/cpms/playtech/mobile/gpas_ffighter_pop_v2.webp","images/PLAYTECH__Fire_Blaze_Fire_Fighter__583.webp"
"584","Fire Blaze: Golden Macaque","PLAYTECH","596","Slots","https://cp-images.casinoplus.live/images/cpms/playtech/mobile/gpas_gmacaque_pop_v2.webp","images/PLAYTECH__Fire_Blaze_Golden_Macaque__584.webp"
"585","Fire Blaze: Green Wizard","PLAYTECH","597","Slots","https://cp-images.casinoplus.live/images/cpms/playtech/mobile/gpas_gwizard_pop_v2.webp","images/PLAYTECH__Fire_Blaze_Green_Wizard__585.webp"
"586","Fire Blaze: Pearls  Pearls  Pearls","PLAYTECH","598","Slots","https://cp-images.casinoplus.live/images/cpms/playtech/mobile/gpas_pppearls_pop.webp","images/PLAYTECH__Fire_Blaze_Pearls_Pearls_Pearls__586.webp"
"587","Fire Blaze: Red Wizard","PLAYTECH","599","Slots","https://cp-images.casinoplus.live/images/cpms/playtech/mobile/gpas_rwizard_pop_v2.webp","images/PLAYTECH__Fire_Blaze_Red_Wizard__587.webp"
"588","Fire Blaze: Sky Queen","PLAYTECH","600","Slots","https://cp-images.casinoplus.live/images/cpms/playtech/mobile/gpas_squeen_pop.webp","images/PLAYTECH__Fire_Blaze_Sky_Queen__588.webp"
"589","Gold Hit &amp; Link: Jp Bacon &amp; Co","PLAYTECH","601","Slots","https://cp-images.casinoplus.live/images/cpms/playtech/mobile/gpas_goldh4_pop.webp","images/PLAYTECH__Gold_Hit_amp_Link_Jp_Bacon_amp_Co__589.webp"
"590","Gold Hit: Dragon Bonanza","PLAYTECH","602","Slots","https://cp-images.casinoplus.live/images/cpms/playtech/mobile/gpas_goldhit3_pop.webp","images/PLAYTECH__Gold_Hit_Dragon_Bonanza__590.webp"
"591","Gold Pile: Orangutan!","PLAYTECH","603","Slots","https://cp-images.casinoplus.live/images/cpms/playtech/mobile/gpas_gporang_pop.webp","images/PLAYTECH__Gold_Pile_Orangutan__591.webp"
"592","Gold Pile: Tigers Pride","PLAYTECH","604","Slots","https://cp-images.casinoplus.live/images/cpms/playtech/mobile/gpas_tfortune_pop.webp","images/PLAYTECH__Gold_Pile_Tigers_Pride__592.webp"
"593","Gold Pile: Toltec Treasure","PLAYTECH","605","Slots","https://cp-images.casinoplus.live/images/cpms/playtech/mobile/gpas_ttreasure_pop.webp","images/PLAYTECH__Gold_Pile_Toltec_Treasure__593.webp"
"594","Great Blue","PLAYTECH","606","Slots","https://cp-images.casinoplus.live/images/cpms/playtech/mobile/bib.webp","images/PLAYTECH__Great_Blue__594.webp"
"595","Lockdown Loot","PLAYTECH","607","Slots","https://cp-images.casinoplus.live/images/cpms/playtech/mobile/gpas_pbreak_pop.webp","images/PLAYTECH__Lockdown_Loot__595.webp"
"596","Mega Fire Blaze: Piggies And The Bank","PLAYTECH","608","Slots","https://cp-images.casinoplus.live/images/cpms/playtech/mobile/gpas_engage_pop_v2.webp","images/PLAYTECH__Mega_Fire_Blaze_Piggies_And_The_Bank__596.webp"
"597","Midnight Wilds","PLAYTECH","609","Slots","https://cp-images.casinoplus.live/images/cpms/playtech/mobile/gpas_mwilds_pop.webp","images/PLAYTECH__Midnight_Wilds__597.webp"
"598","Mighty Hat: Lamp Of Gold","PLAYTECH","610","Slots","https://cp-images.casinoplus.live/images/cpms/playtech/mobile/gpas_gwish_pop_v2.webp","images/PLAYTECH__Mighty_Hat_Lamp_Of_Gold__598.webp"
"599","Panda Blitz","PLAYTECH","611","Slots","https://cp-images.casinoplus.live/images/cpms/playtech/mobile/gpas_pandabz_pop.webp","images/PLAYTECH__Panda_Blitz__599.webp"
"600","Panther Moon","PLAYTECH","612","Slots","https://cp-images.casinoplus.live/images/cpms/playtech/mobile/pmn.webp","images/PLAYTECH__Panther_Moon__600.webp"
"601","Pigeons From Space!","PLAYTECH","613","Slots","https://cp-images.casinoplus.live/images/cpms/playtech/mobile/gpas_pigeonfs_pop.webp","images/PLAYTECH__Pigeons_From_Space__601.webp"
"602","Cloud Princess","","614","Slots","https://cp-images.casinoplus.live/images/cpms/ALL_GAME/3202/201455.webp","images/unknown__Cloud_Princess__602.webp"
"603","Le Bandit","","615","Slots","https://cp-images.casinoplus.live/images/cpms/ALL_GAME/3202/201276.webp","images/unknown__Le_Bandit__603.webp"
"604","2 Wild 2 Die","","616","Slots","https://cp-images.casinoplus.live/images/cpms/ALL_GAME/3202/201325.webp","images/unknown__2_Wild_2_Die__604.webp"
"605","Pug Life","","617","Slots","https://cp-images.casinoplus.live/images/cpms/ALL_GAME/3202/201173.webp","images/unknown__Pug_Life__605.webp"
"606","Hand Of Anubis","","618","Slots","https://cp-images.casinoplus.live/images/cpms/ALL_GAME/3202/201118.webp","images/unknown__Hand_Of_Anubis__606.webp"
"607","Old Gun","","619","Slots","https://cp-images.casinoplus.live/images/cpms/ALL_GAME/3202/201472.webp","images/unknown__Old_Gun__607.webp"
"608","Wanted Dead Or A Wild","","620","High Cash Rebate|Slots","https://cp-images.casinoplus.live/images/cpms/26-07/3202_201078_h5_260701211015.webp","images/unknown__Wanted_Dead_Or_A_Wild__608.webp"
"609","Outlaws Inc.","","621","Slots","https://cp-images.casinoplus.live/images/cpms/ALL_GAME/3202/201130.webp","images/unknown__Outlaws_Inc.__609.webp"
"610","Monkey Frenzy","","623","Slots","https://cp-images.casinoplus.live/images/cpms/ALL_GAME/3202/201544.webp","images/unknown__Monkey_Frenzy__610.webp"
"611","Octo Attack","","624","Slots","https://cp-images.casinoplus.live/images/cpms/ALL_GAME/3202/201416.webp","images/unknown__Octo_Attack__611.webp"
"612","Orb Of Destiny","","625","Slots","https://cp-images.casinoplus.live/images/cpms/ALL_GAME/3202/201351.webp","images/unknown__Orb_Of_Destiny__612.webp"
"613","Phoenix DuelReels","","626","Slots","https://cp-images.casinoplus.live/images/cpms/ALL_GAME/3202/201500.webp","images/unknown__Phoenix_DuelReels__613.webp"
"614","Pickle Bandits","","627","Slots","https://cp-images.casinoplus.live/images/cpms/ALL_GAME/3202/201431.webp","images/unknown__Pickle_Bandits__614.webp"
"615","Piggy Cluster Hunt","","628","Slots","https://cp-images.casinoplus.live/images/cpms/ALL_GAME/3202/201426.webp","images/unknown__Piggy_Cluster_Hunt__615.webp"
"616","Pray For Three","","630","Slots","https://cp-images.casinoplus.live/images/cpms/ALL_GAME/3202/201539.webp","images/unknown__Pray_For_Three__616.webp"
"617","Rad Maxx","","631","Slots","https://cp-images.casinoplus.live/images/cpms/ALL_GAME/3202/201537.webp","images/unknown__Rad_Maxx__617.webp"
"618","Reign Of Rome","","632","Slots","https://cp-images.casinoplus.live/images/cpms/ALL_GAME/3202/201536.webp","images/unknown__Reign_Of_Rome__618.webp"
"619","RIP City","","633","Slots","https://cp-images.casinoplus.live/images/cpms/ALL_GAME/3202/201209.webp","images/unknown__RIP_City__619.webp"
"620","Rise Of Ymir","","634","Slots","https://cp-images.casinoplus.live/images/cpms/ALL_GAME/3202/201456.webp","images/unknown__Rise_Of_Ymir__620.webp"
"621","Rocket Reels","","635","Slots","https://cp-images.casinoplus.live/images/cpms/ALL_GAME/3202/201074.webp","images/unknown__Rocket_Reels__621.webp"
"622","Ronin Stackways","","636","Slots","https://cp-images.casinoplus.live/images/cpms/ALL_GAME/3202/201272.webp","images/unknown__Ronin_Stackways__622.webp"
"623","Rotten","","637","Slots","https://cp-images.casinoplus.live/images/cpms/ALL_GAME/3202/201208.webp","images/unknown__Rotten__623.webp"
"624","Rusty &amp; Curly","","638","Slots","https://cp-images.casinoplus.live/images/cpms/ALL_GAME/3202/201348.webp","images/unknown__Rusty_amp_Curly__624.webp"
"625","Shadow Strike","","639","Slots","https://cp-images.casinoplus.live/images/cpms/ALL_GAME/3202/201451.webp","images/unknown__Shadow_Strike__625.webp"
"626","Shadow Treasure","","640","Slots","https://cp-images.casinoplus.live/images/cpms/ALL_GAME/3202/201474.webp","images/unknown__Shadow_Treasure__626.webp"
"627","Shaolin Master","","641","Slots","https://cp-images.casinoplus.live/images/cpms/ALL_GAME/3202/201468.webp","images/unknown__Shaolin_Master__627.webp"
"628","SixSixSix","","642","Slots","https://cp-images.casinoplus.live/images/cpms/ALL_GAME/3202/201404.webp","images/unknown__SixSixSix__628.webp"
"629","Slayers Inc","","643","Slots","https://cp-images.casinoplus.live/images/cpms/ALL_GAME/3202/201394.webp","images/unknown__Slayers_Inc__629.webp"
"630","Snow Slingers","","644","Slots","https://cp-images.casinoplus.live/images/cpms/ALL_GAME/3202/201466.webp","images/unknown__Snow_Slingers__630.webp"
"631","Speed Crash","","645","Slots","https://cp-images.casinoplus.live/images/cpms/ALL_GAME/3202/201418.webp","images/unknown__Speed_Crash__631.webp"
"632","Spinman","","646","High Cash Rebate|Slots","https://cp-images.casinoplus.live/images/cpms/26-07/3202_201541_h5_260701211119.webp","images/unknown__Spinman__632.webp"
"633","Stack","","647","Slots","https://cp-images.casinoplus.live/images/cpms/ALL_GAME/3202/201065.webp","images/unknown__Stack__633.webp"
"634","Stick","","648","Slots","https://cp-images.casinoplus.live/images/cpms/ALL_GAME/3202/201053.webp","images/unknown__Stick__634.webp"
"635","Stormforged","","649","Slots","https://cp-images.casinoplus.live/images/cpms/ALL_GAME/3202/201220.webp","images/unknown__Stormforged__635.webp"
"636","Street Knockout","","650","Slots","https://cp-images.casinoplus.live/images/cpms/ALL_GAME/3202/201573.webp","images/unknown__Street_Knockout__636.webp"
"637","Strength Of Hercules","","651","Slots","https://cp-images.casinoplus.live/images/cpms/ALL_GAME/3202/201514.webp","images/unknown__Strength_Of_Hercules__637.webp"
"638","Tai the Toad","","652","Slots","https://cp-images.casinoplus.live/images/cpms/ALL_GAME/3202/201402.webp","images/unknown__Tai_the_Toad__638.webp"
"639","Tasty Treats","","653","Slots","https://cp-images.casinoplus.live/images/cpms/ALL_GAME/3202/201086.webp","images/unknown__Tasty_Treats__639.webp"
"640","Temple Of Torment","","654","Slots","https://cp-images.casinoplus.live/images/cpms/ALL_GAME/3202/201236.webp","images/unknown__Temple_Of_Torment__640.webp"
"641","The Bowery Boys","","655","Slots","https://cp-images.casinoplus.live/images/cpms/ALL_GAME/3202/201102.webp","images/unknown__The_Bowery_Boys__641.webp"
"642","The Library","","656","Slots","https://cp-images.casinoplus.live/images/cpms/ALL_GAME/3202/201516.webp","images/unknown__The_Library__642.webp"
"643","The Respinners","","657","Slots","https://cp-images.casinoplus.live/images/cpms/ALL_GAME/3202/201058.webp","images/unknown__The_Respinners__643.webp"
"644","Time Spinners","","658","Slots","https://cp-images.casinoplus.live/images/cpms/ALL_GAME/3202/201168.webp","images/unknown__Time_Spinners__644.webp"
"645","Toshi Video Club","","659","Slots","https://cp-images.casinoplus.live/images/cpms/ALL_GAME/3202/201070.webp","images/unknown__Toshi_Video_Club__645.webp"
"646","Twenty-one","","660","Slots","https://cp-images.casinoplus.live/images/cpms/ALL_GAME/3202/201316.webp","images/unknown__Twenty-one__646.webp"
"647","Twisted Lab","","661","Slots","https://cp-images.casinoplus.live/images/cpms/ALL_GAME/3202/201400.webp","images/unknown__Twisted_Lab__647.webp"
"648","Ultimate Slot Of America","","662","Slots","https://cp-images.casinoplus.live/images/cpms/ALL_GAME/3202/201559.webp","images/unknown__Ultimate_Slot_Of_America__648.webp"
"649","Undead Fortune","","663","Slots","https://cp-images.casinoplus.live/images/cpms/ALL_GAME/3202/201171.webp","images/unknown__Undead_Fortune__649.webp"
"650","Valhalla: Wild Winter","","664","Slots","https://cp-images.casinoplus.live/images/cpms/ALL_GAME/3202/201497.webp","images/unknown__Valhalla_Wild_Winter__650.webp"
"651","Vending Machine","","665","Slots","https://cp-images.casinoplus.live/images/cpms/ALL_GAME/3202/201260.webp","images/unknown__Vending_Machine__651.webp"
"652","Warrior Ways","","666","Slots","https://cp-images.casinoplus.live/images/cpms/ALL_GAME/3202/201110.webp","images/unknown__Warrior_Ways__652.webp"
"653","Wheel","","667","Slots","https://cp-images.casinoplus.live/images/cpms/ALL_GAME/3202/201284.webp","images/unknown__Wheel__653.webp"
"654","Wild Dojo Strike","","668","Slots","https://cp-images.casinoplus.live/images/cpms/ALL_GAME/3202/201450.webp","images/unknown__Wild_Dojo_Strike__654.webp"
"655","Wings Of Horus","","669","Slots","https://cp-images.casinoplus.live/images/cpms/ALL_GAME/3202/201462.webp","images/unknown__Wings_Of_Horus__655.webp"
"656","Power Zones: Pyramid Valley","PLAYTECH","670","Slots","https://cp-images.casinoplus.live/images/cpms/playtech/mobile/gpas_pstrike_pop.webp","images/PLAYTECH__Power_Zones_Pyramid_Valley__656.webp"
"657","All Star Fishing","JILI","671","Slots|Fishing","https://cp-images.casinoplus.live/images/cpms/jili/mobile/119.webp","images/JILI__All_Star_Fishing__657.webp"
"658","Bombing Fishing","JILI","672","Slots|Fishing","https://cp-images.casinoplus.live/images/cpms/jili/mobile/20.webp","images/JILI__Bombing_Fishing__658.webp"
"659","Boom Legend","JILI","673","Slots|Fishing","https://cp-images.casinoplus.live/images/cpms/jili/mobile/71.webp","images/JILI__Boom_Legend__659.webp"
"660","Crazy Hunter 2","JILI","674","Slots","https://cp-images.casinoplus.live/images/cpms/jili/mobile/420.webp","images/JILI__Crazy_Hunter_2__660.webp"
"661","Dinosaur Tycoon","JILI","675","Slots|Fishing","https://cp-images.casinoplus.live/images/cpms/jili/mobile/42.webp","images/JILI__Dinosaur_Tycoon__661.webp"
"662","Dinosaur Tycoon II","JILI","676","Slots","https://cp-images.casinoplus.live/images/cpms/jili/mobile/212.webp","images/JILI__Dinosaur_Tycoon_II__662.webp"
"663","Dragon Fortune","JILI","677","Slots|Fishing","https://cp-images.casinoplus.live/images/cpms/jili/mobile/60.webp","images/JILI__Dragon_Fortune__663.webp"
"664","Fortune King Jackpot","JILI","678","Slots|Fishing","https://cp-images.casinoplus.live/images/cpms/jili/mobile/464.webp","images/JILI__Fortune_King_Jackpot__664.webp"
"665","Golden Temple","JILI","679","Slots","https://cp-images.casinoplus.live/images/cpms/jili/mobile/191.webp","images/JILI__Golden_Temple__665.webp"
"666","Happy Fishing","JILI","680","Slots|Fishing","https://cp-images.casinoplus.live/images/cpms/jili/mobile/82.webp","images/JILI__Happy_Fishing__666.webp"
"667","Jackpot Fishing","JILI","681","Slots|Fishing","https://cp-images.casinoplus.live/images/cpms/jili/mobile/32.webp","images/JILI__Jackpot_Fishing__667.webp"
"668","Lucky Jaguar","","682","High Cash Rebate|Slots","https://cp-images.casinoplus.live/images/cpms/26-07/3001_421_h5_260701201426.webp","images/unknown__Lucky_Jaguar__668.webp"
"669","Money Pot","","683","High Cash Rebate|Slots","https://cp-images.casinoplus.live/images/cpms/26-07/3001_379_h5_260701201043.webp","images/unknown__Money_Pot__669.webp"
"670","Night City","JILI","684","Slots","https://cp-images.casinoplus.live/images/cpms/jili/mobile/37.webp","images/JILI__Night_City__670.webp"
"671","Ocean King Jackpot","JILI","685","Slots|Fishing","https://cp-images.casinoplus.live/images/cpms/jili/mobile/289.webp","images/JILI__Ocean_King_Jackpot__671.webp"
"672","Potion Wizard","JILI","686","Slots","https://cp-images.casinoplus.live/images/cpms/jili/mobile/299.webp","images/JILI__Potion_Wizard__672.webp"
"673","Speed Baccarat","","687","EVOCASHREBATE|Live","https://cp-images.casinoplus.live/images/cpms/26-05/4186_EDHS01_h5_260521172244.webp","images/unknown__Speed_Baccarat__673.webp"
"674","Golden Wealth Baccarat","EGS","688","EVOCASHREBATE|Live","https://cp-images.casinoplus.live/images/cpms/egs/mobile/evo5.webp","images/EGS__Golden_Wealth_Baccarat__674.webp"
"675","Royal Fishing","JILI","689","Slots|Fishing","https://cp-images.casinoplus.live/images/cpms/jili/mobile/1.webp","images/JILI__Royal_Fishing__675.webp"
"676","Min ₱500 Blackjack","","690","Live","https://cp-images.casinoplus.live/images/cpms/ALL_GAME/3007/min500.webp","images/unknown__Min_500_Blackjack__676.webp"
"677","Emperor Speed Baccarat A","EGS","691","EVOCASHREBATE|Live","https://cp-images.casinoplus.live/images/cpms/egs/mobile/evo3.webp","images/EGS__Emperor_Speed_Baccarat_A__677.webp"
"678","The Pig House","JILI","693","Slots","https://cp-images.casinoplus.live/images/cpms/jili/mobile/263.webp","images/JILI__The_Pig_House__678.webp"
"679","Min ₱50 Baccarat","","696","EVOCASHREBATE|Live","https://cp-images.casinoplus.live/images/cpms/26-05/4186_ELV01_h5_260521172156.webp","images/unknown__Min_50_Baccarat__679.webp"
"680","Lightning Baccarat","EGS","698","EVOCASHREBATE|Live","https://cp-images.casinoplus.live/images/cpms/egs/mobile/evo4.webp","images/EGS__Lightning_Baccarat__680.webp"
"681","Baccarat Squeeze","EGS","700","EVOCASHREBATE|Live","https://cp-images.casinoplus.live/images/cpms/egs/mobile/evo9.webp","images/EGS__Baccarat_Squeeze__681.webp"
"682","Min ₱1K Blackjack","","701","Live","https://cp-images.casinoplus.live/images/cpms/ALL_GAME/3007/min1k.webp","images/unknown__Min_1K_Blackjack__682.webp"
"683","Baccarat A","EGS","702","EVOCASHREBATE|Live","https://cp-images.casinoplus.live/images/cpms/egs/mobile/evo6.webp","images/EGS__Baccarat_A__683.webp"
"684","Blackjack Grand Vip","EGS","703","Live","https://cp-images.casinoplus.live/images/cpms/egs/mobile/gfzrqe4hqv24kukc.webp","images/EGS__Blackjack_Grand_Vip__684.webp"
"685","Baccarat Control Squeeze","EGS","704","EVOCASHREBATE|Live","https://cp-images.casinoplus.live/images/cpms/egs/mobile/evo15.webp","images/EGS__Baccarat_Control_Squeeze__685.webp"
"686","Funky Time","EGS","705","Perya","https://cp-images.casinoplus.live/images/cpms/egs/mobile/FunkyTime0000001.webp","images/EGS__Funky_Time__686.webp"
"687","Vip Roulette","EGS","706","Live","https://cp-images.casinoplus.live/images/cpms/egs/mobile/wzg6kdkad1oe7m5k.webp","images/EGS__Vip_Roulette__687.webp"
"688","Monopoly Live","EGS","707","Perya","https://cp-images.casinoplus.live/images/cpms/egs/mobile/Monopoly00000001.webp","images/EGS__Monopoly_Live__688.webp"
"689","Infinite Free Bet Blackjack","EGS","708","Live","https://cp-images.casinoplus.live/images/cpms/egs/mobile/FreeBet000000001.webp","images/EGS__Infinite_Free_Bet_Blackjack__689.webp"
"690","Emperor Roulette","EGS","709","Live","https://cp-images.casinoplus.live/images/cpms/egs/mobile/pv5q45yjhasyt46y.webp","images/EGS__Emperor_Roulette__690.webp"
"691","Classic Baccarat","","710","Live","https://cp-images.casinoplus.live/images/cpms/ALL_GAME/3037/mobile/classicbaccarat.webp","images/unknown__Classic_Baccarat__691.webp"
"692","Craps","EGS","711","Live","https://cp-images.casinoplus.live/images/cpms/egs/mobile/Craps00000000001.webp","images/EGS__Craps__692.webp"
"693","Xxxtreme Lightning Roulette","EGS","712","Live","https://cp-images.casinoplus.live/images/cpms/egs/mobile/XxxtremeLigh0001.webp","images/EGS__Xxxtreme_Lightning_Roulette__693.webp"
"694","Super Sic Bo","EGS","713","Live","https://cp-images.casinoplus.live/images/cpms/egs/mobile/SuperSicBo000001.webp","images/EGS__Super_Sic_Bo__694.webp"
"695","Emperor Dragon Tiger","EGS","714","Live","https://cp-images.casinoplus.live/images/cpms/egs/mobile/puu47n7mic3rfd7y.webp","images/EGS__Emperor_Dragon_Tiger__695.webp"
"696","Auto-Roulette","EGS","715","Live","https://cp-images.casinoplus.live/images/cpms/egs/mobile/48z5pjps3ntvqc1b.webp","images/EGS__Auto-Roulette__696.webp"
"697","Casino Hold","EGS","716","Live","https://cp-images.casinoplus.live/images/cpms/egs/mobile/HoldemTable00001.webp","images/EGS__Casino_Hold__697.webp"
"698","Instant Roulette","EGS","717","Live","https://cp-images.casinoplus.live/images/cpms/egs/mobile/InstantRo0000001.webp","images/EGS__Instant_Roulette__698.webp"
"699","Fan Tan","EGS","718","Live","https://cp-images.casinoplus.live/images/cpms/egs/mobile/FanTan0000000001.webp","images/EGS__Fan_Tan__699.webp"
"700","Blackjack Silver A","EGS","719","Live","https://cp-images.casinoplus.live/images/cpms/egs/mobile/gkmq0o2hryjyqu30.webp","images/EGS__Blackjack_Silver_A__700.webp"
"701","Blackjack Vip 1","EGS","720","Live","https://cp-images.casinoplus.live/images/cpms/egs/mobile/o7347okwaeasvy2y.webp","images/EGS__Blackjack_Vip_1__701.webp"
"702","First Person Prosperity Tree Baccarat","EGS","721","EVOCASHREBATE|Live","https://cp-images.casinoplus.live/images/cpms/egs/mobile/evo20.webp","images/EGS__First_Person_Prosperity_Tree_Baccarat__702.webp"
"703","Speed Roulette","EGS","722","Live","https://cp-images.casinoplus.live/images/cpms/egs/mobile/lkcbrbdckjxajdol.webp","images/EGS__Speed_Roulette__703.webp"
"704","Marble Race","EGS","723","Perya","https://cp-images.casinoplus.live/images/cpms/egs/mobile/MarbleRace000001.webp","images/EGS__Marble_Race__704.webp"
"705","2 Hand Casino Hold","EGS","724","Live","https://cp-images.casinoplus.live/images/cpms/egs/mobile/DHPTable00000001.webp","images/EGS__2_Hand_Casino_Hold__705.webp"
"706","American Roulette","EGS","725","Live","https://cp-images.casinoplus.live/images/cpms/egs/mobile/AmericanTable001.webp","images/EGS__American_Roulette__706.webp"
"707","Auto-Roulette Vip","EGS","726","Live","https://cp-images.casinoplus.live/images/cpms/egs/mobile/01rb77cq1gtenhmo.webp","images/EGS__Auto-Roulette_Vip__707.webp"
"708","Bac Bo","EGS","727","Live","https://cp-images.casinoplus.live/images/cpms/egs/mobile/BacBo00000000001.webp","images/EGS__Bac_Bo__708.webp"
"709","Blackjack A","EGS","728","Live","https://cp-images.casinoplus.live/images/cpms/egs/mobile/uwd2bl2khwcikjlz.webp","images/EGS__Blackjack_A__709.webp"
"710","Blackjack Party","EGS","729","Live","https://cp-images.casinoplus.live/images/cpms/egs/mobile/sni5cza6d1vvl50i.webp","images/EGS__Blackjack_Party__710.webp"
"711","Caribbean Stud Poker","EGS","730","Live","https://cp-images.casinoplus.live/images/cpms/egs/mobile/CSPTable00000001.webp","images/EGS__Caribbean_Stud_Poker__711.webp"
"712","Crazy Coin Flip","EGS","731","Perya","https://cp-images.casinoplus.live/images/cpms/egs/mobile/CrazyCoinFlip001.webp","images/EGS__Crazy_Coin_Flip__712.webp"
"713","Dead Or Alive: Saloon","EGS","732","Live","https://cp-images.casinoplus.live/images/cpms/egs/mobile/doasaloon0000001.webp","images/EGS__Dead_Or_Alive_Saloon__713.webp"
"714","Double Ball Roulette","EGS","733","Live","https://cp-images.casinoplus.live/images/cpms/egs/mobile/DoubleBallRou001.webp","images/EGS__Double_Ball_Roulette__714.webp"
"715","Dream Catcher","EGS","734","Perya","https://cp-images.casinoplus.live/images/cpms/egs/mobile/MOWDream00000001.webp","images/EGS__Dream_Catcher__715.webp"
"716","Extra Chilli Epic Spins","EGS","735","Live","https://cp-images.casinoplus.live/images/cpms/egs/mobile/ExChEpicSpins001.webp","images/EGS__Extra_Chilli_Epic_Spins__716.webp"
"717","Football Studio","EGS","736","Live","https://cp-images.casinoplus.live/images/cpms/egs/mobile/TopCard000000001.webp","images/EGS__Football_Studio__717.webp"
"718","Football Studio Dice","EGS","737","Live","https://cp-images.casinoplus.live/images/cpms/egs/mobile/TopDice000000001.webp","images/EGS__Football_Studio_Dice__718.webp"
"719","Immersive Roulette","EGS","738","Live","https://cp-images.casinoplus.live/images/cpms/egs/mobile/7x0b1tgh7agmf6hv.webp","images/EGS__Immersive_Roulette__719.webp"
"720","Imperial Quest","EGS","739","Perya","https://cp-images.casinoplus.live/images/cpms/egs/mobile/ImperialQuest001.webp","images/EGS__Imperial_Quest__720.webp"
"721","Infinite Blackjack","EGS","740","Live","https://cp-images.casinoplus.live/images/cpms/egs/mobile/mrfykemt5slanyi5.webp","images/EGS__Infinite_Blackjack__721.webp"
"722","Lightning Blackjack","EGS","741","Live","https://cp-images.casinoplus.live/images/cpms/egs/mobile/LightningSbj0001.webp","images/EGS__Lightning_Blackjack__722.webp"
"723","Lightning Dice","EGS","742","Live","https://cp-images.casinoplus.live/images/cpms/egs/mobile/LightningDice001.webp","images/EGS__Lightning_Dice__723.webp"
"724","Peek Baccarat","EGS","743","EVOCASHREBATE|Live","https://cp-images.casinoplus.live/images/cpms/egs/mobile/evo21.webp","images/EGS__Peek_Baccarat__724.webp"
"725","Power Blackjack","EGS","744","Live","https://cp-images.casinoplus.live/images/cpms/egs/mobile/PowerInfiniteBJ1.webp","images/EGS__Power_Blackjack__725.webp"
"726","Salon Privé Baccarat A","EGS","745","EVOCASHREBATE|Live","https://cp-images.casinoplus.live/images/cpms/egs/mobile/evo25.webp","images/EGS__Salon_Priv_Baccarat_A__726.webp"
"727","Salon Privé Blackjack A","EGS","746","Live","https://cp-images.casinoplus.live/images/cpms/egs/mobile/mdkqdxtkdctrhnsx.webp","images/EGS__Salon_Priv_Blackjack_A__727.webp"
"728","Salon Privé Roulette","EGS","747","Live","https://cp-images.casinoplus.live/images/cpms/egs/mobile/mdkqijp3dctrhnuv.webp","images/EGS__Salon_Priv_Roulette__728.webp"
"729","Speed Auto Roulette","EGS","748","Live","https://cp-images.casinoplus.live/images/cpms/egs/mobile/SpeedAutoRo00001.webp","images/EGS__Speed_Auto_Roulette__729.webp"
"730","Speed Vip Blackjack A","EGS","749","Live","https://cp-images.casinoplus.live/images/cpms/egs/mobile/SpeedBlackjack01.webp","images/EGS__Speed_Vip_Blackjack_A__730.webp"
"731","Super Andar Bahar","EGS","750","Live","https://cp-images.casinoplus.live/images/cpms/egs/mobile/AndarBahar000001.webp","images/EGS__Super_Andar_Bahar__731.webp"
"732","Teen Patti","EGS","751","Live","https://cp-images.casinoplus.live/images/cpms/egs/mobile/teenpattitable01.webp","images/EGS__Teen_Patti__732.webp"
"733","Texas Hold","EGS","752","Live","https://cp-images.casinoplus.live/images/cpms/egs/mobile/THBTable00000001.webp","images/EGS__Texas_Hold__733.webp"
"734","Three Card Poker","EGS","753","Live","https://cp-images.casinoplus.live/images/cpms/egs/mobile/n5emwq5c5dwepwam.webp","images/EGS__Three_Card_Poker__734.webp"
"735","Ultimate Texas Hold","EGS","754","Live","https://cp-images.casinoplus.live/images/cpms/egs/mobile/UTHTable00000001.webp","images/EGS__Ultimate_Texas_Hold__735.webp"
"736","Thai Emerald","RTG","755","Slots","https://cp-images.casinoplus.live/images/cpms/rtg/mobile/1179947.webp","images/RTG__Thai_Emerald__736.webp"
"737","Super 6","RTG","756","Slots","https://cp-images.casinoplus.live/images/cpms/rtg/mobile/1179819.webp","images/RTG__Super_6__737.webp"
"738","Santastic!","RTG","757","Slots","https://cp-images.casinoplus.live/images/cpms/rtg/mobile/1179861.webp","images/RTG__Santastic__738.webp"
"739","Texan Tycoon","RTG","758","Slots","https://cp-images.casinoplus.live/images/cpms/rtg/mobile/1179709.webp","images/RTG__Texan_Tycoon__739.webp"
"740","Snowmania","RTG","759","Slots","https://cp-images.casinoplus.live/images/cpms/rtg/mobile/1179828.webp","images/RTG__Snowmania__740.webp"
"741","Bubble Bubble 3","RTG","760","Slots","https://cp-images.casinoplus.live/images/cpms/rtg/mobile/1179938.webp","images/RTG__Bubble_Bubble_3__741.webp"
"742","The Nice List","RTG","761","Slots","https://cp-images.casinoplus.live/images/cpms/rtg/mobile/1179814.webp","images/RTG__The_Nice_List__742.webp"
"743","Naughty Or Nice","RTG","762","Slots","https://cp-images.casinoplus.live/images/cpms/rtg/mobile/1179714.webp","images/RTG__Naughty_Or_Nice__743.webp"
"744","Kung Fu Rooster","RTG","763","Slots","https://cp-images.casinoplus.live/images/cpms/rtg/mobile/1179847.webp","images/RTG__Kung_Fu_Rooster__744.webp"
"745","Zhanshi","RTG","764","Slots","https://cp-images.casinoplus.live/images/cpms/rtg/mobile/1179820.webp","images/RTG__Zhanshi__745.webp"
"746","The Three Stooges Brideless Groom","RTG","765","Slots","https://cp-images.casinoplus.live/images/cpms/rtg/mobile/1179807.webp","images/RTG__The_Three_Stooges_Brideless_Groom__746.webp"
"747","Color Crush","","766","High Cash Rebate|Slots","https://cp-images.casinoplus.live/images/cpms/26-07/3033_6001_h5_260702102710.webp","images/unknown__Color_Crush__747.webp"
"748","Lucha Libre","RTG","767","Slots","https://cp-images.casinoplus.live/images/cpms/rtg/mobile/1179810.webp","images/RTG__Lucha_Libre__748.webp"
"749","Pulsar","RTG","768","Slots","https://cp-images.casinoplus.live/images/cpms/rtg/mobile/1179896.webp","images/RTG__Pulsar__749.webp"
"750","Frog Fortunes","RTG","769","Slots","https://cp-images.casinoplus.live/images/cpms/rtg/mobile/1179919.webp","images/RTG__Frog_Fortunes__750.webp"
"751","Asgard","RTG","770","Slots","https://cp-images.casinoplus.live/images/cpms/rtg/mobile/1179840.webp","images/RTG__Asgard__751.webp"
"752","Popinata","RTG","771","Slots","https://cp-images.casinoplus.live/images/cpms/rtg/mobile/1179839.webp","images/RTG__Popinata__752.webp"
"753","Wu Zetian","RTG","772","Slots","https://cp-images.casinoplus.live/images/cpms/rtg/mobile/1179889.webp","images/RTG__Wu_Zetian__753.webp"
"754","The Big Bopper","RTG","773","Slots","https://cp-images.casinoplus.live/images/cpms/rtg/mobile/1179818.webp","images/RTG__The_Big_Bopper__754.webp"
"755","Enchanted Garden II","RTG","774","Slots","https://cp-images.casinoplus.live/images/cpms/rtg/mobile/1179821.webp","images/RTG__Enchanted_Garden_II__755.webp"
"756","Vegas Lux","RTG","775","Slots","https://cp-images.casinoplus.live/images/cpms/rtg/mobile/1179918.webp","images/RTG__Vegas_Lux__756.webp"
"757","Nine Realms","RTG","776","Slots","https://cp-images.casinoplus.live/images/cpms/rtg/mobile/1179968.webp","images/RTG__Nine_Realms__757.webp"
"758","Aztec","RTG","777","Slots","https://cp-images.casinoplus.live/images/cpms/rtg/mobile/1179652.webp","images/RTG__Aztec__758.webp"
"759","Megaquarium","RTG","778","Slots","https://cp-images.casinoplus.live/images/cpms/rtg/mobile/1179836.webp","images/RTG__Megaquarium__759.webp"
"760","Hyper Wins","RTG","779","Slots","https://cp-images.casinoplus.live/images/cpms/rtg/mobile/1179939.webp","images/RTG__Hyper_Wins__760.webp"
"761","Fire Dragon","RTG","780","Slots","https://cp-images.casinoplus.live/images/cpms/rtg/mobile/1179883.webp","images/RTG__Fire_Dragon__761.webp"
"762","Lucha Libre 2","RTG","781","Slots","https://cp-images.casinoplus.live/images/cpms/rtg/mobile/1179874.webp","images/RTG__Lucha_Libre_2__762.webp"
"763","Caesar","RTG","782","Slots","https://cp-images.casinoplus.live/images/cpms/rtg/mobile/1179654.webp","images/RTG__Caesar__763.webp"
"764","Fantasy Mission Force","RTG","783","Slots","https://cp-images.casinoplus.live/images/cpms/rtg/mobile/1179871.webp","images/RTG__Fantasy_Mission_Force__764.webp"
"765","Rudolph","RTG","784","Slots","https://cp-images.casinoplus.live/images/cpms/rtg/mobile/1179693.webp","images/RTG__Rudolph__765.webp"
"766","Enchanted Garden","RTG","785","Slots","https://cp-images.casinoplus.live/images/cpms/rtg/mobile/1179672.webp","images/RTG__Enchanted_Garden__766.webp"
"767","Ancient Gods","RTG","786","Slots","https://cp-images.casinoplus.live/images/cpms/rtg/mobile/1179887.webp","images/RTG__Ancient_Gods__767.webp"
"768","Builder Beaver","RTG","787","Slots","https://cp-images.casinoplus.live/images/cpms/rtg/mobile/1179771.webp","images/RTG__Builder_Beaver__768.webp"
"769","Ninja Star","RTG","788","Slots","https://cp-images.casinoplus.live/images/cpms/rtg/mobile/1179779.webp","images/RTG__Ninja_Star__769.webp"
"770","Aladdin","RTG","789","Slots","https://cp-images.casinoplus.live/images/cpms/rtg/mobile/1179674.webp","images/RTG__Aladdin__770.webp"
"771","Cubee","RTG","790","Slots","https://cp-images.casinoplus.live/images/cpms/rtg/mobile/1179892.webp","images/RTG__Cubee__771.webp"
"772","Dr. Winmore","RTG","791","Slots","https://cp-images.casinoplus.live/images/cpms/rtg/mobile/1179911.webp","images/RTG__Dr._Winmore__772.webp"
"773","Gemtopia","RTG","792","Slots","https://cp-images.casinoplus.live/images/cpms/rtg/mobile/1179842.webp","images/RTG__Gemtopia__773.webp"
"774","Epic Holiday Party","RTG","793","Slots","https://cp-images.casinoplus.live/images/cpms/rtg/mobile/1179927.webp","images/RTG__Epic_Holiday_Party__774.webp"
"775","Fu Chi","RTG","794","Slots","https://cp-images.casinoplus.live/images/cpms/rtg/mobile/1179868.webp","images/RTG__Fu_Chi__775.webp"
"776","Paydirt!","RTG","795","Slots","https://cp-images.casinoplus.live/images/cpms/rtg/mobile/1180054.webp","images/RTG__Paydirt__776.webp"
"777","Spring Wilds","RTG","796","Slots","https://cp-images.casinoplus.live/images/cpms/rtg/mobile/1179936.webp","images/RTG__Spring_Wilds__777.webp"
"778","Witchy Wins","RTG","797","Slots","https://cp-images.casinoplus.live/images/cpms/rtg/mobile/1179926.webp","images/RTG__Witchy_Wins__778.webp"
"779","Bubble Bubble 2","RTG","798","Slots","https://cp-images.casinoplus.live/images/cpms/rtg/mobile/1179848.webp","images/RTG__Bubble_Bubble_2__779.webp"
"780","Fucanglong","RTG","799","Slots","https://cp-images.casinoplus.live/images/cpms/rtg/mobile/1179837.webp","images/RTG__Fucanglong__780.webp"
"781","Run Rabbit Run!","RTG","800","Slots","https://cp-images.casinoplus.live/images/cpms/rtg/mobile/1179957.webp","images/RTG__Run_Rabbit_Run__781.webp"
"782","Shanghai Lights","RTG","801","Slots","https://cp-images.casinoplus.live/images/cpms/rtg/mobile/1179870.webp","images/RTG__Shanghai_Lights__782.webp"
"783","Witch","RTG","802","Slots","https://cp-images.casinoplus.live/images/cpms/rtg/mobile/1179826.webp","images/RTG__Witch__783.webp"
"784","Cleopatra","RTG","804","Slots","https://cp-images.casinoplus.live/images/cpms/rtg/mobile/1179651.webp","images/RTG__Cleopatra__784.webp"
"785","Legend Of Helios","RTG","805","Slots","https://cp-images.casinoplus.live/images/cpms/rtg/mobile/1179941.webp","images/RTG__Legend_Of_Helios__785.webp"
"786","Sweet 16 Blast!","RTG","806","Slots","https://cp-images.casinoplus.live/images/cpms/rtg/mobile/1179965.webp","images/RTG__Sweet_16_Blast__786.webp"
"787","Naughty Or Nice III - Carwash","RTG","807","Slots","https://cp-images.casinoplus.live/images/cpms/rtg/mobile/1179890.webp","images/RTG__Naughty_Or_Nice_III_-_Carwash__787.webp"
"788","Football Fortunes","RTG","808","Slots","https://cp-images.casinoplus.live/images/cpms/rtg/mobile/1179898.webp","images/RTG__Football_Fortunes__788.webp"
"789","Rudolph Awakens","RTG","809","Slots","https://cp-images.casinoplus.live/images/cpms/rtg/mobile/1179875.webp","images/RTG__Rudolph_Awakens__789.webp"
"790","Swindle All The Way","RTG","810","Slots","https://cp-images.casinoplus.live/images/cpms/rtg/mobile/1179869.webp","images/RTG__Swindle_All_The_Way__790.webp"
"791","Lightning Storm","EGS","811","Perya","https://cp-images.casinoplus.live/images/cpms/egs/mobile/LightningStorm01.webp","images/EGS__Lightning_Storm__791.webp"
"792","Gem Strike","RTG","812","Slots","https://cp-images.casinoplus.live/images/cpms/rtg/mobile/1179964.webp","images/RTG__Gem_Strike__792.webp"
"793","T-Rex II","RTG","813","Slots","https://cp-images.casinoplus.live/images/cpms/rtg/mobile/1179897.webp","images/RTG__T-Rex_II__793.webp"
"794","Triple Twister","RTG","814","Slots","https://cp-images.casinoplus.live/images/cpms/rtg/mobile/1179710.webp","images/RTG__Triple_Twister__794.webp"
"795","Tiger Treasures","RTG","815","Slots","https://cp-images.casinoplus.live/images/cpms/rtg/mobile/1179661.webp","images/RTG__Tiger_Treasures__795.webp"
"796","Panda","RTG","816","Slots","https://cp-images.casinoplus.live/images/cpms/rtg/mobile/1179876.webp","images/RTG__Panda__796.webp"
"797","Magic Mushroom","RTG","817","Slots","https://cp-images.casinoplus.live/images/cpms/rtg/mobile/1179908.webp","images/RTG__Magic_Mushroom__797.webp"
"798","Regal Riches","RTG","818","Slots","https://cp-images.casinoplus.live/images/cpms/rtg/mobile/1179796.webp","images/RTG__Regal_Riches__798.webp"
"799","Stardust","RTG","819","Slots","https://cp-images.casinoplus.live/images/cpms/rtg/mobile/1179884.webp","images/RTG__Stardust__799.webp"
"800","Scuba Fishing","RTG","820","Slots","https://cp-images.casinoplus.live/images/cpms/rtg/mobile/1179888.webp","images/RTG__Scuba_Fishing__800.webp"
"801","Plentiful Treasure","RTG","821","Slots","https://cp-images.casinoplus.live/images/cpms/rtg/mobile/1179881.webp","images/RTG__Plentiful_Treasure__801.webp"
"802","Storm Lords","RTG","822","Slots","https://cp-images.casinoplus.live/images/cpms/rtg/mobile/1179899.webp","images/RTG__Storm_Lords__802.webp"
"803","Samba Sunset","RTG","823","Slots","https://cp-images.casinoplus.live/images/cpms/rtg/mobile/1179823.webp","images/RTG__Samba_Sunset__803.webp"
"804","Fruit Frenzy","RTG","824","Slots","https://cp-images.casinoplus.live/images/cpms/rtg/mobile/1179665.webp","images/RTG__Fruit_Frenzy__804.webp"
"805","Khrysos Gold","RTG","825","Slots","https://cp-images.casinoplus.live/images/cpms/rtg/mobile/1179954.webp","images/RTG__Khrysos_Gold__805.webp"
"806","Goldbeard","RTG","826","Slots","https://cp-images.casinoplus.live/images/cpms/rtg/mobile/1179653.webp","images/RTG__Goldbeard__806.webp"
"807","Lucky 8","RTG","827","Slots","https://cp-images.casinoplus.live/images/cpms/rtg/mobile/1179770.webp","images/RTG__Lucky_8__807.webp"
"808","Green Light","RTG","828","Slots","https://cp-images.casinoplus.live/images/cpms/rtg/mobile/1179668.webp","images/RTG__Green_Light__808.webp"
"809","Penguin Power","RTG","830","Slots","https://cp-images.casinoplus.live/images/cpms/rtg/mobile/1179685.webp","images/RTG__Penguin_Power__809.webp"
"810","T-Rex","RTG","831","Slots","https://cp-images.casinoplus.live/images/cpms/rtg/mobile/1179700.webp","images/RTG__T-Rex__810.webp"
"811","High Fashion","RTG","832","Slots","https://cp-images.casinoplus.live/images/cpms/rtg/mobile/1179798.webp","images/RTG__High_Fashion__811.webp"
"812","Ocean Oddities","RTG","833","Slots","https://cp-images.casinoplus.live/images/cpms/rtg/mobile/1179795.webp","images/RTG__Ocean_Oddities__812.webp"
"813","Lucky 6","RTG","834","Slots","https://cp-images.casinoplus.live/images/cpms/rtg/mobile/1179811.webp","images/RTG__Lucky_6__813.webp"
"814","Sparky 7","RTG","835","Slots","https://cp-images.casinoplus.live/images/cpms/rtg/mobile/1179944.webp","images/RTG__Sparky_7__814.webp"
"815","Ghost Ship","RTG","836","Slots","https://cp-images.casinoplus.live/images/cpms/rtg/mobile/1179790.webp","images/RTG__Ghost_Ship__815.webp"
"816","Coyote Cash","RTG","837","Slots","https://cp-images.casinoplus.live/images/cpms/rtg/mobile/1179692.webp","images/RTG__Coyote_Cash__816.webp"
"817","Ritchie Valens - La Bamba","RTG","838","Slots","https://cp-images.casinoplus.live/images/cpms/rtg/mobile/1179873.webp","images/RTG__Ritchie_Valens_-_La_Bamba__817.webp"
"818","Wild Hog Luau","RTG","839","Slots","https://cp-images.casinoplus.live/images/cpms/rtg/mobile/1179923.webp","images/RTG__Wild_Hog_Luau__818.webp"
"819","Crystal Waters","RTG","840","Slots","https://cp-images.casinoplus.live/images/cpms/rtg/mobile/1179675.webp","images/RTG__Crystal_Waters__819.webp"
"820","Cai Hong","RTG","841","Slots","https://cp-images.casinoplus.live/images/cpms/rtg/mobile/1179879.webp","images/RTG__Cai_Hong__820.webp"
"821","Eagle Shadow Fist","RTG","842","Slots","https://cp-images.casinoplus.live/images/cpms/rtg/mobile/1179872.webp","images/RTG__Eagle_Shadow_Fist__821.webp"
"822","Three Kingdom Wars (San Guo Zheng Ba)","RTG","843","Slots","https://cp-images.casinoplus.live/images/cpms/rtg/mobile/1179885.webp","images/RTG__Three_Kingdom_Wars_San_Guo_Zheng_Ba__822.webp"
"823","Halloween Treasures","RTG","844","Slots","https://cp-images.casinoplus.live/images/cpms/rtg/mobile/1179903.webp","images/RTG__Halloween_Treasures__823.webp"
"824","Lucky Catch","RTG","845","Slots","https://cp-images.casinoplus.live/images/cpms/rtg/mobile/1179934.webp","images/RTG__Lucky_Catch__824.webp"
"825","Loch Ness Loot","RTG","846","Slots","https://cp-images.casinoplus.live/images/cpms/rtg/mobile/11797731179773_v1.webp","images/RTG__Loch_Ness_Loot__825.webp"
"826","God Of Wealth","RTG","847","Slots","https://cp-images.casinoplus.live/images/cpms/rtg/mobile/1179817.webp","images/RTG__God_Of_Wealth__826.webp"
"827","Achilles Deluxe","RTG","848","Slots","https://cp-images.casinoplus.live/images/cpms/rtg/mobile/1179922.webp","images/RTG__Achilles_Deluxe__827.webp"
"828","Bakunawa 2","","849","High Cash Rebate|Slots","https://cp-images.casinoplus.live/images/cpms/26-07/3039_slot006_h5_260701202317.webp","images/unknown__Bakunawa_2__828.webp"
"829","Nova 7s","RTG","850","Slots","https://cp-images.casinoplus.live/images/cpms/rtg/mobile/1179825.webp","images/RTG__Nova_7s__829.webp"
"830","Mardi Gras Magic","RTG","851","Slots","https://cp-images.casinoplus.live/images/cpms/rtg/mobile/1179902.webp","images/RTG__Mardi_Gras_Magic__830.webp"
"831","Asgard Deluxe","RTG","852","Slots","https://cp-images.casinoplus.live/images/cpms/rtg/mobile/1179937.webp","images/RTG__Asgard_Deluxe__831.webp"
"832","The Three Stooges II","RTG","853","Slots","https://cp-images.casinoplus.live/images/cpms/rtg/mobile/1179858.webp","images/RTG__The_Three_Stooges_II__832.webp"
"833","Princess Warrior","RTG","854","Slots","https://cp-images.casinoplus.live/images/cpms/rtg/mobile/1179932.webp","images/RTG__Princess_Warrior__833.webp"
"834","IC Wins","RTG","855","Slots","https://cp-images.casinoplus.live/images/cpms/rtg/mobile/1179931.webp","images/RTG__IC_Wins__834.webp"
"835","Wild Fire 7","RTG","856","Slots","https://cp-images.casinoplus.live/images/cpms/rtg/mobile/1179920.webp","images/RTG__Wild_Fire_7__835.webp"
"836","I, Zombie","RTG","857","Slots","https://cp-images.casinoplus.live/images/cpms/rtg/mobile/1179880.webp","images/RTG__I_Zombie__836.webp"
"837","Achilles","RTG","858","Slots","https://cp-images.casinoplus.live/images/cpms/rtg/mobile/1179681.webp","images/RTG__Achilles__837.webp"
"838","Lucky Tiger","RTG","859","Slots","https://cp-images.casinoplus.live/images/cpms/rtg/mobile/1179728.webp","images/RTG__Lucky_Tiger__838.webp"
"839","Meerkat Misfits","RTG","860","Slots","https://cp-images.casinoplus.live/images/cpms/rtg/mobile/1179955.webp","images/RTG__Meerkat_Misfits__839.webp"
"840","Diamond Fiesta","RTG","861","Slots","https://cp-images.casinoplus.live/images/cpms/rtg/mobile/1179917.webp","images/RTG__Diamond_Fiesta__840.webp"
"841","Mermaid Queen","RTG","862","Slots","https://cp-images.casinoplus.live/images/cpms/rtg/mobile/1179663.webp","images/RTG__Mermaid_Queen__841.webp"
"842","Big Santa","RTG","863","Slots","https://cp-images.casinoplus.live/images/cpms/rtg/mobile/1179948.webp","images/RTG__Big_Santa__842.webp"
"843","Paddy","RTG","864","Slots","https://cp-images.casinoplus.live/images/cpms/rtg/mobile/1179900.webp","images/RTG__Paddy__843.webp"
"844","Twister Wilds","RTG","865","Slots","https://cp-images.casinoplus.live/images/cpms/rtg/mobile/1179951.webp","images/RTG__Twister_Wilds__844.webp"
"845","Trigger Happy","RTG","866","Slots","https://cp-images.casinoplus.live/images/cpms/rtg/mobile/1179895.webp","images/RTG__Trigger_Happy__845.webp"
"846","Hillbillies","RTG","867","Slots","https://cp-images.casinoplus.live/images/cpms/rtg/mobile/1179664.webp","images/RTG__Hillbillies__846.webp"
"847","Panda Magic","RTG","868","Slots","https://cp-images.casinoplus.live/images/cpms/rtg/mobile/1179822.webp","images/RTG__Panda_Magic__847.webp"
"848","Copy Cat Fortune","RTG","869","Slots","https://cp-images.casinoplus.live/images/cpms/rtg/mobile/1179949.webp","images/RTG__Copy_Cat_Fortune__848.webp"
"849","Mermaid","RTG","870","Slots","https://cp-images.casinoplus.live/images/cpms/rtg/mobile/1179894.webp","images/RTG__Mermaid__849.webp"
"850","Gods Of Nature (Tian Di Yuan Su)","RTG","871","Slots","https://cp-images.casinoplus.live/images/cpms/rtg/mobile/1179886.webp","images/RTG__Gods_Of_Nature_Tian_Di_Yuan_Su__850.webp"
"851","Eternal Love","RTG","872","Slots","https://cp-images.casinoplus.live/images/cpms/rtg/mobile/1179816.webp","images/RTG__Eternal_Love__851.webp"
"852","The Naughty List","RTG","873","Slots","https://cp-images.casinoplus.live/images/cpms/rtg/mobile/1179805.webp","images/RTG__The_Naughty_List__852.webp"
"853","Penguin Palooza","RTG","874","Slots","https://cp-images.casinoplus.live/images/cpms/rtg/mobile/1179960.webp","images/RTG__Penguin_Palooza__853.webp"
"854","Derby Dollars","RTG","875","Slots","https://cp-images.casinoplus.live/images/cpms/rtg/mobile/1179660.webp","images/RTG__Derby_Dollars__854.webp"
"855","Count Spectacular","RTG","876","Slots","https://cp-images.casinoplus.live/images/cpms/rtg/mobile/1179727.webp","images/RTG__Count_Spectacular__855.webp"
"856","Purrfect Pets","RTG","877","Slots","https://cp-images.casinoplus.live/images/cpms/rtg/mobile/1179843.webp","images/RTG__Purrfect_Pets__856.webp"
"857","Secret Jungle","RTG","878","Slots","https://cp-images.casinoplus.live/images/cpms/rtg/mobile/1179877.webp","images/RTG__Secret_Jungle__857.webp"
"858","Miami Jackpots","RTG","879","Slots","https://cp-images.casinoplus.live/images/cpms/rtg/mobile/1179940.webp","images/RTG__Miami_Jackpots__858.webp"
"859","Fortunate Buddha","RTG","880","Slots","https://cp-images.casinoplus.live/images/cpms/rtg/mobile/1179956.webp","images/RTG__Fortunate_Buddha__859.webp"
"860","Dragon Orb","RTG","881","Slots","https://cp-images.casinoplus.live/images/cpms/rtg/mobile/1179841.webp","images/RTG__Dragon_Orb__860.webp"
"861","Pig Winner","RTG","882","Slots","https://cp-images.casinoplus.live/images/cpms/rtg/mobile/1179893.webp","images/RTG__Pig_Winner__861.webp"
"862","Egyptian Gold","RTG","883","Slots","https://cp-images.casinoplus.live/images/cpms/rtg/mobile/1179935.webp","images/RTG__Egyptian_Gold__862.webp"
"863","Small Fortune","RTG","884","Slots","https://cp-images.casinoplus.live/images/cpms/rtg/mobile/1179797.webp","images/RTG__Small_Fortune__863.webp"
"864","Tarot Destiny","RTG","885","Slots","https://cp-images.casinoplus.live/images/cpms/rtg/mobile/1179990.webp","images/RTG__Tarot_Destiny__864.webp"
"865","Divas Of Darkness","RTG","886","Slots","https://cp-images.casinoplus.live/images/cpms/rtg/mobile/1179946.webp","images/RTG__Divas_Of_Darkness__865.webp"
"866","Mighty Drums","RTG","887","Slots","https://cp-images.casinoplus.live/images/cpms/rtg/mobile/1180007.webp","images/RTG__Mighty_Drums__866.webp"
"867","Goblins: Gluttony Of Gems","RTG","888","Slots","https://cp-images.casinoplus.live/images/cpms/rtg/mobile/1179992.webp","images/RTG__Goblins_Gluttony_Of_Gems__867.webp"
"868","Vegas XL","RTG","889","Slots","https://cp-images.casinoplus.live/images/cpms/rtg/mobile/1179976.webp","images/RTG__Vegas_XL__868.webp"
"869","Merlin","RTG","890","Slots","https://cp-images.casinoplus.live/images/cpms/rtg/mobile/1179988.webp","images/RTG__Merlin__869.webp"
"870","Neon Wheel 7s","RTG","891","Slots","https://cp-images.casinoplus.live/images/cpms/rtg/mobile/1179986.webp","images/RTG__Neon_Wheel_7s__870.webp"
"871","Sweet Shop Collect","RTG","892","Slots","https://cp-images.casinoplus.live/images/cpms/rtg/mobile/1180008.webp","images/RTG__Sweet_Shop_Collect__871.webp"
"872","Doragon","RTG","893","Slots","https://cp-images.casinoplus.live/images/cpms/rtg/mobile/1179974.webp","images/RTG__Doragon__872.webp"
"873","Count Cashtacular","RTG","894","Slots","https://cp-images.casinoplus.live/images/cpms/rtg/mobile/1179958.webp","images/RTG__Count_Cashtacular__873.webp"
"874","Giant Fortunes","RTG","896","Slots","https://cp-images.casinoplus.live/images/cpms/rtg/mobile/1179984.webp","images/RTG__Giant_Fortunes__874.webp"
"875","Bonus Wheel Jungle","RTG","897","Slots","https://cp-images.casinoplus.live/images/cpms/rtg/mobile/1179983.webp","images/RTG__Bonus_Wheel_Jungle__875.webp"
"876","Alien Wins","RTG","898","Slots","https://cp-images.casinoplus.live/images/cpms/rtg/mobile/1179995.webp","images/RTG__Alien_Wins__876.webp"
"877","Mermaid Royale","RTG","899","Slots","https://cp-images.casinoplus.live/images/cpms/rtg/mobile/1179989.webp","images/RTG__Mermaid_Royale__877.webp"
"878","Fortunes Of Olympus","RTG","900","Slots","https://cp-images.casinoplus.live/images/cpms/rtg/mobile/1179996.webp","images/RTG__Fortunes_Of_Olympus__878.webp"
"879","Desert Raider","RTG","901","Slots","https://cp-images.casinoplus.live/images/cpms/rtg/mobile/1179982.webp","images/RTG__Desert_Raider__879.webp"
"880","Warrior Conquest","RTG","902","Slots","https://cp-images.casinoplus.live/images/cpms/rtg/mobile/1180000.webp","images/RTG__Warrior_Conquest__880.webp"
"881","Masks Of Atlantis","RTG","903","Slots","https://cp-images.casinoplus.live/images/cpms/rtg/mobile/1180002.webp","images/RTG__Masks_Of_Atlantis__881.webp"
"882","Bubble Bubble","RTG","904","Slots","https://cp-images.casinoplus.live/images/cpms/rtg/mobile/1179813.webp","images/RTG__Bubble_Bubble__882.webp"
"883","Sweet 16","RTG","905","Slots","https://cp-images.casinoplus.live/images/cpms/rtg/mobile/1179830.webp","images/RTG__Sweet_16__883.webp"
"884","Piggy Bank","JDB","906","Slots","https://cp-images.casinoplus.live/images/cpms/jdb/mobile/0_14091.webp","images/JDB__Piggy_Bank__884.webp"
"885","Cai Shen Fishing","JDB","907","Slots|Fishing","https://cp-images.casinoplus.live/images/cpms/jdb/mobile/7_7003_v1.webp","images/JDB__Cai_Shen_Fishing__885.webp"
"886","Dragon Soar - Hyper Wild","JDB","908","Slots","https://cp-images.casinoplus.live/images/cpms/jdb/mobile/0_14092.webp","images/JDB__Dragon_Soar_-_Hyper_Wild__886.webp"
"887","Super Niubi","JDB","909","Slots","https://cp-images.casinoplus.live/images/cpms/jdb/mobile/0_14036.webp","images/JDB__Super_Niubi__887.webp"
"888","Treasure Bowl","JDB","910","Slots","https://cp-images.casinoplus.live/images/cpms/jdb/mobile/0_14042.webp","images/JDB__Treasure_Bowl__888.webp"
"889","Super Niubi Deluxe","JDB","911","Slots","https://cp-images.casinoplus.live/images/cpms/jdb/mobile/0_14045.webp","images/JDB__Super_Niubi_Deluxe__889.webp"
"890","Dragons Gate","JDB","912","Slots","https://cp-images.casinoplus.live/images/cpms/jdb/mobile/0_14051.webp","images/JDB__Dragons_Gate__890.webp"
"891","Spindrift","JDB","913","Slots","https://cp-images.casinoplus.live/images/cpms/jdb/mobile/0_14050.webp","images/JDB__Spindrift__891.webp"
"892","Spindrift 2","JDB","914","Slots","https://cp-images.casinoplus.live/images/cpms/jdb/mobile/0_14053.webp","images/JDB__Spindrift_2__892.webp"
"893","Lucky Diamond","JDB","915","Slots","https://cp-images.casinoplus.live/images/cpms/jdb/mobile/0_14054.webp","images/JDB__Lucky_Diamond__893.webp"
"894","Kong","JDB","916","Slots","https://cp-images.casinoplus.live/images/cpms/jdb/mobile/0_14055.webp","images/JDB__Kong__894.webp"
"895","Wonder Elephant","JDB","917","Slots","https://cp-images.casinoplus.live/images/cpms/jdb/mobile/0_14058.webp","images/JDB__Wonder_Elephant__895.webp"
"896","Lantern Wealth","JDB","918","Slots","https://cp-images.casinoplus.live/images/cpms/jdb/mobile/0_14060.webp","images/JDB__Lantern_Wealth__896.webp"
"897","Marvelous Iv","JDB","919","Slots","https://cp-images.casinoplus.live/images/cpms/jdb/mobile/0_14059.webp","images/JDB__Marvelous_Iv__897.webp"
"898","Mayagold Crazy","JDB","920","Slots","https://cp-images.casinoplus.live/images/cpms/jdb/mobile/0_14061.webp","images/JDB__Mayagold_Crazy__898.webp"
"899","Big Three Dragons","JDB","921","Slots","https://cp-images.casinoplus.live/images/cpms/jdb/mobile/0_14063.webp","images/JDB__Big_Three_Dragons__899.webp"
"900","Blossom Of Wealth","JDB","922","Slots","https://cp-images.casinoplus.live/images/cpms/jdb/mobile/0_14065.webp","images/JDB__Blossom_Of_Wealth__900.webp"
"901","Glamorous Girl","JDB","923","Slots","https://cp-images.casinoplus.live/images/cpms/jdb/mobile/0_14067.webp","images/JDB__Glamorous_Girl__901.webp"
"902","Prosperity Tiger","JDB","924","Slots","https://cp-images.casinoplus.live/images/cpms/jdb/mobile/0_14068.webp","images/JDB__Prosperity_Tiger__902.webp"
"903","Book Of Mystery","JDB","925","Slots","https://cp-images.casinoplus.live/images/cpms/jdb/mobile/0_14070.webp","images/JDB__Book_Of_Mystery__903.webp"
"904","Fortune Neko","JDB","926","Slots","https://cp-images.casinoplus.live/images/cpms/jdb/mobile/0_14075.webp","images/JDB__Fortune_Neko__904.webp"
"905","Trump Card","JDB","927","Slots","https://cp-images.casinoplus.live/images/cpms/jdb/mobile/0_14077.webp","images/JDB__Trump_Card__905.webp"
"906","Moneybags Man 2","JDB","928","Slots","https://cp-images.casinoplus.live/images/cpms/jdb/mobile/0_14079.webp","images/JDB__Moneybags_Man_2__906.webp"
"907","Elemental Link Fire","JDB","929","Slots","https://cp-images.casinoplus.live/images/cpms/jdb/mobile/0_14080.webp","images/JDB__Elemental_Link_Fire__907.webp"
"908","Caishen Coming","JDB","930","Slots","https://cp-images.casinoplus.live/images/cpms/jdb/mobile/0_14084.webp","images/JDB__Caishen_Coming__908.webp"
"909","Open Sesame Mega","JDB","931","Slots","https://cp-images.casinoplus.live/images/cpms/jdb/mobile/0_14086.webp","images/JDB__Open_Sesame_Mega__909.webp"
"910","Birds Party Deluxe","JDB","932","Slots","https://cp-images.casinoplus.live/images/cpms/jdb/mobile/0_14081.webp","images/JDB__Birds_Party_Deluxe__910.webp"
"911","Pop Pop Candy","JDB","933","Slots","https://cp-images.casinoplus.live/images/cpms/jdb/mobile/0_14087.webp","images/JDB__Pop_Pop_Candy__911.webp"
"912","Elemental Link Water","JDB","934","Slots","https://cp-images.casinoplus.live/images/cpms/jdb/mobile/0_14082.webp","images/JDB__Elemental_Link_Water__912.webp"
"913","Magic Ace","JDB","935","Slots","https://cp-images.casinoplus.live/images/cpms/jdb/mobile/0_14088.webp","images/JDB__Magic_Ace__913.webp"
"914","Coocoo Farm","JDB","936","Slots","https://cp-images.casinoplus.live/images/cpms/jdb/mobile/0_14083.webp","images/JDB__Coocoo_Farm__914.webp"
"915","Bull Treasure","JDB","937","Slots","https://cp-images.casinoplus.live/images/cpms/jdb/mobile/0_14094.webp","images/JDB__Bull_Treasure__915.webp"
"916","Dragon Fishing","JDB","938","Slots|Fishing","https://cp-images.casinoplus.live/images/cpms/jdb/mobile/7_7001.webp","images/JDB__Dragon_Fishing__916.webp"
"917","Dragon Fishing II","JDB","939","Slots|Fishing","https://cp-images.casinoplus.live/images/cpms/jdb/mobile/7_7002.webp","images/JDB__Dragon_Fishing_II__917.webp"
"918","Shade Dragons Fishing","JDB","940","Slots|Fishing","https://cp-images.casinoplus.live/images/cpms/jdb/mobile/7_7004.webp","images/JDB__Shade_Dragons_Fishing__918.webp"
"919","Fishing Yilufa","JDB","941","Slots|Fishing","https://cp-images.casinoplus.live/images/cpms/jdb/mobile/7_7005.webp","images/JDB__Fishing_Yilufa__919.webp"
"920","Dragon Master","JDB","942","Slots|Fishing","https://cp-images.casinoplus.live/images/cpms/jdb/mobile/7_7006.webp","images/JDB__Dragon_Master__920.webp"
"921","Legendary 5","JDB","943","Slots","https://cp-images.casinoplus.live/images/cpms/jdb/mobile/0_15012.webp","images/JDB__Legendary_5__921.webp"
"922","Fishing Disco","JDB","944","Slots|Fishing","https://cp-images.casinoplus.live/images/cpms/jdb/mobile/7_7007.webp","images/JDB__Fishing_Disco__922.webp"
"923","Fighter Fire","JDB","945","Slots|Fishing","https://cp-images.casinoplus.live/images/cpms/jdb/mobile/7_7008.webp","images/JDB__Fighter_Fire__923.webp"
"924","Fishing Legend","JDB","946","Slots|Fishing","https://cp-images.casinoplus.live/images/cpms/jdb/mobile/7_7009.webp","images/JDB__Fishing_Legend__924.webp"
"925","Caishen Party","JDB","947","Slots","https://cp-images.casinoplus.live/images/cpms/jdb/mobile/9_9011.webp","images/JDB__Caishen_Party__925.webp"
"926","Galaxy Burst","JDB","948","Slots","https://cp-images.casinoplus.live/images/cpms/jdb/mobile/9_9013.webp","images/JDB__Galaxy_Burst__926.webp"
"927","Firework Burst","JDB","950","Slots","https://cp-images.casinoplus.live/images/cpms/jdb/mobile/9_9015.webp","images/JDB__Firework_Burst__927.webp"
"928","Goal","JDB","951","Slots","https://cp-images.casinoplus.live/images/cpms/jdb/mobile/9_9016.webp","images/JDB__Goal__928.webp"
"929","Dice","JDB","952","Slots","https://cp-images.casinoplus.live/images/cpms/jdb/mobile/9_9019.webp","images/JDB__Dice__929.webp"
"930","Triple Pot Gold","PP","953","Slots","https://cp-images.casinoplus.live/images/cpms/pp/mobile/vswaysasiatrzn.webp","images/PP__Triple_Pot_Gold__930.webp"
"931","The Dog House Royal Hunt","PP","954","Slots","https://cp-images.casinoplus.live/images/cpms/pp/mobile/vs20dhsuper.webp","images/PP__The_Dog_House_Royal_Hunt__931.webp"
"932","Wild Wild Joker","PP","955","Slots","https://cp-images.casinoplus.live/images/cpms/pp/mobile/vswayswwjoker.webp","images/PP__Wild_Wild_Joker__932.webp"
"933","Raging Waterfall Megaways","PP","956","Slots","https://cp-images.casinoplus.live/images/cpms/pp/mobile/vswaysmltchmgw.webp","images/PP__Raging_Waterfall_Megaways__933.webp"
"934","Lucky","PP","957","Slots","https://cp-images.casinoplus.live/images/cpms/pp/mobile/vs25luckwildpb.webp","images/PP__Lucky__934.webp"
"935","Volcano Goddess","PP","958","Slots","https://cp-images.casinoplus.live/images/cpms/pp/mobile/vswaysvlcgds.webp","images/PP__Volcano_Goddess__935.webp"
"936","Bigger Bass Splash","PP","959","Slots","https://cp-images.casinoplus.live/images/cpms/pp/mobile/vs12bgrbspl.webp","images/PP__Bigger_Bass_Splash__936.webp"
"937","Crystal Rush","","960","Slots","https://cp-images.casinoplus.live/images/cpms/26-05/3039_slot001_h5_260519205926.webp","images/unknown__Crystal_Rush__937.webp"
"938","Savannah Legend","PP","961","Slots","https://cp-images.casinoplus.live/images/cpms/pp/mobile/vswayssavlgnd.webp","images/PP__Savannah_Legend__938.webp"
"939","Ancient Island Megaways","PP","962","Slots","https://cp-images.casinoplus.live/images/cpms/pp/mobile/vswaysmodfr.webp","images/PP__Ancient_Island_Megaways__939.webp"
"940","Greedy Fortune Pig","PP","963","Slots","https://cp-images.casinoplus.live/images/cpms/pp/mobile/vs10fortnpig.webp","images/PP__Greedy_Fortune_Pig__940.webp"
"941","Peppe","PP","964","Slots","https://cp-images.casinoplus.live/images/cpms/pp/mobile/vswaystonypzz.webp","images/PP__Peppe__941.webp"
"942","John Hunter And Galileo","PP","965","Slots","https://cp-images.casinoplus.live/images/cpms/pp/mobile/vs10booklight.webp","images/PP__John_Hunter_And_Galileo__942.webp"
"943","Big Bass Return To The Races","PP","966","Slots","https://cp-images.casinoplus.live/images/cpms/pp/mobile/vs10bbrttr.webp","images/PP__Big_Bass_Return_To_The_Races__943.webp"
"944","5 Lions Megaways™ 2","PP","967","Slots","https://cp-images.casinoplus.live/images/cpms/pp/mobile/vsways5lions2.webp","images/PP__5_Lions_Megaways_2__944.webp"
"945","Golden Bank 2","JILI","968","Slots","https://cp-images.casinoplus.live/images/cpms/jili/mobile/378.webp","images/JILI__Golden_Bank_2__945.webp"
"946","Mahjong Ways 3","5G","970","Slots","https://cp-images.casinoplus.live/images/cpms/5g/h5/KYS-H5-99997.webp","images/5G__Mahjong_Ways_3__946.webp"
"947","Mayon","","972","High Cash Rebate|Slots","https://cp-images.casinoplus.live/images/cpms/26-07/3039_slot013_h5_260701202533.webp","images/unknown__Mayon__947.webp"
"948","God Of Fortune","5G","973","Slots","https://cp-images.casinoplus.live/images/cpms/5g/h5/KYS-H5-99995.webp","images/5G__God_Of_Fortune__948.webp"
"949","God Of Fortune 2","5G","974","Slots","https://cp-images.casinoplus.live/images/cpms/5g/h5/KYS-H5-99994.webp","images/5G__God_Of_Fortune_2__949.webp"
"950","Master Of Gold Miner","5G","975","Slots","https://cp-images.casinoplus.live/images/cpms/5g/h5/KYS-H5-99993.webp","images/5G__Master_Of_Gold_Miner__950.webp"
"951","Master Of Gold Miner 2","5G","976","Slots","https://cp-images.casinoplus.live/images/cpms/5g/h5/KYS-H5-99992.webp","images/5G__Master_Of_Gold_Miner_2__951.webp"
"952","Golden Legend","5G","977","Slots","https://cp-images.casinoplus.live/images/cpms/5g/h5/KYS-H5-99991.webp","images/5G__Golden_Legend__952.webp"
"953","Supreme Ace","5G","978","Slots","https://cp-images.casinoplus.live/images/cpms/5g/h5/KYS-H5-99989.webp","images/5G__Supreme_Ace__953.webp"
"954","Power Of Ten","","979","Slots","https://cp-images.casinoplus.live/images/cpms/ALL_GAME/3202/2234.webp","images/unknown__Power_Of_Ten__954.webp"
"955","Piggy Mania","PLAYTECH","980","Slots","https://cp-images.casinoplus.live/images/cpms/PT/mobile/gpas_3reel_pop.webp","images/PLAYTECH__Piggy_Mania__955.webp"
"956","Tongits Spin","","981","High Cash Rebate|Slots","https://cp-images.casinoplus.live/images/cpms/26-07/3033_6006_h5_260701203708.webp","images/unknown__Tongits_Spin__956.webp"
"957","Le Bunny","","982","High Cash Rebate|Slots","https://cp-images.casinoplus.live/images/cpms/26-07/3202_201707_h5_260701205615.webp","images/unknown__Le_Bunny__957.webp"
"958","Oink Oink Oink: Pharaohs","PLAYTECH","983","Slots","https://cp-images.casinoplus.live/images/cpms/PT/mobile/gpas_ooop_pop.webp","images/PLAYTECH__Oink_Oink_Oink_Pharaohs__958.webp"
"959","Lam-ang","","984","High Cash Rebate|Slots","https://cp-images.casinoplus.live/images/cpms/26-07/3050_zhumeng004_h5_260701193604.webp","images/unknown__Lam-ang__959.webp"
"960","Mega Fire Blaze: Lucky Bass","PLAYTECH","985","Slots","https://cp-images.casinoplus.live/images/cpms/PT/mobile/gpas_mfbbass_pop.webp","images/PLAYTECH__Mega_Fire_Blaze_Lucky_Bass__960.webp"
"961","Private Table Baccarat","","986","EVOCASHREBATE|Live","https://cp-images.casinoplus.live/images/cpms/26-05/4186_2_h5_260521172220.webp","images/unknown__Private_Table_Baccarat__961.webp"
"962","Lil Demon: Double Heat","PLAYTECH","987","Slots","https://cp-images.casinoplus.live/images/cpms/PT/mobile/gpas_gpotld_pop.webp","images/PLAYTECH__Lil_Demon_Double_Heat__962.webp"
"963","Super Hot Flaming Pots","","988","Slot Machines","https://cp-images.casinoplus.live/images/cpms/ALL_GAME/170/osm28.webp","images/unknown__Super_Hot_Flaming_Pots__963.webp"
"964","Gem Fruits","RTG","989","Slots","https://cp-images.casinoplus.live/images/cpms/rtg/mobile/1180013.webp","images/RTG__Gem_Fruits__964.webp"
"965","Coin Trio","","990","Slot Machines","https://cp-images.casinoplus.live/images/cpms/26-06/170_osmcointrio_h5_260618165420.webp","images/unknown__Coin_Trio__965.webp"
"966","Spin The Night","","991","Slots","https://cp-images.casinoplus.live/images/cpms/26-06/3039_slot012_h5_260624093122.webp","images/unknown__Spin_The_Night__966.webp"
"967","Graffiti Rush","","992","High Cash Rebate|Slots","https://cp-images.casinoplus.live/images/cpms/26-07/3039_slot010_h5_260701202639.webp","images/unknown__Graffiti_Rush__967.webp"
"968","Lucky9 Plus","","993","Slots|Poker","https://cp-images.casinoplus.live/images/cpms/ALL_GAME/3067/3.webp","images/unknown__Lucky9_Plus__968.webp"
"969","Hantak Mega Toss","","994","RTP98|Perya","https://cp-images.casinoplus.live/images/cpms/26-06/3109_HT01_h5_260622115411.webp","images/unknown__Hantak_Mega_Toss__969.webp"
"970","Gold Hit: Lil Demon","","995","Slots","https://cp-images.casinoplus.live/images/cpms/26-06/3029_gpas_ghitdevb1_pop_h5_260624095125.webp","images/unknown__Gold_Hit_Lil_Demon__970.webp"
"971","Fire 4: Cash Collect Quattro A1","","997","Slots","https://cp-images.casinoplus.live/images/cpms/26-06/3029_gpas_f4ccd_pop_h5_260624094221.webp","images/unknown__Fire_4_Cash_Collect_Quattro_A1__971.webp"
"972","Crack &amp; Smash The Piggy Bank","","998","Slots","https://cp-images.casinoplus.live/images/cpms/ALL_GAME/3057/mobile/103134.webp","images/unknown__Crack_amp_Smash_The_Piggy_Bank__972.webp"
"973","Candyland Jackpots","","999","Slots","https://cp-images.casinoplus.live/images/cpms/ALL_GAME/3057/mobile/103117.webp","images/unknown__Candyland_Jackpots__973.webp"
"974","Solitaire","","1000","Slots","https://cp-images.casinoplus.live/images/cpms/26-06/3039_slot018_h5_260610101444.webp","images/unknown__Solitaire__974.webp"
"975","Hot Hot Blazing Lock","","1001","Slots","https://cp-images.casinoplus.live/images/cpms/ALL_GAME/lnw/mobile/70989.webp","images/unknown__Hot_Hot_Blazing_Lock__975.webp"
"976","Kara Krus","","1002","Slots","https://cp-images.casinoplus.live/images/cpms/26-06/3073_6010_h5_260616163528.webp","images/unknown__Kara_Krus__976.webp"
"977","Min ₱5 Baccarat","","1003","EVOCASHREBATE|Live","https://cp-images.casinoplus.live/images/cpms/ALL_GAME/4186/GLV901.webp","images/unknown__Min_5_Baccarat__977.webp"
"978","3 Lucky Lions","JILI","1004","Slots","https://cp-images.casinoplus.live/images/cpms/jili/mobile/463.webp","images/JILI__3_Lucky_Lions__978.webp"
"979","5 Relics Of Power: Hold &amp; Win","","1005","Slots","https://cp-images.casinoplus.live/images/cpms/ALL_GAME/3057/mobile/103112.webp","images/unknown__5_Relics_Of_Power_Hold_amp_Win__979.webp"
"980","Thunder Drums Leaping Lion","","1006","Slots","https://cp-images.casinoplus.live/images/cpms/ALL_GAME/lnw/mobile/71427.webp","images/unknown__Thunder_Drums_Leaping_Lion__980.webp"
"981","Boxing King 2","","1007","High Cash Rebate|Slots","https://cp-images.casinoplus.live/images/cpms/26-07/3039_slot016_h5_260702101945.webp","images/unknown__Boxing_King_2__981.webp"
"982","Hurricane Horse Coin Combo","","1008","Slots","https://cp-images.casinoplus.live/images/cpms/ALL_GAME/lnw/mobile/70638.webp","images/unknown__Hurricane_Horse_Coin_Combo__982.webp"
"983","Mahjong Self-Drawn Win 3","","1009","Slots","https://cp-images.casinoplus.live/images/cpms/ALL_GAME/3119/466.webp","images/unknown__Mahjong_Self-Drawn_Win_3__983.webp"
"984","Dancing Drums Prosperity","","1010","Slots","https://cp-images.casinoplus.live/images/cpms/ALL_GAME/lnw/mobile/70699.webp","images/unknown__Dancing_Drums_Prosperity__984.webp"
"985","Squid Game Gganbu","","1011","Slots","https://cp-images.casinoplus.live/images/cpms/ALL_GAME/lnw/mobile/71531.webp","images/unknown__Squid_Game_Gganbu__985.webp"
"986","Squeeze Baccarat","","1012","EVOCASHREBATE|Live","https://cp-images.casinoplus.live/images/cpms/26-05/4186_ELV802_260521172310.webp","images/unknown__Squeeze_Baccarat__986.webp"
"987","88 Fortunes","","1013","Slots","https://cp-images.casinoplus.live/images/cpms/ALL_GAME/lnw/mobile/71631.webp","images/unknown__88_Fortunes__987.webp"
"988","Triple Treasure Pot","","1014","Slot Machines","https://cp-images.casinoplus.live/images/cpms/ALL_GAME/170/osm31.webp","images/unknown__Triple_Treasure_Pot__988.webp"
"989","Bayanihan Rising","","1015","Slots","https://cp-images.casinoplus.live/images/cpms/26-06/3050_zhumeng011_h5_260603190444.webp","images/unknown__Bayanihan_Rising__989.webp"
"990","3 Energy Diamonds: Hold &amp; Win","","1016","Slots","https://cp-images.casinoplus.live/images/cpms/ALL_GAME/octoplay/103101.webp","images/unknown__3_Energy_Diamonds_Hold_amp_Win__990.webp"
"991","Jelly Express","PP","1017","Slots","https://cp-images.casinoplus.live/images/cpms/pp/mobile/vs20payanyvol.webp","images/PP__Jelly_Express__991.webp"
"992","Blazin","","1018","Slots","https://cp-images.casinoplus.live/images/cpms/ALL_GAME/lnw/mobile/70675.webp","images/unknown__Blazin__992.webp"
"993","Super6 Boost Baccarat","","1019","Live","https://cp-images.casinoplus.live/images/cpms/ALL_GAME/171/super6boostbaccarat_v1.webp","images/unknown__Super6_Boost_Baccarat__993.webp"
"994","Perya Classic Blackjack 1","EGS","1020","Live","https://cp-images.casinoplus.live/images/cpms/egs/mobile/PeryaClassicBlackjack.webp","images/EGS__Perya_Classic_Blackjack_1__994.webp"
"995","Break The Piggy Bank","","1021","Slots","https://cp-images.casinoplus.live/images/cpms/ALL_GAME/octoplay/103097.webp","images/unknown__Break_The_Piggy_Bank__995.webp"
"996","Ultimate Fire Link Cash Falls Olvera Street","","1022","Slots","https://cp-images.casinoplus.live/images/cpms/ALL_GAME/lnw/mobile/71265.webp","images/unknown__Ultimate_Fire_Link_Cash_Falls_Olvera_Street__996.webp"
"997","Sirena","","1023","High Cash Rebate|Slots","https://cp-images.casinoplus.live/images/cpms/26-07/3050_zhumeng009_h5_260701193759.webp","images/unknown__Sirena__997.webp"
"998","Buffalo Smash: Supercharged","","1024","Slots","https://cp-images.casinoplus.live/images/cpms/ALL_GAME/octoplay/103104.webp","images/unknown__Buffalo_Smash_Supercharged__998.webp"
"999","Dancing Drums Link","","1025","Slots","https://cp-images.casinoplus.live/images/cpms/ALL_GAME/lnw/mobile/71467.webp","images/unknown__Dancing_Drums_Link__999.webp"
"1000","Lotus Speed Baccarat A","EGS","1026","EVOCASHREBATE|Live","https://cp-images.casinoplus.live/images/cpms/egs/mobile/evo10.webp","images/EGS__Lotus_Speed_Baccarat_A__1000.webp"
"1001","Coin Bang Bang: Hold &amp; Win","","1027","Slots","https://cp-images.casinoplus.live/images/cpms/ALL_GAME/octoplay/103106.webp","images/unknown__Coin_Bang_Bang_Hold_amp_Win__1001.webp"
"1002","Molten Fireballs","","1028","Slots","https://cp-images.casinoplus.live/images/cpms/ALL_GAME/lnw/mobile/71438.webp","images/unknown__Molten_Fireballs__1002.webp"
"1003","Wild Tyrannosaurus","","1029","Slots","https://cp-images.casinoplus.live/images/cpms/ALL_GAME/3119/460.webp","images/unknown__Wild_Tyrannosaurus__1003.webp"
"1004","Super Grand Link Express: Hold &amp; Win","","1030","Slots","https://cp-images.casinoplus.live/images/cpms/ALL_GAME/octoplay/103105.webp","images/unknown__Super_Grand_Link_Express_Hold_amp_Win__1004.webp"
"1005","Huff n More Puff","","1031","Slots","https://cp-images.casinoplus.live/images/cpms/ALL_GAME/lnw/mobile/71647.webp","images/unknown__Huff_n_More_Puff__1005.webp"
"1006","Bonus Color Game","","1032","RTP98|Live|Perya","https://cp-images.casinoplus.live/images/cpms/26-06/3985_BONUS_h5_260626124135.webp","images/unknown__Bonus_Color_Game__1006.webp"
"1007","Rich Little Piggies World Class","","1033","Slots","https://cp-images.casinoplus.live/images/cpms/ALL_GAME/lnw/mobile/71471.webp","images/unknown__Rich_Little_Piggies_World_Class__1007.webp"
"1008","Bonsai Speed Baccarat B","EGS","1034","EVOCASHREBATE|Live","https://cp-images.casinoplus.live/images/cpms/egs/mobile/BonsaiBacc000002_v1.webp","images/EGS__Bonsai_Speed_Baccarat_B__1008.webp"
"1009","Carnival Cow Coin Combo","","1035","Slots","https://cp-images.casinoplus.live/images/cpms/ALL_GAME/lnw/mobile/70682.webp","images/unknown__Carnival_Cow_Coin_Combo__1009.webp"
"1010","Rich Little Piggies Meal Ticket","","1037","Slots","https://cp-images.casinoplus.live/images/cpms/ALL_GAME/lnw/mobile/70868.webp","images/unknown__Rich_Little_Piggies_Meal_Ticket__1010.webp"
"1011","Mummys Millions","","1038","Slots","https://cp-images.casinoplus.live/images/cpms/ALL_GAME/lnw/mobile/71312.webp","images/unknown__Mummys_Millions__1011.webp"
"1012","In Between","","1039","RTP98|Perya","https://cp-images.casinoplus.live/images/cpms/26-06/3125_1_h5_260626124328.webp","images/unknown__In_Between__1012.webp"
"1013","Perfect Peacock Coin Combo","","1040","Slots","https://cp-images.casinoplus.live/images/cpms/ALL_GAME/lnw/mobile/70875.webp","images/unknown__Perfect_Peacock_Coin_Combo__1013.webp"
"1014","Jeepney Dash","","1041","Slots","https://cp-images.casinoplus.live/images/cpms/ALL_GAME/3050/zhumeng111_v1.webp","images/unknown__Jeepney_Dash__1014.webp"
"1015","Rich Little Piggies Hog Wild","","1042","Slots","https://cp-images.casinoplus.live/images/cpms/ALL_GAME/lnw/mobile/70881.webp","images/unknown__Rich_Little_Piggies_Hog_Wild__1015.webp"
"1016","Egypt","JILI","1043","Slots","https://cp-images.casinoplus.live/images/cpms/jili/mobile/264.webp","images/JILI__Egypt__1016.webp"
"1017","Chicken Fox 5x Skillstar","","1044","Slots","https://cp-images.casinoplus.live/images/cpms/ALL_GAME/lnw/mobile/70521.webp","images/unknown__Chicken_Fox_5x_Skillstar__1017.webp"
"1018","Golden Empire2","","1045","High Cash Rebate|Slots","https://cp-images.casinoplus.live/images/cpms/ALL_GAME/3119/465.webp","images/unknown__Golden_Empire2__1018.webp"
"1019","Ultimate Fire Link China Street","","1046","Slots","https://cp-images.casinoplus.live/images/cpms/ALL_GAME/lnw/mobile/70673.webp","images/unknown__Ultimate_Fire_Link_China_Street__1019.webp"
"1020","3 Pots of Gold","","1047","Slots","https://cp-images.casinoplus.live/images/cpms/ALL_GAME/lnw/mobile/71615.webp","images/unknown__3_Pots_of_Gold__1020.webp"
"1021","Speed Baccarat 1","EGS","1048","EVOCASHREBATE|Live","https://cp-images.casinoplus.live/images/cpms/egs/mobile/evo11.webp","images/EGS__Speed_Baccarat_1__1021.webp"
"1022","Bloomin","","1049","Slots","https://cp-images.casinoplus.live/images/cpms/ALL_GAME/lnw/mobile/70949.webp","images/unknown__Bloomin__1022.webp"
"1023","Ultimate Fire Link Cash Falls China Street","","1050","Slots","https://cp-images.casinoplus.live/images/cpms/ALL_GAME/lnw/mobile/70887.webp","images/unknown__Ultimate_Fire_Link_Cash_Falls_China_Street__1023.webp"
"1024","Candy Rush","PP","1051","Slots","https://cp-images.casinoplus.live/images/cpms/pp/mobile/vs20candyia.webp","images/PP__Candy_Rush__1024.webp"
"1025","Bakunawa Vs Minokawa","","1052","High Cash Rebate|Slots","https://cp-images.casinoplus.live/images/cpms/26-07/3039_slot017_h5_260701202900.webp","images/unknown__Bakunawa_Vs_Minokawa__1025.webp"
"1026","Great Ghosts","PP","1053","Slots","https://cp-images.casinoplus.live/images/cpms/pp/mobile/vs50grghsts.webp","images/PP__Great_Ghosts__1026.webp"
"1027","Fortune7 Baccarat","","1054","EVOCASHREBATE|RTP98|Live","https://cp-images.casinoplus.live/images/cpms/26-05/ELV806.webp","images/unknown__Fortune7_Baccarat__1027.webp"
"1028","Bungisngis","","1055","Slots","https://cp-images.casinoplus.live/images/cpms/ALL_GAME/3033/6012.webp","images/unknown__Bungisngis__1028.webp"
"1029","Golden Mahjong","","1056","Slots","https://cp-images.casinoplus.live/images/cpms/ALL_GAME/3117/VP_230001_1.webp","images/unknown__Golden_Mahjong__1029.webp"
"1030","Fish Prawn Crab","JILI","1057","Slots","https://cp-images.casinoplus.live/images/cpms/jili/mobile/389.webp","images/JILI__Fish_Prawn_Crab__1030.webp"
"1031","Mahjong Self-Drawn Win 4","","1058","Slots","https://cp-images.casinoplus.live/images/cpms/ALL_GAME/3119/471.webp","images/unknown__Mahjong_Self-Drawn_Win_4__1031.webp"
"1032","Fruity Wheel","JILI","1059","Slots","https://cp-images.casinoplus.live/images/cpms/jili/mobile/422.webp","images/JILI__Fruity_Wheel__1032.webp"
"1033","Maneki Neko","","1060","Slots","https://cp-images.casinoplus.live/images/cpms/ALL_GAME/3119/453.webp","images/unknown__Maneki_Neko__1033.webp"
"1034","Always 9 Baccarat","EGS","1061","EVOCASHREBATE|Live","https://cp-images.casinoplus.live/images/cpms/egs/mobile/evo18.webp","images/EGS__Always_9_Baccarat__1034.webp"
"1035","Hyper Burst","JILI","1062","Slots","https://cp-images.casinoplus.live/images/cpms/jili/mobile/14.webp","images/JILI__Hyper_Burst__1035.webp"
"1036","Mahjong Self-Drawn Win 2","","1063","Slots","https://cp-images.casinoplus.live/images/cpms/ALL_GAME/3119/449.webp","images/unknown__Mahjong_Self-Drawn_Win_2__1036.webp"
"1037","Super Crown","","1064","Slots","https://cp-images.casinoplus.live/images/cpms/ALL_GAME/3117/VP_230015_1.webp","images/unknown__Super_Crown__1037.webp"
"1038","Safari Mystery","JILI","1065","Slots","https://cp-images.casinoplus.live/images/cpms/jili/mobile/377.webp","images/JILI__Safari_Mystery__1038.webp"
"1039","Rich roll in","","1066","Slots","https://cp-images.casinoplus.live/images/cpms/ALL_GAME/3119/158.webp","images/unknown__Rich_roll_in__1039.webp"
"1040","Rocket God of Wealth","","1067","Slots","https://cp-images.casinoplus.live/images/cpms/ALL_GAME/3119/182.webp","images/unknown__Rocket_God_of_Wealth__1040.webp"
"1041","Wish Of A Lifetime Hold &amp; Win","","1068","Perya","https://cp-images.casinoplus.live/images/cpms/ALL_GAME/3057/mobile/103155.webp","images/unknown__Wish_Of_A_Lifetime_Hold_amp_Win__1041.webp"
"1042","Wild Coin Plunder","","1070","Slots","https://cp-images.casinoplus.live/images/cpms/ALL_GAME/3117/VP_230036_1.webp","images/unknown__Wild_Coin_Plunder__1042.webp"
"1043","Wild Fortune","","1071","Slots","https://cp-images.casinoplus.live/images/cpms/ALL_GAME/3119/415.webp","images/unknown__Wild_Fortune__1043.webp"
"1044","Dragon’s Treasure 3 M","","1072","Slots","https://cp-images.casinoplus.live/images/cpms/ALL_GAME/3119/416.webp","images/unknown__Dragon_s_Treasure_3_M__1044.webp"
"1045","Man Fu Bao","","1073","Slot Machines","https://cp-images.casinoplus.live/images/cpms/ALL_GAME/170/osm21.webp","images/unknown__Man_Fu_Bao__1045.webp"
"1046","Candy Crush Saga","","1074","Slots","https://cp-images.casinoplus.live/images/cpms/ALL_GAME/3119/417.webp","images/unknown__Candy_Crush_Saga__1046.webp"
"1047","Tai Chi","","1075","Slots","https://cp-images.casinoplus.live/images/cpms/ALL_GAME/3117/VP_230005_1.webp","images/unknown__Tai_Chi__1047.webp"
"1048","Golden Maitreya","","1076","Slots","https://cp-images.casinoplus.live/images/cpms/ALL_GAME/3119/421.webp","images/unknown__Golden_Maitreya__1048.webp"
"1049","Legend of Phoenix","","1077","Slots","https://cp-images.casinoplus.live/images/cpms/ALL_GAME/3119/422.webp","images/unknown__Legend_of_Phoenix__1049.webp"
"1050","Maya Empire","","1078","Slots","https://cp-images.casinoplus.live/images/cpms/ALL_GAME/3119/425.webp","images/unknown__Maya_Empire__1050.webp"
"1051","Gems of Ra","","1079","Slots","https://cp-images.casinoplus.live/images/cpms/ALL_GAME/3117/VP_230026_1.webp","images/unknown__Gems_of_Ra__1051.webp"
"1052","Kingdom of Fire Dragon","","1081","Slots","https://cp-images.casinoplus.live/images/cpms/ALL_GAME/3119/435.webp","images/unknown__Kingdom_of_Fire_Dragon__1052.webp"
"1053","King Royale","","1083","Slots","https://cp-images.casinoplus.live/images/cpms/ALL_GAME/3117/VP_230003_1.webp","images/unknown__King_Royale__1053.webp"
"1054","Emperor Qin Shi Huang PLUS","","1084","Slots","https://cp-images.casinoplus.live/images/cpms/ALL_GAME/3119/438.webp","images/unknown__Emperor_Qin_Shi_Huang_PLUS__1054.webp"
"1055","Bullfight King","","1085","Slots","https://cp-images.casinoplus.live/images/cpms/ALL_GAME/3119/439.webp","images/unknown__Bullfight_King__1055.webp"
"1056","Always 8 Baccarat","EGS","1086","EVOCASHREBATE|Live","https://cp-images.casinoplus.live/images/cpms/egs/mobile/evo19.webp","images/EGS__Always_8_Baccarat__1056.webp"
"1057","Eternal Night Clash","","1087","Slots","https://cp-images.casinoplus.live/images/cpms/ALL_GAME/3119/440.webp","images/unknown__Eternal_Night_Clash__1057.webp"
"1058","Apollo","","1088","Slots","https://cp-images.casinoplus.live/images/cpms/ALL_GAME/3117/VP_230008_1.webp","images/unknown__Apollo__1058.webp"
"1059","Gem Gala","","1089","Slots","https://cp-images.casinoplus.live/images/cpms/ALL_GAME/3119/441.webp","images/unknown__Gem_Gala__1059.webp"
"1060","open sesame","","1090","Slots","https://cp-images.casinoplus.live/images/cpms/ALL_GAME/3119/446.webp","images/unknown__open_sesame__1060.webp"
"1061","Wild Legends","","1091","Slots","https://cp-images.casinoplus.live/images/cpms/ALL_GAME/3119/447.webp","images/unknown__Wild_Legends__1061.webp"
"1062","Awakening Aztec","","1092","Slots","https://cp-images.casinoplus.live/images/cpms/ALL_GAME/3117/VP_230027_1.webp","images/unknown__Awakening_Aztec__1062.webp"
"1063","Toucan","","1093","Slots","https://cp-images.casinoplus.live/images/cpms/ALL_GAME/3119/448.webp","images/unknown__Toucan__1063.webp"
"1064","Auto Lightning Roulette","EGS","1095","Live","https://cp-images.casinoplus.live/images/cpms/egs/mobile/k37tle5hfceqacik.webp","images/EGS__Auto_Lightning_Roulette__1064.webp"
"1065","BoomBoomMarmot","","1097","High Cash Rebate|Slots","https://cp-images.casinoplus.live/images/cpms/ALL_GAME/3117/VP_230016_1.webp","images/unknown__BoomBoomMarmot__1065.webp"
"1066","Fireworks Blessings","","1098","Slots","https://cp-images.casinoplus.live/images/cpms/ALL_GAME/3119/452.webp","images/unknown__Fireworks_Blessings__1066.webp"
"1067","Capybara Bar","","1099","Slots","https://cp-images.casinoplus.live/images/cpms/ALL_GAME/3119/454.webp","images/unknown__Capybara_Bar__1067.webp"
"1068","Lion Dance","","1100","Slots","https://cp-images.casinoplus.live/images/cpms/ALL_GAME/3119/455.webp","images/unknown__Lion_Dance__1068.webp"
"1069","Devil","","1101","Slots","https://cp-images.casinoplus.live/images/cpms/ALL_GAME/3117/VP_230037_1.webp","images/unknown__Devil__1069.webp"
"1070","Golden Farm","","1102","Slots","https://cp-images.casinoplus.live/images/cpms/ALL_GAME/3119/456.webp","images/unknown__Golden_Farm__1070.webp"
"1071","Roman Gladiator","","1103","Slots","https://cp-images.casinoplus.live/images/cpms/ALL_GAME/3119/457.webp","images/unknown__Roman_Gladiator__1071.webp"
"1072","Chicken Dash","","1104","Slots","https://cp-images.casinoplus.live/images/cpms/ALL_GAME/3050/zhumeng102_v2.webp","images/unknown__Chicken_Dash__1072.webp"
"1073","Mining Maestro","","1105","Slots","https://cp-images.casinoplus.live/images/cpms/ALL_GAME/3119/459.webp","images/unknown__Mining_Maestro__1073.webp"
"1074","Dragon Kaboom","","1106","Slots","https://cp-images.casinoplus.live/images/cpms/ALL_GAME/3117/VP_230010_1.webp","images/unknown__Dragon_Kaboom__1074.webp"
"1075","Piñata","","1107","Slots","https://cp-images.casinoplus.live/images/cpms/ALL_GAME/3119/462.webp","images/unknown__Pi_ata__1075.webp"
"1076","Wild Fortune 2","","1108","Slots","https://cp-images.casinoplus.live/images/cpms/ALL_GAME/3119/467.webp","images/unknown__Wild_Fortune_2__1076.webp"
"1077","Dragon Treasure 4","","1109","Slots","https://cp-images.casinoplus.live/images/cpms/ALL_GAME/3119/468.webp","images/unknown__Dragon_Treasure_4__1077.webp"
"1078","Fu Lu Shou","","1110","Slots","https://cp-images.casinoplus.live/images/cpms/ALL_GAME/3117/VP_230011_1.webp","images/unknown__Fu_Lu_Shou__1078.webp"
"1079","Inca Zuma","","1111","Slots","https://cp-images.casinoplus.live/images/cpms/ALL_GAME/3119/469.webp","images/unknown__Inca_Zuma__1079.webp"
"1080","Arcane Dragon","","1112","Slots","https://cp-images.casinoplus.live/images/cpms/ALL_GAME/3119/470.webp","images/unknown__Arcane_Dragon__1080.webp"
"1081","Robbits","PLAYTECH","1113","Slots","https://cp-images.casinoplus.live/images/cpms/PT/mobile/pop_53680bc8_qsp.webp","images/PLAYTECH__Robbits__1081.webp"
"1082","Lucky Gold Rush","","1114","Slots","https://cp-images.casinoplus.live/images/cpms/ALL_GAME/3119/474.webp","images/unknown__Lucky_Gold_Rush__1082.webp"
"1083","God of the Sun","","1115","Slots","https://cp-images.casinoplus.live/images/cpms/ALL_GAME/3117/VP_230017_1.webp","images/unknown__God_of_the_Sun__1083.webp"
"1084","Mahjong Saga","","1116","Slots","https://cp-images.casinoplus.live/images/cpms/ALL_GAME/3119/477.webp","images/unknown__Mahjong_Saga__1084.webp"
"1085","Lucky Daruma","","1117","Slots","https://cp-images.casinoplus.live/images/cpms/ALL_GAME/3117/VP_230034_1.webp","images/unknown__Lucky_Daruma__1085.webp"
"1086","Gold Trio 10000","PLAYTECH","1118","Slots","https://cp-images.casinoplus.live/images/cpms/PT/mobile/gpas_gtr10k_pop.webp","images/PLAYTECH__Gold_Trio_10000__1086.webp"
"1087","Lucky Daruma 2","","1119","Slots","https://cp-images.casinoplus.live/images/cpms/ALL_GAME/3117/VP_230035_1.webp","images/unknown__Lucky_Daruma_2__1087.webp"
"1088","Lucky Toad","","1120","Slots","https://cp-images.casinoplus.live/images/cpms/ALL_GAME/3117/VP_230018_1.webp","images/unknown__Lucky_Toad__1088.webp"
"1089","Sweet Bonanza 2500","","1121","High Cash Rebate|Slots","https://cp-images.casinoplus.live/images/cpms/26-07/3031_vs20swbon2500_h5_260701200916.webp","images/unknown__Sweet_Bonanza_2500__1089.webp"
"1090","Lucky Wheel","","1122","Slots","https://cp-images.casinoplus.live/images/cpms/ALL_GAME/3117/VP_230025_1.webp","images/unknown__Lucky_Wheel__1090.webp"
"1091","Magic Circus","","1123","Slots","https://cp-images.casinoplus.live/images/cpms/ALL_GAME/3117/VP_230019_1.webp","images/unknown__Magic_Circus__1091.webp"
"1092","Gold Trio: Lil Demon","PLAYTECH","1124","Slots","https://cp-images.casinoplus.live/images/cpms/PT/mobile/gpas_gtdemon_pop.webp","images/PLAYTECH__Gold_Trio_Lil_Demon__1092.webp"
"1093","Mushroom Party","","1125","Slots","https://cp-images.casinoplus.live/images/cpms/ALL_GAME/3117/VP_230029_1.webp","images/unknown__Mushroom_Party__1093.webp"
"1094","Mine Tycoon","","1126","Slots","https://cp-images.casinoplus.live/images/cpms/ALL_GAME/3039/slot014_v1.webp","images/unknown__Mine_Tycoon__1094.webp"
"1095","Penguin Smash","","1127","Slots","https://cp-images.casinoplus.live/images/cpms/ALL_GAME/3117/VP_230022_1.webp","images/unknown__Penguin_Smash__1095.webp"
"1096","Flame of Fortune","KM","1128","Slots","https://cp-images.casinoplus.live/images/cpms/km/mobile/193.webp","images/KM__Flame_of_Fortune__1096.webp"
"1097","Pinata Party","","1129","Slots","https://cp-images.casinoplus.live/images/cpms/ALL_GAME/3117/VP_230023_1.webp","images/unknown__Pinata_Party__1097.webp"
"1098","Pyramid","","1131","Slots","https://cp-images.casinoplus.live/images/cpms/ALL_GAME/3117/VP_230021_1.webp","images/unknown__Pyramid__1098.webp"
"1099","Dear Senpai","KM","1132","Slots","https://cp-images.casinoplus.live/images/cpms/km/mobile/141.webp","images/KM__Dear_Senpai__1099.webp"
"1100","Queen","","1133","Slots","https://cp-images.casinoplus.live/images/cpms/ALL_GAME/3117/VP_230028_1.webp","images/unknown__Queen__1100.webp"
"1101","Tongits Joker","","1134","Live|Poker","https://cp-images.casinoplus.live/images/cpms/ALL_GAME/3067/28.webp","images/unknown__Tongits_Joker__1101.webp"
"1102","Roman Glory","","1135","Slots","https://cp-images.casinoplus.live/images/cpms/26-05/3117_VP_230020_1_260521170515.webp","images/unknown__Roman_Glory__1102.webp"
"1103","Pusoy Plus","","1136","Live|Poker","https://cp-images.casinoplus.live/images/cpms/ALL_GAME/3067/14.webp","images/unknown__Pusoy_Plus__1103.webp"
"1104","Sun Archer","","1137","Slots","https://cp-images.casinoplus.live/images/cpms/ALL_GAME/3117/VP_230030_1.webp","images/unknown__Sun_Archer__1104.webp"
"1105","The Qin Dynasty","","1138","Slots","https://cp-images.casinoplus.live/images/cpms/ALL_GAME/3117/VP_230024_1.webp","images/unknown__The_Qin_Dynasty__1105.webp"
"1106","Rocket Wins","","1139","Slots","https://cp-images.casinoplus.live/images/cpms/ALL_GAME/3113/444.webp","images/unknown__Rocket_Wins__1106.webp"
"1107","Dragon Feast","RTG","1140","Slots","https://cp-images.casinoplus.live/images/cpms/rtg/mobile/1180015.webp","images/RTG__Dragon_Feast__1107.webp"
"1108","Hawaii Riches","","1141","Slots","https://cp-images.casinoplus.live/images/cpms/ALL_GAME/3113/441.webp","images/unknown__Hawaii_Riches__1108.webp"
"1109","192X Color Game Super Wheel","","1142","RTP98|Perya","https://cp-images.casinoplus.live/images/cpms/ALL_GAME/3985/cg192_v1.webp","images/unknown__192X_Color_Game_Super_Wheel__1109.webp"
"1110","China Festival","","1143","Slots","https://cp-images.casinoplus.live/images/cpms/ALL_GAME/3113/436.webp","images/unknown__China_Festival__1110.webp"
"1111","Multo: The Final Wish","","1144","Slots","https://cp-images.casinoplus.live/images/cpms/26-05/3039_slot011_h5_260519210740.webp","images/unknown__Multo_The_Final_Wish__1111.webp"
"1112","Hot Fire Fruits","","1145","Slots","https://cp-images.casinoplus.live/images/cpms/ALL_GAME/3113/396.webp","images/unknown__Hot_Fire_Fruits__1112.webp"
"1113","10 Sparkling Crown","JILI","1146","Slots","https://cp-images.casinoplus.live/images/cpms/jili/mobile/526.webp","images/JILI__10_Sparkling_Crown__1113.webp"
"1114","Coin UP : Lightning","","1147","Slots","https://cp-images.casinoplus.live/images/cpms/ALL_GAME/3113/385.webp","images/unknown__Coin_UP_Lightning__1114.webp"
"1115","Lightning Gongs","","1148","Slot Machines","https://cp-images.casinoplus.live/images/cpms/ALL_GAME/170/osm17.webp","images/unknown__Lightning_Gongs__1115.webp"
"1116","Fishin’ Bear","","1149","Slots","https://cp-images.casinoplus.live/images/cpms/ALL_GAME/3113/377.webp","images/unknown__Fishin_Bear__1116.webp"
"1117","Grab more Gold!","","1150","Slots","https://cp-images.casinoplus.live/images/cpms/ALL_GAME/3113/316.webp","images/unknown__Grab_more_Gold__1117.webp"
"1118","Magic Forest: Spellbound","RTG","1151","Slots","https://cp-images.casinoplus.live/images/cpms/rtg/mobile/1180068.webp","images/RTG__Magic_Forest_Spellbound__1118.webp"
"1119","Little Farm: Hold and Win","","1152","Slots","https://cp-images.casinoplus.live/images/cpms/ALL_GAME/3113/315.webp","images/unknown__Little_Farm_Hold_and_Win__1119.webp"
"1120","Fish Catch","RTG","1153","Slots","https://cp-images.casinoplus.live/images/cpms/rtg/mobile/2162689.webp","images/RTG__Fish_Catch__1120.webp"
"1121","Lady Fortune","","1154","Slots","https://cp-images.casinoplus.live/images/cpms/ALL_GAME/3113/302.webp","images/unknown__Lady_Fortune__1121.webp"
"1122","Treasures Of Egypt","5G","1155","Slots","https://cp-images.casinoplus.live/images/cpms/5g/h5/KYS-H5-99987.webp","images/5G__Treasures_Of_Egypt__1122.webp"
"1123","Grab the Gold!","","1156","Slots","https://cp-images.casinoplus.live/images/cpms/ALL_GAME/3113/301.webp","images/unknown__Grab_the_Gold__1123.webp"
"1124","Kong Fu","RTG","1157","Slots","https://cp-images.casinoplus.live/images/cpms/rtg/mobile/1180060.webp","images/RTG__Kong_Fu__1124.webp"
"1125","Egypt Fire: Hold and Win","","1158","Slots","https://cp-images.casinoplus.live/images/cpms/ALL_GAME/3113/288.webp","images/unknown__Egypt_Fire_Hold_and_Win__1125.webp"
"1126","Opera Panda","5G","1159","Slots","https://cp-images.casinoplus.live/images/cpms/5g/h5/KYS-H5-99986.webp","images/5G__Opera_Panda__1126.webp"
"1127","Boom! Boom! Gold!","","1160","Slots","https://cp-images.casinoplus.live/images/cpms/ALL_GAME/3113/287.webp","images/unknown__Boom_Boom_Gold__1127.webp"
"1128","Planet Of The","RTG","1161","Slots","https://cp-images.casinoplus.live/images/cpms/rtg/mobile/1180053.webp","images/RTG__Planet_Of_The__1128.webp"
"1129","Give Me Fire","5G","1162","Slots","https://cp-images.casinoplus.live/images/cpms/5g/h5/KYS-H5-99984.webp","images/5G__Give_Me_Fire__1129.webp"
"1130","Sneaky Santa","RTG","1163","Slots","https://cp-images.casinoplus.live/images/cpms/rtg/mobile/1180051.webp","images/RTG__Sneaky_Santa__1130.webp"
"1131","King","5G","1164","Slots","https://cp-images.casinoplus.live/images/cpms/5g/h5/KYS-H5-99983.webp","images/5G__King__1131.webp"
"1132","T-Rex Wild Attack","RTG","1165","Slots","https://cp-images.casinoplus.live/images/cpms/rtg/mobile/1180029.webp","images/RTG__T-Rex_Wild_Attack__1132.webp"
"1133","Gems Miner","5G","1166","Slots","https://cp-images.casinoplus.live/images/cpms/5g/h5/KYS-H5-99982.webp","images/5G__Gems_Miner__1133.webp"
"1134","Samba Jackpots","RTG","1167","Slots","https://cp-images.casinoplus.live/images/cpms/rtg/mobile/1180014.webp","images/RTG__Samba_Jackpots__1134.webp"
"1135","Hammer Of Vulcan","5G","1168","Slots","https://cp-images.casinoplus.live/images/cpms/5g/h5/KYS-H5-99981.webp","images/5G__Hammer_Of_Vulcan__1135.webp"
"1136","Jackpot Saloon","RTG","1169","Slots","https://cp-images.casinoplus.live/images/cpms/rtg/mobile/1180012.webp","images/RTG__Jackpot_Saloon__1136.webp"
"1137","Golden Island","5G","1170","Slots","https://cp-images.casinoplus.live/images/cpms/5g/h5/KYS-H5-99980.webp","images/5G__Golden_Island__1137.webp"
"1138","Lucky Ace","","1172","Slots","https://cp-images.casinoplus.live/images/cpms/ALL_GAME/3081/PSS-ON-00149.webp","images/unknown__Lucky_Ace__1138.webp"
"1139","Spooky Wins","RTG","1173","Slots","https://cp-images.casinoplus.live/images/cpms/rtg/mobile/1179978.webp","images/RTG__Spooky_Wins__1139.webp"
"1140","Lil Red","RTG","1175","Slots","https://cp-images.casinoplus.live/images/cpms/rtg/mobile/1179945.webp","images/RTG__Lil_Red__1140.webp"
"1141","China Empress","","1176","Slots","https://cp-images.casinoplus.live/images/cpms/ALL_GAME/3081/PSS-ON-00001.webp","images/unknown__China_Empress__1141.webp"
"1142","India Treasure","","1177","Slots","https://cp-images.casinoplus.live/images/cpms/ALL_GAME/3081/PSS-ON-00005.webp","images/unknown__India_Treasure__1142.webp"
"1143","Madame Caroline","","1178","Slots","https://cp-images.casinoplus.live/images/cpms/ALL_GAME/3081/PSS-ON-00009.webp","images/unknown__Madame_Caroline__1143.webp"
"1144","Lucky Panda","","1179","Slots","https://cp-images.casinoplus.live/images/cpms/ALL_GAME/3081/PSS-ON-00014.webp","images/unknown__Lucky_Panda__1144.webp"
"1145","Who","","1180","Slots","https://cp-images.casinoplus.live/images/cpms/ALL_GAME/3081/PSS-ON-00015.webp","images/unknown__Who__1145.webp"
"1146","Kung Hei","","1181","Slots","https://cp-images.casinoplus.live/images/cpms/ALL_GAME/3081/PSS-ON-00016.webp","images/unknown__Kung_Hei__1146.webp"
"1147","The Empire","","1182","Slots","https://cp-images.casinoplus.live/images/cpms/ALL_GAME/3081/PSS-ON-00019.webp","images/unknown__The_Empire__1147.webp"
"1148","Fa Fa Monkey","","1183","Slots","https://cp-images.casinoplus.live/images/cpms/ALL_GAME/3081/PSS-ON-00024.webp","images/unknown__Fa_Fa_Monkey__1148.webp"
"1149","777","","1184","Slots","https://cp-images.casinoplus.live/images/cpms/ALL_GAME/3081/PSS-ON-00025.webp","images/unknown__777__1149.webp"
"1150","Double Happiness","","1185","Slots","https://cp-images.casinoplus.live/images/cpms/ALL_GAME/3081/PSS-ON-00026.webp","images/unknown__Double_Happiness__1150.webp"
"1151","Athena","","1186","Slots","https://cp-images.casinoplus.live/images/cpms/ALL_GAME/3081/PSS-ON-00028.webp","images/unknown__Athena__1151.webp"
"1152","Glorious Kingdom","","1187","Slots","https://cp-images.casinoplus.live/images/cpms/ALL_GAME/3081/PSS-ON-00029.webp","images/unknown__Glorious_Kingdom__1152.webp"
"1153","Fortune God","","1188","Slots","https://cp-images.casinoplus.live/images/cpms/ALL_GAME/3081/PSS-ON-00033.webp","images/unknown__Fortune_God__1153.webp"
"1154","Werewolf","","1189","Slots","https://cp-images.casinoplus.live/images/cpms/ALL_GAME/3081/PSS-ON-00035.webp","images/unknown__Werewolf__1154.webp"
"1155","Face Off","","1190","Slots","https://cp-images.casinoplus.live/images/cpms/ALL_GAME/3081/PSS-ON-00038.webp","images/unknown__Face_Off__1155.webp"
"1156","Fortune Teller","","1191","Slots","https://cp-images.casinoplus.live/images/cpms/ALL_GAME/3081/PSS-ON-00044.webp","images/unknown__Fortune_Teller__1156.webp"
"1157","Elephant","","1192","Slots","https://cp-images.casinoplus.live/images/cpms/ALL_GAME/3081/PSS-ON-00047.webp","images/unknown__Elephant__1157.webp"
"1158","Rich &amp; Happy","","1193","Slots","https://cp-images.casinoplus.live/images/cpms/ALL_GAME/3081/PSS-ON-00054.webp","images/unknown__Rich_amp_Happy__1158.webp"
"1159","Dragon Boat Festival","","1195","Slots","https://cp-images.casinoplus.live/images/cpms/ALL_GAME/3081/PSS-ON-00067.webp","images/unknown__Dragon_Boat_Festival__1159.webp"
"1160","Alchemy","","1196","Slots","https://cp-images.casinoplus.live/images/cpms/ALL_GAME/3081/PSS-ON-00070.webp","images/unknown__Alchemy__1160.webp"
"1161","Moon Festival","","1197","Slots","https://cp-images.casinoplus.live/images/cpms/ALL_GAME/3081/PSS-ON-00073.webp","images/unknown__Moon_Festival__1161.webp"
"1162","Money Meow","","1198","Slots","https://cp-images.casinoplus.live/images/cpms/ALL_GAME/3081/PSS-ON-00079.webp","images/unknown__Money_Meow__1162.webp"
"1163","My Lord","","1199","Slots","https://cp-images.casinoplus.live/images/cpms/ALL_GAME/3081/PSS-ON-00083.webp","images/unknown__My_Lord__1163.webp"
"1164","Aurora Wolf","","1200","Slots","https://cp-images.casinoplus.live/images/cpms/ALL_GAME/3081/PSS-ON-00085.webp","images/unknown__Aurora_Wolf__1164.webp"
"1165","Santa Claus","","1201","Slots","https://cp-images.casinoplus.live/images/cpms/ALL_GAME/3081/PSS-ON-00086.webp","images/unknown__Santa_Claus__1165.webp"
"1166","Super Powerful","","1202","Slots","https://cp-images.casinoplus.live/images/cpms/ALL_GAME/3081/PSS-ON-00091.webp","images/unknown__Super_Powerful__1166.webp"
"1167","Tomb Treasure","","1203","Slots","https://cp-images.casinoplus.live/images/cpms/ALL_GAME/3081/PSS-ON-00092.webp","images/unknown__Tomb_Treasure__1167.webp"
"1168","Love","","1204","Slots","https://cp-images.casinoplus.live/images/cpms/ALL_GAME/3081/PSS-ON-00093.webp","images/unknown__Love__1168.webp"
"1169","PS Club","","1205","Slots","https://cp-images.casinoplus.live/images/cpms/ALL_GAME/3081/PSS-ON-00094.webp","images/unknown__PS_Club__1169.webp"
"1170","Hand Of God","","1206","Slots","https://cp-images.casinoplus.live/images/cpms/ALL_GAME/3081/PSS-ON-00095.webp","images/unknown__Hand_Of_God__1170.webp"
"1171","Fortune Bull","","1207","Slots","https://cp-images.casinoplus.live/images/cpms/ALL_GAME/3081/PSS-ON-00096.webp","images/unknown__Fortune_Bull__1171.webp"
"1172","Challenge・Mayan Calendar","","1208","Slots","https://cp-images.casinoplus.live/images/cpms/ALL_GAME/3081/PSS-ON-00099.webp","images/unknown__Challenge_Mayan_Calendar__1172.webp"
"1173","Zuma","","1209","High Cash Rebate|Slots|Fishing","https://cp-images.casinoplus.live/images/cpms/ALL_GAME/3081/PSS-ON-00100.webp","images/unknown__Zuma__1173.webp"
"1174","Challenge・Fu Lu Shou Xi","","1210","Slots","https://cp-images.casinoplus.live/images/cpms/ALL_GAME/3081/PSS-ON-00101.webp","images/unknown__Challenge_Fu_Lu_Shou_Xi__1174.webp"
"1175","Golden Week","","1211","Slots","https://cp-images.casinoplus.live/images/cpms/ALL_GAME/3081/PSS-ON-00102.webp","images/unknown__Golden_Week__1175.webp"
"1176","Kungfu","","1212","Slots","https://cp-images.casinoplus.live/images/cpms/ALL_GAME/3081/PSS-ON-00104.webp","images/unknown__Kungfu__1176.webp"
"1177","Challenge・Golden Pig","","1213","Slots","https://cp-images.casinoplus.live/images/cpms/ALL_GAME/3081/PSS-ON-00105.webp","images/unknown__Challenge_Golden_Pig__1177.webp"
"1178","Wu Xia","","1214","Slots","https://cp-images.casinoplus.live/images/cpms/ALL_GAME/3081/PSS-ON-00106.webp","images/unknown__Wu_Xia__1178.webp"
"1179","Super Boom","","1215","Slots","https://cp-images.casinoplus.live/images/cpms/ALL_GAME/3081/PSS-ON-00107.webp","images/unknown__Super_Boom__1179.webp"
"1180","Rat Of Wealth","","1216","Slots","https://cp-images.casinoplus.live/images/cpms/ALL_GAME/3081/PSS-ON-00108.webp","images/unknown__Rat_Of_Wealth__1180.webp"
"1181","Master Haha","","1217","Slots","https://cp-images.casinoplus.live/images/cpms/ALL_GAME/3081/PSS-ON-00110.webp","images/unknown__Master_Haha__1181.webp"
"1182","Da Fu Gui","","1218","Slots","https://cp-images.casinoplus.live/images/cpms/ALL_GAME/3081/PSS-ON-00111.webp","images/unknown__Da_Fu_Gui__1182.webp"
"1183","Super Win","","1219","Slots","https://cp-images.casinoplus.live/images/cpms/ALL_GAME/3081/PSS-ON-00112.webp","images/unknown__Super_Win__1183.webp"
"1184","What The Fa","","1221","Slots","https://cp-images.casinoplus.live/images/cpms/ALL_GAME/3081/PSS-ON-00115.webp","images/unknown__What_The_Fa__1184.webp"
"1185","Burlesque 2","","1222","Slots","https://cp-images.casinoplus.live/images/cpms/ALL_GAME/3081/PSS-ON-00116.webp","images/unknown__Burlesque_2__1185.webp"
"1186","Lucky Poker 2","","1223","Slots","https://cp-images.casinoplus.live/images/cpms/ALL_GAME/3081/PSS-ON-00119.webp","images/unknown__Lucky_Poker_2__1186.webp"
"1187","Golden Zongzi","","1224","Slots","https://cp-images.casinoplus.live/images/cpms/ALL_GAME/3081/PSS-ON-00123.webp","images/unknown__Golden_Zongzi__1187.webp"
"1188","Diao Chan Fa Da Cai","","1225","Slots","https://cp-images.casinoplus.live/images/cpms/ALL_GAME/3081/PSS-ON-00124.webp","images/unknown__Diao_Chan_Fa_Da_Cai__1188.webp"
"1189","Golden Jade","","1226","Slots","https://cp-images.casinoplus.live/images/cpms/ALL_GAME/3081/PSS-ON-00129.webp","images/unknown__Golden_Jade__1189.webp"
"1190","Fantasy Southeast Asia","","1227","Slots","https://cp-images.casinoplus.live/images/cpms/ALL_GAME/3081/PSS-ON-00131.webp","images/unknown__Fantasy_Southeast_Asia__1190.webp"
"1191","Feature Buy・Golden Pig","","1229","Slots","https://cp-images.casinoplus.live/images/cpms/ALL_GAME/3081/PSS-ON-00135.webp","images/unknown__Feature_Buy_Golden_Pig__1191.webp"
"1192","Feature Buy・Christmas Express","","1230","Slots","https://cp-images.casinoplus.live/images/cpms/ALL_GAME/3081/PSS-ON-00136.webp","images/unknown__Feature_Buy_Christmas_Express__1192.webp"
"1193","Feature Buy・Super Powerful","","1231","Slots","https://cp-images.casinoplus.live/images/cpms/ALL_GAME/3081/PSS-ON-00137.webp","images/unknown__Feature_Buy_Super_Powerful__1193.webp"
"1194","Chef Husky","","1232","Slots","https://cp-images.casinoplus.live/images/cpms/ALL_GAME/3081/PSS-ON-00139.webp","images/unknown__Chef_Husky__1194.webp"
"1195","Treasures Of Aztec Z","","1234","Slots","https://cp-images.casinoplus.live/images/cpms/ALL_GAME/3081/PSS-ON-00147.webp","images/unknown__Treasures_Of_Aztec_Z__1195.webp"
"1196","Sugar Boom","","1235","Slots","https://cp-images.casinoplus.live/images/cpms/ALL_GAME/3081/PSS-ON-00148.webp","images/unknown__Sugar_Boom__1196.webp"
"1197","Caishen–Lucky Spread","","1236","Slots","https://cp-images.casinoplus.live/images/cpms/ALL_GAME/3081/PSS-ON-00150.webp","images/unknown__Caishen_Lucky_Spread__1197.webp"
"1198","Athena–Lucky Spread","","1237","Slots","https://cp-images.casinoplus.live/images/cpms/ALL_GAME/3081/PSS-ON-00151.webp","images/unknown__Athena_Lucky_Spread__1198.webp"
"1199","Caishen Daddy","","1238","Slots","https://cp-images.casinoplus.live/images/cpms/ALL_GAME/3081/PSS-ON-00152.webp","images/unknown__Caishen_Daddy__1199.webp"
"1200","Mystic Legend 2","","1239","Slots","https://cp-images.casinoplus.live/images/cpms/ALL_GAME/3081/PSS-ON-00153.webp","images/unknown__Mystic_Legend_2__1200.webp"
"1201","Super Lucky","","1240","Slots","https://cp-images.casinoplus.live/images/cpms/ALL_GAME/3081/PSS-ON-00154.webp","images/unknown__Super_Lucky__1201.webp"
"1202","Pyramid Of Flames","","1241","Slots","https://cp-images.casinoplus.live/images/cpms/ALL_GAME/3081/PSS-ON-00155.webp","images/unknown__Pyramid_Of_Flames__1202.webp"
"1203","For The Horde","","1242","Slots","https://cp-images.casinoplus.live/images/cpms/ALL_GAME/3081/PSS-ON-00156.webp","images/unknown__For_The_Horde__1203.webp"
"1204","Power Zones: Thunder Birds","PLAYTECH","1243","Slots","https://cp-images.casinoplus.live/images/cpms/playtech/mobile/gpas_tbirds_pop.webp","images/PLAYTECH__Power_Zones_Thunder_Birds__1204.webp"
"1205","Safari Heat","PLAYTECH","1244","Slots","https://cp-images.casinoplus.live/images/cpms/playtech/mobile/sfh.webp","images/PLAYTECH__Safari_Heat__1205.webp"
"1206","Shields Of Rome","PLAYTECH","1245","Slots","https://cp-images.casinoplus.live/images/cpms/playtech/mobile/gpas_sorome_pop.webp","images/PLAYTECH__Shields_Of_Rome__1206.webp"
"1207","Cash Truck 3 Turbo","PLAYTECH","1246","Slots","https://cp-images.casinoplus.live/images/cpms/PT/mobile/pop_10f85cb5_qsp.webp","images/PLAYTECH__Cash_Truck_3_Turbo__1207.webp"
"1208","Circuit Shock","PLAYTECH","1247","Slots","https://cp-images.casinoplus.live/images/cpms/PT/mobile/gpas_cish_pop.webp","images/PLAYTECH__Circuit_Shock__1208.webp"
"1209","Diamond Explosion 7s","PLAYTECH","1248","Slots","https://cp-images.casinoplus.live/images/cpms/PT/mobile/pop_eacf1531_rbp.webp","images/PLAYTECH__Diamond_Explosion_7s__1209.webp"
"1210","Epic Fish Adventure 96","PLAYTECH","1249","Slots","https://cp-images.casinoplus.live/images/cpms/PT/mobile/pop_ed3ed0a1_qsp.webp","images/PLAYTECH__Epic_Fish_Adventure_96__1210.webp"
"1211","Goood Heavens","PLAYTECH","1250","Slots","https://cp-images.casinoplus.live/images/cpms/PT/mobile/gpas_gdhvns_pop.webp","images/PLAYTECH__Goood_Heavens__1211.webp"
"1212","Gummy Giga Match","PLAYTECH","1251","Slots","https://cp-images.casinoplus.live/images/cpms/PT/mobile/pop_fe5b5bb8_rbp.webp","images/PLAYTECH__Gummy_Giga_Match__1212.webp"
"1213","Immortal Ways Lady Moon","PLAYTECH","1252","Slots","https://cp-images.casinoplus.live/images/cpms/PT/mobile/pop_b0067ed7_rbp.webp","images/PLAYTECH__Immortal_Ways_Lady_Moon__1213.webp"
"1214","Lucky Bass: Mega Cash Collect","PLAYTECH","1253","Slots","https://cp-images.casinoplus.live/images/cpms/PT/mobile/gpas_lbmcc_pop.webp","images/PLAYTECH__Lucky_Bass_Mega_Cash_Collect__1214.webp"
"1215","Sakura Fortune Epic Bloom 96","PLAYTECH","1254","Slots","https://cp-images.casinoplus.live/images/cpms/PT/mobile/pop_f6d36d30_qsp.webp","images/PLAYTECH__Sakura_Fortune_Epic_Bloom_96__1215.webp"
"1216","Piggy Master","","1255","Slots","https://cp-images.casinoplus.live/images/cpms/ALL_GAME/3081/PSS-ON-00157.webp","images/unknown__Piggy_Master__1216.webp"
"1217","Cyber Cube","","1256","Slots","https://cp-images.casinoplus.live/images/cpms/ALL_GAME/3081/PSS-ON-00158.webp","images/unknown__Cyber_Cube__1217.webp"
"1218","Battle Of Alliance","5G","1257","Slots","https://cp-images.casinoplus.live/images/cpms/5g/h5/S5G-H5-99965.webp","images/5G__Battle_Of_Alliance__1218.webp"
"1219","Crypto Verse","5G","1258","Slots","https://cp-images.casinoplus.live/images/cpms/5g/h5/S5G-H5-99967.webp","images/5G__Crypto_Verse__1219.webp"
"1220","G Kong","5G","1259","Slots","https://cp-images.casinoplus.live/images/cpms/5g/h5/S5G-H5-99964.webp","images/5G__G_Kong__1220.webp"
"1221","Grimoire","5G","1260","Slots","https://cp-images.casinoplus.live/images/cpms/5g/h5/S5G-H5-99963.webp","images/5G__Grimoire__1221.webp"
"1222","Kung Fu Leopard","5G","1261","Slots","https://cp-images.casinoplus.live/images/cpms/5g/h5/S5G-H5-99962.webp","images/5G__Kung_Fu_Leopard__1222.webp"
"1223","Crazy Money","","1262","Slots","https://cp-images.casinoplus.live/images/cpms/ALL_GAME/3089/h5/1041.webp","images/unknown__Crazy_Money__1223.webp"
"1224","Royal Hunter","","1263","Slots","https://cp-images.casinoplus.live/images/cpms/ALL_GAME/3089/h5/1042.webp","images/unknown__Royal_Hunter__1224.webp"
"1225","Super Egypt","","1264","Slots","https://cp-images.casinoplus.live/images/cpms/ALL_GAME/3089/h5/1038.webp","images/unknown__Super_Egypt__1225.webp"
"1226","Golden Aztec","","1265","Slots","https://cp-images.casinoplus.live/images/cpms/ALL_GAME/3089/h5/1026.webp","images/unknown__Golden_Aztec__1226.webp"
"1227","King Arthur Gold","","1266","Slots","https://cp-images.casinoplus.live/images/cpms/ALL_GAME/3089/h5/1025.webp","images/unknown__King_Arthur_Gold__1227.webp"
"1228","Fortune Cat","","1268","Slots","https://cp-images.casinoplus.live/images/cpms/ALL_GAME/3089/h5/1019.webp","images/unknown__Fortune_Cat__1228.webp"
"1229","Golden Bunny","","1269","Slots","https://cp-images.casinoplus.live/images/cpms/ALL_GAME/3089/h5/1018.webp","images/unknown__Golden_Bunny__1229.webp"
"1230","Rolling Fortune","","1270","Slots","https://cp-images.casinoplus.live/images/cpms/ALL_GAME/3089/h5/1017.webp","images/unknown__Rolling_Fortune__1230.webp"
"1231","Sugar Frenzy","","1271","High Cash Rebate|Slots","https://cp-images.casinoplus.live/images/cpms/26-07/3039_slot002_h5_260701202222.webp","images/unknown__Sugar_Frenzy__1231.webp"
"1232","Fancy Egypt","","1272","Slots","https://cp-images.casinoplus.live/images/cpms/ALL_GAME/3089/h5/1016.webp","images/unknown__Fancy_Egypt__1232.webp"
"1233","Thor Fortune","","1273","Slots","https://cp-images.casinoplus.live/images/cpms/ALL_GAME/3089/h5/1015.webp","images/unknown__Thor_Fortune__1233.webp"
"1234","Lucky Star","","1274","Slots","https://cp-images.casinoplus.live/images/cpms/ALL_GAME/3089/h5/1014.webp","images/unknown__Lucky_Star__1234.webp"
"1235","Rolling 7","","1275","Slots","https://cp-images.casinoplus.live/images/cpms/ALL_GAME/3089/h5/1013.webp","images/unknown__Rolling_7__1235.webp"
"1236","Fa Fa Dragon","","1276","Slots","https://cp-images.casinoplus.live/images/cpms/ALL_GAME/3089/h5/1012.webp","images/unknown__Fa_Fa_Dragon__1236.webp"
"1237","Casino Fantasy","","1277","Slots","https://cp-images.casinoplus.live/images/cpms/ALL_GAME/3089/h5/1005.webp","images/unknown__Casino_Fantasy__1237.webp"
"1238","Balloon Race","EGS","1278","Perya","https://cp-images.casinoplus.live/images/cpms/egs/mobile/BalloonRace00001.webp","images/EGS__Balloon_Race__1238.webp"
"1239","Crazy Pachinko","EGS","1279","Perya","https://cp-images.casinoplus.live/images/cpms/egs/mobile/CrazyPachinko001.webp","images/EGS__Crazy_Pachinko__1239.webp"
"1240","Gold Vault Roulette","EGS","1280","Perya","https://cp-images.casinoplus.live/images/cpms/egs/mobile/GoldVaultRo00001.webp","images/EGS__Gold_Vault_Roulette__1240.webp"
"1241","Infinite Fun Fun 21 Blackjack","EGS","1281","Live","https://cp-images.casinoplus.live/images/cpms/egs/mobile/sbjfunfun2100001.webp","images/EGS__Infinite_Fun_Fun_21_Blackjack__1241.webp"
"1242","Lightning Dragon Tiger","EGS","1282","Live","https://cp-images.casinoplus.live/images/cpms/egs/mobile/LightningDT00001.webp","images/EGS__Lightning_Dragon_Tiger__1242.webp"
"1243","Lightning Sic Bo","EGS","1283","Live","https://cp-images.casinoplus.live/images/cpms/egs/mobile/lightningsb00001.webp","images/EGS__Lightning_Sic_Bo__1243.webp"
"1244","Prosperity Tree Baccarat","EGS","1284","EVOCASHREBATE|Live","https://cp-images.casinoplus.live/images/cpms/egs/mobile/evo17.webp","images/EGS__Prosperity_Tree_Baccarat__1244.webp"
"1245","Red Door Roulette","EGS","1285","Live","https://cp-images.casinoplus.live/images/cpms/egs/mobile/RedDoorRoulette1.webp","images/EGS__Red_Door_Roulette__1245.webp"
"1246","XXXtreme Lightning Baccarat","EGS","1286","EVOCASHREBATE|Live","https://cp-images.casinoplus.live/images/cpms/egs/mobile/evo14.webp","images/EGS__XXXtreme_Lightning_Baccarat__1246.webp"
"1247","First Person American Roulette","EGS","1287","Live","https://cp-images.casinoplus.live/images/cpms/egs/mobile/rng-rt-american0.webp","images/EGS__First_Person_American_Roulette__1247.webp"
"1248","First Person Baccarat","EGS","1288","EVOCASHREBATE|Live","https://cp-images.casinoplus.live/images/cpms/egs/mobile/evo12.webp","images/EGS__First_Person_Baccarat__1248.webp"
"1249","First Person Dragon Tiger","EGS","1289","Live","https://cp-images.casinoplus.live/images/cpms/egs/mobile/rng-dragontiger0.webp","images/EGS__First_Person_Dragon_Tiger__1249.webp"
"1250","First Person Dream Catcher","EGS","1290","Live","https://cp-images.casinoplus.live/images/cpms/egs/mobile/rng-dreamcatcher.webp","images/EGS__First_Person_Dream_Catcher__1250.webp"
"1251","First Person Golden Wealth Baccarat","EGS","1291","EVOCASHREBATE|Live","https://cp-images.casinoplus.live/images/cpms/egs/mobile/evo23.webp","images/EGS__First_Person_Golden_Wealth_Baccarat__1251.webp"
"1252","First Person Lightning Baccarat","EGS","1292","EVOCASHREBATE|Live","https://cp-images.casinoplus.live/images/cpms/egs/mobile/evo24.webp","images/EGS__First_Person_Lightning_Baccarat__1252.webp"
"1253","First Person Lightning Roulette","EGS","1293","Live","https://cp-images.casinoplus.live/images/cpms/egs/mobile/rng-rt-lightning.webp","images/EGS__First_Person_Lightning_Roulette__1253.webp"
"1254","First Person Roulette","EGS","1294","Live","https://cp-images.casinoplus.live/images/cpms/egs/mobile/rng-rt-european0.webp","images/EGS__First_Person_Roulette__1254.webp"
"1255","First Person XXXtreme Lightning Baccarat","EGS","1295","EVOCASHREBATE|Live","https://cp-images.casinoplus.live/images/cpms/egs/mobile/evo22.webp","images/EGS__First_Person_XXXtreme_Lightning_Baccarat__1255.webp"
"1256","First Person XXXtreme Lightning Roulette","EGS","1296","Live","https://cp-images.casinoplus.live/images/cpms/egs/mobile/rng-rt-xxxtreme1.webp","images/EGS__First_Person_XXXtreme_Lightning_Roulette__1256.webp"
"1257","Chests of Cai Shen","PP","1297","Slots","https://cp-images.casinoplus.live/images/cpms/pp/mobile/vs25checaishen.webp","images/PP__Chests_of_Cai_Shen__1257.webp"
"1258","Frog","PLAYTECH","1298","Slots","https://cp-images.casinoplus.live/images/cpms/PT/mobile/gpas_fgift_pop.webp","images/PLAYTECH__Frog__1258.webp"
"1259","Leprechaun","PLAYTECH","1299","Slots","https://cp-images.casinoplus.live/images/cpms/PT/mobile/gpas_ccluck_pop.webp","images/PLAYTECH__Leprechaun__1259.webp"
"1260","Rich Roll: Lust for Gold!","PLAYTECH","1300","Slots","https://cp-images.casinoplus.live/images/cpms/PT/mobile/gpas_rrlustforg_pop.webp","images/PLAYTECH__Rich_Roll_Lust_for_Gold__1260.webp"
"1261","Sahara Riches Cash Collect","PLAYTECH","1301","Slots","https://cp-images.casinoplus.live/images/cpms/PT/mobile/gpas_ccsahara_pop.webp","images/PLAYTECH__Sahara_Riches_Cash_Collect__1261.webp"
"1262","War","EGS","1302","Live","https://cp-images.casinoplus.live/images/cpms/egs/mobile/War0000000000001.webp","images/EGS__War__1262.webp"
"1263","Race Track","EGS","1303","Perya","https://cp-images.casinoplus.live/images/cpms/egs/mobile/RaceTrack0000001.webp","images/EGS__Race_Track__1263.webp"
"1264","Wishbringer","","1304","Slots","https://cp-images.casinoplus.live/images/cpms/ALL_GAME/3202/201525.webp","images/unknown__Wishbringer__1264.webp"
"1265","Xmas Drop","","1305","Slots","https://cp-images.casinoplus.live/images/cpms/ALL_GAME/3202/201312.webp","images/unknown__Xmas_Drop__1265.webp"
"1266","Xpander","","1306","Slots","https://cp-images.casinoplus.live/images/cpms/ALL_GAME/3202/201067.webp","images/unknown__Xpander__1266.webp"
"1267","Ze Zeus","","1307","Slots","https://cp-images.casinoplus.live/images/cpms/ALL_GAME/3202/201398.webp","images/unknown__Ze_Zeus__1267.webp"
"1268","Benny The Beer","","1308","Slots","https://cp-images.casinoplus.live/images/cpms/ALL_GAME/3202/201296.webp","images/unknown__Benny_The_Beer__1268.webp"
"1269","8-Bit Quest","","1309","Slots","https://cp-images.casinoplus.live/images/cpms/ALL_GAME/3202/201517.webp","images/unknown__8-Bit_Quest__1269.webp"
"1270","Alpha Eagle","","1310","Slots","https://cp-images.casinoplus.live/images/cpms/ALL_GAME/3202/201170.webp","images/unknown__Alpha_Eagle__1270.webp"
"1271","Ancient Paws","","1311","Slots","https://cp-images.casinoplus.live/images/cpms/ALL_GAME/3202/201529.webp","images/unknown__Ancient_Paws__1271.webp"
"1272","Beam Boys","","1313","Slots","https://cp-images.casinoplus.live/images/cpms/ALL_GAME/3202/201334.webp","images/unknown__Beam_Boys__1272.webp"
"1273","Beast Below","","1314","Slots","https://cp-images.casinoplus.live/images/cpms/ALL_GAME/3202/201248.webp","images/unknown__Beast_Below__1273.webp"
"1274","Blademaster","","1315","Slots","https://cp-images.casinoplus.live/images/cpms/ALL_GAME/3202/201448.webp","images/unknown__Blademaster__1274.webp"
"1275","Blaze Buddies","","1316","Slots","https://cp-images.casinoplus.live/images/cpms/ALL_GAME/3202/201496.webp","images/unknown__Blaze_Buddies__1275.webp"
"1276","Blocks","","1317","Slots","https://cp-images.casinoplus.live/images/cpms/ALL_GAME/3202/201288.webp","images/unknown__Blocks__1276.webp"
"1277","Bloodthirst","","1318","Slots","https://cp-images.casinoplus.live/images/cpms/ALL_GAME/3202/201211.webp","images/unknown__Bloodthirst__1277.webp"
"1278","Book Of Time","","1319","Slots","https://cp-images.casinoplus.live/images/cpms/ALL_GAME/3202/201174.webp","images/unknown__Book_Of_Time__1278.webp"
"1279","Booze Bash","","1320","Slots","https://cp-images.casinoplus.live/images/cpms/ALL_GAME/3202/201560.webp","images/unknown__Booze_Bash__1279.webp"
"1280","Born Wild","","1321","Slots","https://cp-images.casinoplus.live/images/cpms/ALL_GAME/3202/201134.webp","images/unknown__Born_Wild__1280.webp"
"1281","Bouncy Bombs","","1322","Slots","https://cp-images.casinoplus.live/images/cpms/ALL_GAME/3202/201347.webp","images/unknown__Bouncy_Bombs__1281.webp"
"1282","Boxes","","1323","Slots","https://cp-images.casinoplus.live/images/cpms/ALL_GAME/3202/201160.webp","images/unknown__Boxes__1282.webp"
"1283","Break Bones","","1324","Slots","https://cp-images.casinoplus.live/images/cpms/ALL_GAME/3202/201172.webp","images/unknown__Break_Bones__1283.webp"
"1284","Buffalo Stack","","1325","Slots","https://cp-images.casinoplus.live/images/cpms/ALL_GAME/3202/201126.webp","images/unknown__Buffalo_Stack__1284.webp"
"1285","Cash Compass","","1326","Slots","https://cp-images.casinoplus.live/images/cpms/ALL_GAME/3202/201057.webp","images/unknown__Cash_Compass__1285.webp"
"1286","Cash Crew","","1327","Slots","https://cp-images.casinoplus.live/images/cpms/ALL_GAME/3202/201357.webp","images/unknown__Cash_Crew__1286.webp"
"1287","Cash Quest","","1328","Slots","https://cp-images.casinoplus.live/images/cpms/ALL_GAME/3202/201082.webp","images/unknown__Cash_Quest__1287.webp"
"1288","Chaos Crew 2","","1329","Slots","https://cp-images.casinoplus.live/images/cpms/ALL_GAME/3202/201292.webp","images/unknown__Chaos_Crew_2__1288.webp"
"1289","Chocolate Rocket","","1330","Slots","https://cp-images.casinoplus.live/images/cpms/ALL_GAME/3202/201515.webp","images/unknown__Chocolate_Rocket__1289.webp"
"1290","Clover Club","","1331","Slots","https://cp-images.casinoplus.live/images/cpms/ALL_GAME/3202/201527.webp","images/unknown__Clover_Club__1290.webp"
"1291","Clumsy Cowboys","","1332","Slots","https://cp-images.casinoplus.live/images/cpms/ALL_GAME/3202/201478.webp","images/unknown__Clumsy_Cowboys__1291.webp"
"1292","Colors","","1333","Slots","https://cp-images.casinoplus.live/images/cpms/ALL_GAME/3202/201300.webp","images/unknown__Colors__1292.webp"
"1293","Coop Clash","","1334","Slots","https://cp-images.casinoplus.live/images/cpms/ALL_GAME/3202/201509.webp","images/unknown__Coop_Clash__1293.webp"
"1294","Crystal Robot","","1335","Slots","https://cp-images.casinoplus.live/images/cpms/ALL_GAME/3202/201508.webp","images/unknown__Crystal_Robot__1294.webp"
"1295","Cubes","","1336","Slots","https://cp-images.casinoplus.live/images/cpms/ALL_GAME/3202/201056.webp","images/unknown__Cubes__1295.webp"
"1296","Cubes 2","","1337","Slots","https://cp-images.casinoplus.live/images/cpms/ALL_GAME/3202/201062.webp","images/unknown__Cubes_2__1296.webp"
"1297","Culinary Clash","","1338","Slots","https://cp-images.casinoplus.live/images/cpms/ALL_GAME/3202/201572.webp","images/unknown__Culinary_Clash__1297.webp"
"1298","Cursed Seas","","1339","Slots","https://cp-images.casinoplus.live/images/cpms/ALL_GAME/3202/201228.webp","images/unknown__Cursed_Seas__1298.webp"
"1299","Danny Dollar","","1340","Slots","https://cp-images.casinoplus.live/images/cpms/ALL_GAME/3202/201538.webp","images/unknown__Danny_Dollar__1299.webp"
"1300","Dark Summoning","","1341","Slots","https://cp-images.casinoplus.live/images/cpms/ALL_GAME/3202/201320.webp","images/unknown__Dark_Summoning__1300.webp"
"1301","Dawn Of Kings","","1342","Slots","https://cp-images.casinoplus.live/images/cpms/ALL_GAME/3202/201336.webp","images/unknown__Dawn_Of_Kings__1301.webp"
"1302","Desert Temple","","1343","Slots","https://cp-images.casinoplus.live/images/cpms/ALL_GAME/3202/201475.webp","images/unknown__Desert_Temple__1302.webp"
"1303","Divine Drop","","1345","Slots","https://cp-images.casinoplus.live/images/cpms/ALL_GAME/3202/201353.webp","images/unknown__Divine_Drop__1303.webp"
"1304","Donny Dough","","1346","Slots","https://cp-images.casinoplus.live/images/cpms/ALL_GAME/3202/201412.webp","images/unknown__Donny_Dough__1304.webp"
"1305","Donut Division","","1347","Slots","https://cp-images.casinoplus.live/images/cpms/ALL_GAME/3202/201469.webp","images/unknown__Donut_Division__1305.webp"
"1306","Dork Unit","","1348","Slots","https://cp-images.casinoplus.live/images/cpms/ALL_GAME/3202/201138.webp","images/unknown__Dork_Unit__1306.webp"
"1307","Dorks Of The Deep","","1349","Slots","https://cp-images.casinoplus.live/images/cpms/ALL_GAME/3202/201513.webp","images/unknown__Dorks_Of_The_Deep__1307.webp"
"1308","Double Rainbow","","1350","Slots","https://cp-images.casinoplus.live/images/cpms/ALL_GAME/3202/201106.webp","images/unknown__Double_Rainbow__1308.webp"
"1309","Dragon","","1351","Slots","https://cp-images.casinoplus.live/images/cpms/ALL_GAME/3202/201410.webp","images/unknown__Dragon__1309.webp"
"1310","Drop","","1352","Slots","https://cp-images.casinoplus.live/images/cpms/ALL_GAME/3202/201264.webp","images/unknown__Drop__1310.webp"
"1311","Duel At Dawn","","1353","Slots","https://cp-images.casinoplus.live/images/cpms/ALL_GAME/3202/201464.webp","images/unknown__Duel_At_Dawn__1311.webp"
"1312","Empress Of The Shadows","","1354","Slots","https://cp-images.casinoplus.live/images/cpms/ALL_GAME/3202/201476.webp","images/unknown__Empress_Of_The_Shadows__1312.webp"
"1313","Eternal Nile","","1355","Slots","https://cp-images.casinoplus.live/images/cpms/ALL_GAME/3202/201545.webp","images/unknown__Eternal_Nile__1313.webp"
"1314","Evil Eyes","","1356","Slots","https://cp-images.casinoplus.live/images/cpms/ALL_GAME/3202/201414.webp","images/unknown__Evil_Eyes__1314.webp"
"1315","Eye Of The Panda","","1357","Slots","https://cp-images.casinoplus.live/images/cpms/ALL_GAME/3202/201304.webp","images/unknown__Eye_Of_The_Panda__1315.webp"
"1316","Fear The Dark","","1358","Slots","https://cp-images.casinoplus.live/images/cpms/ALL_GAME/3202/201224.webp","images/unknown__Fear_The_Dark__1316.webp"
"1317","Feel The Beat","","1359","Slots","https://cp-images.casinoplus.live/images/cpms/ALL_GAME/3202/201329.webp","images/unknown__Feel_The_Beat__1317.webp"
"1318","Fighter Pit","","1360","Slots","https://cp-images.casinoplus.live/images/cpms/ALL_GAME/3202/201526.webp","images/unknown__Fighter_Pit__1318.webp"
"1319","Fire My Laser","","1361","Slots","https://cp-images.casinoplus.live/images/cpms/ALL_GAME/3202/201470.webp","images/unknown__Fire_My_Laser__1319.webp"
"1320","Fist Of Destruction","","1362","Slots","https://cp-images.casinoplus.live/images/cpms/ALL_GAME/3202/201335.webp","images/unknown__Fist_Of_Destruction__1320.webp"
"1321","Forest Fortune","","1363","Slots","https://cp-images.casinoplus.live/images/cpms/ALL_GAME/3202/201169.webp","images/unknown__Forest_Fortune__1321.webp"
"1322","FRKN Bananas","","1364","Slots","https://cp-images.casinoplus.live/images/cpms/ALL_GAME/3202/201502.webp","images/unknown__FRKN_Bananas__1322.webp"
"1323","Fruit Duel","","1365","Slots","https://cp-images.casinoplus.live/images/cpms/ALL_GAME/3202/201142.webp","images/unknown__Fruit_Duel__1323.webp"
"1324","Fury And Fortune","","1366","Slots","https://cp-images.casinoplus.live/images/cpms/ALL_GAME/3202/201546.webp","images/unknown__Fury_And_Fortune__1324.webp"
"1325","Get The CHEESE","","1367","Slots","https://cp-images.casinoplus.live/images/cpms/ALL_GAME/3202/201457.webp","images/unknown__Get_The_CHEESE__1325.webp"
"1326","Gladiator Legends","","1368","Slots","https://cp-images.casinoplus.live/images/cpms/ALL_GAME/3202/201114.webp","images/unknown__Gladiator_Legends__1326.webp"
"1327","Gladius Death Or Glory","","1369","Slots","https://cp-images.casinoplus.live/images/cpms/ALL_GAME/3202/201542.webp","images/unknown__Gladius_Death_Or_Glory__1327.webp"
"1328","Gronk","","1370","Slots","https://cp-images.casinoplus.live/images/cpms/ALL_GAME/3202/201207.webp","images/unknown__Gronk__1328.webp"
"1329","Harvest Wilds","","1371","Slots","https://cp-images.casinoplus.live/images/cpms/ALL_GAME/3202/201098.webp","images/unknown__Harvest_Wilds__1329.webp"
"1330","Holy Heist","","1373","Slots","https://cp-images.casinoplus.live/images/cpms/ALL_GAME/3202/201430.webp","images/unknown__Holy_Heist__1330.webp"
"1331","Home Of Thor","","1374","Slots","https://cp-images.casinoplus.live/images/cpms/ALL_GAME/3202/201574.webp","images/unknown__Home_Of_Thor__1331.webp"
"1332","Hoot Shot The Sheriff","","1375","Slots","https://cp-images.casinoplus.live/images/cpms/ALL_GAME/3202/201571.webp","images/unknown__Hoot_Shot_The_Sheriff__1332.webp"
"1333","Hounds Of Hell","","1376","Slots","https://cp-images.casinoplus.live/images/cpms/ALL_GAME/3202/201512.webp","images/unknown__Hounds_Of_Hell__1333.webp"
"1334","Immortal Desire","","1377","Slots","https://cp-images.casinoplus.live/images/cpms/ALL_GAME/3202/201308.webp","images/unknown__Immortal_Desire__1334.webp"
"1335","Infernus","","1378","Slots","https://cp-images.casinoplus.live/images/cpms/ALL_GAME/3202/201528.webp","images/unknown__Infernus__1335.webp"
"1336","ITERO","","1379","Slots","https://cp-images.casinoplus.live/images/cpms/ALL_GAME/3202/201122.webp","images/unknown__ITERO__1336.webp"
"1337","Jawsome Pirates","","1380","Slots","https://cp-images.casinoplus.live/images/cpms/ALL_GAME/3202/201473.webp","images/unknown__Jawsome_Pirates__1337.webp"
"1338","Jelly Slice","","1381","Slots","https://cp-images.casinoplus.live/images/cpms/ALL_GAME/3202/201355.webp","images/unknown__Jelly_Slice__1338.webp"
"1339","Joker Bombs","","1382","Slots","https://cp-images.casinoplus.live/images/cpms/ALL_GAME/3202/201090.webp","images/unknown__Joker_Bombs__1339.webp"
"1340","Junkyard Kings","","1383","Slots","https://cp-images.casinoplus.live/images/cpms/ALL_GAME/3202/201429.webp","images/unknown__Junkyard_Kings__1340.webp"
"1341","Keep","","1384","Slots","https://cp-images.casinoplus.live/images/cpms/ALL_GAME/3202/201216.webp","images/unknown__Keep__1341.webp"
"1342","Le King","","1386","Slots","https://cp-images.casinoplus.live/images/cpms/ALL_GAME/3202/201561.webp","images/unknown__Le_King__1342.webp"
"1343","Le Pharaoh","","1387","Slots","https://cp-images.casinoplus.live/images/cpms/ALL_GAME/3202/201454.webp","images/unknown__Le_Pharaoh__1343.webp"
"1344","Le Viking","","1388","Slots","https://cp-images.casinoplus.live/images/cpms/ALL_GAME/3202/201501.webp","images/unknown__Le_Viking__1344.webp"
"1345","Let It Snow","","1389","Slots","https://cp-images.casinoplus.live/images/cpms/ALL_GAME/3202/201061.webp","images/unknown__Let_It_Snow__1345.webp"
"1346","Life And Death","","1390","Slots","https://cp-images.casinoplus.live/images/cpms/ALL_GAME/3202/201524.webp","images/unknown__Life_And_Death__1346.webp"
"1347","Lines","","1392","Slots","https://cp-images.casinoplus.live/images/cpms/ALL_GAME/3202/201268.webp","images/unknown__Lines__1347.webp"
"1348","Lucky Multifruit","","1393","Slots","https://cp-images.casinoplus.live/images/cpms/ALL_GAME/3202/201479.webp","images/unknown__Lucky_Multifruit__1348.webp"
"1349","Mafia Clash","","1394","Slots","https://cp-images.casinoplus.live/images/cpms/ALL_GAME/3202/201424.webp","images/unknown__Mafia_Clash__1349.webp"
"1350","Magic Piggy","","1395","Slots","https://cp-images.casinoplus.live/images/cpms/ALL_GAME/3202/201212.webp","images/unknown__Magic_Piggy__1350.webp"
"1351","Marlin Masters","","1396","Slots","https://cp-images.casinoplus.live/images/cpms/ALL_GAME/3202/201503.webp","images/unknown__Marlin_Masters__1351.webp"
"1352","Mayan Stackways","","1397","Slots","https://cp-images.casinoplus.live/images/cpms/ALL_GAME/3202/201232.webp","images/unknown__Mayan_Stackways__1352.webp"
"1353","Miami Multiplier","","1400","Slots","https://cp-images.casinoplus.live/images/cpms/ALL_GAME/3202/201055.webp","images/unknown__Miami_Multiplier__1353.webp"
"1354","Mighty Masks","","1401","Slots","https://cp-images.casinoplus.live/images/cpms/ALL_GAME/3202/201240.webp","images/unknown__Mighty_Masks__1354.webp"
"1355","Diamond Syndicate","","1402","Slots","https://cp-images.casinoplus.live/images/cpms/ALL_GAME/3077/SL21.webp","images/unknown__Diamond_Syndicate__1355.webp"
"1356","Royal Siege","","1403","Slots","https://cp-images.casinoplus.live/images/cpms/ALL_GAME/3077/SL34.webp","images/unknown__Royal_Siege__1356.webp"
"1357","The Egyptian Animal","","1404","Slots","https://cp-images.casinoplus.live/images/cpms/ALL_GAME/3077/SL37.webp","images/unknown__The_Egyptian_Animal__1357.webp"
"1358","Rising Stars","","1405","Slots","https://cp-images.casinoplus.live/images/cpms/ALL_GAME/3077/SL38.webp","images/unknown__Rising_Stars__1358.webp"
"1359","Freaky Franky","","1406","Slots","https://cp-images.casinoplus.live/images/cpms/ALL_GAME/3077/SL39.webp","images/unknown__Freaky_Franky__1359.webp"
"1360","Commission Baccarat","","1407","EVOCASHREBATE|Live","https://cp-images.casinoplus.live/images/cpms/26-05/4186_EDHS02_h5_260521172028.webp","images/unknown__Commission_Baccarat__1360.webp"
"1361","Tongits Go","JILI","1408","Slots|Poker","https://cp-images.casinoplus.live/images/cpms/jili/mobile/199.webp","images/JILI__Tongits_Go__1361.webp"
"1362","High Limit Baccarat","","1409","EVOCASHREBATE|Live","https://cp-images.casinoplus.live/images/cpms/26-05/4186_E007_h5_260521172056.webp","images/unknown__High_Limit_Baccarat__1362.webp"
"1363","3 Charge Buffalo","JILI","1410","Slots","https://cp-images.casinoplus.live/images/cpms/jili/mobile/460.webp","images/JILI__3_Charge_Buffalo__1363.webp"
"1364","3 Coin Treasures 2","JILI","1411","Slots","https://cp-images.casinoplus.live/images/cpms/jili/mobile/472.webp","images/JILI__3_Coin_Treasures_2__1364.webp"
"1365","Legacy of Egypt","","1412","High Cash Rebate|Slots","https://cp-images.casinoplus.live/images/cpms/26-07/3001_180_h5_260701193237.webp","images/unknown__Legacy_of_Egypt__1365.webp"
"1366","Money Coming 2","JILI","1413","Slots","https://cp-images.casinoplus.live/images/cpms/jili/mobile/543.webp","images/JILI__Money_Coming_2__1366.webp"
"1367","Nightfall Hunting","JILI","1414","Slots","https://cp-images.casinoplus.live/images/cpms/jili/mobile/324.webp","images/JILI__Nightfall_Hunting__1367.webp"
"1368","Party Star","JILI","1415","Slots","https://cp-images.casinoplus.live/images/cpms/jili/mobile/240.webp","images/JILI__Party_Star__1368.webp"
"1369","Pirate Queen 2","","1416","High Cash Rebate|Slots","https://cp-images.casinoplus.live/images/cpms/26-07/3001_461_h5_260701201625.webp","images/unknown__Pirate_Queen_2__1369.webp"
"1370","Rapid Gems 777","JILI","1417","Slots","https://cp-images.casinoplus.live/images/cpms/jili/mobile/448.webp","images/JILI__Rapid_Gems_777__1370.webp"
"1371","Shōgun","JILI","1418","Slots","https://cp-images.casinoplus.live/images/cpms/jili/mobile/376.webp","images/JILI__Sh_gun__1371.webp"
"1372","Super Ace 2","JILI","1419","Slots","https://cp-images.casinoplus.live/images/cpms/jili/mobile/542.webp","images/JILI__Super_Ace_2__1372.webp"
"1373","Fortune Money Boom","FC","1420","Slots","https://cp-images.casinoplus.live/images/cpms/fc/mobile/n22058.webp","images/FC__Fortune_Money_Boom__1373.webp"
"1374","Phoenix Fever Jackpot","FC","1421","Slots","https://cp-images.casinoplus.live/images/cpms/fc/mobile/n22073.webp","images/FC__Phoenix_Fever_Jackpot__1374.webp"
"1375","Phoenix Fever","FC","1422","Slots","https://cp-images.casinoplus.live/images/cpms/fc/mobile/22072.webp","images/FC__Phoenix_Fever__1375.webp"
"1376","Treasures of Odin","FC","1423","Slots","https://cp-images.casinoplus.live/images/cpms/fc/mobile/n22067.webp","images/FC__Treasures_of_Odin__1376.webp"
"1377","Buffalo Ways","FC","1424","Slots","https://cp-images.casinoplus.live/images/cpms/fc/mobile/n22069.webp","images/FC__Buffalo_Ways__1377.webp"
"1378","Cyber God of Fortune","FC","1425","Slots","https://cp-images.casinoplus.live/images/cpms/fc/mobile/n22070.webp","images/FC__Cyber_God_of_Fortune__1378.webp"
"1379","Sword Of King","FC","1426","Slots","https://cp-images.casinoplus.live/images/cpms/fc/mobile/n22075.webp","images/FC__Sword_Of_King__1379.webp"
"1380","Boxing Riches","FC","1427","Slots","https://cp-images.casinoplus.live/images/cpms/fc/mobile/n22065.webp","images/FC__Boxing_Riches__1380.webp"
"1381","Mole Crash","JDB","1428","Slots","https://cp-images.casinoplus.live/images/cpms/jdb/mobile/9_9020.webp","images/JDB__Mole_Crash__1381.webp"
"1382","Dazzle Me","EGS","1429","Slots","https://cp-images.casinoplus.live/images/cpms/egs/mobile/dazzler400000000v2.webp","images/EGS__Dazzle_Me__1382.webp"
"1383","Dead Or Alive","EGS","1430","Slots","https://cp-images.casinoplus.live/images/cpms/egs/mobile/deadoraliver4000v2.webp","images/EGS__Dead_Or_Alive__1383.webp"
"1384","Blood Suckers","EGS","1431","Slots","https://cp-images.casinoplus.live/images/cpms/egs/mobile/bloodsuckersj0r3v2.webp","images/EGS__Blood_Suckers__1384.webp"
"1385","Gordon Ramsay Hell","EGS","1432","Slots","https://cp-images.casinoplus.live/images/cpms/egs/mobile/hellskitchenr000v2.webp","images/EGS__Gordon_Ramsay_Hell__1385.webp"
"1386","Fruit Shop Megaways","EGS","1433","Slots","https://cp-images.casinoplus.live/images/cpms/egs/mobile/fruitshopawaysr3v2.webp","images/EGS__Fruit_Shop_Megaways__1386.webp"
"1387","Butterfly Staxx","EGS","1434","Slots","https://cp-images.casinoplus.live/images/cpms/egs/mobile/butterflystaxxr4v2.webp","images/EGS__Butterfly_Staxx__1387.webp"
"1388","Fruit Shop","EGS","1435","Slots","https://cp-images.casinoplus.live/images/cpms/egs/mobile/fruitshopr400000v2.webp","images/EGS__Fruit_Shop__1388.webp"
"1389","Dazzle Me Megaways","EGS","1436","Slots","https://cp-images.casinoplus.live/images/cpms/egs/mobile/dazzlemwr2000000v2.webp","images/EGS__Dazzle_Me_Megaways__1389.webp"
"1390","Cirque De La Fortune","EGS","1437","Slots","https://cp-images.casinoplus.live/images/cpms/egs/mobile/cirquedelafortunv2.webp","images/EGS__Cirque_De_La_Fortune__1390.webp"
"1391","Golden Tsar","EGS","1438","Slots","https://cp-images.casinoplus.live/images/cpms/egs/mobile/goldentsar000000v2.webp","images/EGS__Golden_Tsar__1391.webp"
"1392","Betty, Boris And Boo","EGS","1439","Slots","https://cp-images.casinoplus.live/images/cpms/egs/mobile/bettyborisandboov2.webp","images/EGS__Betty_Boris_And_Boo__1392.webp"
"1393","Riddle Of The Sphinx","EGS","1440","Slots","https://cp-images.casinoplus.live/images/cpms/egs/mobile/riddleofthesphinv2.webp","images/EGS__Riddle_Of_The_Sphinx__1393.webp"
"1394","Lucky Oktoberfest","EGS","1442","Slots","https://cp-images.casinoplus.live/images/cpms/egs/mobile/luckyoktoberfestv2.webp","images/EGS__Lucky_Oktoberfest__1394.webp"
"1395","Reel Keeper","EGS","1443","Slots","https://cp-images.casinoplus.live/images/cpms/egs/mobile/reelkeeper000000v2.webp","images/EGS__Reel_Keeper__1395.webp"
"1396","Zeus Lightning Power Reels","EGS","1444","Slots","https://cp-images.casinoplus.live/images/cpms/egs/mobile/zeuslightningpowv2.webp","images/EGS__Zeus_Lightning_Power_Reels__1396.webp"
"1397","Atlantis","EGS","1445","Slots","https://cp-images.casinoplus.live/images/cpms/egs/mobile/atlantis00000000v2.webp","images/EGS__Atlantis__1397.webp"
"1398","5 Families","EGS","1446","Slots","https://cp-images.casinoplus.live/images/cpms/egs/mobile/5families0000000v2.webp","images/EGS__5_Families__1398.webp"
"1399","Pirates","EGS","1447","Slots","https://cp-images.casinoplus.live/images/cpms/egs/mobile/piratespeforgoldv2.webp","images/EGS__Pirates__1399.webp"
"1400","Cash Ultimate","EGS","1448","Slots","https://cp-images.casinoplus.live/images/cpms/egs/mobile/cashultimate0000v2.webp","images/EGS__Cash_Ultimate__1400.webp"
"1401","Yucatan","EGS","1449","Slots","https://cp-images.casinoplus.live/images/cpms/egs/mobile/yucatansmystery0v2.webp","images/EGS__Yucatan__1401.webp"
"1402","Wild O","EGS","1450","Slots","https://cp-images.casinoplus.live/images/cpms/egs/mobile/wildoclock000000v2.webp","images/EGS__Wild_O__1402.webp"
"1403","4Squad","EGS","1451","Slots","https://cp-images.casinoplus.live/images/cpms/egs/mobile/4squad0000000000v2.webp","images/EGS__4Squad__1403.webp"
"1404","Aurum Codex","EGS","1452","Slots","https://cp-images.casinoplus.live/images/cpms/egs/mobile/aurumcodex000000v2.webp","images/EGS__Aurum_Codex__1404.webp"
"1405","Rio Stars","EGS","1453","Slots","https://cp-images.casinoplus.live/images/cpms/egs/mobile/riostars00000000v2.webp","images/EGS__Rio_Stars__1405.webp"
"1406","Diamond Blitz","EGS","1454","Slots","https://cp-images.casinoplus.live/images/cpms/egs/mobile/diamondblitz0000v2.webp","images/EGS__Diamond_Blitz__1406.webp"
"1407","Path Of Destiny","EGS","1455","Slots","https://cp-images.casinoplus.live/images/cpms/egs/mobile/pathofdestiny000v2.webp","images/EGS__Path_Of_Destiny__1407.webp"
"1408","Dice Dice Dice","EGS","1456","Slots","https://cp-images.casinoplus.live/images/cpms/egs/mobile/dicedicedice0000v2.webp","images/EGS__Dice_Dice_Dice__1408.webp"
"1409","Vault Cracker","EGS","1457","Slots","https://cp-images.casinoplus.live/images/cpms/egs/mobile/vaultcracker0000v2.webp","images/EGS__Vault_Cracker__1409.webp"
"1410","Multiplier Riches","EGS","1458","Slots","https://cp-images.casinoplus.live/images/cpms/egs/mobile/multiplierrichesv2.webp","images/EGS__Multiplier_Riches__1410.webp"
"1411","24 Hour Grand Prix","EGS","1459","Slots","https://cp-images.casinoplus.live/images/cpms/egs/mobile/24hourgrandprix0v2.webp","images/EGS__24_Hour_Grand_Prix__1411.webp"
"1412","Regal Beasts","EGS","1460","Slots","https://cp-images.casinoplus.live/images/cpms/egs/mobile/regalbeasts00000v2.webp","images/EGS__Regal_Beasts__1412.webp"
"1413","War Of Gods","EGS","1461","Slots","https://cp-images.casinoplus.live/images/cpms/egs/mobile/warofgods0000000v2.webp","images/EGS__War_Of_Gods__1413.webp"
"1414","Gonzo","EGS","1462","Slots","https://cp-images.casinoplus.live/images/cpms/egs/mobile/gonzosqumegawaysv2.webp","images/EGS__Gonzo__1414.webp"
"1415","10,001 Nights","EGS","1463","Slots","https://cp-images.casinoplus.live/images/cpms/egs/mobile/10001nights00000v2.webp","images/EGS__10_001_Nights__1415.webp"
"1416","Mystery Reels Power Reels","EGS","1464","Slots","https://cp-images.casinoplus.live/images/cpms/egs/mobile/mysteryreelspowev2.webp","images/EGS__Mystery_Reels_Power_Reels__1416.webp"
"1417","Well Of Wishes","EGS","1465","Slots","https://cp-images.casinoplus.live/images/cpms/egs/mobile/wellofwishes0000v2.webp","images/EGS__Well_Of_Wishes__1417.webp"
"1418","Bounty Raid","EGS","1466","Slots","https://cp-images.casinoplus.live/images/cpms/egs/mobile/bountyraid000000v2.webp","images/EGS__Bounty_Raid__1418.webp"
"1419","Vault Of Anubis","EGS","1467","Slots","https://cp-images.casinoplus.live/images/cpms/egs/mobile/vaultofanubis000v2.webp","images/EGS__Vault_Of_Anubis__1419.webp"
"1420","Da Vinci","EGS","1468","Slots","https://cp-images.casinoplus.live/images/cpms/egs/mobile/davincismystery0v2.webp","images/EGS__Da_Vinci__1420.webp"
"1421","Jingle Bells Power Reels","EGS","1469","Slots","https://cp-images.casinoplus.live/images/cpms/egs/mobile/jinglebellspowerv2.webp","images/EGS__Jingle_Bells_Power_Reels__1421.webp"
"1422","The Wild Hatter","EGS","1470","Slots","https://cp-images.casinoplus.live/images/cpms/egs/mobile/thewildhatter000v2.webp","images/EGS__The_Wild_Hatter__1422.webp"
"1423","Legendary Excalibur","EGS","1471","Slots","https://cp-images.casinoplus.live/images/cpms/egs/mobile/legendaryexcalibv2.webp","images/EGS__Legendary_Excalibur__1423.webp"
"1424","Lucky Fridays","EGS","1472","Slots","https://cp-images.casinoplus.live/images/cpms/egs/mobile/luckyfridays0000v2.webp","images/EGS__Lucky_Fridays__1424.webp"
"1425","Jewel Scarabs","EGS","1473","Slots","https://cp-images.casinoplus.live/images/cpms/egs/mobile/jewelscarabs0000v2.webp","images/EGS__Jewel_Scarabs__1425.webp"
"1426","777 Strike","EGS","1474","Slots","https://cp-images.casinoplus.live/images/cpms/egs/mobile/777strike0000000v2.webp","images/EGS__777_Strike__1426.webp"
"1427","Rainbow Jackpots Power Lines","EGS","1475","Slots","https://cp-images.casinoplus.live/images/cpms/egs/mobile/rainbowjackpotspv2.webp","images/EGS__Rainbow_Jackpots_Power_Lines__1427.webp"
"1428","Hoard Of Poseidon","EGS","1476","Slots","https://cp-images.casinoplus.live/images/cpms/egs/mobile/hoardofposeidon0v2.webp","images/EGS__Hoard_Of_Poseidon__1428.webp"
"1429","Cash Volt","EGS","1477","Slots","https://cp-images.casinoplus.live/images/cpms/egs/mobile/cashvolt00000000v2.webp","images/EGS__Cash_Volt__1429.webp"
"1430","Piggy Riches Megaways","EGS","1478","Slots","https://cp-images.casinoplus.live/images/cpms/egs/mobile/piggyrichesmegawv2.webp","images/EGS__Piggy_Riches_Megaways__1430.webp"
"1431","Aztec Spins","EGS","1479","Slots","https://cp-images.casinoplus.live/images/cpms/egs/mobile/aztecspins000000v2.webp","images/EGS__Aztec_Spins__1431.webp"
"1432","Bombuster","EGS","1480","Slots","https://cp-images.casinoplus.live/images/cpms/egs/slotsmobile/bombusterbombuster0000000_v1.webp","images/EGS__Bombuster__1432.webp"
"1433","Golden Leprechaun Megaways","EGS","1482","Slots","https://cp-images.casinoplus.live/images/cpms/egs/mobile/goldenleprechaunv2.webp","images/EGS__Golden_Leprechaun_Megaways__1433.webp"
"1434","Gems Gone Wild Power Reels","EGS","1483","Slots","https://cp-images.casinoplus.live/images/cpms/egs/mobile/gemsgonewildpowev2.webp","images/EGS__Gems_Gone_Wild_Power_Reels__1434.webp"
"1435","Sylvan Spirits","EGS","1485","Slots","https://cp-images.casinoplus.live/images/cpms/egs/mobile/sylvanspirits000v2.webp","images/EGS__Sylvan_Spirits__1435.webp"
"1436","Golden Cryptex","EGS","1486","Slots","https://cp-images.casinoplus.live/images/cpms/egs/mobile/goldencryptex000v2.webp","images/EGS__Golden_Cryptex__1436.webp"
"1437","Thor","EGS","1487","Slots","https://cp-images.casinoplus.live/images/cpms/egs/mobile/thorsvengeance00v2.webp","images/EGS__Thor__1437.webp"
"1438","Crystal Mirror","EGS","1488","Slots","https://cp-images.casinoplus.live/images/cpms/egs/mobile/crystalmirror000v2.webp","images/EGS__Crystal_Mirror__1438.webp"
"1439","Ancients Blessing DNT","EGS","1489","Slots","https://cp-images.casinoplus.live/images/cpms/egs/mobile/ancientsblessingv2.webp","images/EGS__Ancients_Blessing_DNT__1439.webp"
"1440","Legend Of Athena","EGS","1490","Slots","https://cp-images.casinoplus.live/images/cpms/egs/mobile/legendofathena00v2.webp","images/EGS__Legend_Of_Athena__1440.webp"
"1441","Regal Streak","EGS","1491","Slots","https://cp-images.casinoplus.live/images/cpms/egs/mobile/regalstreak00000v2.webp","images/EGS__Regal_Streak__1441.webp"
"1442","Clash Of The Beasts","EGS","1493","Slots","https://cp-images.casinoplus.live/images/cpms/egs/mobile/clashofthebeastsv2.webp","images/EGS__Clash_Of_The_Beasts__1442.webp"
"1443","Wings Of Ra","EGS","1494","Slots","https://cp-images.casinoplus.live/images/cpms/egs/mobile/wingsofra0000000v2.webp","images/EGS__Wings_Of_Ra__1443.webp"
"1444","Mines2","JDB","1495","Slots","https://cp-images.casinoplus.live/images/cpms/jdb/mobile/9_9021.webp","images/JDB__Mines2__1444.webp"
"1445","Olympig","JDB","1496","Slots","https://cp-images.casinoplus.live/images/cpms/jdb/mobile/0_6001.webp","images/JDB__Olympig__1445.webp"
"1446","Ragnarok : Thor VS Loki","JDB","1497","Slots","https://cp-images.casinoplus.live/images/cpms/jdb/mobile/0_14101.webp","images/JDB__Ragnarok_Thor_VS_Loki__1446.webp"
"1447","Fortune Jewel","JDB","1498","Slots","https://cp-images.casinoplus.live/images/cpms/jdb/mobile/0_14095.webp","images/JDB__Fortune_Jewel__1447.webp"
"1448","Pop Pop Candy 1000","JDB","1499","Slots","https://cp-images.casinoplus.live/images/cpms/jdb/mobile/0_14099.webp","images/JDB__Pop_Pop_Candy_1000__1448.webp"
"1449","Pusoy","JDB","1501","Slots|Poker","https://cp-images.casinoplus.live/images/cpms/jdb/mobile/18_18024.webp","images/JDB__Pusoy__1449.webp"
"1450","Pusoy Rush","JDB","1503","Slots|Poker","https://cp-images.casinoplus.live/images/cpms/jdb/mobile/18_18027.webp","images/JDB__Pusoy_Rush__1450.webp"
"1451","Tongits Fight","JDB","1504","Slots|Poker","https://cp-images.casinoplus.live/images/cpms/jdb/mobile/18_18028.webp","images/JDB__Tongits_Fight__1451.webp"
"1452","Tongits Rush","JDB","1505","Slots|Poker","https://cp-images.casinoplus.live/images/cpms/jdb/mobile/18_18029.webp","images/JDB__Tongits_Rush__1452.webp"
"1453","Dragon of Demons","JDB","1506","Slots|Fishing","https://cp-images.casinoplus.live/images/cpms/jdb/mobile/7_7010.webp","images/JDB__Dragon_of_Demons__1453.webp"
"1454","Zombie School Megaways","PP","1507","Slots","https://cp-images.casinoplus.live/images/cpms/pp/mobile/vswayspompmr2.webp","images/PP__Zombie_School_Megaways__1454.webp"
"1455","SportBet Lobby","","1508","Sports","https://cp-images.casinoplus.live/images/cpms/ALL_GAME/BTI/lobby.webp","images/unknown__SportBet_Lobby__1455.webp"
"1456","Basketball","","1509","Sports","https://cp-images.casinoplus.live/images/cpms/ALL_GAME/BTI/2.webp","images/unknown__Basketball__1456.webp"
"1457","Soccer","","1510","Sports","https://cp-images.casinoplus.live/images/cpms/26-06/3095_1_h5_260604162445.webp","images/unknown__Soccer__1457.webp"
"1458","Volleyball","","1511","Sports","https://cp-images.casinoplus.live/images/cpms/ALL_GAME/BTI/19.webp","images/unknown__Volleyball__1458.webp"
"1459","Tennis","","1512","Sports","https://cp-images.casinoplus.live/images/cpms/ALL_GAME/BTI/6.webp","images/unknown__Tennis__1459.webp"
"1460","Baseball","","1513","Sports","https://cp-images.casinoplus.live/images/cpms/ALL_GAME/BTI/7.webp","images/unknown__Baseball__1460.webp"
"1461","Football","","1514","Sports","https://cp-images.casinoplus.live/images/cpms/ALL_GAME/BTI/3.webp","images/unknown__Football__1461.webp"
"1462","Boxing","","1515","Sports","https://cp-images.casinoplus.live/images/cpms/ALL_GAME/BTI/20.webp","images/unknown__Boxing__1462.webp"
"1463","Table Tennis","","1516","Sports","https://cp-images.casinoplus.live/images/cpms/ALL_GAME/BTI/26.webp","images/unknown__Table_Tennis__1463.webp"
"1464","3 Coin Treasures","JILI","1517","Slots","https://cp-images.casinoplus.live/images/cpms/jili/mobile/399.webp","images/JILI__3_Coin_Treasures__1464.webp"
"1465","Poseidon","JILI","1519","Slots","https://cp-images.casinoplus.live/images/cpms/jili/mobile/375.webp","images/JILI__Poseidon__1465.webp"
"1466","Fortune Zombie","JILI","1520","Slots","https://cp-images.casinoplus.live/images/cpms/jili/mobile/531.webp","images/JILI__Fortune_Zombie__1466.webp"
"1467","Necromancer•Sha","","1521","Slots","https://cp-images.casinoplus.live/images/cpms/ALL_GAME/3081/PSS-ON-00163.webp","images/unknown__Necromancer_Sha__1467.webp"
"1468","Cube?","","1522","Slots","https://cp-images.casinoplus.live/images/cpms/ALL_GAME/3081/PSS-ON-00161.webp","images/unknown__Cube__1468.webp"
"1469","5 Lions Reborn","PP","1523","Slots","https://cp-images.casinoplus.live/images/cpms/pp/mobile/vsways5lionsr.webp","images/PP__5_Lions_Reborn__1469.webp"
"1470","Bandit Megaways","PP","1524","Slots","https://cp-images.casinoplus.live/images/cpms/pp/mobile/vswaysbandit.webp","images/PP__Bandit_Megaways__1470.webp"
"1471","Big Bass Bonanza 1000","PP","1525","Slots","https://cp-images.casinoplus.live/images/cpms/pp/mobile/vs10bbbnz1000.webp","images/PP__Big_Bass_Bonanza_1000__1471.webp"
"1472","Big Bass Boxing Bonus Round","PP","1526","Slots","https://cp-images.casinoplus.live/images/cpms/pp/mobile/vs10bbbbrnd.webp","images/PP__Big_Bass_Boxing_Bonus_Round__1472.webp"
"1473","Cash Surge","PP","1527","Slots","https://cp-images.casinoplus.live/images/cpms/pp/mobile/vswayscashsurg.webp","images/PP__Cash_Surge__1473.webp"
"1474","Escape The Pyramid - Fire &amp; Ice","PP","1528","Slots","https://cp-images.casinoplus.live/images/cpms/pp/mobile/vs10fireice.webp","images/PP__Escape_The_Pyramid_-_Fire_amp_Ice__1474.webp"
"1475","Eye Of Spartacus","PP","1529","Slots","https://cp-images.casinoplus.live/images/cpms/pp/mobile/vs15eyeofspart.webp","images/PP__Eye_Of_Spartacus__1475.webp"
"1476","Finger Lick","PP","1530","Slots","https://cp-images.casinoplus.live/images/cpms/pp/mobile/vs10fingerlfs.webp","images/PP__Finger_Lick__1476.webp"
"1477","Gem Fire Fortune","PP","1531","Slots","https://cp-images.casinoplus.live/images/cpms/pp/mobile/vs20gemfirefor.webp","images/PP__Gem_Fire_Fortune__1477.webp"
"1478","Gold Party 2 - After Hours","PP","1532","Slots","https://cp-images.casinoplus.live/images/cpms/pp/mobile/vs25goldpartya.webp","images/PP__Gold_Party_2_-_After_Hours__1478.webp"
"1479","Joker","PP","1533","Slots","https://cp-images.casinoplus.live/images/cpms/pp/mobile/vs5jokerjc.webp","images/PP__Joker__1479.webp"
"1480","Jumbo Safari","PP","1534","Slots","https://cp-images.casinoplus.live/images/cpms/pp/mobile/vs20jjjack.webp","images/PP__Jumbo_Safari__1480.webp"
"1481","Majestic Express-Gold Run","PP","1535","Slots","https://cp-images.casinoplus.live/images/cpms/pp/mobile/vs25goldrexp.webp","images/PP__Majestic_Express-Gold_Run__1481.webp"
"1482","Mummy","PP","1536","Slots","https://cp-images.casinoplus.live/images/cpms/pp/mobile/vswaysmjwl.webp","images/PP__Mummy__1482.webp"
"1483","Resurrecting Riches","PP","1537","Slots","https://cp-images.casinoplus.live/images/cpms/pp/mobile/vswaysresurich.webp","images/PP__Resurrecting_Riches__1483.webp"
"1484","Ride The Lightning","PP","1538","Slots","https://cp-images.casinoplus.live/images/cpms/pp/mobile/vs9ridelightng.webp","images/PP__Ride_The_Lightning__1484.webp"
"1485","Temple Guardians","PP","1539","Slots","https://cp-images.casinoplus.live/images/cpms/pp/mobile/vs10diamondrgh.webp","images/PP__Temple_Guardians__1485.webp"
"1486","Waves Of Poseidon","PP","1540","Slots","https://cp-images.casinoplus.live/images/cpms/pp/mobile/vs20bigmass.webp","images/PP__Waves_Of_Poseidon__1486.webp"
"1487","Wild West Gold Blazing Bounty","PP","1541","Slots","https://cp-images.casinoplus.live/images/cpms/pp/mobile/vs20wwgcluster.webp","images/PP__Wild_West_Gold_Blazing_Bounty__1487.webp"
"1488","Witch Heart Megaways","PP","1542","Slots","https://cp-images.casinoplus.live/images/cpms/pp/mobile/vswayswildbrst.webp","images/PP__Witch_Heart_Megaways__1488.webp"
"1489","Fiesta Fortune","PP","1543","Slots","https://cp-images.casinoplus.live/images/cpms/pp/mobile/vs10gbseries.webp","images/PP__Fiesta_Fortune__1489.webp"
"1490","Gates Of Hades","PP","1544","Slots","https://cp-images.casinoplus.live/images/cpms/pp/mobile/vs20gtsofhades.webp","images/PP__Gates_Of_Hades__1490.webp"
"1491","Gates Of Olympus Xmas 1000","PP","1545","Slots","https://cp-images.casinoplus.live/images/cpms/pp/mobile/vs20olympxmas.webp","images/PP__Gates_Of_Olympus_Xmas_1000__1491.webp"
"1492","Jackpot Blaze","PP","1546","Slots","https://cp-images.casinoplus.live/images/cpms/pp/mobile/vs10jpblaze.webp","images/PP__Jackpot_Blaze__1492.webp"
"1493","Mahjong Wins Super Scatter","","1547","High Cash Rebate|Slots","https://cp-images.casinoplus.live/images/cpms/26-07/3031_vswaysmwss_h5_260701201142.webp","images/unknown__Mahjong_Wins_Super_Scatter__1493.webp"
"1494","Sleeping Dragon","PP","1548","Slots","https://cp-images.casinoplus.live/images/cpms/pp/mobile/vs25sleepdrag.webp","images/PP__Sleeping_Dragon__1494.webp"
"1495","Sweet Bonanza Super Scatter","PP","1549","Slots","https://cp-images.casinoplus.live/images/cpms/pp/mobile/vs20swbonsup.webp","images/PP__Sweet_Bonanza_Super_Scatter__1495.webp"
"1496","Wisdom Of Athena 1000","PP","1550","Slots","https://cp-images.casinoplus.live/images/cpms/pp/mobile/vs20procountx.webp","images/PP__Wisdom_Of_Athena_1000__1496.webp"
"1497","Horde 2 Winter","","1551","Slots","https://cp-images.casinoplus.live/images/cpms/ALL_GAME/3081/PSS-ON-00159.webp","images/unknown__Horde_2_Winter__1497.webp"
"1498","5 God beasts","CQ9","1552","Slots","https://cp-images.casinoplus.live/images/cpms/cq9/mobile/117.webp","images/CQ9__5_God_beasts__1498.webp"
"1499","Money Tree","CQ9","1554","Slots","https://cp-images.casinoplus.live/images/cpms/cq9/mobile/208.webp","images/CQ9__Money_Tree__1499.webp"
"1500","Hot Spin","CQ9","1555","Slots","https://cp-images.casinoplus.live/images/cpms/cq9/mobile/19.webp","images/CQ9__Hot_Spin__1500.webp"
"1501","Mr. Miser","CQ9","1556","Slots","https://cp-images.casinoplus.live/images/cpms/cq9/mobile/225.webp","images/CQ9__Mr._Miser__1501.webp"
"1502","Good Fortune M","CQ9","1557","Slots","https://cp-images.casinoplus.live/images/cpms/cq9/mobile/133.webp","images/CQ9__Good_Fortune_M__1502.webp"
"1503","King Kong Shake","CQ9","1558","Slots","https://cp-images.casinoplus.live/images/cpms/cq9/mobile/219.webp","images/CQ9__King_Kong_Shake__1503.webp"
"1504","Wheel Money","CQ9","1559","Slots","https://cp-images.casinoplus.live/images/cpms/cq9/mobile/128.webp","images/CQ9__Wheel_Money__1504.webp"
"1505","Fa Cai Shen2","CQ9","1560","Slots","https://cp-images.casinoplus.live/images/cpms/cq9/mobile/160.webp","images/CQ9__Fa_Cai_Shen2__1505.webp"
"1506","Black Wukong","CQ9","1561","Slots","https://cp-images.casinoplus.live/images/cpms/cq9/mobile/158.webp","images/CQ9__Black_Wukong__1506.webp"
"1507","Ninja Raccoon","CQ9","1562","Slots","https://cp-images.casinoplus.live/images/cpms/cq9/mobile/214.webp","images/CQ9__Ninja_Raccoon__1507.webp"
"1508","Golden Eggs","CQ9","1565","Slots","https://cp-images.casinoplus.live/images/cpms/cq9/mobile/67.webp","images/CQ9__Golden_Eggs__1508.webp"
"1509","Fire Chibi 2","CQ9","1567","Slots","https://cp-images.casinoplus.live/images/cpms/cq9/mobile/140.webp","images/CQ9__Fire_Chibi_2__1509.webp"
"1510","Flower Fortunes","CQ9","1568","Slots","https://cp-images.casinoplus.live/images/cpms/cq9/mobile/147.webp","images/CQ9__Flower_Fortunes__1510.webp"
"1511","Floating Market","CQ9","1570","Slots","https://cp-images.casinoplus.live/images/cpms/cq9/mobile/220.webp","images/CQ9__Floating_Market__1511.webp"
"1512","Sung Wukong","CQ9","1571","Slots","https://cp-images.casinoplus.live/images/cpms/cq9/mobile/253.webp","images/CQ9__Sung_Wukong__1512.webp"
"1513","888 Cai Shen","CQ9","1572","Slots","https://cp-images.casinoplus.live/images/cpms/cq9/mobile/227.webp","images/CQ9__888_Cai_Shen__1513.webp"
"1514","5 Boxing","CQ9","1574","Slots","https://cp-images.casinoplus.live/images/cpms/cq9/mobile/157.webp","images/CQ9__5_Boxing__1514.webp"
"1515","6 Toros","CQ9","1575","Slots","https://cp-images.casinoplus.live/images/cpms/cq9/mobile/173.webp","images/CQ9__6_Toros__1515.webp"
"1516","888","CQ9","1576","Slots","https://cp-images.casinoplus.live/images/cpms/cq9/mobile/20.webp","images/CQ9__888__1516.webp"
"1517","Acrobatics","CQ9","1577","Slots","https://cp-images.casinoplus.live/images/cpms/cq9/mobile/223.webp","images/CQ9__Acrobatics__1517.webp"
"1518","All Star Team","CQ9","1578","Slots","https://cp-images.casinoplus.live/images/cpms/cq9/mobile/98.webp","images/CQ9__All_Star_Team__1518.webp"
"1519","All Wilds","CQ9","1579","Slots","https://cp-images.casinoplus.live/images/cpms/cq9/mobile/38.webp","images/CQ9__All_Wilds__1519.webp"
"1520","Apsaras","CQ9","1580","Slots","https://cp-images.casinoplus.live/images/cpms/cq9/mobile/39.webp","images/CQ9__Apsaras__1520.webp"
"1521","Baseball Fever","CQ9","1581","Slots","https://cp-images.casinoplus.live/images/cpms/cq9/mobile/230.webp","images/CQ9__Baseball_Fever__1521.webp"
"1522","Big Wolf","CQ9","1582","Slots","https://cp-images.casinoplus.live/images/cpms/cq9/mobile/21.webp","images/CQ9__Big_Wolf__1522.webp"
"1523","Burning Xi-You","CQ9","1583","Slots","https://cp-images.casinoplus.live/images/cpms/cq9/mobile/212.webp","images/CQ9__Burning_Xi-You__1523.webp"
"1524","Chameleon","CQ9","1584","Slots","https://cp-images.casinoplus.live/images/cpms/cq9/mobile/79.webp","images/CQ9__Chameleon__1524.webp"
"1525","Chicky Parm Parm","CQ9","1585","Slots","https://cp-images.casinoplus.live/images/cpms/cq9/mobile/104.webp","images/CQ9__Chicky_Parm_Parm__1525.webp"
"1526","Crazy NuoZha","CQ9","1586","Slots","https://cp-images.casinoplus.live/images/cpms/cq9/mobile/35.webp","images/CQ9__Crazy_NuoZha__1526.webp"
"1527","Cricket Fever","CQ9","1587","Slots","https://cp-images.casinoplus.live/images/cpms/cq9/mobile/188.webp","images/CQ9__Cricket_Fever__1527.webp"
"1528","Da Hong Zhong","CQ9","1588","Slots","https://cp-images.casinoplus.live/images/cpms/cq9/mobile/5008.webp","images/CQ9__Da_Hong_Zhong__1528.webp"
"1529","Detective Dee","CQ9","1589","Slots","https://cp-images.casinoplus.live/images/cpms/cq9/mobile/32.webp","images/CQ9__Detective_Dee__1529.webp"
"1530","Detective Dee2","CQ9","1590","Slots","https://cp-images.casinoplus.live/images/cpms/cq9/mobile/221.webp","images/CQ9__Detective_Dee2__1530.webp"
"1531","Diamond treasure","CQ9","1591","Slots","https://cp-images.casinoplus.live/images/cpms/cq9/mobile/144.webp","images/CQ9__Diamond_treasure__1531.webp"
"1532","DiscoNight","CQ9","1592","Slots","https://cp-images.casinoplus.live/images/cpms/cq9/mobile/205.webp","images/CQ9__DiscoNight__1532.webp"
"1533","DiscoNight M","CQ9","1593","Slots","https://cp-images.casinoplus.live/images/cpms/cq9/mobile/137.webp","images/CQ9__DiscoNight_M__1533.webp"
"1534","Dollar Bomb","CQ9","1594","Slots","https://cp-images.casinoplus.live/images/cpms/cq9/mobile/218.webp","images/CQ9__Dollar_Bomb__1534.webp"
"1535","Double Fly","CQ9","1595","Slots","https://cp-images.casinoplus.live/images/cpms/cq9/mobile/152.webp","images/CQ9__Double_Fly__1535.webp"
"1536","Dragon Ball","CQ9","1596","Slots","https://cp-images.casinoplus.live/images/cpms/cq9/mobile/185.webp","images/CQ9__Dragon_Ball__1536.webp"
"1537","Dragon Heart","CQ9","1597","Slots","https://cp-images.casinoplus.live/images/cpms/cq9/mobile/55.webp","images/CQ9__Dragon_Heart__1537.webp"
"1538","Ecstatic Circus","CQ9","1599","Slots","https://cp-images.casinoplus.live/images/cpms/cq9/mobile/51.webp","images/CQ9__Ecstatic_Circus__1538.webp"
"1539","Fa Cai Fu Wa","CQ9","1600","Slots","https://cp-images.casinoplus.live/images/cpms/cq9/mobile/143.webp","images/CQ9__Fa_Cai_Fu_Wa__1539.webp"
"1540","Fa Cai Shen M","CQ9","1601","Slots","https://cp-images.casinoplus.live/images/cpms/cq9/mobile/131.webp","images/CQ9__Fa_Cai_Shen_M__1540.webp"
"1541","FaCaiShen","CQ9","1602","Slots","https://cp-images.casinoplus.live/images/cpms/cq9/mobile/69.webp","images/CQ9__FaCaiShen__1541.webp"
"1542","Fire 777","CQ9","1603","Slots","https://cp-images.casinoplus.live/images/cpms/cq9/mobile/66.webp","images/CQ9__Fire_777__1542.webp"
"1543","Fire Chibi","CQ9","1604","Slots","https://cp-images.casinoplus.live/images/cpms/cq9/mobile/33.webp","images/CQ9__Fire_Chibi__1543.webp"
"1544","Fire Chibi M","CQ9","1605","Slots","https://cp-images.casinoplus.live/images/cpms/cq9/mobile/139.webp","images/CQ9__Fire_Chibi_M__1544.webp"
"1545","Fire Queen","CQ9","1606","Slots","https://cp-images.casinoplus.live/images/cpms/cq9/mobile/83.webp","images/CQ9__Fire_Queen__1545.webp"
"1546","Fire Queen 2","CQ9","1607","Slots","https://cp-images.casinoplus.live/images/cpms/cq9/mobile/186.webp","images/CQ9__Fire_Queen_2__1546.webp"
"1547","Flying Cai Shen","CQ9","1608","Slots","https://cp-images.casinoplus.live/images/cpms/cq9/mobile/113.webp","images/CQ9__Flying_Cai_Shen__1547.webp"
"1548","FlyOut","CQ9","1609","Slots","https://cp-images.casinoplus.live/images/cpms/cq9/mobile/111.webp","images/CQ9__FlyOut__1548.webp"
"1549","Football Baby","CQ9","1610","Slots","https://cp-images.casinoplus.live/images/cpms/cq9/mobile/96.webp","images/CQ9__Football_Baby__1549.webp"
"1550","Football Boots","CQ9","1611","Slots","https://cp-images.casinoplus.live/images/cpms/cq9/mobile/95.webp","images/CQ9__Football_Boots__1550.webp"
"1551","Fortune Dragon","CQ9","1612","Slots","https://cp-images.casinoplus.live/images/cpms/cq9/mobile/194.webp","images/CQ9__Fortune_Dragon__1551.webp"
"1552","Fortune Totem","CQ9","1613","Slots","https://cp-images.casinoplus.live/images/cpms/cq9/mobile/148.webp","images/CQ9__Fortune_Totem__1552.webp"
"1553","Fruit King","CQ9","1614","Slots","https://cp-images.casinoplus.live/images/cpms/cq9/mobile/1.webp","images/CQ9__Fruit_King__1553.webp"
"1554","Fruit King II","CQ9","1615","Slots","https://cp-images.casinoplus.live/images/cpms/cq9/mobile/44.webp","images/CQ9__Fruit_King_II__1554.webp"
"1555","Fruity Carnival","CQ9","1616","Slots","https://cp-images.casinoplus.live/images/cpms/cq9/mobile/102.webp","images/CQ9__Fruity_Carnival__1555.webp"
"1556","Funny Alpaca","CQ9","1617","Slots","https://cp-images.casinoplus.live/images/cpms/cq9/mobile/54.webp","images/CQ9__Funny_Alpaca__1556.webp"
"1557","Go Fishing","CQ9","1618","Slots","https://cp-images.casinoplus.live/images/cpms/cq9/mobile/246.webp","images/CQ9__Go_Fishing__1557.webp"
"1558","God Of Chess","CQ9","1619","Slots","https://cp-images.casinoplus.live/images/cpms/cq9/mobile/2.webp","images/CQ9__God_Of_Chess__1558.webp"
"1559","God of War","CQ9","1620","Slots","https://cp-images.casinoplus.live/images/cpms/cq9/mobile/31.webp","images/CQ9__God_of_War__1559.webp"
"1560","God of War M","CQ9","1621","Slots","https://cp-images.casinoplus.live/images/cpms/cq9/mobile/127.webp","images/CQ9__God_of_War_M__1560.webp"
"1561","Gold Stealer","CQ9","1622","Slots","https://cp-images.casinoplus.live/images/cpms/cq9/mobile/130.webp","images/CQ9__Gold_Stealer__1561.webp"
"1562","Gophers War","CQ9","1623","Slots","https://cp-images.casinoplus.live/images/cpms/cq9/mobile/34.webp","images/CQ9__Gophers_War__1562.webp"
"1563","Great Lion","CQ9","1624","Slots","https://cp-images.casinoplus.live/images/cpms/cq9/mobile/17.webp","images/CQ9__Great_Lion__1563.webp"
"1564","Gu Gu Gu 2 M","CQ9","1625","Slots","https://cp-images.casinoplus.live/images/cpms/cq9/mobile/129.webp","images/CQ9__Gu_Gu_Gu_2_M__1564.webp"
"1565","Gu Gu Gu 3","CQ9","1626","Slots","https://cp-images.casinoplus.live/images/cpms/cq9/mobile/180.webp","images/CQ9__Gu_Gu_Gu_3__1565.webp"
"1566","Gu Gu Gu M","CQ9","1627","Slots","https://cp-images.casinoplus.live/images/cpms/cq9/mobile/135.webp","images/CQ9__Gu_Gu_Gu_M__1566.webp"
"1567","GuGuGu","CQ9","1628","Slots","https://cp-images.casinoplus.live/images/cpms/cq9/mobile/15.webp","images/CQ9__GuGuGu__1567.webp"
"1568","GuGuGu 2","CQ9","1629","Slots","https://cp-images.casinoplus.live/images/cpms/cq9/mobile/58.webp","images/CQ9__GuGuGu_2__1568.webp"
"1569","Happy Rich Year","CQ9","1630","Slots","https://cp-images.casinoplus.live/images/cpms/cq9/mobile/72.webp","images/CQ9__Happy_Rich_Year__1569.webp"
"1570","Hephaestus","CQ9","1631","Slots","https://cp-images.casinoplus.live/images/cpms/cq9/mobile/142.webp","images/CQ9__Hephaestus__1570.webp"
"1571","Hercules","CQ9","1632","Slots","https://cp-images.casinoplus.live/images/cpms/cq9/mobile/161.webp","images/CQ9__Hercules__1571.webp"
"1572","Hot Pinatas","CQ9","1633","Slots","https://cp-images.casinoplus.live/images/cpms/cq9/mobile/215.webp","images/CQ9__Hot_Pinatas__1572.webp"
"1573","Invincible Elephant","CQ9","1634","Slots","https://cp-images.casinoplus.live/images/cpms/cq9/mobile/124.webp","images/CQ9__Invincible_Elephant__1573.webp"
"1574","Jewel Luxury","CQ9","1635","Slots","https://cp-images.casinoplus.live/images/cpms/cq9/mobile/103.webp","images/CQ9__Jewel_Luxury__1574.webp"
"1575","Jump High 2","CQ9","1636","Slots","https://cp-images.casinoplus.live/images/cpms/cq9/mobile/179.webp","images/CQ9__Jump_High_2__1575.webp"
"1576","Jump Higher mobile","CQ9","1637","Slots","https://cp-images.casinoplus.live/images/cpms/cq9/mobile/108.webp","images/CQ9__Jump_Higher_mobile__1576.webp"
"1577","JumpHigh","CQ9","1638","Slots","https://cp-images.casinoplus.live/images/cpms/cq9/mobile/52.webp","images/CQ9__JumpHigh__1577.webp"
"1578","JumpHigher","CQ9","1639","Slots","https://cp-images.casinoplus.live/images/cpms/cq9/mobile/99.webp","images/CQ9__JumpHigher__1578.webp"
"1579","Jumping mobile","CQ9","1640","Slots","https://cp-images.casinoplus.live/images/cpms/cq9/mobile/105.webp","images/CQ9__Jumping_mobile__1579.webp"
"1580","King of Atlantis","CQ9","1641","Slots","https://cp-images.casinoplus.live/images/cpms/cq9/mobile/211.webp","images/CQ9__King_of_Atlantis__1580.webp"
"1581","Kronos","CQ9","1642","Slots","https://cp-images.casinoplus.live/images/cpms/cq9/mobile/154.webp","images/CQ9__Kronos__1581.webp"
"1582","Lonely Planet","CQ9","1643","Slots","https://cp-images.casinoplus.live/images/cpms/cq9/mobile/49.webp","images/CQ9__Lonely_Planet__1582.webp"
"1583","Lord Ganesha","CQ9","1644","Slots","https://cp-images.casinoplus.live/images/cpms/cq9/mobile/195.webp","images/CQ9__Lord_Ganesha__1583.webp"
"1584","Loy Krathong","CQ9","1645","Slots","https://cp-images.casinoplus.live/images/cpms/cq9/mobile/222.webp","images/CQ9__Loy_Krathong__1584.webp"
"1585","Lucky Bats","CQ9","1646","Slots","https://cp-images.casinoplus.live/images/cpms/cq9/mobile/10.webp","images/CQ9__Lucky_Bats__1585.webp"
"1586","Lucky Bats M","CQ9","1647","Slots","https://cp-images.casinoplus.live/images/cpms/cq9/mobile/123.webp","images/CQ9__Lucky_Bats_M__1586.webp"
"1587","Lucky Tigers","CQ9","1648","Slots","https://cp-images.casinoplus.live/images/cpms/cq9/mobile/226.webp","images/CQ9__Lucky_Tigers__1587.webp"
"1588","LuckyBoxes","CQ9","1649","Slots","https://cp-images.casinoplus.live/images/cpms/cq9/mobile/204.webp","images/CQ9__LuckyBoxes__1588.webp"
"1589","Mafia","CQ9","1650","Slots","https://cp-images.casinoplus.live/images/cpms/cq9/mobile/243.webp","images/CQ9__Mafia__1589.webp"
"1590","Magic World","CQ9","1651","Slots","https://cp-images.casinoplus.live/images/cpms/cq9/mobile/27.webp","images/CQ9__Magic_World__1590.webp"
"1591","Meow","CQ9","1652","Slots","https://cp-images.casinoplus.live/images/cpms/cq9/mobile/132.webp","images/CQ9__Meow__1591.webp"
"1592","Mirror Mirror","CQ9","1653","Slots","https://cp-images.casinoplus.live/images/cpms/cq9/mobile/228.webp","images/CQ9__Mirror_Mirror__1592.webp"
"1593","MonkeyOfficeLegend","CQ9","1654","Slots","https://cp-images.casinoplus.live/images/cpms/cq9/mobile/22.webp","images/CQ9__MonkeyOfficeLegend__1593.webp"
"1594","Move n","CQ9","1655","Slots","https://cp-images.casinoplus.live/images/cpms/cq9/mobile/138.webp","images/CQ9__Move_n__1594.webp"
"1595","Mr. Rich","CQ9","1656","Slots","https://cp-images.casinoplus.live/images/cpms/cq9/mobile/5.webp","images/CQ9__Mr._Rich__1595.webp"
"1596","MuayThai","CQ9","1657","Slots","https://cp-images.casinoplus.live/images/cpms/cq9/mobile/201.webp","images/CQ9__MuayThai__1596.webp"
"1597","Ne Zha Advent","CQ9","1658","Slots","https://cp-images.casinoplus.live/images/cpms/cq9/mobile/163.webp","images/CQ9__Ne_Zha_Advent__1597.webp"
"1598","Oo Ga Cha Ka","CQ9","1660","Slots","https://cp-images.casinoplus.live/images/cpms/cq9/mobile/210.webp","images/CQ9__Oo_Ga_Cha_Ka__1598.webp"
"1599","OrientalBeauty","CQ9","1661","Slots","https://cp-images.casinoplus.live/images/cpms/cq9/mobile/202.webp","images/CQ9__OrientalBeauty__1599.webp"
"1600","Pharaoh","CQ9","1662","Slots","https://cp-images.casinoplus.live/images/cpms/cq9/mobile/47.webp","images/CQ9__Pharaoh__1600.webp"
"1601","Pub Tycoon","CQ9","1664","Slots","https://cp-images.casinoplus.live/images/cpms/cq9/mobile/36.webp","images/CQ9__Pub_Tycoon__1601.webp"
"1602","Pyramid Raider","CQ9","1665","Slots","https://cp-images.casinoplus.live/images/cpms/cq9/mobile/112.webp","images/CQ9__Pyramid_Raider__1602.webp"
"1603","Rave Jump","CQ9","1666","Slots","https://cp-images.casinoplus.live/images/cpms/cq9/mobile/7.webp","images/CQ9__Rave_Jump__1603.webp"
"1604","Rave Jump 2 M","CQ9","1667","Slots","https://cp-images.casinoplus.live/images/cpms/cq9/mobile/121.webp","images/CQ9__Rave_Jump_2_M__1604.webp"
"1605","Rave Jump Mobile","CQ9","1668","Slots","https://cp-images.casinoplus.live/images/cpms/cq9/mobile/109.webp","images/CQ9__Rave_Jump_Mobile__1605.webp"
"1606","Rave Jump2","CQ9","1669","Slots","https://cp-images.casinoplus.live/images/cpms/cq9/mobile/24.webp","images/CQ9__Rave_Jump2__1606.webp"
"1607","RaveHigh","CQ9","1670","Slots","https://cp-images.casinoplus.live/images/cpms/cq9/mobile/203.webp","images/CQ9__RaveHigh__1607.webp"
"1608","Red Phoenix","CQ9","1671","Slots","https://cp-images.casinoplus.live/images/cpms/cq9/mobile/77.webp","images/CQ9__Red_Phoenix__1608.webp"
"1609","Running Animals","CQ9","1672","Slots","https://cp-images.casinoplus.live/images/cpms/cq9/mobile/136.webp","images/CQ9__Running_Animals__1609.webp"
"1610","RunningToro","CQ9","1673","Slots","https://cp-images.casinoplus.live/images/cpms/cq9/mobile/86.webp","images/CQ9__RunningToro__1610.webp"
"1611","Sakura Legend","CQ9","1674","Slots","https://cp-images.casinoplus.live/images/cpms/cq9/mobile/13.webp","images/CQ9__Sakura_Legend__1611.webp"
"1612","Sherlock Holmes","CQ9","1675","Slots","https://cp-images.casinoplus.live/images/cpms/cq9/mobile/42.webp","images/CQ9__Sherlock_Holmes__1612.webp"
"1613","Shou-Xin","CQ9","1676","Slots","https://cp-images.casinoplus.live/images/cpms/cq9/mobile/150.webp","images/CQ9__Shou-Xin__1613.webp"
"1614","Six Candy","CQ9","1677","Slots","https://cp-images.casinoplus.live/images/cpms/cq9/mobile/153.webp","images/CQ9__Six_Candy__1614.webp"
"1615","Six Gacha","CQ9","1678","Slots","https://cp-images.casinoplus.live/images/cpms/cq9/mobile/184.webp","images/CQ9__Six_Gacha__1615.webp"
"1616","SkrSkr","CQ9","1679","Slots","https://cp-images.casinoplus.live/images/cpms/cq9/mobile/118.webp","images/CQ9__SkrSkr__1616.webp"
"1617","Sky Lanterns","CQ9","1680","Slots","https://cp-images.casinoplus.live/images/cpms/cq9/mobile/146.webp","images/CQ9__Sky_Lanterns__1617.webp"
"1618","Snow Queen","CQ9","1681","Slots","https://cp-images.casinoplus.live/images/cpms/cq9/mobile/115.webp","images/CQ9__Snow_Queen__1618.webp"
"1619","So Sweet","CQ9","1682","Slots","https://cp-images.casinoplus.live/images/cpms/cq9/mobile/8.webp","images/CQ9__So_Sweet__1619.webp"
"1620","Songkran Festival","CQ9","1683","Slots","https://cp-images.casinoplus.live/images/cpms/cq9/mobile/199.webp","images/CQ9__Songkran_Festival__1620.webp"
"1621","Striker WILD","CQ9","1684","Slots","https://cp-images.casinoplus.live/images/cpms/cq9/mobile/231.webp","images/CQ9__Striker_WILD__1621.webp"
"1622","Summer Mood","CQ9","1685","Slots","https://cp-images.casinoplus.live/images/cpms/cq9/mobile/59.webp","images/CQ9__Summer_Mood__1622.webp"
"1623","Super5","CQ9","1686","Slots","https://cp-images.casinoplus.live/images/cpms/cq9/mobile/16.webp","images/CQ9__Super5__1623.webp"
"1624","Sweet POP","CQ9","1687","Slots","https://cp-images.casinoplus.live/images/cpms/cq9/mobile/206.webp","images/CQ9__Sweet_POP__1624.webp"
"1625","The Beast War","CQ9","1688","Slots","https://cp-images.casinoplus.live/images/cpms/cq9/mobile/57.webp","images/CQ9__The_Beast_War__1625.webp"
"1626","The Chicken House","CQ9","1689","Slots","https://cp-images.casinoplus.live/images/cpms/cq9/mobile/241.webp","images/CQ9__The_Chicken_House__1626.webp"
"1627","The Cupids","CQ9","1690","Slots","https://cp-images.casinoplus.live/images/cpms/cq9/mobile/209.webp","images/CQ9__The_Cupids__1627.webp"
"1628","Thor 2","CQ9","1692","Slots","https://cp-images.casinoplus.live/images/cpms/cq9/mobile/182.webp","images/CQ9__Thor_2__1628.webp"
"1629","Treasure House","CQ9","1694","Slots","https://cp-images.casinoplus.live/images/cpms/cq9/mobile/12.webp","images/CQ9__Treasure_House__1629.webp"
"1630","Treasure Island","CQ9","1695","Slots","https://cp-images.casinoplus.live/images/cpms/cq9/mobile/81.webp","images/CQ9__Treasure_Island__1630.webp"
"1631","Treasure Pirate","CQ9","1696","Slots","https://cp-images.casinoplus.live/images/cpms/cq9/mobile/242.webp","images/CQ9__Treasure_Pirate__1631.webp"
"1632","Uproar in Heaven","CQ9","1697","Slots","https://cp-images.casinoplus.live/images/cpms/cq9/mobile/5009.webp","images/CQ9__Uproar_in_Heaven__1632.webp"
"1633","Vampire Kiss","CQ9","1698","Slots","https://cp-images.casinoplus.live/images/cpms/cq9/mobile/3.webp","images/CQ9__Vampire_Kiss__1633.webp"
"1634","WanBaoDino","CQ9","1699","Slots","https://cp-images.casinoplus.live/images/cpms/cq9/mobile/70.webp","images/CQ9__WanBaoDino__1634.webp"
"1635","Water World","CQ9","1700","Slots","https://cp-images.casinoplus.live/images/cpms/cq9/mobile/29.webp","images/CQ9__Water_World__1635.webp"
"1636","Wild Disco Night","CQ9","1701","Slots","https://cp-images.casinoplus.live/images/cpms/cq9/mobile/252.webp","images/CQ9__Wild_Disco_Night__1636.webp"
"1637","Wild Tarzan","CQ9","1702","Slots","https://cp-images.casinoplus.live/images/cpms/cq9/mobile/4.webp","images/CQ9__Wild_Tarzan__1637.webp"
"1638","Wing Chun","CQ9","1703","Slots","https://cp-images.casinoplus.live/images/cpms/cq9/mobile/187.webp","images/CQ9__Wing_Chun__1638.webp"
"1639","Wolf Disco","CQ9","1704","Slots","https://cp-images.casinoplus.live/images/cpms/cq9/mobile/183.webp","images/CQ9__Wolf_Disco__1639.webp"
"1640","Wolf Moon","CQ9","1705","Slots","https://cp-images.casinoplus.live/images/cpms/cq9/mobile/46.webp","images/CQ9__Wolf_Moon__1640.webp"
"1641","Wonderland","CQ9","1706","Slots","https://cp-images.casinoplus.live/images/cpms/cq9/mobile/116.webp","images/CQ9__Wonderland__1641.webp"
"1642","WonWonWon","CQ9","1707","Slots","https://cp-images.casinoplus.live/images/cpms/cq9/mobile/76.webp","images/CQ9__WonWonWon__1642.webp"
"1643","World Cup Russia2018","CQ9","1708","Slots","https://cp-images.casinoplus.live/images/cpms/cq9/mobile/92.webp","images/CQ9__World_Cup_Russia2018__1643.webp"
"1644","WuKong&amp;Peaches","CQ9","1709","Slots","https://cp-images.casinoplus.live/images/cpms/cq9/mobile/68.webp","images/CQ9__WuKong_amp_Peaches__1644.webp"
"1645","Xmas","CQ9","1710","Slots","https://cp-images.casinoplus.live/images/cpms/cq9/mobile/141.webp","images/CQ9__Xmas__1645.webp"
"1646","Yuan Bao","CQ9","1711","Slots","https://cp-images.casinoplus.live/images/cpms/cq9/mobile/23.webp","images/CQ9__Yuan_Bao__1646.webp"
"1647","Zeus M","CQ9","1712","Slots","https://cp-images.casinoplus.live/images/cpms/cq9/mobile/125.webp","images/CQ9__Zeus_M__1647.webp"
"1648","Zhong Kui","CQ9","1713","Slots","https://cp-images.casinoplus.live/images/cpms/cq9/mobile/9.webp","images/CQ9__Zhong_Kui__1648.webp"
"1649","Zuma Wild","CQ9","1714","Slots","https://cp-images.casinoplus.live/images/cpms/cq9/mobile/122.webp","images/CQ9__Zuma_Wild__1649.webp"
"1650","Emperor Sic Bo","EGS","1715","Live","https://cp-images.casinoplus.live/images/cpms/egs/mobile/EmperorSB0000001.webp","images/EGS__Emperor_Sic_Bo__1650.webp"
"1651","Lotus Roulette","EGS","1716","Live","https://cp-images.casinoplus.live/images/cpms/egs/mobile/pv2zgy42anvdwk3l.webp","images/EGS__Lotus_Roulette__1651.webp"
"1652","Lotus Sic Bo","EGS","1717","Live","https://cp-images.casinoplus.live/images/cpms/egs/mobile/LotusSicBo000001.webp","images/EGS__Lotus_Sic_Bo__1652.webp"
"1653","Thai Speed Baccarat A","EGS","1718","EVOCASHREBATE|Live","https://cp-images.casinoplus.live/images/cpms/egs/mobile/evo16.webp","images/EGS__Thai_Speed_Baccarat_A__1653.webp"
"1654","Perya Speed Baccarat 1","EGS","1719","EVOCASHREBATE|Live","https://cp-images.casinoplus.live/images/cpms/egs/mobile/evo13.webp","images/EGS__Perya_Speed_Baccarat_1__1654.webp"
"1655","Perya Lightning Roulette","EGS","1720","Live","https://cp-images.casinoplus.live/images/cpms/egs/mobile/PeryaLightnRo001.webp","images/EGS__Perya_Lightning_Roulette__1655.webp"
"1656","Super Speed Dragon Tiger","EGS","1721","Live","https://cp-images.casinoplus.live/images/cpms/egs/mobile/SuperSpeedDT0001.webp","images/EGS__Super_Speed_Dragon_Tiger__1656.webp"
"1657","Salon Privé Auto-Roulette A","EGS","1722","Live","https://cp-images.casinoplus.live/images/cpms/egs/mobile/SalPrivAutoRo001.webp","images/EGS__Salon_Priv_Auto-Roulette_A__1657.webp"
"1658","Super Speed Baccarat","EGS","1723","EVOCASHREBATE|Live","https://cp-images.casinoplus.live/images/cpms/egs/mobile/evo7.webp","images/EGS__Super_Speed_Baccarat__1658.webp"
"1659","Lucky Doggy","JILI","1724","Slots","https://cp-images.casinoplus.live/images/cpms/jili/mobile/374.webp","images/JILI__Lucky_Doggy__1659.webp"
"1660","3 Lucky Piggy","JILI","1725","Slots","https://cp-images.casinoplus.live/images/cpms/jili/mobile/400.webp","images/JILI__3_Lucky_Piggy__1660.webp"
"1661","3 Pot Dragons","JILI","1726","Slots","https://cp-images.casinoplus.live/images/cpms/jili/mobile/372.webp","images/JILI__3_Pot_Dragons__1661.webp"
"1662","Circus Joker 4096","JILI","1727","Slots","https://cp-images.casinoplus.live/images/cpms/jili/mobile/518.webp","images/JILI__Circus_Joker_4096__1662.webp"
"1663","Coin tree","JILI","1728","Slots","https://cp-images.casinoplus.live/images/cpms/jili/mobile/392.webp","images/JILI__Coin_tree__1663.webp"
"1664","Dabanggg","JILI","1729","Slots","https://cp-images.casinoplus.live/images/cpms/jili/mobile/239.webp","images/JILI__Dabanggg__1664.webp"
"1665","Fortune Trio","5G","1730","Slots","https://cp-images.casinoplus.live/images/cpms/5g/h5/S5G-H5-99956.webp","images/5G__Fortune_Trio__1665.webp"
"1666","Wild Bounty","5G","1731","Slots","https://cp-images.casinoplus.live/images/cpms/5g/h5/S5G-H5-99947.webp","images/5G__Wild_Bounty__1666.webp"
"1667","Tiger Super 6 Baccarat","","1732","EVOCASHREBATE|Live","https://cp-images.casinoplus.live/images/cpms/26-05/4186_ELV02_h5_260521172357.webp","images/unknown__Tiger_Super_6_Baccarat__1667.webp"
"1668","Lucky7 &amp; Ruby8 Baccarat","","1733","EVOCASHREBATE|Live","https://cp-images.casinoplus.live/images/cpms/26-05/4186_E005_260521172126.webp","images/unknown__Lucky7_amp_Ruby8_Baccarat__1668.webp"
"1669","Maria Makiling","","1734","High Cash Rebate|Slots","https://cp-images.casinoplus.live/images/cpms/26-07/3050_zhumeng001_h5_260701193107.webp","images/unknown__Maria_Makiling__1669.webp"
"1670","Adventure Beyond Wonderland Live","","1735","Perya","https://cp-images.casinoplus.live/images/cpms/ALL_GAME/3093/abwl;abwl_wonderland.webp","images/unknown__Adventure_Beyond_Wonderland_Live__1670.webp"
"1671","Age Of The Gods Bonus Roulette","","1736","","https://cp-images.casinoplus.live/images/cpms/ALL_GAME/3093/aogjbrol;rol_aogroulette.webp","images/unknown__Age_Of_The_Gods_Bonus_Roulette__1671.webp"
"1672","All Bets Blackjack","","1737","Live","https://cp-images.casinoplus.live/images/cpms/ALL_GAME/3093/abjl;abjl_allbetsblackjack.webp","images/unknown__All_Bets_Blackjack__1672.webp"
"1673","Bet On Baccarat","","1740","Live","https://cp-images.casinoplus.live/images/cpms/ALL_GAME/3093/bs_bal;bal_betslipbaccarat.webp","images/unknown__Bet_On_Baccarat__1673.webp"
"1674","Bet On Dragon Tiger","","1741","Live","https://cp-images.casinoplus.live/images/cpms/ALL_GAME/3093/bs_dtl;bs_dtl_betondragontiger.webp","images/unknown__Bet_On_Dragon_Tiger__1674.webp"
"1675","Busted Or Bailed","","1742","Perya","https://cp-images.casinoplus.live/images/cpms/ALL_GAME/3093/prstl;prstl_bustedorbailed.webp","images/unknown__Busted_Or_Bailed__1675.webp"
"1676","Cash Collect Roulette Live","","1743","Live","https://cp-images.casinoplus.live/images/cpms/ALL_GAME/3093/ccrol;ccrol_cashcollect.webp","images/unknown__Cash_Collect_Roulette_Live__1676.webp"
"1677","Italian Cashback Blackjack","","1744","Live","https://cp-images.casinoplus.live/images/cpms/ALL_GAME/3093/cbjl;cbjl_italianbj.webp","images/unknown__Italian_Cashback_Blackjack__1677.webp"
"1678","3 Card Brag","","1745","Live","https://cp-images.casinoplus.live/images/cpms/ALL_GAME/3093/3brgl;brag_3cardbrag.webp","images/unknown__3_Card_Brag__1678.webp"
"1679","American Speed Roulette","","1746","Live","https://cp-images.casinoplus.live/images/cpms/ALL_GAME/3093/rodzl;rodzl_doublezero.webp","images/unknown__American_Speed_Roulette__1679.webp"
"1680","Live Blackjack","","1747","Live","https://cp-images.casinoplus.live/images/cpms/ALL_GAME/3093/bjl;blj_blackjack1.webp","images/unknown__Live_Blackjack__1680.webp"
"1681","French Roulette","","1750","Live","https://cp-images.casinoplus.live/images/cpms/ALL_GAME/3093/rofl;rofl_loungerol.webp","images/unknown__French_Roulette__1681.webp"
"1682","Hi-Lo Western Live","","1751","Live","https://cp-images.casinoplus.live/images/cpms/ALL_GAME/3093/hilol;hilo_hilowestern.webp","images/unknown__Hi-Lo_Western_Live__1682.webp"
"1683","Sette E Mezzo","","1752","Live","https://cp-images.casinoplus.live/images/cpms/ALL_GAME/3093/7eml;7eml_7emezzo.webp","images/unknown__Sette_E_Mezzo__1683.webp"
"1684","SicBo Deluxe","","1753","Live","https://cp-images.casinoplus.live/images/cpms/ALL_GAME/3093/sbdl;sbdl_deluxesicbo.webp","images/unknown__SicBo_Deluxe__1684.webp"
"1685","Spin a Win","","1754","Perya","https://cp-images.casinoplus.live/images/cpms/ALL_GAME/3093/swl;swl_spinawin.webp","images/unknown__Spin_a_Win__1685.webp"
"1686","Unlimited Blackjack","","1755","Live","https://cp-images.casinoplus.live/images/cpms/ALL_GAME/3093/ubjl;ubjl_unlimitedbj.webp","images/unknown__Unlimited_Blackjack__1686.webp"
"1687","Lucky Ball Roulette Live","","1756","Live","https://cp-images.casinoplus.live/images/cpms/ALL_GAME/3093/lbrol;frol_luckyballrol.webp","images/unknown__Lucky_Ball_Roulette_Live__1687.webp"
"1688","Mega Fire Blaze Blackjack Live","","1757","Live","https://cp-images.casinoplus.live/images/cpms/ALL_GAME/3093/fbbjl;fbbjl_fireblazebj.webp","images/unknown__Mega_Fire_Blaze_Blackjack_Live__1688.webp"
"1689","Mega Fire Blaze Roulette Live","","1758","Live","https://cp-images.casinoplus.live/images/cpms/ALL_GAME/3093/fbrolj;fbrolj_fireblazerol.webp","images/unknown__Mega_Fire_Blaze_Roulette_Live__1689.webp"
"1690","Quantum Blackjack Plus","","1759","Live","https://cp-images.casinoplus.live/images/cpms/ALL_GAME/3093/qabjlp;qabjl_quantumbj.webp","images/unknown__Quantum_Blackjack_Plus__1690.webp"
"1691","Quantum Roulette Live","","1760","Live","https://cp-images.casinoplus.live/images/cpms/ALL_GAME/3093/qrol;rol_quantumroulette.webp","images/unknown__Quantum_Roulette_Live__1691.webp"
"1692","Speed Blackjack 1","","1761","Live","https://cp-images.casinoplus.live/images/cpms/ALL_GAME/3093/sbjl;sbjl_peruspeedbj1.webp","images/unknown__Speed_Blackjack_1__1692.webp"
"1693","Spin A Win Wild Brasileiro","","1762","Perya","https://cp-images.casinoplus.live/images/cpms/ALL_GAME/3093/swle;swle_spinawinwild.webp","images/unknown__Spin_A_Win_Wild_Brasileiro__1693.webp"
"1694","Spread Bet Roulette","","1763","Live","https://cp-images.casinoplus.live/images/cpms/ALL_GAME/3093/sprol;sprol_perspreadbetrol.webp","images/unknown__Spread_Bet_Roulette__1694.webp"
"1695","Sticky Bandits Roulette Live","","1764","Live","https://cp-images.casinoplus.live/images/cpms/ALL_GAME/3093/sbrol;sbrol_stickybanditsrol.webp","images/unknown__Sticky_Bandits_Roulette_Live__1695.webp"
"1696","The Greatest Cards Show Live","","1765","Perya","https://cp-images.casinoplus.live/images/cpms/ALL_GAME/3093/tgsl;tgsl_cardshow.webp","images/unknown__The_Greatest_Cards_Show_Live__1696.webp"
"1697","Alchemy Gold","PG","1766","Slots","https://cp-images.casinoplus.live/images/cpms/pg/h5/1368367.webp","images/PG__Alchemy_Gold__1697.webp"
"1698","Bakery Bonanza","PG","1767","Slots","https://cp-images.casinoplus.live/images/cpms/pg/h5/1418544.webp","images/PG__Bakery_Bonanza__1698.webp"
"1699","Bali Vacation","PG","1768","Slots","https://cp-images.casinoplus.live/images/cpms/pg/h5/94.webp","images/PG__Bali_Vacation__1699.webp"
"1700","Battleground Royale","PG","1769","Slots","https://cp-images.casinoplus.live/images/cpms/pg/h5/124.webp","images/PG__Battleground_Royale__1700.webp"
"1701","Bikini Paradise","PG","1770","Slots","https://cp-images.casinoplus.live/images/cpms/pg/h5/69.webp","images/PG__Bikini_Paradise__1701.webp"
"1702","Buffalo Win","PG","1771","Slots","https://cp-images.casinoplus.live/images/cpms/pg/h5/108.webp","images/PG__Buffalo_Win__1702.webp"
"1703","Butterfly Blossom","PG","1772","Slots","https://cp-images.casinoplus.live/images/cpms/pg/h5/125.webp","images/PG__Butterfly_Blossom__1703.webp"
"1704","Caishen Wins","PG","1773","Slots","https://cp-images.casinoplus.live/images/cpms/pg/h5/71.webp","images/PG__Caishen_Wins__1704.webp"
"1705","Candy Superwin","PG","1774","Slots","https://cp-images.casinoplus.live/images/cpms/pg/h5/100.webp","images/PG__Candy_Superwin__1705.webp"
"1706","Candy Burst","PG","1775","Slots","https://cp-images.casinoplus.live/images/cpms/pg/h5/70.webp","images/PG__Candy_Burst__1706.webp"
"1707","Captain","PG","1776","Slots","https://cp-images.casinoplus.live/images/cpms/pg/h5/54.webp","images/PG__Captain__1707.webp"
"1708","Circus Delight","PG","1777","Slots","https://cp-images.casinoplus.live/images/cpms/pg/h5/80.webp","images/PG__Circus_Delight__1708.webp"
"1709","Cocktail Nights","","1778","High Cash Rebate|Slots","https://cp-images.casinoplus.live/images/cpms/26-07/3034_117_h5_260701192448.webp","images/unknown__Cocktail_Nights__1709.webp"
"1710","Cruise Royale","PG","1779","Slots","https://cp-images.casinoplus.live/images/cpms/pg/h5/1473388.webp","images/PG__Cruise_Royale__1710.webp"
"1711","Crypto Gold","PG","1780","Slots","https://cp-images.casinoplus.live/images/cpms/pg/h5/103.webp","images/PG__Crypto_Gold__1711.webp"
"1712","Destiny Of Sun &amp; Moon","PG","1781","Slots","https://cp-images.casinoplus.live/images/cpms/pg/h5/121.webp","images/PG__Destiny_Of_Sun_amp_Moon__1712.webp"
"1713","Diner Delights","PG","1782","Slots","https://cp-images.casinoplus.live/images/cpms/pg/h5/1372643.webp","images/PG__Diner_Delights__1713.webp"
"1714","Double Fortune","PG","1783","Slots","https://cp-images.casinoplus.live/images/cpms/pg/h5/48.webp","images/PG__Double_Fortune__1714.webp"
"1715","Dragon Hatch","PG","1784","Slots","https://cp-images.casinoplus.live/images/cpms/pg/h5/57.webp","images/PG__Dragon_Hatch__1715.webp"
"1716","Dragon Hatch 2","PG","1785","Slots","https://cp-images.casinoplus.live/images/cpms/pg/h5/1451122.webp","images/PG__Dragon_Hatch_2__1716.webp"
"1717","Dragon Tiger Luck","PG","1786","Slots","https://cp-images.casinoplus.live/images/cpms/pg/h5/63.webp","images/PG__Dragon_Tiger_Luck__1717.webp"
"1718","Dreams Of Macau","PG","1787","Slots","https://cp-images.casinoplus.live/images/cpms/pg/h5/79.webp","images/PG__Dreams_Of_Macau__1718.webp"
"1719","Emoji Riches","PG","1789","Slots","https://cp-images.casinoplus.live/images/cpms/pg/h5/114.webp","images/PG__Emoji_Riches__1719.webp"
"1720","Emperor","PG","1790","Slots","https://cp-images.casinoplus.live/images/cpms/pg/h5/44.webp","images/PG__Emperor__1720.webp"
"1721","Forge Of Wealth","PG","1791","Slots","https://cp-images.casinoplus.live/images/cpms/pg/h5/1555350.webp","images/PG__Forge_Of_Wealth__1721.webp"
"1722","Fortune Gods","PG","1793","Slots","https://cp-images.casinoplus.live/images/cpms/pg/h5/3.webp","images/PG__Fortune_Gods__1722.webp"
"1723","Fortune Mouse","PG","1794","Slots","https://cp-images.casinoplus.live/images/cpms/pg/h5/68.webp","images/PG__Fortune_Mouse__1723.webp"
"1724","Fortune Ox","PG","1795","Slots","https://cp-images.casinoplus.live/images/cpms/pg/h5/98.webp","images/PG__Fortune_Ox__1724.webp"
"1725","Fortune Rabbit","PG","1796","Slots","https://cp-images.casinoplus.live/images/cpms/pg/h5/1543462.webp","images/PG__Fortune_Rabbit__1725.webp"
"1726","Fortune Tiger","PG","1797","Slots","https://cp-images.casinoplus.live/images/cpms/pg/h5/126.webp","images/PG__Fortune_Tiger__1726.webp"
"1727","Fruity Candy","PG","1798","Slots","https://cp-images.casinoplus.live/images/cpms/pg/h5/1397455.webp","images/PG__Fruity_Candy__1727.webp"
"1728","Galactic Gems","PG","1799","Slots","https://cp-images.casinoplus.live/images/cpms/pg/h5/86.webp","images/PG__Galactic_Gems__1728.webp"
"1729","Ganesha Fortune","PG","1800","Slots","https://cp-images.casinoplus.live/images/cpms/pg/h5/75.webp","images/PG__Ganesha_Fortune__1729.webp"
"1730","Ganesha Gold","PG","1801","Slots","https://cp-images.casinoplus.live/images/cpms/pg/h5/42.webp","images/PG__Ganesha_Gold__1730.webp"
"1731","Garuda Gems","PG","1802","Slots","https://cp-images.casinoplus.live/images/cpms/pg/h5/122.webp","images/PG__Garuda_Gems__1731.webp"
"1732","Gem Saviour","PG","1803","Slots","https://cp-images.casinoplus.live/images/cpms/pg/h5/2.webp","images/PG__Gem_Saviour__1732.webp"
"1733","Gem Saviour Conquest","PG","1804","Slots","https://cp-images.casinoplus.live/images/cpms/pg/h5/62.webp","images/PG__Gem_Saviour_Conquest__1733.webp"
"1734","Gem Saviour Sword","PG","1805","Slots","https://cp-images.casinoplus.live/images/cpms/pg/h5/38.webp","images/PG__Gem_Saviour_Sword__1734.webp"
"1735","Gemstones Gold","PG","1806","Slots","https://cp-images.casinoplus.live/images/cpms/pg/h5/1671262.webp","images/PG__Gemstones_Gold__1735.webp"
"1736","Genie","PG","1807","Slots","https://cp-images.casinoplus.live/images/cpms/pg/h5/85.webp","images/PG__Genie__1736.webp"
"1737","Gladiator","PG","1808","Slots","https://cp-images.casinoplus.live/images/cpms/pg/h5/1572362.webp","images/PG__Gladiator__1737.webp"
"1738","Guardians Of Ice And Fire","PG","1809","Slots","https://cp-images.casinoplus.live/images/cpms/pg/h5/91.webp","images/PG__Guardians_Of_Ice_And_Fire__1738.webp"
"1739","Hawaiian Tiki","PG","1810","Slots","https://cp-images.casinoplus.live/images/cpms/pg/h5/1381200.webp","images/PG__Hawaiian_Tiki__1739.webp"
"1740","Heist Stakes","PG","1811","Slots","https://cp-images.casinoplus.live/images/cpms/pg/h5/105.webp","images/PG__Heist_Stakes__1740.webp"
"1741","Hip Hop Panda","PG","1812","Slots","https://cp-images.casinoplus.live/images/cpms/pg/h5/33.webp","images/PG__Hip_Hop_Panda__1741.webp"
"1742","Honey Trap Of Diao Chan","PG","1813","Slots","https://cp-images.casinoplus.live/images/cpms/pg/h5/1.webp","images/PG__Honey_Trap_Of_Diao_Chan__1742.webp"
"1743","Hood Vs Wolf","PG","1814","Slots","https://cp-images.casinoplus.live/images/cpms/pg/h5/18.webp","images/PG__Hood_Vs_Wolf__1743.webp"
"1744","Hotpot","PG","1815","Slots","https://cp-images.casinoplus.live/images/cpms/pg/h5/28.webp","images/PG__Hotpot__1744.webp"
"1745","Jack Frost","PG","1816","Slots","https://cp-images.casinoplus.live/images/cpms/pg/h5/97.webp","images/PG__Jack_Frost__1745.webp"
"1746","Jewels Of Prosperity","PG","1817","Slots","https://cp-images.casinoplus.live/images/cpms/pg/h5/88.webp","images/PG__Jewels_Of_Prosperity__1746.webp"
"1747","Journey To The Wealth","","1818","High Cash Rebate|Slots","https://cp-images.casinoplus.live/images/cpms/26-07/3034_50_h5_260701190501.webp","images/unknown__Journey_To_The_Wealth__1747.webp"
"1748","Jungle Delight","PG","1819","Slots","https://cp-images.casinoplus.live/images/cpms/pg/h5/40.webp","images/PG__Jungle_Delight__1748.webp"
"1749","Jurassic Kingdom","PG","1820","Slots","https://cp-images.casinoplus.live/images/cpms/pg/h5/110.webp","images/PG__Jurassic_Kingdom__1749.webp"
"1750","Legend Of Hou Yi","PG","1821","Slots","https://cp-images.casinoplus.live/images/cpms/pg/h5/34.webp","images/PG__Legend_Of_Hou_Yi__1750.webp"
"1751","Legend Of Perseus","PG","1822","Slots","https://cp-images.casinoplus.live/images/cpms/pg/h5/128.webp","images/PG__Legend_Of_Perseus__1751.webp"
"1752","Legendary Monkey King","PG","1823","Slots","https://cp-images.casinoplus.live/images/cpms/pg/h5/107.webp","images/PG__Legendary_Monkey_King__1752.webp"
"1753","Lucky Clover Riches","PG","1824","Slots","https://cp-images.casinoplus.live/images/cpms/pg/h5/1601012.webp","images/PG__Lucky_Clover_Riches__1753.webp"
"1754","Lucky Piggy","PG","1825","Slots","https://cp-images.casinoplus.live/images/cpms/pg/h5/130.webp","images/PG__Lucky_Piggy__1754.webp"
"1755","Mafia Mayhem","PG","1826","Slots","https://cp-images.casinoplus.live/images/cpms/pg/h5/1580541.webp","images/PG__Mafia_Mayhem__1755.webp"
"1756","Mahjong Ways","PG","1827","Slots","https://cp-images.casinoplus.live/images/cpms/pg/h5/65.webp","images/PG__Mahjong_Ways__1756.webp"
"1757","Mahjong Ways 2","","1828","High Cash Rebate|Slots","https://cp-images.casinoplus.live/images/cpms/26-07/3034_74_h5_260701190751.webp","images/unknown__Mahjong_Ways_2__1757.webp"
"1758","Majestic Treasures","PG","1829","Slots","https://cp-images.casinoplus.live/images/cpms/pg/h5/95.webp","images/PG__Majestic_Treasures__1758.webp"
"1759","Mask Carnival","PG","1830","Slots","https://cp-images.casinoplus.live/images/cpms/pg/h5/118.webp","images/PG__Mask_Carnival__1759.webp"
"1760","Medusa II","PG","1832","Slots","https://cp-images.casinoplus.live/images/cpms/pg/h5/6.webp","images/PG__Medusa_II__1760.webp"
"1761","Mermaid Riches","PG","1833","Slots","https://cp-images.casinoplus.live/images/cpms/pg/h5/102.webp","images/PG__Mermaid_Riches__1761.webp"
"1762","Midas Fortune","PG","1834","Slots","https://cp-images.casinoplus.live/images/cpms/pg/h5/1402846.webp","images/PG__Midas_Fortune__1762.webp"
"1763","Mystical Spirits","PG","1835","Slots","https://cp-images.casinoplus.live/images/cpms/pg/h5/1432733.webp","images/PG__Mystical_Spirits__1763.webp"
"1764","Ninja Raccoon Frenzy","PG","1836","Slots","https://cp-images.casinoplus.live/images/cpms/pg/h5/1529867.webp","images/PG__Ninja_Raccoon_Frenzy__1764.webp"
"1765","Opera Dynasty","PG","1837","Slots","https://cp-images.casinoplus.live/images/cpms/pg/h5/93.webp","images/PG__Opera_Dynasty__1765.webp"
"1766","Oriental Prosperity","PG","1838","Slots","https://cp-images.casinoplus.live/images/cpms/pg/h5/112.webp","images/PG__Oriental_Prosperity__1766.webp"
"1767","Phoenix Rises","PG","1839","Slots","https://cp-images.casinoplus.live/images/cpms/pg/h5/82.webp","images/PG__Phoenix_Rises__1767.webp"
"1768","Piggy Gold","PG","1840","Slots","https://cp-images.casinoplus.live/images/cpms/pg/h5/39.webp","images/PG__Piggy_Gold__1768.webp"
"1769","Plushie Frenzy","PG","1841","Slots","https://cp-images.casinoplus.live/images/cpms/pg/h5/25.webp","images/PG__Plushie_Frenzy__1769.webp"
"1770","Prosperity Fortune Tree","PG","1842","Slots","https://cp-images.casinoplus.live/images/cpms/pg/h5/1312883.webp","images/PG__Prosperity_Fortune_Tree__1770.webp"
"1771","Prosperity Lion","PG","1843","Slots","https://cp-images.casinoplus.live/images/cpms/pg/h5/36.webp","images/PG__Prosperity_Lion__1771.webp"
"1772","Queen Of Bounty","PG","1844","Slots","https://cp-images.casinoplus.live/images/cpms/pg/h5/84.webp","images/PG__Queen_Of_Bounty__1772.webp"
"1773","Raider Jane","PG","1845","Slots","https://cp-images.casinoplus.live/images/cpms/pg/h5/113.webp","images/PG__Raider_Jane__1773.webp"
"1774","Rave Party Fever","PG","1846","Slots","https://cp-images.casinoplus.live/images/cpms/pg/h5/1420892.webp","images/PG__Rave_Party_Fever__1774.webp"
"1775","Reel Love","PG","1847","Slots","https://cp-images.casinoplus.live/images/cpms/pg/h5/20.webp","images/PG__Reel_Love__1775.webp"
"1776","Rooster Rumble","PG","1848","Slots","https://cp-images.casinoplus.live/images/cpms/pg/h5/123.webp","images/PG__Rooster_Rumble__1776.webp"
"1777","Safari Wilds","PG","1849","Slots","https://cp-images.casinoplus.live/images/cpms/pg/h5/1594259.webp","images/PG__Safari_Wilds__1777.webp"
"1778","Secrets Of Cleopatra","PG","1851","Slots","https://cp-images.casinoplus.live/images/cpms/pg/h5/90.webp","images/PG__Secrets_Of_Cleopatra__1778.webp"
"1779","Shaolin Soccer","PG","1852","Slots","https://cp-images.casinoplus.live/images/cpms/pg/h5/67.webp","images/PG__Shaolin_Soccer__1779.webp"
"1780","Songkran Splash","PG","1853","Slots","https://cp-images.casinoplus.live/images/cpms/pg/h5/1448762.webp","images/PG__Songkran_Splash__1780.webp"
"1781","Speed Winner","PG","1854","Slots","https://cp-images.casinoplus.live/images/cpms/pg/h5/127.webp","images/PG__Speed_Winner__1781.webp"
"1782","Spirited Wonders","PG","1855","Slots","https://cp-images.casinoplus.live/images/cpms/pg/h5/119.webp","images/PG__Spirited_Wonders__1782.webp"
"1783","Super Golf Drive","PG","1856","Slots","https://cp-images.casinoplus.live/images/cpms/pg/h5/1513328.webp","images/PG__Super_Golf_Drive__1783.webp"
"1784","Supermarket Spree","PG","1857","Slots","https://cp-images.casinoplus.live/images/cpms/pg/h5/115.webp","images/PG__Supermarket_Spree__1784.webp"
"1785","Symbols Of Egypt","PG","1858","Slots","https://cp-images.casinoplus.live/images/cpms/pg/h5/41.webp","images/PG__Symbols_Of_Egypt__1785.webp"
"1786","Thai River Wonders","PG","1859","Slots","https://cp-images.casinoplus.live/images/cpms/pg/h5/92.webp","images/PG__Thai_River_Wonders__1786.webp"
"1787","The Great Icescape","PG","1860","Slots","https://cp-images.casinoplus.live/images/cpms/pg/h5/53.webp","images/PG__The_Great_Icescape__1787.webp"
"1788","The Queen","PG","1861","Slots","https://cp-images.casinoplus.live/images/cpms/pg/h5/120.webp","images/PG__The_Queen__1788.webp"
"1789","Totem Wonders","PG","1862","Slots","https://cp-images.casinoplus.live/images/cpms/pg/h5/1338274.webp","images/PG__Totem_Wonders__1789.webp"
"1790","Tree Of Fortune","PG","1863","Slots","https://cp-images.casinoplus.live/images/cpms/pg/h5/26.webp","images/PG__Tree_Of_Fortune__1790.webp"
"1791","Tsar Treasures","PG","1864","Slots","https://cp-images.casinoplus.live/images/cpms/pg/h5/1655268.webp","images/PG__Tsar_Treasures__1791.webp"
"1792","Ultimate Striker","PG","1865","Slots","https://cp-images.casinoplus.live/images/cpms/pg/h5/1489936.webp","images/PG__Ultimate_Striker__1792.webp"
"1793","Ways Of The Qilin","PG","1867","Slots","https://cp-images.casinoplus.live/images/cpms/pg/h5/106.webp","images/PG__Ways_Of_The_Qilin__1793.webp"
"1794","Wild Bandito","","1869","High Cash Rebate|Slots","https://cp-images.casinoplus.live/images/cpms/26-07/3034_104_h5_260701192055.webp","images/unknown__Wild_Bandito__1794.webp"
"1795","Wild Coaster","PG","1870","Slots","https://cp-images.casinoplus.live/images/cpms/pg/h5/132.webp","images/PG__Wild_Coaster__1795.webp"
"1796","Wild Fireworks","PG","1871","Slots","https://cp-images.casinoplus.live/images/cpms/pg/h5/83.webp","images/PG__Wild_Fireworks__1796.webp"
"1797","Wild Heist Cashout","PG","1872","Slots","https://cp-images.casinoplus.live/images/cpms/pg/h5/1568554.webp","images/PG__Wild_Heist_Cashout__1797.webp"
"1798","Win Win Fish Prawn Crab","PG","1873","Slots","https://cp-images.casinoplus.live/images/cpms/pg/h5/129.webp","images/PG__Win_Win_Fish_Prawn_Crab__1798.webp"
"1799","Win Win Won","PG","1874","Slots","https://cp-images.casinoplus.live/images/cpms/pg/h5/24.webp","images/PG__Win_Win_Won__1799.webp"
"1800","Anubis Wrath","","1875","High Cash Rebate|Slots","https://cp-images.casinoplus.live/images/cpms/26-07/3034_1623475_h5_260702102900.webp","images/unknown__Anubis_Wrath__1800.webp"
"1801","Cash Mania","PG","1876","Slots","https://cp-images.casinoplus.live/images/cpms/pg/h5/1682240.webp","images/PG__Cash_Mania__1801.webp"
"1802","Futebol Fever","PG","1877","Slots","https://cp-images.casinoplus.live/images/cpms/pg/h5/1778752.webp","images/PG__Futebol_Fever__1802.webp"
"1803","Mystic Potion","PG","1878","Slots","https://cp-images.casinoplus.live/images/cpms/pg/h5/1717688.webp","images/PG__Mystic_Potion__1803.webp"
"1804","Oishi Delights","PG","1879","Slots","https://cp-images.casinoplus.live/images/cpms/pg/h5/1815268.webp","images/PG__Oishi_Delights__1804.webp"
"1805","Shark Bounty","PG","1880","Slots","https://cp-images.casinoplus.live/images/cpms/pg/h5/1648578.webp","images/PG__Shark_Bounty__1805.webp"
"1806","Wings of Iguazu","PG","1881","Slots","https://cp-images.casinoplus.live/images/cpms/pg/h5/1747549.webp","images/PG__Wings_of_Iguazu__1806.webp"
"1807","Yakuza Honor","","1882","High Cash Rebate|Slots","https://cp-images.casinoplus.live/images/cpms/26-07/3034_1760238_h5_260701210613.webp","images/unknown__Yakuza_Honor__1807.webp"
"1808","Chicky Run","PG","1883","Slots","https://cp-images.casinoplus.live/images/cpms/pg/mobile/1738001.webp","images/PG__Chicky_Run__1808.webp"
"1809","Chocolate Deluxe","PG","1884","Slots","https://cp-images.casinoplus.live/images/cpms/pg/mobile/1666445.webp","images/PG__Chocolate_Deluxe__1809.webp"
"1810","Geisha","","1885","High Cash Rebate|Slots","https://cp-images.casinoplus.live/images/cpms/26-07/3034_1702123_h5_260701210528.webp","images/unknown__Geisha__1810.webp"
"1811","Mr.Treasure","PG","1887","Slots","https://cp-images.casinoplus.live/images/cpms/pg/mobile/1799745.webp","images/PG__Mr.Treasure__1811.webp"
"1812","Incan Wonders","PG","1888","Slots","https://cp-images.casinoplus.live/images/cpms/pg/mobile/1850016.webp","images/PG__Incan_Wonders__1812.webp"
"1813","Rio Fantasia","PG","1889","Slots","https://cp-images.casinoplus.live/images/cpms/pg/mobile/1786529.webp","images/PG__Rio_Fantasia__1813.webp"
"1814","Museum Wonders","PG","1890","Slots","https://cp-images.casinoplus.live/images/cpms/pg/mobile/1755623.webp","images/PG__Museum_Wonders__1814.webp"
"1815","Buffalo Smash","","1891","Slots","https://cp-images.casinoplus.live/images/cpms/ALL_GAME/3057/mobile/103040.webp","images/unknown__Buffalo_Smash__1815.webp"
"1816","5 Star Coins Hold &amp; Win","","1892","Slots","https://cp-images.casinoplus.live/images/cpms/ALL_GAME/3057/mobile/103069.webp","images/unknown__5_Star_Coins_Hold_amp_Win__1816.webp"
"1817","777 Hot Reels: Supercharged","","1893","Slots","https://cp-images.casinoplus.live/images/cpms/ALL_GAME/3057/mobile/103090.webp","images/unknown__777_Hot_Reels_Supercharged__1817.webp"
"1818","Twin Cash: Hold &amp; Win","","1894","Slots","https://cp-images.casinoplus.live/images/cpms/ALL_GAME/3057/mobile/103081.webp","images/unknown__Twin_Cash_Hold_amp_Win__1818.webp"
"1819","3 Golden Baskets: Treasure Tides","","1895","Slots","https://cp-images.casinoplus.live/images/cpms/ALL_GAME/3057/mobile/103092.webp","images/unknown__3_Golden_Baskets_Treasure_Tides__1819.webp"
"1820","Flame &amp; Fortune: Hold &amp; Win","","1896","Slots","https://cp-images.casinoplus.live/images/cpms/ALL_GAME/3057/mobile/103089.webp","images/unknown__Flame_amp_Fortune_Hold_amp_Win__1820.webp"
"1821","777 Streak","","1897","Slots","https://cp-images.casinoplus.live/images/cpms/ALL_GAME/3057/mobile/103086.webp","images/unknown__777_Streak__1821.webp"
"1822","Kawaii Princess","","1898","Slots","https://cp-images.casinoplus.live/images/cpms/ALL_GAME/3057/mobile/103068.webp","images/unknown__Kawaii_Princess__1822.webp"
"1823","Joker Jackpots: Prize Mania","","1899","Slots","https://cp-images.casinoplus.live/images/cpms/ALL_GAME/3057/mobile/103065.webp","images/unknown__Joker_Jackpots_Prize_Mania__1823.webp"
"1824","3 Pyramids Of Gold: Hold &amp; Win","","1900","Slots","https://cp-images.casinoplus.live/images/cpms/ALL_GAME/3057/mobile/103087.webp","images/unknown__3_Pyramids_Of_Gold_Hold_amp_Win__1824.webp"
"1825","Grand Link Express: Hold &amp; Win","","1901","Slots","https://cp-images.casinoplus.live/images/cpms/ALL_GAME/3057/mobile/103064.webp","images/unknown__Grand_Link_Express_Hold_amp_Win__1825.webp"
"1826","Star Kingdom","","1902","Slots","https://cp-images.casinoplus.live/images/cpms/ALL_GAME/3057/mobile/103018.webp","images/unknown__Star_Kingdom__1826.webp"
"1827","12 Treasures: Aztec Riches","","1903","Slots","https://cp-images.casinoplus.live/images/cpms/ALL_GAME/3057/mobile/103074.webp","images/unknown__12_Treasures_Aztec_Riches__1827.webp"
"1828","5 Rings Of Darkness","","1904","Slots","https://cp-images.casinoplus.live/images/cpms/ALL_GAME/3057/mobile/103063.webp","images/unknown__5_Rings_Of_Darkness__1828.webp"
"1829","777 Hot Reels","","1905","Slots","https://cp-images.casinoplus.live/images/cpms/ALL_GAME/3057/mobile/103057.webp","images/unknown__777_Hot_Reels__1829.webp"
"1830","Aztec Ancients","","1906","Slots","https://cp-images.casinoplus.live/images/cpms/ALL_GAME/3057/mobile/103001.webp","images/unknown__Aztec_Ancients__1830.webp"
"1831","Bank Busters: The Big Score","","1907","Slots","https://cp-images.casinoplus.live/images/cpms/ALL_GAME/3057/mobile/103093.webp","images/unknown__Bank_Busters_The_Big_Score__1831.webp"
"1832","Barhalla","","1908","Slots","https://cp-images.casinoplus.live/images/cpms/ALL_GAME/3057/mobile/103054.webp","images/unknown__Barhalla__1832.webp"
"1833","Bass Smash","","1909","Slots","https://cp-images.casinoplus.live/images/cpms/ALL_GAME/3057/mobile/103031.webp","images/unknown__Bass_Smash__1833.webp"
"1834","Blarney","","1910","Slots","https://cp-images.casinoplus.live/images/cpms/ALL_GAME/3057/mobile/103002.webp","images/unknown__Blarney__1834.webp"
"1835","Blazing Inferno Chaos Reels","","1911","Slots","https://cp-images.casinoplus.live/images/cpms/ALL_GAME/3057/mobile/103067.webp","images/unknown__Blazing_Inferno_Chaos_Reels__1835.webp"
"1836","Blazing Touch","","1912","Slots","https://cp-images.casinoplus.live/images/cpms/ALL_GAME/3057/mobile/103003.webp","images/unknown__Blazing_Touch__1836.webp"
"1837","Boom The Buffoon","","1913","Slots","https://cp-images.casinoplus.live/images/cpms/ALL_GAME/3057/mobile/103026.webp","images/unknown__Boom_The_Buffoon__1837.webp"
"1838","Bounty Smash","","1914","Slots","https://cp-images.casinoplus.live/images/cpms/ALL_GAME/3057/mobile/103032.webp","images/unknown__Bounty_Smash__1838.webp"
"1839","Buffalo Blaze: Wild Wealth","","1915","Slots","https://cp-images.casinoplus.live/images/cpms/ALL_GAME/3057/mobile/103073.webp","images/unknown__Buffalo_Blaze_Wild_Wealth__1839.webp"
"1840","Bullet Bonanza","","1916","Slots","https://cp-images.casinoplus.live/images/cpms/ALL_GAME/3057/mobile/103004.webp","images/unknown__Bullet_Bonanza__1840.webp"
"1841","Caishen Smash","","1917","Slots","https://cp-images.casinoplus.live/images/cpms/ALL_GAME/3057/mobile/103033.webp","images/unknown__Caishen_Smash__1841.webp"
"1842","Cash Inferno Sizzling Scatters","","1919","Slots","https://cp-images.casinoplus.live/images/cpms/ALL_GAME/3057/mobile/103050.webp","images/unknown__Cash_Inferno_Sizzling_Scatters__1842.webp"
"1843","Cash Maximus: Battle Arena","","1920","Slots","https://cp-images.casinoplus.live/images/cpms/ALL_GAME/3057/mobile/103088.webp","images/unknown__Cash_Maximus_Battle_Arena__1843.webp"
"1844","Cash On Wheels: Hold &amp; Win","","1921","Slots","https://cp-images.casinoplus.live/images/cpms/ALL_GAME/3057/mobile/103077.webp","images/unknown__Cash_On_Wheels_Hold_amp_Win__1844.webp"
"1845","Cash Strike","","1922","Slots","https://cp-images.casinoplus.live/images/cpms/ALL_GAME/3057/mobile/103006.webp","images/unknown__Cash_Strike__1845.webp"
"1846","Christmas Crumble","","1923","Slots","https://cp-images.casinoplus.live/images/cpms/ALL_GAME/3057/mobile/103036.webp","images/unknown__Christmas_Crumble__1846.webp"
"1847","Christmas Link Express: Hold &amp; Win","","1924","Slots","https://cp-images.casinoplus.live/images/cpms/ALL_GAME/3057/mobile/103083.webp","images/unknown__Christmas_Link_Express_Hold_amp_Win__1847.webp"
"1848","Crop Of The Dead","","1925","Slots","https://cp-images.casinoplus.live/images/cpms/ALL_GAME/3057/mobile/103059.webp","images/unknown__Crop_Of_The_Dead__1848.webp"
"1849","Disco Dive","","1926","Slots","https://cp-images.casinoplus.live/images/cpms/ALL_GAME/3057/mobile/103007.webp","images/unknown__Disco_Dive__1849.webp"
"1850","Doge Life","","1927","Slots","https://cp-images.casinoplus.live/images/cpms/ALL_GAME/3057/mobile/103049.webp","images/unknown__Doge_Life__1850.webp"
"1851","Doom","","1928","Slots","https://cp-images.casinoplus.live/images/cpms/ALL_GAME/3057/mobile/103061.webp","images/unknown__Doom__1851.webp"
"1852","Dynamite Trail: Hold &amp; Win","","1929","Slots","https://cp-images.casinoplus.live/images/cpms/ALL_GAME/3057/mobile/103091.webp","images/unknown__Dynamite_Trail_Hold_amp_Win__1852.webp"
"1853","Dystopia Rebel Road","","1930","Slots","https://cp-images.casinoplus.live/images/cpms/ALL_GAME/3057/mobile/103055.webp","images/unknown__Dystopia_Rebel_Road__1853.webp"
"1854","Eggsponential","","1931","Slots","https://cp-images.casinoplus.live/images/cpms/ALL_GAME/3057/mobile/103035.webp","images/unknown__Eggsponential__1854.webp"
"1855","Eternal Clash","","1932","Slots","https://cp-images.casinoplus.live/images/cpms/ALL_GAME/3057/mobile/103042.webp","images/unknown__Eternal_Clash__1855.webp"
"1856","Eternal Clash Reloaded","","1933","Slots","https://cp-images.casinoplus.live/images/cpms/ALL_GAME/3057/mobile/103048.webp","images/unknown__Eternal_Clash_Reloaded__1856.webp"
"1857","Flaming Frenzy","","1934","Slots","https://cp-images.casinoplus.live/images/cpms/ALL_GAME/3057/mobile/103024.webp","images/unknown__Flaming_Frenzy__1857.webp"
"1858","Gemstone Guardians","","1935","Slots","https://cp-images.casinoplus.live/images/cpms/ALL_GAME/3057/mobile/103021.webp","images/unknown__Gemstone_Guardians__1858.webp"
"1859","God Smash: Eternal Chaos","","1936","Slots","https://cp-images.casinoplus.live/images/cpms/ALL_GAME/3057/mobile/103075.webp","images/unknown__God_Smash_Eternal_Chaos__1859.webp"
"1860","Gold Chain","","1937","Slots","https://cp-images.casinoplus.live/images/cpms/ALL_GAME/3057/mobile/103008.webp","images/unknown__Gold_Chain__1860.webp"
"1861","Gold Smash","","1938","Slots","https://cp-images.casinoplus.live/images/cpms/ALL_GAME/3057/mobile/103045.webp","images/unknown__Gold_Smash__1861.webp"
"1862","Golden Suns Chain Collect","","1939","Slots","https://cp-images.casinoplus.live/images/cpms/ALL_GAME/3057/mobile/103060.webp","images/unknown__Golden_Suns_Chain_Collect__1862.webp"
"1863","Happy Honey","","1940","Slots","https://cp-images.casinoplus.live/images/cpms/ALL_GAME/3057/mobile/103027.webp","images/unknown__Happy_Honey__1863.webp"
"1864","Heavy Anchor","","1941","Slots","https://cp-images.casinoplus.live/images/cpms/ALL_GAME/3057/mobile/103009.webp","images/unknown__Heavy_Anchor__1864.webp"
"1865","Hell Of A Spin","","1942","Slots","https://cp-images.casinoplus.live/images/cpms/ALL_GAME/3057/mobile/103044.webp","images/unknown__Hell_Of_A_Spin__1865.webp"
"1866","Jackpot Heist Daylight Robbery","","1943","Slots","https://cp-images.casinoplus.live/images/cpms/ALL_GAME/3057/mobile/103056.webp","images/unknown__Jackpot_Heist_Daylight_Robbery__1866.webp"
"1867","Juicy Rolls: Feature Frenzy","","1944","Slots","https://cp-images.casinoplus.live/images/cpms/ALL_GAME/3057/mobile/103082.webp","images/unknown__Juicy_Rolls_Feature_Frenzy__1867.webp"
"1868","Legends Battle For Earth","","1945","Slots","https://cp-images.casinoplus.live/images/cpms/ALL_GAME/3057/mobile/103062.webp","images/unknown__Legends_Battle_For_Earth__1868.webp"
"1869","Lollicat","","1946","Slots","https://cp-images.casinoplus.live/images/cpms/ALL_GAME/3057/mobile/103011.webp","images/unknown__Lollicat__1869.webp"
"1870","Lord Of The Dunes","","1947","Slots","https://cp-images.casinoplus.live/images/cpms/ALL_GAME/3057/mobile/103046.webp","images/unknown__Lord_Of_The_Dunes__1870.webp"
"1871","Lucky Seven Spin","","1948","Slots","https://cp-images.casinoplus.live/images/cpms/ALL_GAME/3057/mobile/103079.webp","images/unknown__Lucky_Seven_Spin__1871.webp"
"1872","Mad Melons Chaos Reels","","1949","Slots","https://cp-images.casinoplus.live/images/cpms/ALL_GAME/3057/mobile/103058.webp","images/unknown__Mad_Melons_Chaos_Reels__1872.webp"
"1873","Midas Moolah: Random Reels","","1950","Slots","https://cp-images.casinoplus.live/images/cpms/ALL_GAME/3057/mobile/103052.webp","images/unknown__Midas_Moolah_Random_Reels__1873.webp"
"1874","Mole Smash","","1951","Slots","https://cp-images.casinoplus.live/images/cpms/ALL_GAME/3057/mobile/103030.webp","images/unknown__Mole_Smash__1874.webp"
"1875","Mr Piggles","","1952","Slots","https://cp-images.casinoplus.live/images/cpms/ALL_GAME/3057/mobile/103012.webp","images/unknown__Mr_Piggles__1875.webp"
"1876","Mutant Potatoes","","1953","Slots","https://cp-images.casinoplus.live/images/cpms/ALL_GAME/3057/mobile/103013.webp","images/unknown__Mutant_Potatoes__1876.webp"
"1877","Panda Bills","","1954","Slots","https://cp-images.casinoplus.live/images/cpms/ALL_GAME/3057/mobile/103014.webp","images/unknown__Panda_Bills__1877.webp"
"1878","Pearly Shores","","1955","Slots","https://cp-images.casinoplus.live/images/cpms/ALL_GAME/3057/mobile/103015.webp","images/unknown__Pearly_Shores__1878.webp"
"1879","Pip &amp; Pippa","","1956","Slots","https://cp-images.casinoplus.live/images/cpms/ALL_GAME/3057/mobile/103084.webp","images/unknown__Pip_amp_Pippa__1879.webp"
"1880","Royal Ribbit","","1957","Slots","https://cp-images.casinoplus.live/images/cpms/ALL_GAME/3057/mobile/103038.webp","images/unknown__Royal_Ribbit__1880.webp"
"1881","Rune Raiders","","1958","Slots","https://cp-images.casinoplus.live/images/cpms/ALL_GAME/3057/mobile/103023.webp","images/unknown__Rune_Raiders__1881.webp"
"1882","Salmon King","","1959","Slots","https://cp-images.casinoplus.live/images/cpms/ALL_GAME/3057/mobile/103016.webp","images/unknown__Salmon_King__1882.webp"
"1883","Santa Smash","","1960","Slots","https://cp-images.casinoplus.live/images/cpms/ALL_GAME/3057/mobile/103037.webp","images/unknown__Santa_Smash__1883.webp"
"1884","Shaolin Panda Chaos Reels","","1961","Slots","https://cp-images.casinoplus.live/images/cpms/ALL_GAME/3057/mobile/103047.webp","images/unknown__Shaolin_Panda_Chaos_Reels__1884.webp"
"1885","Sheep King","","1962","Slots","https://cp-images.casinoplus.live/images/cpms/ALL_GAME/3057/mobile/103022.webp","images/unknown__Sheep_King__1885.webp"
"1886","Sphere Smash","","1963","Slots","https://cp-images.casinoplus.live/images/cpms/ALL_GAME/3057/mobile/103043.webp","images/unknown__Sphere_Smash__1886.webp"
"1887","Spirit Blast","","1964","Slots","https://cp-images.casinoplus.live/images/cpms/ALL_GAME/3057/mobile/103017.webp","images/unknown__Spirit_Blast__1887.webp"
"1888","Sugar Splash","","1965","Slots","https://cp-images.casinoplus.live/images/cpms/ALL_GAME/3057/mobile/103071.webp","images/unknown__Sugar_Splash__1888.webp"
"1889","Super Sundae","","1966","Slots","https://cp-images.casinoplus.live/images/cpms/ALL_GAME/3057/mobile/103020.webp","images/unknown__Super_Sundae__1889.webp"
"1890","Sweet Smash","","1967","Slots","https://cp-images.casinoplus.live/images/cpms/ALL_GAME/3057/mobile/103029.webp","images/unknown__Sweet_Smash__1890.webp"
"1891","Teddy","","1968","Slots","https://cp-images.casinoplus.live/images/cpms/ALL_GAME/3057/mobile/103041.webp","images/unknown__Teddy__1891.webp"
"1892","The Great Jackpot Expedition","","1969","Slots","https://cp-images.casinoplus.live/images/cpms/ALL_GAME/3057/mobile/103080.webp","images/unknown__The_Great_Jackpot_Expedition__1892.webp"
"1893","Thunder Hog Chaos Reels","","1970","Slots","https://cp-images.casinoplus.live/images/cpms/ALL_GAME/3057/mobile/103066.webp","images/unknown__Thunder_Hog_Chaos_Reels__1893.webp"
"1894","Treasure Journey: Genie`s Gold","","1971","Slots","https://cp-images.casinoplus.live/images/cpms/ALL_GAME/3057/mobile/103076.webp","images/unknown__Treasure_Journey_Genie_s_Gold__1894.webp"
"1895","Twice As Nice","","1972","Slots","https://cp-images.casinoplus.live/images/cpms/ALL_GAME/3057/mobile/103019.webp","images/unknown__Twice_As_Nice__1895.webp"
"1896","Vault Blast Hold &amp; Win","","1973","Slots","https://cp-images.casinoplus.live/images/cpms/ALL_GAME/3057/mobile/103051.webp","images/unknown__Vault_Blast_Hold_amp_Win__1896.webp"
"1897","Walrus King","","1974","Slots","https://cp-images.casinoplus.live/images/cpms/ALL_GAME/3057/mobile/103025.webp","images/unknown__Walrus_King__1897.webp"
"1898","Wild White Rhino","","1975","Slots","https://cp-images.casinoplus.live/images/cpms/ALL_GAME/3057/mobile/103085.webp","images/unknown__Wild_White_Rhino__1898.webp"
"1899","Wilfred","","1976","Slots","https://cp-images.casinoplus.live/images/cpms/ALL_GAME/3057/mobile/103039.webp","images/unknown__Wilfred__1899.webp"
"1900","Wish For A Cash Star","","1977","Slots","https://cp-images.casinoplus.live/images/cpms/ALL_GAME/3057/mobile/103070.webp","images/unknown__Wish_For_A_Cash_Star__1900.webp"
"1901","Pumpkin Smash","","1978","Slots","https://cp-images.casinoplus.live/images/cpms/ALL_GAME/3048/880159.webp","images/unknown__Pumpkin_Smash__1901.webp"
"1902","10000 BC DoubleMax","","1979","Slots","https://cp-images.casinoplus.live/images/cpms/ALL_GAME/3048/880281.webp","images/unknown__10000_BC_DoubleMax__1902.webp"
"1903","Hypernova 10K Ways","","1980","Slots","https://cp-images.casinoplus.live/images/cpms/ALL_GAME/3048/880177.webp","images/unknown__Hypernova_10K_Ways__1903.webp"
"1904","Aphrodite Goes Wild RushingWilds","","1982","Slots","https://cp-images.casinoplus.live/images/cpms/ALL_GAME/3048/880382.webp","images/unknown__Aphrodite_Goes_Wild_RushingWilds__1904.webp"
"1905","2 Sweet 4 U","","1983","Slots","https://cp-images.casinoplus.live/images/cpms/ALL_GAME/3048/880383.webp","images/unknown__2_Sweet_4_U__1905.webp"
"1906","Zeus Smash","","1984","Slots","https://cp-images.casinoplus.live/images/cpms/ALL_GAME/3057/mobile/103028.webp","images/unknown__Zeus_Smash__1906.webp"
"1907","24k Gold JailBreak","","1985","Slots","https://cp-images.casinoplus.live/images/cpms/ALL_GAME/3048/880373.webp","images/unknown__24k_Gold_JailBreak__1907.webp"
"1908","3 Lucky Leprechauns","","1986","Slots","https://cp-images.casinoplus.live/images/cpms/ALL_GAME/3048/880251.webp","images/unknown__3_Lucky_Leprechauns__1908.webp"
"1909","3 Lucky Witches","","1987","Slots","https://cp-images.casinoplus.live/images/cpms/ALL_GAME/3048/880293.webp","images/unknown__3_Lucky_Witches__1909.webp"
"1910","4 Fantastic Fish","","1988","Slots","https://cp-images.casinoplus.live/images/cpms/ALL_GAME/3048/880204.webp","images/unknown__4_Fantastic_Fish__1910.webp"
"1911","4 Fantastic Fish Gigablox","","1989","Slots","https://cp-images.casinoplus.live/images/cpms/ALL_GAME/3048/880312.webp","images/unknown__4_Fantastic_Fish_Gigablox__1911.webp"
"1912","4K Ultra Gold","","1990","Slots","https://cp-images.casinoplus.live/images/cpms/ALL_GAME/3048/880324.webp","images/unknown__4K_Ultra_Gold__1912.webp"
"1913","5 Sevens Hold And Win","","1991","Slots","https://cp-images.casinoplus.live/images/cpms/ALL_GAME/3048/880318.webp","images/unknown__5_Sevens_Hold_And_Win__1913.webp"
"1914","60 Second Heist","","1992","Slots","https://cp-images.casinoplus.live/images/cpms/ALL_GAME/3048/880195.webp","images/unknown__60_Second_Heist__1914.webp"
"1915","7 Gold Gigablox","","1993","Slots","https://cp-images.casinoplus.live/images/cpms/ALL_GAME/3048/880232.webp","images/unknown__7_Gold_Gigablox__1915.webp"
"1916","777 Volt","","1994","Slots","https://cp-images.casinoplus.live/images/cpms/ALL_GAME/3048/880362.webp","images/unknown__777_Volt__1916.webp"
"1917","7x7 Zeus","","1995","Slots","https://cp-images.casinoplus.live/images/cpms/ALL_GAME/3048/880370.webp","images/unknown__7x7_Zeus__1917.webp"
"1918","8 Balls Of Fire","","1996","Slots","https://cp-images.casinoplus.live/images/cpms/ALL_GAME/3048/880294.webp","images/unknown__8_Balls_Of_Fire__1918.webp"
"1919","90k Yeti Gigablox","","1997","Slots","https://cp-images.casinoplus.live/images/cpms/ALL_GAME/3048/880129.webp","images/unknown__90k_Yeti_Gigablox__1919.webp"
"1920","Age Of Beasts Infinity Reels","","1998","Slots","https://cp-images.casinoplus.live/images/cpms/ALL_GAME/3048/880189.webp","images/unknown__Age_Of_Beasts_Infinity_Reels__1920.webp"
"1921","Arctic Catch","","1999","Slots","https://cp-images.casinoplus.live/images/cpms/ALL_GAME/3048/880304.webp","images/unknown__Arctic_Catch__1921.webp"
"1922","Armageddon 10K Ways","","2000","Slots","https://cp-images.casinoplus.live/images/cpms/ALL_GAME/3048/880355.webp","images/unknown__Armageddon_10K_Ways__1922.webp"
"1923","ARRR! 10K Ways","","2001","Slots","https://cp-images.casinoplus.live/images/cpms/ALL_GAME/3048/880208.webp","images/unknown__ARRR_10K_Ways__1923.webp"
"1924","Arthur","","2002","Slots","https://cp-images.casinoplus.live/images/cpms/ALL_GAME/3048/880172.webp","images/unknown__Arthur__1924.webp"
"1925","Attack Of The Zombees WildEnergy","","2003","Slots","https://cp-images.casinoplus.live/images/cpms/ALL_GAME/3048/880368.webp","images/unknown__Attack_Of_The_Zombees_WildEnergy__1925.webp"
"1926","Badger Miners","","2004","Slots","https://cp-images.casinoplus.live/images/cpms/ALL_GAME/3048/880275.webp","images/unknown__Badger_Miners__1926.webp"
"1927","Bananaz 10K Ways","","2005","Slots","https://cp-images.casinoplus.live/images/cpms/ALL_GAME/3048/880144.webp","images/unknown__Bananaz_10K_Ways__1927.webp"
"1928","Beasty Blox","","2006","Slots","https://cp-images.casinoplus.live/images/cpms/ALL_GAME/3048/880272.webp","images/unknown__Beasty_Blox__1928.webp"
"1929","Big Benji Bonanza","","2007","Slots","https://cp-images.casinoplus.live/images/cpms/ALL_GAME/3048/880203.webp","images/unknown__Big_Benji_Bonanza__1929.webp"
"1930","Big Benji","","2008","Slots","https://cp-images.casinoplus.live/images/cpms/ALL_GAME/3048/880396.webp","images/unknown__Big_Benji__1930.webp"
"1931","Big Bucks Buffalo GigaBlox","","2009","Slots","https://cp-images.casinoplus.live/images/cpms/ALL_GAME/3048/880254.webp","images/unknown__Big_Bucks_Buffalo_GigaBlox__1931.webp"
"1932","Big Game Fishing TopHit","","2010","Slots","https://cp-images.casinoplus.live/images/cpms/ALL_GAME/3048/880407.webp","images/unknown__Big_Game_Fishing_TopHit__1932.webp"
"1933","Big Top Terror","","2011","Slots","https://cp-images.casinoplus.live/images/cpms/ALL_GAME/3048/880363.webp","images/unknown__Big_Top_Terror__1933.webp"
"1934","Bison Wilds DoubleMax","","2012","Slots","https://cp-images.casinoplus.live/images/cpms/ALL_GAME/3048/880376.webp","images/unknown__Bison_Wilds_DoubleMax__1934.webp"
"1935","Blood Moon Wilds","","2013","Slots","https://cp-images.casinoplus.live/images/cpms/ALL_GAME/3048/880173.webp","images/unknown__Blood_Moon_Wilds__1935.webp"
"1936","Boilin","","2014","Slots","https://cp-images.casinoplus.live/images/cpms/ALL_GAME/3048/880211.webp","images/unknown__Boilin__1936.webp"
"1937","Book Extreme","","2015","Slots","https://cp-images.casinoplus.live/images/cpms/ALL_GAME/3048/880384.webp","images/unknown__Book_Extreme__1937.webp"
"1938","Book HOTFIRE","","2016","Slots","https://cp-images.casinoplus.live/images/cpms/ALL_GAME/3048/880218.webp","images/unknown__Book_HOTFIRE__1938.webp"
"1939","Book Of Blarney Gigablox","","2017","Slots","https://cp-images.casinoplus.live/images/cpms/ALL_GAME/3048/880317.webp","images/unknown__Book_Of_Blarney_Gigablox__1939.webp"
"1940","Book Of Evil","","2018","Slots","https://cp-images.casinoplus.live/images/cpms/ALL_GAME/3048/880378.webp","images/unknown__Book_Of_Evil__1940.webp"
"1941","Bucks And Doe 10K Ways","","2019","Slots","https://cp-images.casinoplus.live/images/cpms/ALL_GAME/3048/880276.webp","images/unknown__Bucks_And_Doe_10K_Ways__1941.webp"
"1942","Bugs Money","","2020","Slots","https://cp-images.casinoplus.live/images/cpms/ALL_GAME/3048/880253.webp","images/unknown__Bugs_Money__1942.webp"
"1943","Burning Blox Gigablox","","2021","Slots","https://cp-images.casinoplus.live/images/cpms/ALL_GAME/3048/880291.webp","images/unknown__Burning_Blox_Gigablox__1943.webp"
"1944","Calavera Crush","","2022","Slots","https://cp-images.casinoplus.live/images/cpms/ALL_GAME/3048/880224.webp","images/unknown__Calavera_Crush__1944.webp"
"1945","Cazino Cosmos","","2023","Slots","https://cp-images.casinoplus.live/images/cpms/ALL_GAME/3048/880164.webp","images/unknown__Cazino_Cosmos__1945.webp"
"1946","Cazino Zeppelin Reloaded","","2024","Slots","https://cp-images.casinoplus.live/images/cpms/ALL_GAME/3048/880185.webp","images/unknown__Cazino_Zeppelin_Reloaded__1946.webp"
"1947","Champions Of Rome","","2025","Slots","https://cp-images.casinoplus.live/images/cpms/ALL_GAME/3048/880170.webp","images/unknown__Champions_Of_Rome__1947.webp"
"1948","Chilli Champions UltraHitz","","2026","Slots","https://cp-images.casinoplus.live/images/cpms/ALL_GAME/3048/880381.webp","images/unknown__Chilli_Champions_UltraHitz__1948.webp"
"1949","Christmas Plaza DoubleMax","","2027","Slots","https://cp-images.casinoplus.live/images/cpms/ALL_GAME/3048/880237.webp","images/unknown__Christmas_Plaza_DoubleMax__1949.webp"
"1950","Desperate Dawgs 2 Gigablox","","2028","Slots","https://cp-images.casinoplus.live/images/cpms/ALL_GAME/3048/880231.webp","images/unknown__Desperate_Dawgs_2_Gigablox__1950.webp"
"1951","Devour The Weak","","2029","Slots","https://cp-images.casinoplus.live/images/cpms/ALL_GAME/3048/880260.webp","images/unknown__Devour_The_Weak__1951.webp"
"1952","Diamond Miner DuoMax","","2030","Slots","https://cp-images.casinoplus.live/images/cpms/ALL_GAME/3048/880351.webp","images/unknown__Diamond_Miner_DuoMax__1952.webp"
"1953","Diamond Symphony DoubleMax","","2031","Slots","https://cp-images.casinoplus.live/images/cpms/ALL_GAME/3048/880271.webp","images/unknown__Diamond_Symphony_DoubleMax__1953.webp"
"1954","Dolphin Hot 1","","2032","Slots","https://cp-images.casinoplus.live/images/cpms/ALL_GAME/3048/880379.webp","images/unknown__Dolphin_Hot_1__1954.webp"
"1955","Double Fruit Frenzy DoubleMax","","2033","Slots","https://cp-images.casinoplus.live/images/cpms/ALL_GAME/3048/880408.webp","images/unknown__Double_Fruit_Frenzy_DoubleMax__1955.webp"
"1956","Double Lucky Mushrooms DoubleMax","","2034","Slots","https://cp-images.casinoplus.live/images/cpms/ALL_GAME/3048/880243.webp","images/unknown__Double_Lucky_Mushrooms_DoubleMax__1956.webp"
"1957","Dragon Lore Gigarise","","2035","Slots","https://cp-images.casinoplus.live/images/cpms/ALL_GAME/3048/880236.webp","images/unknown__Dragon_Lore_Gigarise__1957.webp"
"1958","Dublin Up Doublemax","","2036","Slots","https://cp-images.casinoplus.live/images/cpms/ALL_GAME/3048/880214.webp","images/unknown__Dublin_Up_Doublemax__1958.webp"
"1959","E-Force","","2037","Slots","https://cp-images.casinoplus.live/images/cpms/ALL_GAME/3048/880255.webp","images/unknown__E-Force__1959.webp"
"1960","Easter Island","","2038","Slots","https://cp-images.casinoplus.live/images/cpms/ALL_GAME/3048/880135.webp","images/unknown__Easter_Island__1960.webp"
"1961","Excalibur Vs GigaBlox","","2039","Slots","https://cp-images.casinoplus.live/images/cpms/ALL_GAME/3048/880300.webp","images/unknown__Excalibur_Vs_GigaBlox__1961.webp"
"1962","Eye Of Persia 2","","2040","Slots","https://cp-images.casinoplus.live/images/cpms/ALL_GAME/3048/880209.webp","images/unknown__Eye_Of_Persia_2__1962.webp"
"1963","Fast Fruits Doublemax","","2041","Slots","https://cp-images.casinoplus.live/images/cpms/ALL_GAME/3048/880277.webp","images/unknown__Fast_Fruits_Doublemax__1963.webp"
"1964","Fatz","","2042","Slots","https://cp-images.casinoplus.live/images/cpms/ALL_GAME/3048/880290.webp","images/unknown__Fatz__1964.webp"
"1965","Festival 10K Ways","","2043","Slots","https://cp-images.casinoplus.live/images/cpms/ALL_GAME/3048/880242.webp","images/unknown__Festival_10K_Ways__1965.webp"
"1966","Firekick! Multimax","","2044","Slots","https://cp-images.casinoplus.live/images/cpms/ALL_GAME/3048/880234.webp","images/unknown__Firekick_Multimax__1966.webp"
"1967","Fruit Combinator","","2045","Slots","https://cp-images.casinoplus.live/images/cpms/ALL_GAME/3048/880265.webp","images/unknown__Fruit_Combinator__1967.webp"
"1968","Fury Of Hyde Megaways","","2046","Slots","https://cp-images.casinoplus.live/images/cpms/ALL_GAME/3048/880249.webp","images/unknown__Fury_Of_Hyde_Megaways__1968.webp"
"1969","Gates Of Thunder","","2047","Slots","https://cp-images.casinoplus.live/images/cpms/ALL_GAME/3048/880375.webp","images/unknown__Gates_Of_Thunder__1969.webp"
"1970","Gem Rocks","","2048","Slots","https://cp-images.casinoplus.live/images/cpms/ALL_GAME/3048/880158.webp","images/unknown__Gem_Rocks__1970.webp"
"1971","Gems Infinity Reels","","2049","Slots","https://cp-images.casinoplus.live/images/cpms/ALL_GAME/3048/880184.webp","images/unknown__Gems_Infinity_Reels__1971.webp"
"1972","Giga Bass Gigablox","","2050","Slots","https://cp-images.casinoplus.live/images/cpms/ALL_GAME/3048/880404.webp","images/unknown__Giga_Bass_Gigablox__1972.webp"
"1973","GigaGong GigaBlox","","2051","Slots","https://cp-images.casinoplus.live/images/cpms/ALL_GAME/3048/880286.webp","images/unknown__GigaGong_GigaBlox__1973.webp"
"1974","Giganimals GigaBlox","","2052","Slots","https://cp-images.casinoplus.live/images/cpms/ALL_GAME/3048/880257.webp","images/unknown__Giganimals_GigaBlox__1974.webp"
"1975","Goblin","","2053","Slots","https://cp-images.casinoplus.live/images/cpms/ALL_GAME/3048/880349.webp","images/unknown__Goblin__1975.webp"
"1976","Gods Vs Gigablox","","2054","Slots","https://cp-images.casinoplus.live/images/cpms/ALL_GAME/3048/880238.webp","images/unknown__Gods_Vs_Gigablox__1976.webp"
"1977","Gold Fever","","2055","Slots","https://cp-images.casinoplus.live/images/cpms/ALL_GAME/3048/880256.webp","images/unknown__Gold_Fever__1977.webp"
"1978","Golden Donkey Xmas","","2056","Slots","https://cp-images.casinoplus.live/images/cpms/ALL_GAME/3048/880395.webp","images/unknown__Golden_Donkey_Xmas__1978.webp"
"1979","Golden Fish Tank","","2057","Slots","https://cp-images.casinoplus.live/images/cpms/ALL_GAME/3048/880175.webp","images/unknown__Golden_Fish_Tank__1979.webp"
"1980","Golden Fish Tank 2 Gigablox","","2058","Slots","https://cp-images.casinoplus.live/images/cpms/ALL_GAME/3048/880103.webp","images/unknown__Golden_Fish_Tank_2_Gigablox__1980.webp"
"1981","Hades","","2059","Slots","https://cp-images.casinoplus.live/images/cpms/ALL_GAME/3048/880154.webp","images/unknown__Hades__1981.webp"
"1982","Hell","","2060","Slots","https://cp-images.casinoplus.live/images/cpms/ALL_GAME/3048/880359.webp","images/unknown__Hell__1982.webp"
"1983","Hells Hogs","","2061","Slots","https://cp-images.casinoplus.live/images/cpms/ALL_GAME/3048/880201.webp","images/unknown__Hells_Hogs__1983.webp"
"1984","Hercules 10K Ways","","2062","Slots","https://cp-images.casinoplus.live/images/cpms/ALL_GAME/3048/880287.webp","images/unknown__Hercules_10K_Ways__1984.webp"
"1985","Hidden Egypt DoubleMax","","2063","Slots","https://cp-images.casinoplus.live/images/cpms/ALL_GAME/3048/880326.webp","images/unknown__Hidden_Egypt_DoubleMax__1985.webp"
"1986","Hillbilly Vegas","","2064","Slots","https://cp-images.casinoplus.live/images/cpms/ALL_GAME/3048/880222.webp","images/unknown__Hillbilly_Vegas__1986.webp"
"1987","Hyper Respins","","2065","Slots","https://cp-images.casinoplus.live/images/cpms/ALL_GAME/3048/880258.webp","images/unknown__Hyper_Respins__1987.webp"
"1988","Jekyllz Wild UltraNudge","","2067","Slots","https://cp-images.casinoplus.live/images/cpms/ALL_GAME/3048/880226.webp","images/unknown__Jekyllz_Wild_UltraNudge__1988.webp"
"1989","Jellycious","","2068","Slots","https://cp-images.casinoplus.live/images/cpms/ALL_GAME/3048/880372.webp","images/unknown__Jellycious__1989.webp"
"1990","Jokrz Wild UltraNudge","","2069","Slots","https://cp-images.casinoplus.live/images/cpms/ALL_GAME/3048/880197.webp","images/unknown__Jokrz_Wild_UltraNudge__1990.webp"
"1991","Juiced Duomax","","2070","Slots","https://cp-images.casinoplus.live/images/cpms/ALL_GAME/3048/880297.webp","images/unknown__Juiced_Duomax__1991.webp"
"1992","Jumbo Jellies","","2071","Slots","https://cp-images.casinoplus.live/images/cpms/ALL_GAME/3048/880188.webp","images/unknown__Jumbo_Jellies__1992.webp"
"1993","King Arthur 10K Ways","","2072","Slots","https://cp-images.casinoplus.live/images/cpms/ALL_GAME/3048/880309.webp","images/unknown__King_Arthur_10K_Ways__1993.webp"
"1994","Lady Merlin Multimax","","2073","Slots","https://cp-images.casinoplus.live/images/cpms/ALL_GAME/3048/880246.webp","images/unknown__Lady_Merlin_Multimax__1994.webp"
"1995","Legend Of Dragon Wins","","2074","Slots","https://cp-images.casinoplus.live/images/cpms/ALL_GAME/3048/880305.webp","images/unknown__Legend_Of_Dragon_Wins__1995.webp"
"1996","Lions Gigablox","","2075","Slots","https://cp-images.casinoplus.live/images/cpms/ALL_GAME/3048/880365.webp","images/unknown__Lions_Gigablox__1996.webp"
"1997","Lollipop Drop MultiMax","","2076","Slots","https://cp-images.casinoplus.live/images/cpms/ALL_GAME/3048/880393.webp","images/unknown__Lollipop_Drop_MultiMax__1997.webp"
"1998","Mayan Temple Riches","","2077","Slots","https://cp-images.casinoplus.live/images/cpms/ALL_GAME/3048/880369.webp","images/unknown__Mayan_Temple_Riches__1998.webp"
"1999","Mega Cash Stacks","","2078","Slots","https://cp-images.casinoplus.live/images/cpms/ALL_GAME/3048/880219.webp","images/unknown__Mega_Cash_Stacks__1999.webp"
"2000","Mega Pearl Gigablox","","2079","Slots","https://cp-images.casinoplus.live/images/cpms/ALL_GAME/3048/880206.webp","images/unknown__Mega_Pearl_Gigablox__2000.webp"
"2001","MexoMax! Multimax","","2080","Slots","https://cp-images.casinoplus.live/images/cpms/ALL_GAME/3048/880213.webp","images/unknown__MexoMax_Multimax__2001.webp"
"2002","Money Mariachi Infinity Reels","","2081","Slots","https://cp-images.casinoplus.live/images/cpms/ALL_GAME/3048/880190.webp","images/unknown__Money_Mariachi_Infinity_Reels__2002.webp"
"2003","Monkeys Go Bananas","","2082","Slots","https://cp-images.casinoplus.live/images/cpms/ALL_GAME/3048/880352.webp","images/unknown__Monkeys_Go_Bananas__2003.webp"
"2004","Multifly!","","2083","Slots","https://cp-images.casinoplus.live/images/cpms/ALL_GAME/3048/880151.webp","images/unknown__Multifly__2004.webp"
"2005","Mutant Trawlers","","2084","Slots","https://cp-images.casinoplus.live/images/cpms/ALL_GAME/3048/880350.webp","images/unknown__Mutant_Trawlers__2005.webp"
"2006","Mystic Magic","","2085","Slots","https://cp-images.casinoplus.live/images/cpms/ALL_GAME/3048/880377.webp","images/unknown__Mystic_Magic__2006.webp"
"2007","Neon Villains DoubleMax","","2086","Slots","https://cp-images.casinoplus.live/images/cpms/ALL_GAME/3048/880244.webp","images/unknown__Neon_Villains_DoubleMax__2007.webp"
"2008","Nice Catch 2","","2087","Slots","https://cp-images.casinoplus.live/images/cpms/ALL_GAME/3048/880308.webp","images/unknown__Nice_Catch_2__2008.webp"
"2009","Nice Catch Doublemax","","2088","Slots","https://cp-images.casinoplus.live/images/cpms/ALL_GAME/3048/880262.webp","images/unknown__Nice_Catch_Doublemax__2009.webp"
"2010","Notre-Dame Tales","","2089","Slots","https://cp-images.casinoplus.live/images/cpms/ALL_GAME/3048/880278.webp","images/unknown__Notre-Dame_Tales__2010.webp"
"2011","Odin Lightning Blitz","","2090","Slots","https://cp-images.casinoplus.live/images/cpms/ALL_GAME/3048/880374.webp","images/unknown__Odin_Lightning_Blitz__2011.webp"
"2012","Of Sabers And Monsters Wild Fight","","2091","Slots","https://cp-images.casinoplus.live/images/cpms/ALL_GAME/3048/880217.webp","images/unknown__Of_Sabers_And_Monsters_Wild_Fight__2012.webp"
"2013","Orca","","2092","Slots","https://cp-images.casinoplus.live/images/cpms/ALL_GAME/3048/880268.webp","images/unknown__Orca__2013.webp"
"2014","Professor Clanks Combinator","","2094","Slots","https://cp-images.casinoplus.live/images/cpms/ALL_GAME/3048/880210.webp","images/unknown__Professor_Clanks_Combinator__2014.webp"
"2015","Purrfect Potions","","2095","Slots","https://cp-images.casinoplus.live/images/cpms/ALL_GAME/3048/880261.webp","images/unknown__Purrfect_Potions__2015.webp"
"2016","Pushy Cats","","2096","Slots","https://cp-images.casinoplus.live/images/cpms/ALL_GAME/3048/880120.webp","images/unknown__Pushy_Cats__2016.webp"
"2017","RagnaRavens","","2097","Slots","https://cp-images.casinoplus.live/images/cpms/ALL_GAME/3048/880310.webp","images/unknown__RagnaRavens__2017.webp"
"2018","Ragnawolves","","2098","Slots","https://cp-images.casinoplus.live/images/cpms/ALL_GAME/3048/880267.webp","images/unknown__Ragnawolves__2018.webp"
"2019","Rainbow Power Potz UltraNudge","","2099","Slots","https://cp-images.casinoplus.live/images/cpms/ALL_GAME/3048/880239.webp","images/unknown__Rainbow_Power_Potz_UltraNudge__2019.webp"
"2020","Rainbow Ryan 2","","2100","Slots","https://cp-images.casinoplus.live/images/cpms/ALL_GAME/3048/880316.webp","images/unknown__Rainbow_Ryan_2__2020.webp"
"2021","Ramses Retro","","2101","Slots","https://cp-images.casinoplus.live/images/cpms/ALL_GAME/3048/880392.webp","images/unknown__Ramses_Retro__2021.webp"
"2022","Raptor Doublemax","","2102","Slots","https://cp-images.casinoplus.live/images/cpms/ALL_GAME/3048/880102.webp","images/unknown__Raptor_Doublemax__2022.webp"
"2023","Riches Of Olympus","","2103","Slots","https://cp-images.casinoplus.live/images/cpms/ALL_GAME/3048/880387.webp","images/unknown__Riches_Of_Olympus__2023.webp"
"2024","Roamin","","2104","Slots","https://cp-images.casinoplus.live/images/cpms/ALL_GAME/3048/880282.webp","images/unknown__Roamin__2024.webp"
"2025","Rock Star Santa","","2105","Slots","https://cp-images.casinoplus.live/images/cpms/ALL_GAME/3048/880302.webp","images/unknown__Rock_Star_Santa__2025.webp"
"2026","Sahara Nights","","2106","Slots","https://cp-images.casinoplus.live/images/cpms/ALL_GAME/3048/880169.webp","images/unknown__Sahara_Nights__2026.webp"
"2027","Secret Of Anubis DoubleMax","","2107","Slots","https://cp-images.casinoplus.live/images/cpms/ALL_GAME/3048/880303.webp","images/unknown__Secret_Of_Anubis_DoubleMax__2027.webp"
"2028","Secret Riches Of The Irish","","2108","Slots","https://cp-images.casinoplus.live/images/cpms/ALL_GAME/3048/880356.webp","images/unknown__Secret_Riches_Of_The_Irish__2028.webp"
"2029","Shaker Club","","2109","Slots","https://cp-images.casinoplus.live/images/cpms/ALL_GAME/3048/880280.webp","images/unknown__Shaker_Club__2029.webp"
"2030","Shipwrecked","","2110","Slots","https://cp-images.casinoplus.live/images/cpms/ALL_GAME/3048/880386.webp","images/unknown__Shipwrecked__2030.webp"
"2031","Sidewinder DoubleMax","","2111","Slots","https://cp-images.casinoplus.live/images/cpms/ALL_GAME/3048/880307.webp","images/unknown__Sidewinder_DoubleMax__2031.webp"
"2032","Silver","","2112","Slots","https://cp-images.casinoplus.live/images/cpms/ALL_GAME/3048/880385.webp","images/unknown__Silver__2032.webp"
"2033","Skylantis 2","","2113","Slots","https://cp-images.casinoplus.live/images/cpms/ALL_GAME/3048/880315.webp","images/unknown__Skylantis_2__2033.webp"
"2034","Spina Colada","","2114","Slots","https://cp-images.casinoplus.live/images/cpms/ALL_GAME/3048/880130.webp","images/unknown__Spina_Colada__2034.webp"
"2035","Starfire Fortunes Tophit","","2115","Slots","https://cp-images.casinoplus.live/images/cpms/ALL_GAME/3048/880273.webp","images/unknown__Starfire_Fortunes_Tophit__2035.webp"
"2036","Sugar Bomb MultiBoost","","2116","Slots","https://cp-images.casinoplus.live/images/cpms/ALL_GAME/3048/880322.webp","images/unknown__Sugar_Bomb_MultiBoost__2036.webp"
"2037","Sunny Shores","","2117","Slots","https://cp-images.casinoplus.live/images/cpms/ALL_GAME/3048/880156.webp","images/unknown__Sunny_Shores__2037.webp"
"2038","Super Cash Drop Giga Blox","","2118","Slots","https://cp-images.casinoplus.live/images/cpms/ALL_GAME/3048/880192.webp","images/unknown__Super_Cash_Drop_Giga_Blox__2038.webp"
"2039","Syncronite","","2119","Slots","https://cp-images.casinoplus.live/images/cpms/ALL_GAME/3048/880171.webp","images/unknown__Syncronite__2039.webp"
"2040","Tempered Steel","","2120","Slots","https://cp-images.casinoplus.live/images/cpms/ALL_GAME/3048/880199.webp","images/unknown__Tempered_Steel__2040.webp"
"2041","The One Armed Bandit","","2121","Slots","https://cp-images.casinoplus.live/images/cpms/ALL_GAME/3048/880165.webp","images/unknown__The_One_Armed_Bandit__2041.webp"
"2042","The Runemakers DoubleMax","","2122","Slots","https://cp-images.casinoplus.live/images/cpms/ALL_GAME/3048/880314.webp","images/unknown__The_Runemakers_DoubleMax__2042.webp"
"2043","Towering Pays Excalibur","","2124","Slots","https://cp-images.casinoplus.live/images/cpms/ALL_GAME/3048/880145.webp","images/unknown__Towering_Pays_Excalibur__2043.webp"
"2044","Tumble In The Jungle Wild Fight","","2125","Slots","https://cp-images.casinoplus.live/images/cpms/ALL_GAME/3048/880323.webp","images/unknown__Tumble_In_The_Jungle_Wild_Fight__2044.webp"
"2045","Valley Of The Gods 2","","2126","Slots","https://cp-images.casinoplus.live/images/cpms/ALL_GAME/3048/880150.webp","images/unknown__Valley_Of_The_Gods_2__2045.webp"
"2046","Vampire Riches","","2127","Slots","https://cp-images.casinoplus.live/images/cpms/ALL_GAME/3048/880292.webp","images/unknown__Vampire_Riches__2046.webp"
"2047","Vault Of Fortune","","2128","Slots","https://cp-images.casinoplus.live/images/cpms/ALL_GAME/3048/880088.webp","images/unknown__Vault_Of_Fortune__2047.webp"
"2048","Vikings Go Berzerk: Reloaded","","2129","Slots","https://cp-images.casinoplus.live/images/cpms/ALL_GAME/3048/880179.webp","images/unknown__Vikings_Go_Berzerk_Reloaded__2048.webp"
"2049","Vikings Go To Egypt","","2130","Slots","https://cp-images.casinoplus.live/images/cpms/ALL_GAME/3048/880357.webp","images/unknown__Vikings_Go_To_Egypt__2049.webp"
"2050","Vikings Go To Hell","","2131","Slots","https://cp-images.casinoplus.live/images/cpms/ALL_GAME/3048/880146.webp","images/unknown__Vikings_Go_To_Hell__2050.webp"
"2051","Vikings Go To Valhalla","","2132","Slots","https://cp-images.casinoplus.live/images/cpms/ALL_GAME/3048/880098.webp","images/unknown__Vikings_Go_To_Valhalla__2051.webp"
"2052","Wild Fishin","","2133","Slots","https://cp-images.casinoplus.live/images/cpms/ALL_GAME/3048/880229.webp","images/unknown__Wild_Fishin__2052.webp"
"2053","Wild Storm Legionnaire","","2134","Slots","https://cp-images.casinoplus.live/images/cpms/ALL_GAME/3048/880361.webp","images/unknown__Wild_Storm_Legionnaire__2053.webp"
"2054","Year Of Olympia","","2135","Slots","https://cp-images.casinoplus.live/images/cpms/ALL_GAME/3048/880354.webp","images/unknown__Year_Of_Olympia__2054.webp"
"2055","Jeepney Rush","","2136","High Cash Rebate|Slots","https://cp-images.casinoplus.live/images/cpms/26-07/3039_slot007_h5_260701203151.webp","images/unknown__Jeepney_Rush__2055.webp"
"2056","Rise Of The Sun God","","2137","High Cash Rebate|Slots","https://cp-images.casinoplus.live/images/cpms/26-07/3034_101_h5_260701191602.webp","images/unknown__Rise_Of_The_Sun_God__2056.webp"
"2057","Mr Hallow-Jackpot!","PG","2138","Slots","https://cp-images.casinoplus.live/images/cpms/pg/h5/35_v2.webp","images/PG__Mr_Hallow-Jackpot__2057.webp"
"2058","Kapre","","2139","High Cash Rebate|Slots","https://cp-images.casinoplus.live/images/cpms/26-07/3050_zhumeng007_h5_260701194101.webp","images/unknown__Kapre__2058.webp"
"2059","Dragon Gems Wheel","","2140","High Cash Rebate|Slots","https://cp-images.casinoplus.live/images/cpms/26-07/3089_1051_h5_260701202404.webp","images/unknown__Dragon_Gems_Wheel__2059.webp"
"2060","Tongits Plus","","2141","Live|Poker","https://cp-images.casinoplus.live/images/cpms/ALL_GAME/3067/4.webp","images/unknown__Tongits_Plus__2060.webp"
"2061","Min ₱20 Dragon Tiger","","2143","Live","https://cp-images.casinoplus.live/images/cpms/ALL_GAME/185/PC_168x214.webp","images/unknown__Min_20_Dragon_Tiger__2061.webp"
"2062","Sweet Rush Bonanza","PP","2144","Slots","https://cp-images.casinoplus.live/images/cpms/pp/mobile/vs20swrbon.webp","images/PP__Sweet_Rush_Bonanza__2062.webp"
"2063","Fortune Ace Super Scatter","PP","2145","Slots","https://cp-images.casinoplus.live/images/cpms/pp/mobile/vswaysfortsup.webp","images/PP__Fortune_Ace_Super_Scatter__2063.webp"
"2064","Rising Rockets","","2146","Slot Machines","https://cp-images.casinoplus.live/images/cpms/ALL_GAME/170/osm23.webp","images/unknown__Rising_Rockets__2064.webp"
"2065","PacMan Super Ace","JILI","2147","Slots","https://cp-images.casinoplus.live/images/cpms/jili/mobile/557_v2.webp","images/JILI__PacMan_Super_Ace__2065.webp"
"2066","PacMan Boxing King","JILI","2148","Slots","https://cp-images.casinoplus.live/images/cpms/jili/mobile/751_v2.webp","images/JILI__PacMan_Boxing_King__2066.webp"
"2067","Perya Super Color Game","EGS","2149","Perya","https://cp-images.casinoplus.live/images/cpms/egs/mobile/supercolorgame02.webp","images/EGS__Perya_Super_Color_Game__2067.webp"
"2068","Lucky Elephant X-Huge","JDB","2151","Slots","https://cp-images.casinoplus.live/images/cpms/jdb/mobile/0_14096.webp","images/JDB__Lucky_Elephant_X-Huge__2068.webp"
"2069","Jackpot Joker Fever","JILI","2152","Slots","https://cp-images.casinoplus.live/images/cpms/jili/mobile/605.webp","images/JILI__Jackpot_Joker_Fever__2069.webp"
"2070","Sweet Magic","JILI","2153","Slots","https://cp-images.casinoplus.live/images/cpms/jili/mobile/394.webp","images/JILI__Sweet_Magic__2070.webp"
"2071","Fortune Coins 2","","2154","High Cash Rebate|Slots","https://cp-images.casinoplus.live/images/cpms/26-07/3001_573_h5_260701201858.webp","images/unknown__Fortune_Coins_2__2071.webp"
"2072","Crazy777 2","JILI","2155","Slots","https://cp-images.casinoplus.live/images/cpms/jili/mobile/504.webp","images/JILI__Crazy777_2__2072.webp"
"2073","Vampy Party","PP","2156","Slots","https://cp-images.casinoplus.live/images/cpms/pp/mobile/vswayswbounty.webp","images/PP__Vampy_Party__2073.webp"
"2074","Spaceman","PP","2157","Slots","https://cp-images.casinoplus.live/images/cpms/pp/mobile/1301.webp","images/PP__Spaceman__2074.webp"
"2075","Big Bass Crash","PP","2158","Slots","https://cp-images.casinoplus.live/images/cpms/pp/mobile/1320.webp","images/PP__Big_Bass_Crash__2075.webp"
"2076","Yeti Quest","PP","2159","Slots","https://cp-images.casinoplus.live/images/cpms/pp/mobile/vs20mesmult.webp","images/PP__Yeti_Quest__2076.webp"
"2077","Dwarf &amp; Dragon","PP","2160","Slots","https://cp-images.casinoplus.live/images/cpms/pp/mobile/vswaysspltsym.webp","images/PP__Dwarf_amp_Dragon__2077.webp"
"2078","Joker’s Jewels Wild","PP","2161","Slots","https://cp-images.casinoplus.live/images/cpms/pp/mobile/vs5jjwild.webp","images/PP__Joker_s_Jewels_Wild__2078.webp"
"2079","Fortune Treasure","","2164","Slots","https://cp-images.casinoplus.live/images/cpms/ALL_GAME/3089/h5/1003.webp","images/unknown__Fortune_Treasure__2079.webp"
"2080","Light of Apollo","","2165","Slots","https://cp-images.casinoplus.live/images/cpms/ALL_GAME/3089/h5/1047.webp","images/unknown__Light_of_Apollo__2080.webp"
"2081","Pirate Legends","","2166","Slots","https://cp-images.casinoplus.live/images/cpms/ALL_GAME/3089/h5/1048.webp","images/unknown__Pirate_Legends__2081.webp"
"2082","Magical Alchemist","","2167","High Cash Rebate|Slots","https://cp-images.casinoplus.live/images/cpms/26-07/3089_1049_h5_260701202259.webp","images/unknown__Magical_Alchemist__2082.webp"
"2083","Dragon Gems Super Buy","","2168","Slots","https://cp-images.casinoplus.live/images/cpms/ALL_GAME/3089/h5/1052.webp","images/unknown__Dragon_Gems_Super_Buy__2083.webp"
"2084","Ocean Phoenix","","2169","Slots","https://cp-images.casinoplus.live/images/cpms/ALL_GAME/3089/h5/2001.webp","images/unknown__Ocean_Phoenix__2084.webp"
"2085","Money Blast","","2170","Slots","https://cp-images.casinoplus.live/images/cpms/ALL_GAME/3089/h5/4003.webp","images/unknown__Money_Blast__2085.webp"
"2086","Diamond Mines","","2171","Slots","https://cp-images.casinoplus.live/images/cpms/ALL_GAME/3089/h5/4002.webp","images/unknown__Diamond_Mines__2086.webp"
"2087","Crazy Color","","2172","Slots","https://cp-images.casinoplus.live/images/cpms/ALL_GAME/3089/h5/4001.webp","images/unknown__Crazy_Color__2087.webp"
"2088","Fortune X Ace","","2173","Slots","https://cp-images.casinoplus.live/images/cpms/ALL_GAME/3089/h5/1053.webp","images/unknown__Fortune_X_Ace__2088.webp"
"2089","The Guard","","2174","Slots","https://cp-images.casinoplus.live/images/cpms/ALL_GAME/3083/EG-SLOT-A003.webp","images/unknown__The_Guard__2089.webp"
"2090","Dragon &amp; Tiger","","2175","Slots","https://cp-images.casinoplus.live/images/cpms/ALL_GAME/3083/EG-SLOT-A004.webp","images/unknown__Dragon_amp_Tiger__2090.webp"
"2091","Red Chamber","","2176","Slots","https://cp-images.casinoplus.live/images/cpms/ALL_GAME/3083/EG-SLOT-A008.webp","images/unknown__Red_Chamber__2091.webp"
"2092","Red Dragon","","2177","Slots","https://cp-images.casinoplus.live/images/cpms/ALL_GAME/3083/EG-SLOT-A011.webp","images/unknown__Red_Dragon__2092.webp"
"2093","Baccarat Deluxe","PG","2178","Slots","https://cp-images.casinoplus.live/images/cpms/pg/h5/31.webp","images/PG__Baccarat_Deluxe__2093.webp"
"2094","Poker King","JILI","2180","Slots","https://cp-images.casinoplus.live/images/cpms/jili/mobile/113.webp","images/JILI__Poker_King__2094.webp"
"2095","Win Drop","JILI","2182","Slots","https://cp-images.casinoplus.live/images/cpms/jili/mobile/179.webp","images/JILI__Win_Drop__2095.webp"
"2096","Lucky 9","FC","2184","Slots","https://cp-images.casinoplus.live/images/cpms/fc/mobile/n28001.webp","images/FC__Lucky_9__2096.webp"
"2097","Super Color Game","FC","2185","Slots","https://cp-images.casinoplus.live/images/cpms/fc/mobile/n27007.webp","images/FC__Super_Color_Game__2097.webp"
"2098","Bikini Chaser","","2187","Slots","https://cp-images.casinoplus.live/images/cpms/ALL_GAME/3083/EG-SLOT-A013.webp","images/unknown__Bikini_Chaser__2098.webp"
"2099","North South Lions","","2188","Slots","https://cp-images.casinoplus.live/images/cpms/ALL_GAME/3083/EG-SLOT-A017.webp","images/unknown__North_South_Lions__2099.webp"
"2100","Cheung Po Tsai","","2189","Slots","https://cp-images.casinoplus.live/images/cpms/ALL_GAME/3083/EG-SLOT-A018.webp","images/unknown__Cheung_Po_Tsai__2100.webp"
"2101","Golden Chicken","","2190","Slots","https://cp-images.casinoplus.live/images/cpms/ALL_GAME/3083/EG-SLOT-A020.webp","images/unknown__Golden_Chicken__2101.webp"
"2102","Prosperity Tree","","2191","Slots","https://cp-images.casinoplus.live/images/cpms/ALL_GAME/3083/EG-SLOT-A023.webp","images/unknown__Prosperity_Tree__2102.webp"
"2103","The Masked Prince","","2192","Slots","https://cp-images.casinoplus.live/images/cpms/ALL_GAME/3083/EG-SLOT-A032.webp","images/unknown__The_Masked_Prince__2103.webp"
"2104","Sparta","","2193","Slots","https://cp-images.casinoplus.live/images/cpms/ALL_GAME/3083/EG-SLOT-A038.webp","images/unknown__Sparta__2104.webp"
"2105","Vanessa","","2194","Slots","https://cp-images.casinoplus.live/images/cpms/ALL_GAME/3083/EG-SLOT-A046.webp","images/unknown__Vanessa__2105.webp"
"2106","Chang Thai","","2195","Slots","https://cp-images.casinoplus.live/images/cpms/ALL_GAME/3083/EG-SLOT-A047.webp","images/unknown__Chang_Thai__2106.webp"
"2107","Myth of Phoenix","","2196","Slots","https://cp-images.casinoplus.live/images/cpms/ALL_GAME/3083/EG-SLOT-A049.webp","images/unknown__Myth_of_Phoenix__2107.webp"
"2108","Songkran Party","","2197","Slots","https://cp-images.casinoplus.live/images/cpms/ALL_GAME/3083/EG-SLOT-A054.webp","images/unknown__Songkran_Party__2108.webp"
"2109","Doggie Star","","2198","Slots","https://cp-images.casinoplus.live/images/cpms/ALL_GAME/3083/EG-SLOT-A056.webp","images/unknown__Doggie_Star__2109.webp"
"2110","Angels &amp; Demons","","2199","Slots","https://cp-images.casinoplus.live/images/cpms/ALL_GAME/3083/EG-SLOT-S005.webp","images/unknown__Angels_amp_Demons__2110.webp"
"2111","Zombie Hunter","","2200","Slots","https://cp-images.casinoplus.live/images/cpms/ALL_GAME/3083/EG-SLOT-S007.webp","images/unknown__Zombie_Hunter__2111.webp"
"2112","Cage Fight","","2201","Slots","https://cp-images.casinoplus.live/images/cpms/ALL_GAME/3083/EG-SLOT-S008.webp","images/unknown__Cage_Fight__2112.webp"
"2113","Super Tiger Baccarat","","2202","EVOCASHREBATE|Live","https://cp-images.casinoplus.live/images/cpms/26-05/4186_ELV810_h5_260521172335.webp","images/unknown__Super_Tiger_Baccarat__2113.webp"
"2114","Kanto Feast","","2203","Slots","https://cp-images.casinoplus.live/images/cpms/26-05/3039_slot009_h5_260525180302.webp","images/unknown__Kanto_Feast__2114.webp"
"2115","Pacman Fortune Gems","JILI","2205","Slots","https://cp-images.casinoplus.live/images/cpms/jili/mobile/560.webp","images/JILI__Pacman_Fortune_Gems__2115.webp"
"2116","Sugar Rush Super Scatter","","2206","High Cash Rebate|Slots","https://cp-images.casinoplus.live/images/cpms/26-07/3031_vs20sugrushss_h5_260701200639.webp","images/unknown__Sugar_Rush_Super_Scatter__2116.webp"
"2117","Starlight Princess Super Scatter","PP","2208","Slots","https://cp-images.casinoplus.live/images/cpms/pp/mobile/vs20starprss.webp","images/PP__Starlight_Princess_Super_Scatter__2117.webp"
"2118","Gem Trio","PP","2210","Slots","https://cp-images.casinoplus.live/images/cpms/pp/mobile/vs9gemtrio.webp","images/PP__Gem_Trio__2118.webp"
"2119","Chilli Heat Spicy Spins","PP","2211","Slots","https://cp-images.casinoplus.live/images/cpms/pp/mobile/vs10chillihmr.webp","images/PP__Chilli_Heat_Spicy_Spins__2119.webp"
"2120","You Can Piggy Bank On It","PP","2212","","https://cp-images.casinoplus.live/images/cpms/pp/mobile/vs10piggybank.webp","images/PP__You_Can_Piggy_Bank_On_It__2120.webp"
"2121","Club Tropicana – Happy Hour","PP","2213","","https://cp-images.casinoplus.live/images/cpms/pp/mobile/vs12trpcnhour.webp","images/PP__Club_Tropicana_Happy_Hour__2121.webp"
"2122","Hoops Legends","","2214","Slots","https://cp-images.casinoplus.live/images/cpms/26-05/3039_slot004_h5_260519210651.webp","images/unknown__Hoops_Legends__2122.webp"
"2123","Texas Poker","","2215","Live|Poker","https://cp-images.casinoplus.live/images/cpms/ALL_GAME/3021/h5/7_h5.webp","images/unknown__Texas_Poker__2123.webp"
"2124","Mangkukulam","","2216","High Cash Rebate|Slots","https://cp-images.casinoplus.live/images/cpms/26-07/3050_zhumeng008_h5_260701193917.webp","images/unknown__Mangkukulam__2124.webp"
"2125","Hiyas Gems","","2217","Slots","https://cp-images.casinoplus.live/images/cpms/ALL_GAME/3081/PSS-ON-00165.webp","images/unknown__Hiyas_Gems__2125.webp"
"2126","Super Gems","","2218","Slots","https://cp-images.casinoplus.live/images/cpms/ALL_GAME/3081/PSS-ON-00166.webp","images/unknown__Super_Gems__2126.webp"
"2127","Crazy Time A","EGS","2219","Perya","https://cp-images.casinoplus.live/images/cpms/egs/mobile/CrazyTime0000002.webp","images/EGS__Crazy_Time_A__2127.webp"
"2128","Power Of Merlin Megaways","PP","2220","Slots","https://cp-images.casinoplus.live/images/cpms/pp/mobile/vswayspowzeus.webp","images/PP__Power_Of_Merlin_Megaways__2128.webp"
"2129","Go Go Rise","FC","2221","Slots","https://cp-images.casinoplus.live/images/cpms/fc/mobile/n27008.webp","images/FC__Go_Go_Rise__2129.webp"
"2130","Blackjack Fortune Vip","EGS","2223","Live","https://cp-images.casinoplus.live/images/cpms/egs/mobile/ejx1a04w4ben0mou.webp","images/EGS__Blackjack_Fortune_Vip__2130.webp"
"2131","Blackjack Platinum Vip","EGS","2224","Live","https://cp-images.casinoplus.live/images/cpms/egs/mobile/h463tlq1rhl1lfr2.webp","images/EGS__Blackjack_Platinum_Vip__2131.webp"
"2132","786 SLOT","","2225","","https://cp-images.casinoplus.live/images/cpms/ALL_GAME/3103/270.webp","images/unknown__786_SLOT__2132.webp"
"2133","Boom Bird","","2226","Slots","https://cp-images.casinoplus.live/images/cpms/ALL_GAME/3121/103.webp","images/unknown__Boom_Bird__2133.webp"
"2134","Dancing Drums","","2227","","https://cp-images.casinoplus.live/images/cpms/ALL_GAME/3103/275.webp","images/unknown__Dancing_Drums__2134.webp"
"2135","Boom Fishing","","2228","Slots|Fishing","https://cp-images.casinoplus.live/images/cpms/ALL_GAME/3121/102.webp","images/unknown__Boom_Fishing__2135.webp"
"2136","The Eden Throne","","2229","","https://cp-images.casinoplus.live/images/cpms/ALL_GAME/3103/286.webp","images/unknown__The_Eden_Throne__2136.webp"
"2137","Captain Whale","","2230","Slots","https://cp-images.casinoplus.live/images/cpms/ALL_GAME/3121/100.webp","images/unknown__Captain_Whale__2137.webp"
"2138","JP Mahjong","","2231","","https://cp-images.casinoplus.live/images/cpms/ALL_GAME/3103/268.webp","images/unknown__JP_Mahjong__2138.webp"
"2139","Cash Maker 3","","2232","Slots","https://cp-images.casinoplus.live/images/cpms/ALL_GAME/3121/107.webp","images/unknown__Cash_Maker_3__2139.webp"
"2140","Money Machine","","2233","","https://cp-images.casinoplus.live/images/cpms/ALL_GAME/3103/288.webp","images/unknown__Money_Machine__2140.webp"
"2141","Golden Horse Chess","","2234","Slots","https://cp-images.casinoplus.live/images/cpms/ALL_GAME/3121/104.webp","images/unknown__Golden_Horse_Chess__2141.webp"
"2142","Magnificent Thief","","2235","","https://cp-images.casinoplus.live/images/cpms/ALL_GAME/3103/47.webp","images/unknown__Magnificent_Thief__2142.webp"
"2143","Loong Fa Le","","2236","Slots","https://cp-images.casinoplus.live/images/cpms/ALL_GAME/3121/101.webp","images/unknown__Loong_Fa_Le__2143.webp"
"2144","Mahjong Big Three","","2238","Slots","https://cp-images.casinoplus.live/images/cpms/ALL_GAME/3121/105.webp","images/unknown__Mahjong_Big_Three__2144.webp"
"2145","Auspicious Fortune God 2","","2239","","https://cp-images.casinoplus.live/images/cpms/ALL_GAME/3103/290.webp","images/unknown__Auspicious_Fortune_God_2__2145.webp"
"2146","Maya Golden City 7","","2240","Slots","https://cp-images.casinoplus.live/images/cpms/ALL_GAME/3121/106.webp","images/unknown__Maya_Golden_City_7__2146.webp"
"2147","Flower of Riches","","2241","","https://cp-images.casinoplus.live/images/cpms/ALL_GAME/3103/279.webp","images/unknown__Flower_of_Riches__2147.webp"
"2148","100x Diamond 7","","2242","Slots","https://cp-images.casinoplus.live/images/cpms/ALL_GAME/3121/049.webp","images/unknown__100x_Diamond_7__2148.webp"
"2149","Dragon Ball ‧ Destiny","","2243","","https://cp-images.casinoplus.live/images/cpms/ALL_GAME/3103/271.webp","images/unknown__Dragon_Ball_Destiny__2149.webp"
"2150","100x Lions 7","","2244","Slots","https://cp-images.casinoplus.live/images/cpms/ALL_GAME/3121/051.webp","images/unknown__100x_Lions_7__2150.webp"
"2151","The Desire of the Wild","","2245","","https://cp-images.casinoplus.live/images/cpms/ALL_GAME/3103/261.webp","images/unknown__The_Desire_of_the_Wild__2151.webp"
"2152","10x Diamond 7","","2246","Slots","https://cp-images.casinoplus.live/images/cpms/ALL_GAME/3121/036.webp","images/unknown__10x_Diamond_7__2152.webp"
"2153","Ramayana","","2247","","https://cp-images.casinoplus.live/images/cpms/ALL_GAME/3103/48.webp","images/unknown__Ramayana__2153.webp"
"2154","10x Lions 7","","2248","Slots","https://cp-images.casinoplus.live/images/cpms/ALL_GAME/3121/050.webp","images/unknown__10x_Lions_7__2154.webp"
"2155","Gold Mahjong","","2249","","https://cp-images.casinoplus.live/images/cpms/ALL_GAME/3103/291.webp","images/unknown__Gold_Mahjong__2155.webp"
"2156","5x Diamond 7","","2250","Slots","https://cp-images.casinoplus.live/images/cpms/ALL_GAME/3121/023.webp","images/unknown__5x_Diamond_7__2156.webp"
"2157","Wild Settlement","","2251","","https://cp-images.casinoplus.live/images/cpms/ALL_GAME/3103/10.webp","images/unknown__Wild_Settlement__2157.webp"
"2158","777 More Cash","","2252","Slots","https://cp-images.casinoplus.live/images/cpms/ALL_GAME/3121/029.webp","images/unknown__777_More_Cash__2158.webp"
"2159","NiuNiu Mahjong","","2253","","https://cp-images.casinoplus.live/images/cpms/ALL_GAME/3103/259.webp","images/unknown__NiuNiu_Mahjong__2159.webp"
"2160","Bank Robbery","","2254","Slots","https://cp-images.casinoplus.live/images/cpms/ALL_GAME/3121/048.webp","images/unknown__Bank_Robbery__2160.webp"
"2161","Fortune Telling","","2255","","https://cp-images.casinoplus.live/images/cpms/ALL_GAME/3103/41.webp","images/unknown__Fortune_Telling__2161.webp"
"2162","Barista Bonanza","","2256","Slots","https://cp-images.casinoplus.live/images/cpms/ALL_GAME/3121/069.webp","images/unknown__Barista_Bonanza__2162.webp"
"2163","5PK","","2257","","https://cp-images.casinoplus.live/images/cpms/ALL_GAME/3103/51.webp","images/unknown__5PK__2163.webp"
"2164","Bison Gallop","","2258","Slots","https://cp-images.casinoplus.live/images/cpms/ALL_GAME/3121/081.webp","images/unknown__Bison_Gallop__2164.webp"
"2165","Ancient Creatures","","2259","","https://cp-images.casinoplus.live/images/cpms/ALL_GAME/3103/53.webp","images/unknown__Ancient_Creatures__2165.webp"
"2166","Bounty Pirate","","2260","Slots","https://cp-images.casinoplus.live/images/cpms/ALL_GAME/3121/074.webp","images/unknown__Bounty_Pirate__2166.webp"
"2167","Assassinating Signal","","2261","","https://cp-images.casinoplus.live/images/cpms/ALL_GAME/3103/12.webp","images/unknown__Assassinating_Signal__2167.webp"
"2168","Candy Xmas","","2262","Slots","https://cp-images.casinoplus.live/images/cpms/ALL_GAME/3121/044.webp","images/unknown__Candy_Xmas__2168.webp"
"2169","Auspicious Fortune God","","2263","","https://cp-images.casinoplus.live/images/cpms/ALL_GAME/3103/266.webp","images/unknown__Auspicious_Fortune_God__2169.webp"
"2170","Captain Fishing","","2264","Slots|Fishing","https://cp-images.casinoplus.live/images/cpms/ALL_GAME/3121/060.webp","images/unknown__Captain_Fishing__2170.webp"
"2171","Cash Maker","","2265","Slots","https://cp-images.casinoplus.live/images/cpms/ALL_GAME/3121/077.webp","images/unknown__Cash_Maker__2171.webp"
"2172","Cash Maker 2","","2266","Slots","https://cp-images.casinoplus.live/images/cpms/ALL_GAME/3121/095.webp","images/unknown__Cash_Maker_2__2172.webp"
"2173","Banana Craze","","2267","","https://cp-images.casinoplus.live/images/cpms/ALL_GAME/3060/1988427174863962113.webp","images/unknown__Banana_Craze__2173.webp"
"2174","Beans of Wonder","","2268","","https://cp-images.casinoplus.live/images/cpms/ALL_GAME/3103/245.webp","images/unknown__Beans_of_Wonder__2174.webp"
"2175","Cash Rich","","2269","Slots","https://cp-images.casinoplus.live/images/cpms/ALL_GAME/3121/082.webp","images/unknown__Cash_Rich__2175.webp"
"2176","Chain Spin","","2270","Slots","https://cp-images.casinoplus.live/images/cpms/ALL_GAME/3121/066.webp","images/unknown__Chain_Spin__2176.webp"
"2177","Caribbean Voyage","","2271","","https://cp-images.casinoplus.live/images/cpms/ALL_GAME/3103/264.webp","images/unknown__Caribbean_Voyage__2177.webp"
"2178","Chill Fishing","","2272","Slots|Fishing","https://cp-images.casinoplus.live/images/cpms/ALL_GAME/3121/030.webp","images/unknown__Chill_Fishing__2178.webp"
"2179","Crazy Lab","","2274","","https://cp-images.casinoplus.live/images/cpms/ALL_GAME/3103/1.webp","images/unknown__Crazy_Lab__2179.webp"
"2180","Cone Bonanza","","2275","Slots","https://cp-images.casinoplus.live/images/cpms/ALL_GAME/3121/059.webp","images/unknown__Cone_Bonanza__2180.webp"
"2181","Dinosaur Egg 2","","2276","Slots","https://cp-images.casinoplus.live/images/cpms/ALL_GAME/3121/098.webp","images/unknown__Dinosaur_Egg_2__2181.webp"
"2182","Dog","","2278","Slots","https://cp-images.casinoplus.live/images/cpms/ALL_GAME/3121/054.webp","images/unknown__Dog__2182.webp"
"2183","DJ Rabbit","","2279","","https://cp-images.casinoplus.live/images/cpms/ALL_GAME/3103/287.webp","images/unknown__DJ_Rabbit__2183.webp"
"2184","Dragon Zuma","","2280","Slots|Fishing","https://cp-images.casinoplus.live/images/cpms/ALL_GAME/3121/018.webp","images/unknown__Dragon_Zuma__2184.webp"
"2185","Dragon Gate Trial","","2281","","https://cp-images.casinoplus.live/images/cpms/ALL_GAME/3103/254.webp","images/unknown__Dragon_Gate_Trial__2185.webp"
"2186","Elves Town","","2283","","https://cp-images.casinoplus.live/images/cpms/ALL_GAME/3103/9.webp","images/unknown__Elves_Town__2186.webp"
"2187","Fortune Fishing","","2284","Slots|Fishing","https://cp-images.casinoplus.live/images/cpms/ALL_GAME/3121/068.webp","images/unknown__Fortune_Fishing__2187.webp"
"2188","Eternal Kiss","","2285","","https://cp-images.casinoplus.live/images/cpms/ALL_GAME/3103/253.webp","images/unknown__Eternal_Kiss__2188.webp"
"2189","Fortune God Coming","","2286","Slots","https://cp-images.casinoplus.live/images/cpms/ALL_GAME/3121/035.webp","images/unknown__Fortune_God_Coming__2189.webp"
"2190","Fancy Poker 5","","2287","","https://cp-images.casinoplus.live/images/cpms/ALL_GAME/3103/281.webp","images/unknown__Fancy_Poker_5__2190.webp"
"2191","Fortune Lions 7","","2288","Slots","https://cp-images.casinoplus.live/images/cpms/ALL_GAME/3121/021.webp","images/unknown__Fortune_Lions_7__2191.webp"
"2192","Fast &amp; Furious","","2289","","https://cp-images.casinoplus.live/images/cpms/ALL_GAME/3103/280.webp","images/unknown__Fast_amp_Furious__2192.webp"
"2193","Fortune Lucky 7","","2290","Slots","https://cp-images.casinoplus.live/images/cpms/ALL_GAME/3121/028.webp","images/unknown__Fortune_Lucky_7__2193.webp"
"2194","Pika Pika","","2291","","https://cp-images.casinoplus.live/images/cpms/ALL_GAME/3060/1981540190006542337.webp","images/unknown__Pika_Pika__2194.webp"
"2195","Flame and Storm","","2292","","https://cp-images.casinoplus.live/images/cpms/ALL_GAME/3103/295.webp","images/unknown__Flame_and_Storm__2195.webp"
"2196","Fortune Rolling","","2293","Slots","https://cp-images.casinoplus.live/images/cpms/ALL_GAME/3121/088.webp","images/unknown__Fortune_Rolling__2196.webp"
"2197","Fortress War","","2294","","https://cp-images.casinoplus.live/images/cpms/ALL_GAME/3103/252.webp","images/unknown__Fortress_War__2197.webp"
"2198","Frenzy Money","","2295","Slots","https://cp-images.casinoplus.live/images/cpms/ALL_GAME/3121/080.webp","images/unknown__Frenzy_Money__2198.webp"
"2199","Four Wealth Creatures","","2296","","https://cp-images.casinoplus.live/images/cpms/ALL_GAME/3103/277.webp","images/unknown__Four_Wealth_Creatures__2199.webp"
"2200","Fruit &amp; Bar","","2297","Slots","https://cp-images.casinoplus.live/images/cpms/ALL_GAME/3121/064.webp","images/unknown__Fruit_amp_Bar__2200.webp"
"2201","Fruit Land","","2298","","https://cp-images.casinoplus.live/images/cpms/ALL_GAME/3103/52.webp","images/unknown__Fruit_Land__2201.webp"
"2202","Gathering of Wealth","","2300","","https://cp-images.casinoplus.live/images/cpms/ALL_GAME/3103/263.webp","images/unknown__Gathering_of_Wealth__2202.webp"
"2203","Go Neko","","2301","Slots","https://cp-images.casinoplus.live/images/cpms/ALL_GAME/3121/087.webp","images/unknown__Go_Neko__2203.webp"
"2204","Giant King Kong","","2302","","https://cp-images.casinoplus.live/images/cpms/ALL_GAME/3103/39.webp","images/unknown__Giant_King_Kong__2204.webp"
"2205","Gold Panda Rush","","2303","Slots","https://cp-images.casinoplus.live/images/cpms/ALL_GAME/3121/031.webp","images/unknown__Gold_Panda_Rush__2205.webp"
"2206","Goblin Mine","","2304","","https://cp-images.casinoplus.live/images/cpms/ALL_GAME/3103/44.webp","images/unknown__Goblin_Mine__2206.webp"
"2207","Golden Bay Sands","","2305","Slots","https://cp-images.casinoplus.live/images/cpms/ALL_GAME/3121/076.webp","images/unknown__Golden_Bay_Sands__2207.webp"
"2208","Golden Kingdom","","2307","Slots","https://cp-images.casinoplus.live/images/cpms/ALL_GAME/3121/094.webp","images/unknown__Golden_Kingdom__2208.webp"
"2209","God of Wealth 2","","2308","","https://cp-images.casinoplus.live/images/cpms/ALL_GAME/3103/289.webp","images/unknown__God_of_Wealth_2__2209.webp"
"2210","Golden Pharaoh","","2309","Slots","https://cp-images.casinoplus.live/images/cpms/ALL_GAME/3121/096.webp","images/unknown__Golden_Pharaoh__2210.webp"
"2211","Gold Panning","","2310","","https://cp-images.casinoplus.live/images/cpms/ALL_GAME/3103/5.webp","images/unknown__Gold_Panning__2211.webp"
"2212","Greek Mythology","","2311","Slots","https://cp-images.casinoplus.live/images/cpms/ALL_GAME/3121/092.webp","images/unknown__Greek_Mythology__2212.webp"
"2213","Great Lion of Africa","","2312","","https://cp-images.casinoplus.live/images/cpms/ALL_GAME/3103/255.webp","images/unknown__Great_Lion_of_Africa__2213.webp"
"2214","Insect Master","","2313","Slots|Fishing","https://cp-images.casinoplus.live/images/cpms/ALL_GAME/3121/017.webp","images/unknown__Insect_Master__2214.webp"
"2215","Halloween House","","2314","","https://cp-images.casinoplus.live/images/cpms/ALL_GAME/3103/262.webp","images/unknown__Halloween_House__2215.webp"
"2216","Koi Respin 7","","2315","Slots","https://cp-images.casinoplus.live/images/cpms/ALL_GAME/3121/022.webp","images/unknown__Koi_Respin_7__2216.webp"
"2217","Hand of Fate","","2316","","https://cp-images.casinoplus.live/images/cpms/ALL_GAME/3103/297.webp","images/unknown__Hand_of_Fate__2217.webp"
"2218","Legendary Shaman","","2317","Slots","https://cp-images.casinoplus.live/images/cpms/ALL_GAME/3121/079.webp","images/unknown__Legendary_Shaman__2218.webp"
"2219","Honey Boom","","2318","","https://cp-images.casinoplus.live/images/cpms/ALL_GAME/3103/294.webp","images/unknown__Honey_Boom__2219.webp"
"2220","Lightning Respin 7","","2319","Slots","https://cp-images.casinoplus.live/images/cpms/ALL_GAME/3121/024.webp","images/unknown__Lightning_Respin_7__2220.webp"
"2221","Hoo Hey How slot","","2320","","https://cp-images.casinoplus.live/images/cpms/ALL_GAME/3103/14.webp","images/unknown__Hoo_Hey_How_slot__2221.webp"
"2222","Longya Fishing","","2321","Slots|Fishing","https://cp-images.casinoplus.live/images/cpms/ALL_GAME/3121/052.webp","images/unknown__Longya_Fishing__2222.webp"
"2223","HU YEH","","2322","","https://cp-images.casinoplus.live/images/cpms/ALL_GAME/3103/282.webp","images/unknown__HU_YEH__2223.webp"
"2224","Lucky Doll","","2323","Slots","https://cp-images.casinoplus.live/images/cpms/ALL_GAME/3121/055.webp","images/unknown__Lucky_Doll__2224.webp"
"2225","Lucky Dragon Ball 7","","2324","Slots","https://cp-images.casinoplus.live/images/cpms/ALL_GAME/3121/027.webp","images/unknown__Lucky_Dragon_Ball_7__2225.webp"
"2226","Invincible Expedition","","2325","","https://cp-images.casinoplus.live/images/cpms/ALL_GAME/3103/13.webp","images/unknown__Invincible_Expedition__2226.webp"
"2227","Lucky Fortune God","","2326","Slots","https://cp-images.casinoplus.live/images/cpms/ALL_GAME/3121/089.webp","images/unknown__Lucky_Fortune_God__2227.webp"
"2228","Knock the Mouse","","2327","","https://cp-images.casinoplus.live/images/cpms/ALL_GAME/3103/269.webp","images/unknown__Knock_the_Mouse__2228.webp"
"2229","Laughing Maitreya","","2329","","https://cp-images.casinoplus.live/images/cpms/ALL_GAME/3103/250.webp","images/unknown__Laughing_Maitreya__2229.webp"
"2230","Lucky Star 2","","2330","Slots","https://cp-images.casinoplus.live/images/cpms/ALL_GAME/3121/093.webp","images/unknown__Lucky_Star_2__2230.webp"
"2231","Legendary Gladiator","","2331","","https://cp-images.casinoplus.live/images/cpms/ALL_GAME/3103/21.webp","images/unknown__Legendary_Gladiator__2231.webp"
"2232","Magic Treasure","","2332","Slots","https://cp-images.casinoplus.live/images/cpms/ALL_GAME/3121/099.webp","images/unknown__Magic_Treasure__2232.webp"
"2233","Mahjong God","","2334","Slots","https://cp-images.casinoplus.live/images/cpms/ALL_GAME/3121/063.webp","images/unknown__Mahjong_God__2233.webp"
"2234","Mars Zhao ZiLong","","2335","","https://cp-images.casinoplus.live/images/cpms/ALL_GAME/3103/302.webp","images/unknown__Mars_Zhao_ZiLong__2234.webp"
"2235","Make A Killing Fishing","","2336","Slots|Fishing","https://cp-images.casinoplus.live/images/cpms/ALL_GAME/3121/070.webp","images/unknown__Make_A_Killing_Fishing__2235.webp"
"2236","Maya Doomsday","","2337","","https://cp-images.casinoplus.live/images/cpms/ALL_GAME/3103/260.webp","images/unknown__Maya_Doomsday__2236.webp"
"2237","Maya Golden City","","2338","Slots","https://cp-images.casinoplus.live/images/cpms/ALL_GAME/3121/062.webp","images/unknown__Maya_Golden_City__2237.webp"
"2238","Niu Zhuan Qian Kun","","2339","","https://cp-images.casinoplus.live/images/cpms/ALL_GAME/3103/303.webp","images/unknown__Niu_Zhuan_Qian_Kun__2238.webp"
"2239","Maya Golden City 2","","2340","Slots","https://cp-images.casinoplus.live/images/cpms/ALL_GAME/3121/071.webp","images/unknown__Maya_Golden_City_2__2239.webp"
"2240","Ultra Ace","PLAYTECH","2341","Slots","https://cp-images.casinoplus.live/images/cpms/PT/mobile/gpas_uace_pop.webp","images/PLAYTECH__Ultra_Ace__2240.webp"
"2241","Maya Golden City 3","","2342","Slots","https://cp-images.casinoplus.live/images/cpms/ALL_GAME/3121/075.webp","images/unknown__Maya_Golden_City_3__2241.webp"
"2242","NiuNiu Wedding","","2343","","https://cp-images.casinoplus.live/images/cpms/ALL_GAME/3103/258.webp","images/unknown__NiuNiu_Wedding__2242.webp"
"2243","Maya Golden City 4","","2344","Slots","https://cp-images.casinoplus.live/images/cpms/ALL_GAME/3121/084.webp","images/unknown__Maya_Golden_City_4__2243.webp"
"2244","Palace of Ra","","2345","","https://cp-images.casinoplus.live/images/cpms/ALL_GAME/3103/251.webp","images/unknown__Palace_of_Ra__2244.webp"
"2245","Maya Golden City 5","","2346","Slots","https://cp-images.casinoplus.live/images/cpms/ALL_GAME/3121/090.webp","images/unknown__Maya_Golden_City_5__2245.webp"
"2246","Phoenix Legend","","2347","","https://cp-images.casinoplus.live/images/cpms/ALL_GAME/3103/285.webp","images/unknown__Phoenix_Legend__2246.webp"
"2247","Maya Golden City 6","","2348","Slots","https://cp-images.casinoplus.live/images/cpms/ALL_GAME/3121/097.webp","images/unknown__Maya_Golden_City_6__2247.webp"
"2248","Planet Adventure","","2349","","https://cp-images.casinoplus.live/images/cpms/ALL_GAME/3103/3.webp","images/unknown__Planet_Adventure__2248.webp"
"2249","Money Rush","","2350","Slots","https://cp-images.casinoplus.live/images/cpms/ALL_GAME/3121/041.webp","images/unknown__Money_Rush__2249.webp"
"2250","Polar Party","","2351","","https://cp-images.casinoplus.live/images/cpms/ALL_GAME/3103/8.webp","images/unknown__Polar_Party__2250.webp"
"2251","Montezuma","","2352","Slots","https://cp-images.casinoplus.live/images/cpms/ALL_GAME/3121/065.webp","images/unknown__Montezuma__2251.webp"
"2252","Psytrance","","2353","","https://cp-images.casinoplus.live/images/cpms/ALL_GAME/3103/276.webp","images/unknown__Psytrance__2252.webp"
"2253","Sahara Destiny","","2355","","https://cp-images.casinoplus.live/images/cpms/ALL_GAME/3103/257.webp","images/unknown__Sahara_Destiny__2253.webp"
"2254","Neon Night","","2356","Slots","https://cp-images.casinoplus.live/images/cpms/ALL_GAME/3121/073.webp","images/unknown__Neon_Night__2254.webp"
"2255","School of Witchcraft","","2357","","https://cp-images.casinoplus.live/images/cpms/ALL_GAME/3103/35.webp","images/unknown__School_of_Witchcraft__2255.webp"
"2256","Night Of Millionaire","","2358","Slots","https://cp-images.casinoplus.live/images/cpms/ALL_GAME/3121/067.webp","images/unknown__Night_Of_Millionaire__2256.webp"
"2257","Piggy Boom","","2360","Slots","https://cp-images.casinoplus.live/images/cpms/ALL_GAME/3121/032.webp","images/unknown__Piggy_Boom__2257.webp"
"2258","Shiba Store","","2361","","https://cp-images.casinoplus.live/images/cpms/ALL_GAME/3103/38.webp","images/unknown__Shiba_Store__2258.webp"
"2259","Pinball Fun","","2362","Slots","https://cp-images.casinoplus.live/images/cpms/ALL_GAME/3121/047.webp","images/unknown__Pinball_Fun__2259.webp"
"2260","Songkran","","2363","","https://cp-images.casinoplus.live/images/cpms/ALL_GAME/3103/42.webp","images/unknown__Songkran__2260.webp"
"2261","Pirates Fishing","","2364","Slots|Fishing","https://cp-images.casinoplus.live/images/cpms/ALL_GAME/3121/012.webp","images/unknown__Pirates_Fishing__2261.webp"
"2262","Star of Bethlehem","","2365","","https://cp-images.casinoplus.live/images/cpms/ALL_GAME/3103/265.webp","images/unknown__Star_of_Bethlehem__2262.webp"
"2263","Puffy Paradise","","2366","Slots","https://cp-images.casinoplus.live/images/cpms/ALL_GAME/3121/053.webp","images/unknown__Puffy_Paradise__2263.webp"
"2264","Super Shot","","2367","","https://cp-images.casinoplus.live/images/cpms/ALL_GAME/3103/283.webp","images/unknown__Super_Shot__2264.webp"
"2265","R One","","2368","Slots","https://cp-images.casinoplus.live/images/cpms/ALL_GAME/3121/091.webp","images/unknown__R_One__2265.webp"
"2266","Tai Chi Panda","","2369","","https://cp-images.casinoplus.live/images/cpms/ALL_GAME/3103/4.webp","images/unknown__Tai_Chi_Panda__2266.webp"
"2267","R!ch","","2370","Slots","https://cp-images.casinoplus.live/images/cpms/ALL_GAME/3121/085.webp","images/unknown__R_ch__2267.webp"
"2268","Thai Boxing","","2371","","https://cp-images.casinoplus.live/images/cpms/ALL_GAME/3103/43.webp","images/unknown__Thai_Boxing__2268.webp"
"2269","Rainbow &amp; Clover 7","","2372","Slots","https://cp-images.casinoplus.live/images/cpms/ALL_GAME/3121/026.webp","images/unknown__Rainbow_amp_Clover_7__2269.webp"
"2270","Three Kingdoms","","2373","","https://cp-images.casinoplus.live/images/cpms/ALL_GAME/3103/267.webp","images/unknown__Three_Kingdoms__2270.webp"
"2271","Rich Mahjong 2","","2374","Slots","https://cp-images.casinoplus.live/images/cpms/ALL_GAME/3121/045.webp","images/unknown__Rich_Mahjong_2__2271.webp"
"2272","Tomb Adventure","","2375","","https://cp-images.casinoplus.live/images/cpms/ALL_GAME/3103/46.webp","images/unknown__Tomb_Adventure__2272.webp"
"2273","Roma Gems","","2376","Slots","https://cp-images.casinoplus.live/images/cpms/ALL_GAME/3121/083.webp","images/unknown__Roma_Gems__2273.webp"
"2274","White Python","","2377","","https://cp-images.casinoplus.live/images/cpms/ALL_GAME/3103/11.webp","images/unknown__White_Python__2274.webp"
"2275","Sabong","","2378","Slots","https://cp-images.casinoplus.live/images/cpms/ALL_GAME/3121/039.webp","images/unknown__Sabong__2275.webp"
"2276","Scratch &amp; Win","","2379","Slots","https://cp-images.casinoplus.live/images/cpms/ALL_GAME/3121/046.webp","images/unknown__Scratch_amp_Win__2276.webp"
"2277","Super Fire 7","","2380","Slots","https://cp-images.casinoplus.live/images/cpms/ALL_GAME/3121/025.webp","images/unknown__Super_Fire_7__2277.webp"
"2278","Super More Cash Ii","","2381","Slots","https://cp-images.casinoplus.live/images/cpms/ALL_GAME/3121/040.webp","images/unknown__Super_More_Cash_Ii__2278.webp"
"2279","Super Neko","","2382","Slots","https://cp-images.casinoplus.live/images/cpms/ALL_GAME/3121/078.webp","images/unknown__Super_Neko__2279.webp"
"2280","Temple Adventure","","2383","Slots","https://cp-images.casinoplus.live/images/cpms/ALL_GAME/3121/072.webp","images/unknown__Temple_Adventure__2280.webp"
"2281","Treasure Of Dragon","","2384","Slots","https://cp-images.casinoplus.live/images/cpms/ALL_GAME/3121/056.webp","images/unknown__Treasure_Of_Dragon__2281.webp"
"2282","Wealth Potion","","2385","Slots","https://cp-images.casinoplus.live/images/cpms/ALL_GAME/3121/086.webp","images/unknown__Wealth_Potion__2282.webp"
"2283","Bonsai Speed Baccarat A","EGS","2387","EVOCASHREBATE|Live","https://cp-images.casinoplus.live/images/cpms/egs/mobile/evo8.webp","images/EGS__Bonsai_Speed_Baccarat_A__2283.webp"
"2284","Bet On Poker","","2388","Live","https://cp-images.casinoplus.live/images/cpms/ALL_GAME/3093/bs_pokl;bs_pokl_betonpoker.webp","images/unknown__Bet_On_Poker__2284.webp"
"2285","Football French Roulette","","2389","Live","https://cp-images.casinoplus.live/images/cpms/ALL_GAME/3093/frofl;rofl_livefootballroulette.webp","images/unknown__Football_French_Roulette__2285.webp"
"2286","Mermaid Slingo","","2390","Slots","https://cp-images.casinoplus.live/images/cpms/ALL_GAME/3089/h5/1031.webp","images/unknown__Mermaid_Slingo__2286.webp"
"2287","Ultimate Jackpot 105X","","2392","","https://cp-images.casinoplus.live/images/cpms/ALL_GAME/3985/CGGOV_main.webp","images/unknown__Ultimate_Jackpot_105X__2287.webp"
"2288","100X Ultimate Jackpot","","9003","RTP98|Perya","https://cp-images.casinoplus.live/images/cpms/26-06/3985_JACKPOT5_h5_260615101558.webp","images/unknown__100X_Ultimate_Jackpot__2288.webp"
"2289","108X Color Game","","9024","Perya","https://cp-images.casinoplus.live/images/cpms/ALL_GAME/3985/color108.webp","images/unknown__108X_Color_Game__2289.webp"
"2290","Colorgame Ultimate Jackpot","","9126","Live","https://cp-images.casinoplus.live/images/cpms/ALL_GAME/166/UltimateJackpot.webp","images/unknown__Colorgame_Ultimate_Jackpot__2290.webp"
"2291","Cash Rocket","KM","9988","Slots","https://cp-images.casinoplus.live/images/cpms/km/mobile/Cash_Rocket.webp","images/KM__Cash_Rocket__2291.webp"
"2292","Sexy Joker Deluxe","","9990","Slots","https://cp-images.casinoplus.live/images/cpms/ALL_GAME/3089/h5/1065.webp","images/unknown__Sexy_Joker_Deluxe__2292.webp"