0	113	WanMei	0	12	WmThisBar
2	373	CQ9	0	93	Mummy's Treasure
2	413	CQ9	0	17	Neko Gems
22	546	Yggdrasil	0	341	Troy SuperWays
29	601	MicroGaming	0	290	Brainwashed
38	746	PragmaticPlayCasino	0	59	Baccarat 5
38	747	PragmaticPlayCasino	0	52	Baccarat 6
38	748	PragmaticPlayCasino	0	67	Baccarat 7
38	750	PragmaticPlayCasino	0	56	Baccarat 9
38	751	PragmaticPlayCasino	0	48	Speed Baccarat 3
38	752	PragmaticPlayCasino	0	42	Speed Baccarat 5
38	753	PragmaticPlayCasino	0	4	Speed Baccarat 6
38	754	PragmaticPlayCasino	0	54	Speed Baccarat 7
38	755	PragmaticPlayCasino	0	40	Speed Baccarat 8
38	756	PragmaticPlayCasino	0	50	Speed Baccarat 9
38	757	PragmaticPlayCasino	0	68	Speed Baccarat 10
38	762	PragmaticPlayCasino	0	60	Speed Baccarat 16
38	763	PragmaticPlayCasino	0	64	Speed Baccarat 17
38	764	PragmaticPlayCasino	0	16	Korean Speed Baccarat 1
38	765	PragmaticPlayCasino	0	20	Korean Speed Baccarat 2
38	766	PragmaticPlayCasino	0	32	Korean Speed Baccarat 3
38	767	PragmaticPlayCasino	0	49	Korean Speed Baccarat 4
38	768	PragmaticPlayCasino	0	43	Korean Speed Baccarat 5
38	769	PragmaticPlayCasino	0	41	Korean Speed Baccarat 6
38	770	PragmaticPlayCasino	0	55	Japanese Speed Baccarat 1
38	771	PragmaticPlayCasino	0	46	Japanese Speed Baccarat 2
38	772	PragmaticPlayCasino	0	47	Japanese Speed Baccarat 3
38	773	PragmaticPlayCasino	0	22	Indonesia Speed Baccarat 1
38	774	PragmaticPlayCasino	0	1	Thai Speed Baccarat 1
38	775	PragmaticPlayCasino	0	110	Privé Lounge Baccarat 1
38	776	PragmaticPlayCasino	0	111	Privé Lounge Baccarat 2
38	777	PragmaticPlayCasino	0	79	Privé Lounge Baccarat 3
38	779	PragmaticPlayCasino	0	113	Privé Lounge Baccarat 5
38	780	PragmaticPlayCasino	0	44	Super 8 Baccarat
38	781	PragmaticPlayCasino	0	35	Fortune 6 Baccarat
38	782	PragmaticPlayCasino	0	31	Chinese Speed Baccarat 1
38	783	PragmaticPlayCasino	0	36	Chinese Speed Baccarat 2
38	784	PragmaticPlayCasino	0	33	Vietnamese Speed Baccarat 1
38	785	PragmaticPlayCasino	0	114	Punto Banco Italia Tricolore
38	786	PragmaticPlayCasino	0	21	Roulette Azure
38	787	PragmaticPlayCasino	0	115	Roulette Indian
38	788	PragmaticPlayCasino	0	26	Roulette Ruby
38	789	PragmaticPlayCasino	0	75	Dutch Roulette
38	790	PragmaticPlayCasino	0	74	Romanian Roulette
38	791	PragmaticPlayCasino	0	71	Korean Roulette
38	792	PragmaticPlayCasino	0	69	Brazilian Roulette
38	794	PragmaticPlayCasino	0	72	Turkish Mega Roulette
38	795	PragmaticPlayCasino	0	13	Auto Roulette
38	796	PragmaticPlayCasino	0	61	Speed Roulette 2
38	797	PragmaticPlayCasino	0	53	Speed Auto Roulette
38	798	PragmaticPlayCasino	0	76	Auto Mega Roulette
38	799	PragmaticPlayCasino	0	18	Lucky 6 Roulette
38	800	PragmaticPlayCasino	0	28	VIP Roulette - The Club
38	802	PragmaticPlayCasino	0	37	Snakes & Ladders Live
38	803	PragmaticPlayCasino	0	24	Treasure Island
38	804	PragmaticPlayCasino	0	66	The Bingo Spot
38	805	PragmaticPlayCasino	0	58	Super Trunfo (Football Blitz Top Card)
38	806	PragmaticPlayCasino	0	118	Sic Bo
38	807	PragmaticPlayCasino	0	14	Dragon Tiger
38	808	PragmaticPlayCasino	0	119	Andar Bahar
38	813	PragmaticPlayCasino	0	27	Brazilian Baccarat 1
1020	286	Jili	0	237	Plinko Football
1056	29	Phoenix7	0	11	BOOK OF ODIN
1088	8	Ezugi	0	27	Lucky 7
1088	10	Ezugi	0	3	Casino Hold’em
1088	11	Ezugi	0	16	BetonTeenPatti
1088	24	Ezugi	0	20	Andar Bahar
1088	25	Ezugi	0	35	OTT Andar Bahar
1088	26	Ezugi	0	36	OneDayTeenPatti
1088	27	Ezugi	0	37	Cricket War
1088	29	Ezugi	0	39	Dream catcher (retail)
1088	31	Ezugi	0	21	One Day Teen Patti Back & Lay
1088	35	Ezugi	0	41	Ultimate Andar Bahar
1088	36	Ezugi	0	42	Matka
1088	37	Ezugi	0	7	Xoc Dia
1088	39	Ezugi	0	43	EZ Bingo
1088	41	Ezugi	0	45	Arcade Magic Claw
1088	42	Ezugi	0	46	Arcade Fortune Pusher
1092	3	IDNLive	0	6	Billiards
1092	7	IDNLive	0	10	Monopoly
1092	16	IDNLive	0	18	Shio Fights
1092	23	IDNLive	0	25	9 Putts
1092	24	IDNLive	0	2	Europe Ceme
1092	26	IDNLive	0	27	Oglok
1092	42	IDNLive	0	43	3D Shio
1092	48	IDNLive	0	49	Niu Niu
1092	49	IDNLive	0	50	Race Ball
1092	50	IDNLive	0	51	Fantan
1092	51	IDNLive	0	52	Xoc Dia
0	0	WanMei	100	6	WmLobby
5	0	BigGaming	100	60	BgLiveCasino
7	0	SexyGaming	100	8	SexyGaming
12	0	IONLC	100	4	IONLC
19	0	SaGaming	100	8	SaGaming
28	0	AllBet	100	1	AllBet
33	0	GreenDragon	100	1	GreenDragon
38	0	PragmaticPlayCasino	100	80	PragmaticPlayCasino
38	101	PragmaticPlayCasino	100	81	PragmaticPlayCasino
1019	0	YeeBet	100	5	YeeBet Lobby
1020	280	JiLiGaming	100	228	Crash Fruit
1020	282	Jili	100	242	Football Golden Cup
1020	284	JiLiGaming	100	231	Mines Football
1021	0	OGLive	100	27	OGLive Lobby
1025	0	PlayTech	100	15	PlayTech Live Casino Lobby
1030	0	DreamGaming	100	1	DreamGaming Lobby
1035	1	PlayAce	100	9	PlayAce Lobby
1043	1	WCasino	100	18	WCasino baccarat lobby
1048	1	GamePlayLiveCasino	100	10	Gameplay Live Casino Lobby
1064	1	ViaCasino	100	16	Via Casino Lobby
1069	1	KissGaming	100	9	KissGaming Lobby
1073	1	mt	100	1	mt
1088	0	Ezugi	100	24	Ezugi
1092	0	IDNLive	100	3	IDNLive Lobby
1098	0	MikiWorldLiveCasino	100	8	MikiWorld Lobby
0	101	WanMei	101	1	WmBaccarat
5	2	BigGaming	101	1	BgBaccarat
5	7	BigGaming	101	3	BgSpeedBaccarat
5	10	BigGaming	101	4	BgMiCardBaccarat
5	11	BigGaming	101	7	BgFullColorBaccarat
5	15	BigGaming	101	45	Baccarat A01
5	16	BigGaming	101	46	Baccarat A02
5	17	BigGaming	101	47	Baccarat A05
5	18	BigGaming	101	48	Baccarat A07
5	19	BigGaming	101	49	Baccarat A11
5	20	BigGaming	101	50	Baccarat A15
5	21	BigGaming	101	51	Baccarat A16
5	22	BigGaming	101	52	Baccarat A18
5	23	BigGaming	101	53	Baccarat A19
5	24	BigGaming	101	54	Baccarat A20
5	25	BigGaming	101	55	Baccarat A21
5	26	BigGaming	101	56	Baccarat A22
5	27	BigGaming	101	57	Baccarat A23
5	28	BigGaming	101	58	Baccarat A25
5	29	BigGaming	101	59	Baccarat A30
5	30	BigGaming	101	21	Baccarat A31
5	31	BigGaming	101	22	Speed Baccarat A03
5	32	BigGaming	101	23	Speed Baccarat A06
5	33	BigGaming	101	24	Speed Baccarat A26
5	34	BigGaming	101	25	Baccarat B03
5	35	BigGaming	101	26	Baccarat B06
5	36	BigGaming	101	27	Baccarat B15
5	37	BigGaming	101	28	Baccarat B17
5	38	BigGaming	101	29	Speed Baccarat B19
5	39	BigGaming	101	30	Mi Card Baccarat B01
5	40	BigGaming	101	31	Mi Card Baccarat B02
5	41	BigGaming	101	32	Multicolor Baccarat B05
5	42	BigGaming	101	33	Baccarat C01
5	43	BigGaming	101	34	Baccarat C02
5	44	BigGaming	101	35	Baccarat C03
5	45	BigGaming	101	36	Baccarat C05
5	46	BigGaming	101	37	Baccarat C06
5	47	BigGaming	101	38	Baccarat C07
7	1	SexyGaming	101	1	SexyBaccarat
7	6	SexyGaming	101	11	SexyBaccaratInsurance
7	14	SexyGaming	101	15	SexyBaccarat01
7	15	SexyGaming	101	16	SexyBaccarat02
7	16	SexyGaming	101	17	SexyBaccarat03
7	17	SexyGaming	101	18	SexyBaccarat04
7	18	SexyGaming	101	19	SexyBaccarat05
7	19	SexyGaming	101	20	SexyBaccarat06
7	20	SexyGaming	101	21	SexyBaccarat07
7	21	SexyGaming	101	22	SexyBaccarat08
7	22	SexyGaming	101	23	SexyBaccarat09
7	23	SexyGaming	101	24	SexyBaccarat10
7	24	SexyGaming	101	25	SexyBaccaratC01
7	25	SexyGaming	101	26	SexyBaccaratC02
7	26	SexyGaming	101	27	SexyBaccaratC03
7	27	SexyGaming	101	28	SexyBaccaratC04
7	28	SexyGaming	101	29	SexyBaccaratC05
7	29	SexyGaming	101	30	SexyBaccaratC06
7	30	SexyGaming	101	31	SexyBaccaratC07
7	31	SexyGaming	101	32	SexyBaccaratC08
7	32	SexyGaming	101	33	SexyBaccaratC09
7	33	SexyGaming	101	34	SexyBaccaratC10
7	34	SexyGaming	101	35	SexyBaccaratC11
7	35	SexyGaming	101	36	SexyBaccaratC12
7	36	SexyGaming	101	37	SexyBaccaratC13
7	37	SexyGaming	101	38	SexyBaccaratC14
7	38	SexyGaming	101	39	SexyBaccaratC15
7	39	SexyGaming	101	40	SexyBaccaratC16
12	1	IONLC	101	2	IONLCBaccarat
19	1	SaGaming	101	1	SaGamingBaccarat
28	1	AllBet	101	9	NormalBaccarat
28	3	AllBet	101	3	QuickBaccarat
28	4	AllBet	101	4	SeeCardBaccarat
33	1	GreenDragon	101	2	GreenDragonBaccarat
38	401	PragmaticPlayCasino	101	9	PragmaticPlayLiveBaccaratA
38	402	PragmaticPlayCasino	101	2	PragmaticPlaySpeedBaccaratA
38	403	PragmaticPlayCasino	101	5	PragmaticPlaySpeedBaccaratB
38	404	PragmaticPlayCasino	101	8	PragmaticPlayLiveBaccaratB
38	405	PragmaticPlayCasino	101	39	PragmaticPlayLiveBaccaratC
38	744	PragmaticPlayCasino	101	17	Mega Baccarat
38	758	PragmaticPlayCasino	101	11	Brazilian Speed Baccarat 4
38	759	PragmaticPlayCasino	101	12	Brazilian Speed Baccarat 3
38	760	PragmaticPlayCasino	101	34	Brazilian Speed Baccarat 2
38	761	PragmaticPlayCasino	101	25	Brazilian Speed Baccarat 1
38	810	PragmaticPlayCasino	101	45	Chinese Speed Baccarat 3
38	812	PragmaticPlayCasino	101	38	Vietnamese Speed Baccarat 3
38	818	PragmaticPlayCasino	101	124	Baccarat Latino 1
38	819	PragmaticPlayCasino	101	125	Turbo Baccarat Latino 1
38	820	PragmaticPlayCasino	101	65	Squeeze Baccarat 1
1019	1	YeeBet	101	1	Baccarat
1019	20	YeeBet	101	21	Majestic Red Speed Bac XB13
1021	34	OGLive	101	1	P9 baccarat
1021	45	OGLive	101	7	M1 SPEED BACCARAT
1021	46	OGLive	101	10	M2 SPEED BACCARAT
1021	47	OGLive	101	17	M3 SPEED BACCARAT
1021	48	OGLive	101	18	RNG006 SPEED BACCARAT
1021	49	OGLive	101	19	RNG007 SPEED BACCARAT
1021	50	OGLive	101	13	RNG016 SPEED BACCARAT
1021	51	OGLive	101	15	RNG017 SPEED BACCARAT
1021	52	OGLive	101	21	RNG018 SPEED BACCARAT
1021	53	OGLive	101	6	M5  BACCARAT
1021	54	OGLive	101	11	M6  BACCARAT
1021	55	OGLive	101	16	M7  BACCARAT
1021	56	OGLive	101	23	RNG001  BACCARAT
1021	57	OGLive	101	22	RNG002  BACCARAT
1021	58	OGLive	101	14	RNG003  BACCARAT
1021	59	OGLive	101	12	RNG005  BACCARAT
1021	60	OGLive	101	20	RNG012  BACCARAT
1021	61	OGLive	101	24	RNG013  BACCARAT
1021	62	OGLive	101	25	RNG015  BACCARAT
1025	9	PlayTech	101	59	Sports Baccarat
1025	10	PlayTech	101	60	Sports Baccarat NC
1025	11	PlayTech	101	61	Speed Baccarat
1025	12	PlayTech	101	62	Speed Baccarat NC
1025	23	PlayTech	101	3	Speed 6 Scanner Baccarat
1025	24	PlayTech	101	67	Speed 6 Scanner Baccarat NC
1025	33	PlayTech	101	72	Grand Baccarat
1025	34	PlayTech	101	73	Grand Baccarat NC
1025	35	PlayTech	101	74	Squeeze Baccarat
1025	36	PlayTech	101	75	Squeeze Baccarat NC
1025	38	PlayTech	101	76	VIP Baccarat
1025	39	PlayTech	101	77	VIP Baccarat NC
1025	41	PlayTech	101	78	Bet On Sports Baccarat
1025	89	PlayTech	101	117	Ru Yi Speed Baccarat
1025	90	PlayTech	101	118	Ru Yi Speed Baccarat NC
1025	91	PlayTech	101	119	Speed Baccarat 1
1025	92	PlayTech	101	120	Speed Baccarat 1 NC
1025	93	PlayTech	101	121	Speed Baccarat 2
1025	94	PlayTech	101	122	Speed Baccarat 2 NC
1025	98	PlayTech	101	125	Japanese Squeeze Baccarat
1025	99	PlayTech	101	126	Japanese Squeeze Baccarat NC
1025	121	PlayTech	101	146	Speed Baccarat 1
1025	122	PlayTech	101	147	Speed Baccarat 2
1025	124	PlayTech	101	149	Super Speed Baccarat
1025	131	PlayTech	101	46	Lucky Tree Baccarat
1025	132	PlayTech	101	47	Baccarat Rapido Brasileiro Live
1025	136	PlayTech	101	50	Baccarat Showdown
1030	1	DreamGaming	101	2	Baccarat
1030	2	DreamGaming	101	6	Bid Baccarat
1030	3	DreamGaming	101	7	InBaccarat
1030	11	DreamGaming	101	12	Site Baccarat
1030	15	DreamGaming	101	16	blockchain baccarat
1035	2	PlayAce	101	1	Baccarat
1035	11	PlayAce	101	12	VIP Baccarat
1035	12	PlayAce	101	8	Bid Baccarat
1043	5	WCasino	101	4	Super Baccarat 01
1043	6	WCasino	101	2	Super Baccarat 02
1043	7	WCasino	101	1	Speed Baccarat 03
1043	8	WCasino	101	3	Speed Baccarat 05
1043	12	WCasino	101	6	Speed Baccarat 307
1043	17	WCasino	101	10	 Baccarat 111
1043	18	WCasino	101	7	 Baccarat 112
1043	19	WCasino	101	15	 Baccarat 201
1043	20	WCasino	101	11	Super Baccarat 202
1043	21	WCasino	101	8	 Baccarat 251
1043	22	WCasino	101	14	 Baccarat 252
1043	29	WCasino	101	5	Super Baccarat 09
1048	2	GamePlayLiveCasino	101	11	Commission Baccarat 1
1048	3	GamePlayLiveCasino	101	12	Commission Baccarat 2
1048	4	GamePlayLiveCasino	101	13	Commission Baccarat 3
1048	5	GamePlayLiveCasino	101	14	No Commission Baccarat 1
1048	6	GamePlayLiveCasino	101	15	No Commission Baccarat 2
1048	7	GamePlayLiveCasino	101	16	No Commission Baccarat 3
1048	8	GamePlayLiveCasino	101	17	Tiger Baccarat 1
1048	9	GamePlayLiveCasino	101	18	Tiger Baccarat 2
1048	10	GamePlayLiveCasino	101	19	Tiger Baccarat 3
1048	11	GamePlayLiveCasino	101	20	Super 98 Baccarat
1048	12	GamePlayLiveCasino	101	21	Fabulous 4 Baccarat
1048	13	GamePlayLiveCasino	101	22	Lucky Baccarat
1048	14	GamePlayLiveCasino	101	23	Baccarat Insurance (Commission)
1048	15	GamePlayLiveCasino	101	24	Baccarat Insurance (No Commission)
1048	24	GamePlayLiveCasino	101	33	Super 3 Pictures
1048	27	GamePlayLiveCasino	101	36	Virtual Commission Baccarat 1
1048	28	GamePlayLiveCasino	101	37	Virtual Commission Baccarat 2
1048	29	GamePlayLiveCasino	101	9	Virtual No Commission Baccarat 1
1048	30	GamePlayLiveCasino	101	38	Virtual No Commission Baccarat 2
1048	31	GamePlayLiveCasino	101	39	Virtual C Squeeze Baccarat 1
1048	32	GamePlayLiveCasino	101	40	Virtual C Squeeze Baccarat 2
1048	33	GamePlayLiveCasino	101	6	Virtual NC Squeeze Baccarat 1
1048	34	GamePlayLiveCasino	101	3	Virtual NC Squeeze Baccarat 2
1048	35	GamePlayLiveCasino	101	41	Virtual Lucky Baccarat 1
1048	36	GamePlayLiveCasino	101	1	Virtual Lucky Baccarat 2
1048	44	GamePlayLiveCasino	101	48	Virtual 7 Up Baccarat
1048	46	GamePlayLiveCasino	101	7	Virtual Fabulous 4 Baccarat
1048	48	GamePlayLiveCasino	101	51	Virtual Commission Baccarat 3
1048	49	GamePlayLiveCasino	101	4	Virtual No Commission Baccarat 3
1048	50	GamePlayLiveCasino	101	52	Virtual C Squeeze Baccarat 3
1048	51	GamePlayLiveCasino	101	5	Virtual NC Squeeze Baccarat 3
1048	52	GamePlayLiveCasino	101	53	Commision Baccarat 4
1048	53	GamePlayLiveCasino	101	54	No Commision Baccarat 4
1048	54	GamePlayLiveCasino	101	55	No Commision Baccarat 5
1048	55	GamePlayLiveCasino	101	56	No Commision Baccarat 6
1048	56	GamePlayLiveCasino	101	57	No Commision Baccarat 7
1048	57	GamePlayLiveCasino	101	58	No Commision Baccarat 8
1048	58	GamePlayLiveCasino	101	59	Tiger Baccarat 4
1048	59	GamePlayLiveCasino	101	60	Tiger Baccarat 5
1048	60	GamePlayLiveCasino	101	61	Tiger Baccarat 6
1048	61	GamePlayLiveCasino	101	62	Tiger Baccarat 7
1048	62	GamePlayLiveCasino	101	63	Tiger Baccarat 8
1048	72	GamePlayLiveCasino	101	73	Virtual Baccarat Insurance (Commission)
1048	73	GamePlayLiveCasino	101	74	Virtual Baccarat Insurance (No Commission)
1048	75	GamePlayLiveCasino	101	75	Virtual Speed Baccarat (Commission)
1048	76	GamePlayLiveCasino	101	76	Virtual Speed Baccarat (No Commission)
1064	2	ViaCasino	101	1	Classic Baccarat
1064	3	ViaCasino	101	4	Speed Baccarat
1064	4	ViaCasino	101	17	Lucky Natural
1064	5	ViaCasino	101	9	Pair Baccarat
1064	6	ViaCasino	101	6	Wealth SuperSix
1064	22	ViaCasino	101	28	Rocket HiLo ??Baccarat
1064	30	ViaCasino	101	14	Blockchain Squeeze Baccarat
1064	31	ViaCasino	101	3	Squeeze Baccarat
1069	2	KissGaming	101	2	Las Vegas Baccarat 1
1069	3	KissGaming	101	5	Las Vegas Baccarat 2
1069	4	KissGaming	101	8	Las vegas Baccarat 3
1069	5	KissGaming	101	1	Singapore Baccarat 1
1069	6	KissGaming	101	7	Singapore Baccarat 2
1069	7	KissGaming	101	6	Singapore Baccarat 3
1069	8	KissGaming	101	3	Montecarlo Baccarat 1
1069	9	KissGaming	101	4	Montecarlo Baccarat 2
1088	2	Ezugi	101	2	Baccarat
1088	14	Ezugi	101	30	Baccarat KO
1088	15	Ezugi	101	17	Baccarat Super 6
1088	17	Ezugi	101	10	No Commission Baccarat
1088	18	Ezugi	101	31	Baccarat Dragon Bonus
1088	19	Ezugi	101	12	Baccarat Queenco
1088	38	Ezugi	101	13	EZ Baccarat
1092	8	IDNLive	101	11	Baccarat 1
1092	9	IDNLive	101	12	Baccarat 2
1092	10	IDNLive	101	13	Baccarat 3
1092	11	IDNLive	101	1	Europe Baccarat 1
1092	12	IDNLive	101	14	Europe Baccarat 2
1092	17	IDNLive	101	19	IDN 4 Stand B
1019	14	YeeBet	102	15	Gravity Blackjack IBJ01
1019	15	YeeBet	102	16	Speed Blackjack IBJ02
1019	16	YeeBet	102	17	Take Deal or Risk Blackjack IBJ03
1019	17	YeeBet	102	18	VIP Blackjack IBJ04
1019	18	YeeBet	102	19	Oasis BJ 2 IBJ05
1025	54	PlayTech	102	89	Sette E Mezzo
1030	23	DreamGaming	102	24	Blockchain Blackjack
1035	8	PlayAce	102	5	Blackjack
1048	25	GamePlayLiveCasino	102	34	Blackjack
1088	1	Ezugi	102	5	Blackjack
1088	5	Ezugi	102	25	American Blackjack
1088	7	Ezugi	102	4	Unlimited Blackjack
1088	28	Ezugi	102	38	Blackjack Salon Prive
1088	53	Ezugi	102	6	Ride Free Blackjack
0	103	WanMei	103	2	WmRoulette
5	3	BigGaming	103	2	BgRoulette
5	48	BigGaming	103	39	Roulette B11
5	49	BigGaming	103	40	Roulette C09
7	4	SexyGaming	103	3	SexyRoulette
7	42	SexyGaming	103	43	SexyRoulette71
7	43	SexyGaming	103	44	SexyRoulette72
12	2	IONLC	103	1	IONLCRoulette
12	4	IONLC	103	5	IONLCDragonTiger
19	4	SaGaming	103	5	SaGamingRoulette
19	6	SaGaming	103	10	SaGamingMoneyWheel
19	11	SaGaming	103	6	Ultra Roulette
28	7	AllBet	103	2	Roulette
33	2	GreenDragon	103	3	GreenDragonRoulette
38	201	PragmaticPlayCasino	103	62	PragmaticPlayLiveRouletteA
38	203	PragmaticPlayCasino	103	57	PragmaticPlaySpeedRoulette
38	206	PragmaticPlayCasino	103	30	PragmaticPlayLiveRouletteMacao
38	221	PragmaticPlayCasino	103	77	PragmaticPlayLiveRouletteRussia
38	222	PragmaticPlayCasino	103	73	PragmaticPlayLiveRouletteGerman
38	223	PragmaticPlayCasino	103	78	PragmaticPlayLiveRouletteItaly
38	224	PragmaticPlayCasino	103	70	PragmaticPlayLiveRouletteTurkey
38	704	PragmaticPlayCasino	103	29	Mega Roulette
38	826	PragmaticPlayCasino	103	63	24D Spin
38	827	PragmaticPlayCasino	103	129	Speed Roulette Latina
38	828	PragmaticPlayCasino	103	23	Mega Roulette 3000
1019	2	YeeBet	103	2	Roulette
1019	19	YeeBet	103	20	Replay Roulette VR02
1021	33	OGLive	103	2	P8 roulette
1025	69	PlayTech	103	99	Age of the Gods Bonus Roulette
1025	70	PlayTech	103	23	American Speed Roulette
1025	72	PlayTech	103	101	Football French Roulette
1025	73	PlayTech	103	102	Football Roulette
1030	5	DreamGaming	103	3	Roulette
1030	13	DreamGaming	103	14	Site Roulette
1030	21	DreamGaming	103	22	Blockchain Roulette
1035	5	PlayAce	103	10	Roulette
1043	2	WCasino	103	19	WCasino roulette lobby
1043	27	WCasino	103	16	Roulette 01
1048	22	GamePlayLiveCasino	103	31	Roulette 1
1048	23	GamePlayLiveCasino	103	32	Super Roulette 1
1048	40	GamePlayLiveCasino	103	44	Virtual Roulette
1048	41	GamePlayLiveCasino	103	45	Virtual Super Roulette
1048	69	GamePlayLiveCasino	103	70	Roulette 2
1048	70	GamePlayLiveCasino	103	71	Super Roulette 2
1088	3	Ezugi	103	9	Roulette
1088	4	Ezugi	103	8	Automatic Roulette
1088	20	Ezugi	103	15	Roulette Portomaso
1088	21	Ezugi	103	32	Bet on Roulette
1088	22	Ezugi	103	33	American Roulette
1088	23	Ezugi	103	34	Triple Roulette
1088	30	Ezugi	103	1	EZDealerRoulette
1088	34	Ezugi	103	23	Ultimate Roulette
1088	40	Ezugi	103	44	Arcade Roulette
1088	43	Ezugi	103	47	Revolution Roulette
1088	49	NULL	103	51	Diwali Auto Roulette
1088	50	NULL	103	52	Halloween Auto Roulette
1088	51	NULL	103	53	EZ Dealer Roulette Diwali
1088	52	Ezugi	103	54	American Football Auto Roulette
1092	32	IDNLive	103	33	Roulette
1092	33	IDNLive	103	34	Bingo Roulette
1092	34	IDNLive	103	35	Europe Roulette
1092	35	IDNLive	103	36	Soccer Roulette
1092	36	IDNLive	103	37	Bounce Roulette
1092	37	IDNLive	103	38	Europe Roulette 2
1092	40	IDNLive	103	41	Roulette Fast Table
1098	20	NULL	103	3	Blockchain Roulette
0	102	WanMei	104	5	WmDragonAndTiger
5	5	BigGaming	104	8	BgDragontiger
5	50	BigGaming	104	41	Dragon Tiger A28
5	51	BigGaming	104	42	Dragon Tiger B08
5	52	BigGaming	104	12	Dragon Tiger C08
7	2	SexyGaming	104	6	SexyDragonTiger
7	40	SexyGaming	104	41	SexyDragonTiger31
7	41	SexyGaming	104	42	SexyDragonTiger32
19	2	SaGaming	104	3	SaGamingDragonTiger
28	6	AllBet	104	6	DragonTiger
33	4	GreenDragon	104	5	GreenDragonDragonTiger
1019	3	YeeBet	104	4	Dragon Tiger
1021	8	OGLive	104	4	C9 DT
1021	10	OGLive	104	3	C11 DT
1021	31	OGLive	104	5	P6 DT
1021	32	OGLive	104	8	P7 DT
1021	67	OGLive	104	69	RNG008 CLASSIC DT
1021	68	OGLive	104	70	RNG009 CLASSIC DT
1021	69	OGLive	104	71	RNG019 CLASSIC DT
1021	70	OGLive	104	26	RNG020 CLASSIC DT
1025	32	PlayTech	104	14	Dragon Tiger
1030	4	DreamGaming	104	4	DragonTiger
1030	12	DreamGaming	104	13	Site DragonTiger
1030	16	DreamGaming	104	17	blockchain DragonTiger
1035	3	PlayAce	104	6	Dragon Tiger
1043	3	WCasino	104	20	WCasino DragonTiger lobby
1043	26	WCasino	104	13	Super Dragon Tiger 01
1043	28	WCasino	104	17	Super Dragon Tiger 221
1048	16	GamePlayLiveCasino	104	25	Dragon Tiger 1
1048	37	GamePlayLiveCasino	104	42	Virtual Dragon Tiger 1
1048	38	GamePlayLiveCasino	104	2	Virtual Dragon Tiger 2
1048	63	GamePlayLiveCasino	104	64	Dragon Tiger 2
1064	33	ViaCasino	104	5	Blockchain Squeeze  DragonTiger
1088	16	Ezugi	104	11	Dragon Tiger
1092	13	IDNLive	104	15	Dragon Tiger
1092	14	IDNLive	104	16	Dragon Tiger Wild
1092	15	IDNLive	104	17	Europe Dragon Tiger
1098	26	MIkiWorldLiveCasino	104	5	BlockChain Dragon Tiger
0	104	WanMei	105	3	WmSicBo
5	4	BigGaming	105	5	BgSicbo
5	53	BigGaming	105	13	Sic Bo B18
5	54	BigGaming	105	14	Speed Sic Bo B21
7	3	SexyGaming	105	9	SexySicbo
7	10	SexyGaming	105	2	SexyExtraSicbo
7	47	SexyGaming	105	48	SexyThaiFishPrawnCrab126
7	48	SexyGaming	105	49	SexyExtraSicbo131
7	49	SexyGaming	105	50	SexyExtraSicbo132
7	50	SexyGaming	105	51	SexyExtraSicboC132
12	3	IONLC	105	3	IONLCSicBo
19	3	SaGaming	105	4	SaGamingSicBo
28	5	AllBet	105	8	SicboHiLo
33	3	GreenDragon	105	4	GreenDragonSicbo
38	701	PragmaticPlayCasino	105	88	PragmaticPlaySciBo
38	809	PragmaticPlayCasino	105	6	Mega Sic Bac
38	811	PragmaticPlayCasino	105	10	Sic Bo (China theme)
1019	4	YeeBet	105	3	Sic bo
1030	6	DreamGaming	105	5	Sicbo
1030	22	DreamGaming	105	23	Blockchain Sicbo
1035	4	PlayAce	105	3	Sicbo
1043	4	WCasino	105	21	WCasino Sicbo lobby
1043	9	WCasino	105	12	Sicbo 02
1048	17	GamePlayLiveCasino	105	26	Sicbo
1048	18	GamePlayLiveCasino	105	27	Super Sicbo
1048	21	GamePlayLiveCasino	105	30	Super Color Sicbo
1048	39	GamePlayLiveCasino	105	43	Virtual Sicbo
1048	42	GamePlayLiveCasino	105	46	Virtual Super Sicbo
1048	64	GamePlayLiveCasino	105	65	Sicbo 2
1048	65	GamePlayLiveCasino	105	66	Super Sicbo 2
1048	68	GamePlayLiveCasino	105	69	Super Color Sicbo
1064	8	ViaCasino	105	7	Classic Sic Bo
1064	9	ViaCasino	105	12	Thai Hi Lo
1064	12	ViaCasino	105	20	Blockchain Classic Sic Bo
1064	13	ViaCasino	105	2	BlockchainThai Hi Lo
1088	9	Ezugi	105	19	Sic BO
1088	32	Ezugi	105	22	Ultimate Sic Bo
1088	45	NULL	105	14	Ultimate Flip
1092	18	IDNLive	105	20	Sicbo Ball Fast
1092	20	IDNLive	105	22	Bingo Sicbo
1092	29	IDNLive	105	30	Sicbo Dice
1098	21	NULL	105	2	BlockChain Sicbo
5	12	BigGaming	106	9	BgBullBull
5	55	BigGaming	106	15	Bull Bull A27
5	56	BigGaming	106	16	Bull Bull B07
28	10	AllBet	106	12	BullBull
1019	5	YeeBet	106	6	Niu Niu
1021	29	OGLive	106	9	P3 bull-bull
1030	7	DreamGaming	106	8	Bull
1030	18	DreamGaming	106	19	blockchain Bull bull
1035	6	PlayAce	106	7	Bull Bull
1035	10	PlayAce	106	11	Bull Fight
5	57	BigGaming	107	17	Win Three Cards A29
19	9	SaGaming	107	2	PokDeng
1019	6	YeeBet	107	7	Three Master
1030	8	DreamGaming	107	9	Three Cards
1030	9	DreamGaming	107	10	Three face
1030	10	DreamGaming	107	11	sedie
1030	17	DreamGaming	107	18	blockchain Three Cards
1030	19	DreamGaming	107	20	blockchain ThreeFace
1030	20	DreamGaming	107	21	Blockchain AndarBahar
1035	7	PlayAce	107	4	Win Three Cards
1035	9	PlayAce	107	2	Three Face
1048	19	GamePlayLiveCasino	107	28	Thai Hi-Lo
1048	26	GamePlayLiveCasino	107	35	Super Fantan
1048	43	GamePlayLiveCasino	107	47	Virtual Super Hi-Lo
1048	45	GamePlayLiveCasino	107	49	Virtual Thai Hi-Lo
1048	47	GamePlayLiveCasino	107	50	Virtual Three Card Poker
1048	66	GamePlayLiveCasino	107	67	Thai Hi-Lo 2
1048	67	GamePlayLiveCasino	107	68	Thai Hi-Lo 3
1064	23	ViaCasino	107	29	Lotto Lucky Wheel
1088	12	Ezugi	107	28	ThreeCardPoker(NJ)/TeenPatti
1088	33	Ezugi	107	40	Royal Poker
1092	4	IDNLive	107	7	Poker Dice
1092	5	IDNLive	107	8	Europe Poker Dice
0	107	WanMei	108	4	WmFanTan
5	8	BigGaming	108	6	BgSeDie
5	58	BigGaming	108	18	Red Black B12
5	59	BigGaming	108	19	Casino War B13
5	60	BigGaming	108	20	Se Die B16
7	8	SexyGaming	108	4	SexyThaiFishPrawnCrab
7	12	SexyGaming	108	7	SexySedie
7	44	SexyGaming	108	45	SexyThaiHiLo121
7	45	SexyGaming	108	46	SexyThaiHiLo122
7	46	SexyGaming	108	47	SexyThaiHiLoC121
7	51	SexyGaming	108	52	SexySedie151
1019	7	YeeBet	108	8	Color Disc
1035	13	PlayAce	108	13	Xoc Dia
1043	11	WCasino	108	9	Sedie 02
1043	30	WCasino	108	25	Sedie
1048	20	GamePlayLiveCasino	108	29	Xoc Dia
1048	71	GamePlayLiveCasino	108	72	Virtual Xoc Dia
1048	74	GamePlayLiveCasino	108	8	Virtual Bac Bo
1064	10	ViaCasino	108	10	Tai Xiu
1064	11	ViaCasino	108	19	Color Game
1064	14	ViaCasino	108	8	Blockchain Tai Xiu
1064	15	ViaCasino	108	21	Thai Fish Prawn Crab
1064	26	ViaCasino	108	32	Blockchain Thai FishShrimpCrab
1064	27	ViaCasino	108	15	Blockchain Viet FishShrimpCrab
1064	28	ViaCasino	108	13	Blockchain Xoc Dia
1064	29	ViaCasino	108	11	Blockchain Color Game
1092	1	IDNLive	108	4	Head Tail
1092	2	IDNLive	108	5	Red White
1092	6	IDNLive	108	9	Suwit
1092	21	IDNLive	108	23	Domino
1092	27	IDNLive	108	28	Dice 6
1092	28	IDNLive	108	29	Dice 6 Fever
1092	44	IDNLive	108	45	Duel Dice
1098	10	MikiWorldLiveCasino	108	1	BlockChain Baccarat
1098	22	NULL	108	7	BlockChain Xoc Dia
1098	25	MIkiWorldLiveCasino	108	6	BlockChain Bull Bull
38	703	PragmaticPlayCasino	109	7	Mega Wheel
38	723	PragmaticPlayCasino	109	3	Sweet Bonanza CandyLand
38	825	PragmaticPlayCasino	109	15	Money Time
38	829	PragmaticPlayCasino	109	19	Gates of Olympus Roulette
1019	9	YeeBet	109	10	GameShow
1025	25	PlayTech	109	18	Buffalo Blitz España
1025	61	PlayTech	109	1	Adventures Beyond Wonderland Live
1025	62	PlayTech	109	96	Buffalo Blitz Live Slots
1025	88	PlayTech	109	116	Mega Fire Blaze Roulette Live
1025	100	PlayTech	109	24	The Greatest Cards Show
1088	44	NULL	109	18	EZ Marble Race Monaco
1088	46	NULL	109	48	Bet with Streamers
2	393	168game	200	28	Watah Master
3	0	PragmaticPlay	200	657	PragmaticPlayLobby
10	0	JokerGaming	200	349	JokerGamingLobby
13	0	WorldMatch	200	120	WorldMatchLobby
14	0	SBOSlot	200	119	SBOGamesLobby
14	14000000	SBOSlot	200	134	SBOSlotsSlotsLobby
14	14000001	SBOSlot	200	135	SBOSlotsLobby
14	14000002	SBOSlot	200	74	SBOSlotsChessLobby
14	14000003	SBOSlot	200	75	SBOSlotsArcadeLobby
16	0	FunkyGames	200	228	FunkyGamesLobby
22	0	Yggdrasil	200	486	YggdrasilLobby
22	383	Yggdrasil	200	418	Devil's Kitchen
29	0	MicroGaming	200	482	MicroGamingLobby
35	0	PGSoft	200	165	PGSoft Lobby
1067	208	Booongo	200	185	3 Hungry Pandas Hold and Win
1067	217	Booongo	200	184	Cash Volcano
1067	218	Booongo	200	173	Bluffy Cat
1082	1	Vgaming	200	38	Vgaming Lobby
2	1	CQ9	201	22	Kronos
2	2	CQ9	201	4	Good Fortune M
2	3	CQ9	201	42	Rave Jump mobile
2	4	CQ9	201	49	Fa Cai Shen2
2	5	CQ9	201	55	GuGuGu2
2	6	CQ9	201	126	Snow Queen
2	7	CQ9	201	27	Zeus M
2	8	CQ9	201	41	Wheel Money
2	9	CQ9	201	80	Flying Cai Shen
2	10	CQ9	201	56	Jump Higher mobile
2	11	CQ9	201	119	Super5
2	12	CQ9	201	94	God of War M
2	13	CQ9	201	149	Rave Jump 2 M
2	14	CQ9	201	108	HappyRichYear
2	15	CQ9	201	95	TreasureBowl
2	16	CQ9	201	53	Flower Fortunes
2	17	CQ9	201	91	Fire Chibi
2	18	CQ9	201	15	Hercules
2	19	CQ9	201	118	Double Fly
2	20	CQ9	201	26	Fa Cai Shen M
2	21	CQ9	201	120	Fruit King
2	22	CQ9	201	61	Jumping Mobile
2	23	CQ9	201	105	Thor
2	24	CQ9	201	60	Fire Queen
2	25	CQ9	201	187	Zhong Kui
2	26	CQ9	201	110	GuGuGu
2	27	CQ9	201	77	Diamond Treasure
2	30	CQ9	201	206	Xmas
2	32	CQ9	201	123	Chicky Parm Parm
2	33	CQ9	201	198	Fruity Carnival
2	34	CQ9	201	173	Jewel Luxury
2	37	CQ9	201	64	Golden Eggs
2	38	CQ9	201	125	Dragon Heart
2	39	CQ9	201	143	Wild Tarzan
2	40	CQ9	201	100	Red Phoenix
2	43	CQ9	201	145	Detective Dee2
2	44	CQ9	201	204	TreasureIsland
2	46	CQ9	201	178	RaveHigh
2	47	CQ9	201	62	Six Candy
2	48	CQ9	201	83	WaterWorld
2	49	CQ9	201	18	5 God beasts
2	50	CQ9	201	63	Fire Chibi 2
2	51	CQ9	201	70	So Sweet
2	53	CQ9	201	101	Chameleon
2	54	CQ9	201	112	Hephaestus
2	55	CQ9	201	129	777
2	57	CQ9	201	36	Gu Gu Gu 3
2	58	CQ9	201	148	Ne Zha Advent
2	59	CQ9	201	29	DiscoNight M
2	61	CQ9	201	72	Invincible Elephant
2	62	CQ9	201	32	5 Boxing
2	63	CQ9	201	89	Wolf Moon
2	64	CQ9	201	162	Wonderland
2	65	CQ9	201	73	Fa Cai Fu Wa
2	66	CQ9	201	138	MuayThai
2	67	CQ9	201	131	Lucky Bats M
2	68	CQ9	201	155	Mr. Rich
2	71	CQ9	201	20	OrientalBeauty
2	72	CQ9	201	158	Fire Chibi M
2	73	CQ9	201	51	Shou-Xin
2	74	CQ9	201	96	Fortune Totem
2	76	CQ9	201	69	JumpHigh
2	77	CQ9	201	54	Rave Jump
2	78	CQ9	201	99	JumpHigher
2	79	CQ9	201	79	Lucky Bats
2	80	CQ9	201	19	Good Fortune
2	81	CQ9	201	25	6 Toros
2	82	CQ9	201	37	FlyOut
2	83	CQ9	201	117	God of War
2	84	CQ9	201	44	Zeus
2	85	CQ9	201	74	DiscoNight
2	86	CQ9	201	181	Rave Jump2
2	87	CQ9	201	67	FaCaiShen
2	88	CQ9	201	115	Move ' Jump
2	90	CQ9	201	116	Fire777
2	92	CQ9	201	121	RunningToro
2	95	CQ9	201	103	Gu Gu Gu 2 M
2	96	CQ9	201	86	Zuma Wild
2	97	CQ9	201	166	Sherlock Holmes
2	98	CQ9	201	168	Gold Stealer
2	102	CQ9	201	175	Meow
2	103	CQ9	201	71	Gu Gu Gu M
2	104	CQ9	201	157	WanBaoDino
2	105	CQ9	201	195	Crazy NuoZha
2	106	CQ9	201	150	God Of Chess
2	108	CQ9	201	172	Detective Dee
2	111	CQ9	201	75	Poseidon
2	112	CQ9	201	209	Lonely Planet
2	113	CQ9	201	186	Summer Mood
2	115	CQ9	201	146	Yuan Bao
2	116	CQ9	201	97	Treasure House
2	117	CQ9	201	193	SkrSkr
2	118	CQ9	201	179	WuKong&Peaches
2	119	CQ9	201	45	Pyramid Raider
2	120	CQ9	201	113	Sky Lanterns
2	121	CQ9	201	57	888
2	123	CQ9	201	170	FruitKingII
2	124	CQ9	201	152	Funny Alpaca
2	125	CQ9	201	68	The Beast War
2	127	CQ9	201	140	Vampire Kiss
2	128	CQ9	201	33	Hot Spin
2	129	CQ9	201	65	Jump High 2
2	131	CQ9	201	128	Apollo
2	132	CQ9	201	43	Apsaras
2	133	CQ9	201	169	Running Animals
2	135	CQ9	201	205	LuckyBoxes
2	137	CQ9	201	234	Pig Of Luck
2	139	CQ9	201	127	Thor 2
2	140	CQ9	201	185	Great Lion
2	142	CQ9	201	159	Ecstatic Circus
2	143	CQ9	201	156	Magic World
2	144	CQ9	201	211	Gophers War
2	147	CQ9	201	226	MonkeyOfficeLegend
2	148	CQ9	201	231	Golden Mayan
2	149	CQ9	201	133	All Wilds
2	152	CQ9	201	219	World Cup Russia2018
2	153	CQ9	201	180	Big Wolf
2	154	CQ9	201	194	Pub Tycoon
2	155	CQ9	201	202	Football Boots
2	156	CQ9	201	207	Fortune Spirits
2	157	CQ9	201	208	Boots Of Luck
2	160	CQ9	201	191	All Star Team
2	162	CQ9	201	240	Dragon Hunters
2	165	CQ9	201	213	Wild Fudge
2	166	CQ9	201	227	Treasure of Seti
2	167	CQ9	201	223	Cirque de fous
2	168	CQ9	201	239	Lucky 3
2	169	CQ9	201	225	Queen Of Dead
2	170	CQ9	201	197	Sakura Legend
2	171	CQ9	201	174	Football Baby
2	173	CQ9	201	176	Pharaoh's Gold
2	174	CQ9	201	238	Hollywood Pets
2	175	CQ9	201	235	Xmas Tales
2	177	CQ9	201	66	WonWonWon
2	180	CQ9	201	144	Wolf Disco
2	181	CQ9	201	171	Six Gacha
2	183	CQ9	201	38	Fire Queen 2
2	184	CQ9	201	151	Wing Chun
2	185	CQ9	201	147	Cricket Fever
2	186	CQ9	201	114	Fortune Dragon
2	187	CQ9	201	82	Lord Ganesha
2	189	CQ9	201	203	Dragon's Treasure
2	190	CQ9	201	200	Songkran Festival
2	192	CQ9	201	84	Sweet POP
2	207	CQ9	201	280	Jungle Treasure
2	254	CQ9	201	165	Dollar Bomb
2	255	CQ9	201	50	King Kong Shake
2	256	CQ9	201	106	Ganesha Jr.
2	257	CQ9	201	217	LongLaiFa
2	259	CQ9	201	48	Aladdin's lamp
2	260	CQ9	201	324	Slot 777
2	261	CQ9	201	199	Monster Hunter
2	263	CQ9	201	88	King of Atlantis
2	265	CQ9	201	237	Niu Niu Niu
2	267	CQ9	201	177	Hot Pinatas
2	270	CQ9	201	326	Rush Hour
2	271	CQ9	201	327	Lin Chong
2	272	CQ9	201	328	Wild Chameleon
2	273	CQ9	201	30	Da Fa Cai
2	274	CQ9	201	58	Da Hong Zhong
2	275	CQ9	201	34	Money Tree
2	276	CQ9	201	153	Uproar In Heaven
2	277	CQ9	201	87	Dragon Ball
2	278	CQ9	201	329	Water Margin
2	279	CQ9	201	141	Burning Xi-You
2	280	CQ9	201	190	Ninja Raccoon
2	282	CQ9	201	218	Oo Ga Cha Ka
2	283	CQ9	201	210	The Cupids
2	285	CQ9	201	298	Da Fu Xing
2	286	CQ9	201	299	Zombie's Fortune
2	287	CQ9	201	300	Fortune Gate
2	289	CQ9	201	302	MULAN
2	290	CQ9	201	303	HAPPY BUDDHA
2	291	CQ9	201	304	Typhoon Cash
2	292	CQ9	201	305	MONKEY KING
2	293	CQ9	201	306	JIN LIAN PAN
2	294	CQ9	201	232	LongLongLong
2	295	CQ9	201	307	Doggone Lucky
2	296	CQ9	201	308	ROLLING DRAGON
2	297	CQ9	201	309	TIGER HERO
2	299	CQ9	201	311	Fortune Cats
2	300	CQ9	201	312	Empress Wu
2	301	CQ9	201	313	Master Panda
2	302	CQ9	201	314	Double Happy
2	303	CQ9	201	315	Five Ghosts
2	304	CQ9	201	316	Backyard Gold
2	305	CQ9	201	317	Five Lucky Elements
2	306	CQ9	201	318	Stone to Gold
2	307	CQ9	201	319	Rabbit Rampage
2	308	CQ9	201	320	Lotus Lantern
2	309	CQ9	201	321	Dou Di Zhu Plus
2	310	CQ9	201	322	Sun Er Niang
2	311	CQ9	201	323	HUGA
2	312	CQ9	201	342	The Magic Brush
2	313	CQ9	201	343	The Legend Of Snake
2	314	CQ9	201	344	Xiao Fu Xing
2	315	CQ9	201	345	XIYOUJI
2	317	CQ9	201	347	Wealthy Chicken
2	318	CQ9	201	348	Ba Xian Chuan Qi
2	319	CQ9	201	349	Magpie Bridge
2	320	CQ9	201	350	Dragon Gate
2	321	CQ9	201	351	Love Story
2	322	CQ9	201	352	Myth
2	323	CQ9	201	353	Hu Got Lucky
2	324	CQ9	201	354	Le Cirque
2	325	CQ9	201	355	Dou Di Zhu
2	326	CQ9	201	356	PARTY ISLAND
2	327	CQ9	201	357	Nezha
2	328	CQ9	201	358	Eternal Fortune
2	329	CQ9	201	359	Mazu
2	330	CQ9	201	360	JUNGLE ISLAND
2	331	CQ9	201	361	Sheng Xiao Chuan Qi
2	332	CQ9	201	362	Kickin' Kash
2	334	CQ9	201	364	Beanstalk
2	335	CQ9	201	365	GENIE
2	336	CQ9	201	366	NULL
2	337	CQ9	201	367	NULL
2	338	CQ9	201	139	Dragon Koi
2	339	CQ9	201	81	Hot DJ
2	341	CQ9	201	182	Loy Krathong
2	342	CQ9	201	160	Coin Spinner
2	343	CQ9	201	331	The Dragon Brings Wealth
2	344	CQ9	201	167	Myeong-ryang
2	345	CQ9	201	135	Night City
2	346	CQ9	201	154	Mirror Mirror
2	347	CQ9	201	59	888 Cai Shen
2	348	CQ9	201	196	Football Fever
2	349	CQ9	201	332	Diamond Fruit
2	350	CQ9	201	333	Songkran
2	351	CQ9	201	85	Mr. Miser
2	352	CQ9	201	122	Acrobatics
2	353	CQ9	201	102	Greek Gods
2	354	CQ9	201	188	Lucky Tigers
2	355	CQ9	201	334	Frozen World
2	364	CQ9	201	164	Baseball Fever
2	365	CQ9	201	136	Football Fever M
2	366	CQ9	201	287	Hong Kong Flavor
2	367	CQ9	201	161	Striker WILD
2	369	CQ9	201	289	Sweet 666 Deluxe
2	370	CQ9	201	109	The Chicken House
2	371	CQ9	201	290	Royal Fruit
2	372	CQ9	201	291	Double Happiness
2	374	CQ9	201	292	The Dragon Brings Wealth 2
2	375	CQ9	201	142	Hero of the 3 Kingdoms - Cao Cao
2	376	CQ9	201	293	Treasure Koi
2	378	CQ9	201	294	Mega Winner
2	379	CQ9	201	295	Fishing King
2	380	CQ9	201	78	Treasure Pirate
2	381	CQ9	201	296	Xiao Ne Zha
2	382	CQ9	201	132	Mafia
2	383	CQ9	201	107	CHICAGO?
2	384	CQ9	201	297	Golden Dragon Club
2	385	CQ9	201	283	Jin Bi Hui Huang
2	386	CQ9	201	111	Go Fishing
2	387	CQ9	201	130	Black Wukong
2	388	CQ9	201	52	Wild Disco Night
2	390	CQ9	201	163	Sung Wukong
2	391	CQ9	201	8	Mahjong Rich Ways
2	394	168game	201	92	Disco Piggy
2	395	168game	201	1	Mahjong Wilds
2	396	168game	201	21	Watah Master 2
2	397	168game	201	98	Crazy Crazy 3
2	398	168game	201	2	Mahjong Wilds 2
2	399	168game	201	11	Top Ace
2	400	168game	201	47	Crazy Crazy 2
2	401	168game	201	46	Super Power Bank
2	402	168game	201	31	Crazy Crazy
2	403	168game	201	192	Watah Master Turbo
2	404	168game	201	284	168 Lucky Bag
2	405	168game	201	13	Treasures Of Aztec 2
2	406	168game	201	3	Mahjong Wilds 3
2	407	168game	201	14	Legacy of Olympus
2	408	168game	201	9	Top Ace 2
2	409	168game	201	285	Turn & Earn
2	410	168game	201	6	WILD BOUNTY Deluxe
2	411	168game	201	5	Legacy of Olympus1000
2	412	CQ9	201	12	Treasures Of Aztec 1024
2	414	CQ9	201	16	Lucky Neko New Year
2	415	CQ9	201	23	Mahjong Break
2	416	CQ9	201	7	WILD BOUNTY 2048
2	417	CQ9	201	10	Lucky Neko 2
2	418	CQ9	201	76	CHINESE NEW YEAR DELUXE
2	419	CQ9	201	24	WILD BOUNTY 2
2	420	CQ9	201	39	WILD BANDITO 2
2	421	CQ9	201	35	Fortune Rabbit Xtreme
2	422	CQ9	201	183	Sugar Combo
3	1	PragmaticPlay	201	161	3 Genie Wishes
3	2	PragmaticPlay	201	111	3 Kingdoms - Battle of Red Cliffs
3	3	PragmaticPlay	201	108	5 Lions
3	4	PragmaticPlay	201	652	5 Lions Gold
3	5	PragmaticPlay	201	333	7 Monkeys
3	6	PragmaticPlay	201	276	7 Piggies
3	7	PragmaticPlay	201	250	8 Dragons
3	8	PragmaticPlay	201	145	888 Dragons
3	9	PragmaticPlay	201	658	888 Gold
3	10	PragmaticPlay	201	322	Aladdin and the Sorcerer
3	12	PragmaticPlay	201	421	Ancient Egypt
3	13	PragmaticPlay	201	331	Ancient Egypt Classic
3	14	PragmaticPlay	201	195	Asgard
3	15	PragmaticPlay	201	113	Aztec Bonanza
3	16	PragmaticPlay	201	33	Aztec Gems
3	18	PragmaticPlay	201	168	Buffalo King
3	19	PragmaticPlay	201	468	Busy Bees
3	20	PragmaticPlay	201	262	Caishe's Cash
3	21	PragmaticPlay	201	165	Caishe's Gold
3	22	PragmaticPlay	201	327	Chilli Heat
3	24	PragmaticPlay	201	536	Da Vinci's Treasure
3	25	PragmaticPlay	201	354	Dance Party
3	26	PragmaticPlay	201	490	Devil's 13
3	27	PragmaticPlay	201	360	Diamond Strike
3	28	PragmaticPlay	201	437	Diamonds are Forever 3 Lines
3	30	PragmaticPlay	201	517	Dragon Kingdom
3	32	PragmaticPlay	201	601	Dwarven Gold Deluxe
3	33	PragmaticPlay	201	485	Egyptian Fortunes
3	34	PragmaticPlay	201	225	Extra Juicy
3	35	PragmaticPlay	201	603	Fairytale Fortune
3	36	PragmaticPlay	201	386	Fire 88
3	37	PragmaticPlay	201	210	Fire Strike
3	38	PragmaticPlay	201	586	Fruit Rainbow
3	41	PragmaticPlay	201	547	Gold Rush
3	42	PragmaticPlay	201	528	Gold Train
3	44	PragmaticPlay	201	324	Golden Pig
3	45	PragmaticPlay	201	545	Great Reef
3	46	PragmaticPlay	201	120	Great Rhino
3	47	PragmaticPlay	201	480	Greek Gods
3	48	PragmaticPlay	201	474	Hercules and Pegasus
3	49	PragmaticPlay	201	608	Hercules Son of Zeus
3	52	PragmaticPlay	201	317	Honey Honey Honey
3	53	PragmaticPlay	201	443	Hot Chilli
3	54	PragmaticPlay	201	492	Hot Safari
3	55	PragmaticPlay	201	623	Irish Charms
3	56	PragmaticPlay	201	514	Jade Butterfly
3	57	PragmaticPlay	201	100	John Hunter and the Aztec Treasure
3	58	PragmaticPlay	201	265	John Hunter and the Tomb of the Scarab Queen
3	59	PragmaticPlay	201	132	Joker's Jewels
3	60	PragmaticPlay	201	600	Journey to the West
3	63	PragmaticPlay	201	624	Lady Godiva
3	65	PragmaticPlay	201	594	Leprechaun Carol
3	66	PragmaticPlay	201	616	Leprechaun Song
3	67	PragmaticPlay	201	427	Lucky Dragons
3	68	PragmaticPlay	201	549	Lucky New Year
3	69	PragmaticPlay	201	548	Madame Destiny
3	71	PragmaticPlay	201	252	Magic Journey
3	72	PragmaticPlay	201	469	Master Che's Fortune
3	73	PragmaticPlay	201	216	Master Joker
3	74	PragmaticPlay	201	579	Mighty Kong
3	75	PragmaticPlay	201	293	Money Mouse
3	76	PragmaticPlay	201	462	Money Roll
3	77	PragmaticPlay	201	499	Monkey Madness
3	78	PragmaticPlay	201	341	Monkey Warrior
3	79	PragmaticPlay	201	309	Mustang Gold
3	80	PragmaticPlay	201	463	Mysterious
3	81	PragmaticPlay	201	440	Panda's Fortune
3	83	PragmaticPlay	201	637	Peking Luck
3	84	PragmaticPlay	201	310	Pirate Gold
3	85	PragmaticPlay	201	609	Pixie Wings
3	87	PragmaticPlay	201	674	Queen of Gold
3	88	PragmaticPlay	201	247	Release the Kraken
3	90	PragmaticPlay	201	626	Safari King
3	91	PragmaticPlay	201	617	Santa
3	97	PragmaticPlay	201	488	Super 7s
3	98	PragmaticPlay	201	391	Super Joker
3	105	PragmaticPlay	201	53	The Dog House
3	106	PragmaticPlay	201	359	The Great Chicken Escape
3	107	PragmaticPlay	201	566	The Wild Machine
3	108	PragmaticPlay	201	411	Treasure Horse
3	109	PragmaticPlay	201	311	Tree of Riches
3	110	PragmaticPlay	201	631	Triple Dragons
3	112	PragmaticPlay	201	337	Triple Tigers
3	113	PragmaticPlay	201	409	Vampires vs Wolves
3	114	PragmaticPlay	201	620	Vegas Magic
3	115	PragmaticPlay	201	599	Vegas Nights
3	116	PragmaticPlay	201	614	Wild Gladiator
3	117	PragmaticPlay	201	610	Wild Pixies
3	118	PragmaticPlay	201	458	Wild Spells
3	119	PragmaticPlay	201	14	Wild West Gold
3	120	PragmaticPlay	201	531	Wolf Gold
3	121	PragmaticPlay	201	595	Three Star Fortune
3	122	PragmaticPlay	201	101	5 Lions Dance
3	123	PragmaticPlay	201	553	John Hunter and the Book of Tut
3	124	PragmaticPlay	201	578	Starz Megaways
3	125	PragmaticPlay	201	429	Drago - Jewels of Fortune
3	126	PragmaticPlay	201	306	Lucky Dragon Ball
3	127	PragmaticPlay	201	543	Fu Fu Fu
3	128	PragmaticPlay	201	342	Money Money Money
3	129	PragmaticPlay	201	640	Fruit Party
3	130	PragmaticPlay	201	604	Jungle Gorilla
3	131	PragmaticPlay	201	384	Great Rhino Deluxe
3	132	PragmaticPlay	201	134	Pyramid King
3	133	PragmaticPlay	201	540	Rise of Samurai
3	134	PragmaticPlay	201	512	The Tiger Warrior
3	135	PragmaticPlay	201	413	Wild Walker
3	136	PragmaticPlay	201	589	Street Racer
3	137	PragmaticPlay	201	318	Wild Wild Riches
3	138	PragmaticPlay	201	431	Hot to Burn
3	139	PragmaticPlay	201	434	Ultra Hold and Spin
3	140	PragmaticPlay	201	283	Ultra Burn
3	142	PragmaticPlay	201	147	Aztec Gems Deluxe
3	143	PragmaticPlay	201	39	The Dog House Megaways
3	144	PragmaticPlay	201	339	Star Bounty
3	145	PragmaticPlay	201	99	Great Rhino Megaways
3	146	PragmaticPlay	201	242	Curse of the Werewolf Megaways
3	147	PragmaticPlay	201	58	Gems Bonanza
3	148	PragmaticPlay	201	50	Cowboys Gold
3	149	PragmaticPlay	201	183	Christmas Carol Megaways™
3	150	PragmaticPlay	201	419	Spartan King™
3	151	PragmaticPlay	201	554	John Hunter and the Mayan Gods
3	152	PragmaticPlay	201	49	Bonanza Gold
3	153	PragmaticPlay	201	643	Big Bass Bonanza
3	154	PragmaticPlay	201	587	Mysterious Egypt
3	155	PragmaticPlay	201	506	Voodoo Magic
3	156	PragmaticPlay	201	182	Golden Ox
3	157	PragmaticPlay	201	513	Emerald King Rainbow Road
3	158	PragmaticPlay	201	231	Congo Cash
3	159	PragmaticPlay	201	349	Dragon Kingdom Eyes of Fire
3	160	PragmaticPlay	201	63	Madame Destiny Megaways
3	161	PragmaticPlay	201	367	Eye of the Storm
3	162	PragmaticPlay	201	155	The Hand of Midas
3	163	PragmaticPlay	201	597	Joker King
3	164	PragmaticPlay	201	532	The Dragon Tiger
3	165	PragmaticPlay	201	503	Temujin Treasures
3	166	PragmaticPlay	201	455	Fishin Reels
3	167	PragmaticPlay	201	569	Return of the Dead
3	168	PragmaticPlay	201	518	Emerald King
3	169	PragmaticPlay	201	401	Hot to Burn Hold and Spin
3	170	PragmaticPlay	201	6	Gates of Olympus
3	171	PragmaticPlay	201	582	Wild Booster
3	172	PragmaticPlay	201	406	Book of Kingdoms
3	173	PragmaticPlay	201	581	Pirate Gold Deluxe
3	174	PragmaticPlay	201	280	Juicy Fruits
3	188	PragmaticPlay	201	31	Power of Thor Megaways
3	189	PragmaticPlay	201	56	Hot Fiesta
3	190	PragmaticPlay	201	29	Buffalo King Megaways
3	191	PragmaticPlay	201	212	Floating Dragon
3	192	PragmaticPlay	201	116	Panda Fortune 2
3	193	PragmaticPlay	201	185	Amazing Money Machine
3	194	PragmaticPlay	201	78	Aztec King
3	195	PragmaticPlay	201	302	The Magic Cauldron
3	196	PragmaticPlay	201	642	Rise of Samurai Megaways
3	197	PragmaticPlay	201	372	Cash Elevator
3	198	PragmaticPlay	201	394	Hokkaido Wolf
3	199	PragmaticPlay	201	8	5 Lions Megaways
3	200	PragmaticPlay	201	495	Dragon Hot Hold and Spin
3	201	PragmaticPlay	201	288	Heart of Rio
3	202	PragmaticPlay	201	321	Lucky Lightning
3	203	PragmaticPlay	201	186	Empty the Bank
3	204	PragmaticPlay	201	235	Fruit Party 2
3	205	PragmaticPlay	201	296	Phoenix Forge
3	206	PragmaticPlay	201	234	Chicken Drop
3	208	PragmaticPlay	201	44	Aztec King Megaways
3	209	PragmaticPlay	201	559	Lucky Grace And Charm
3	210	PragmaticPlay	201	263	Chilli Heat Megaways
3	211	PragmaticPlay	201	236	Yum Yum Powerways
3	212	PragmaticPlay	201	516	Rise of Giza PowerNudge
3	213	PragmaticPlay	201	16	Pyramid Bonanza
3	214	PragmaticPlay	201	407	Raging Bull
3	215	PragmaticPlay	201	12	Starlight Princess
3	216	PragmaticPlay	201	52	Bigger Bass Bonanza™
3	217	PragmaticPlay	201	294	Treasure Wild™
3	218	PragmaticPlay	201	404	Cash Bonanza™
3	219	PragmaticPlay	201	467	Piggy Bank Bills™
3	220	PragmaticPlay	201	41	Tweety House
3	221	PragmaticPlay	201	500	Mystic Chief
3	222	PragmaticPlay	201	379	Day of Dead
3	223	PragmaticPlay	201	102	Candy Village
3	224	PragmaticPlay	201	521	Star Pirates Code
3	225	PragmaticPlay	201	353	John Hunter and the Quest for Bermuda Riches™
3	226	PragmaticPlay	201	326	Big Juan™
3	227	PragmaticPlay	201	133	Santa's Wonderland™
3	228	PragmaticPlay	201	207	Christmas Big Bass Bonanza™
3	229	PragmaticPlay	201	112	Book of Fallen™
3	230	PragmaticPlay	201	255	Bubble Pop™
3	231	PragmaticPlay	201	146	Bounty Gold™
3	232	PragmaticPlay	201	564	Hockey Attack™
3	233	PragmaticPlay	201	163	Big Bass Bonanza Megaways™
3	234	PragmaticPlay	201	73	Fortune of Giza™
3	235	PragmaticPlay	201	348	Super X™
3	236	PragmaticPlay	201	300	Lucky New Year Tiger Treasures™
3	237	PragmaticPlay	201	122	Emperor Caishen™
3	238	PragmaticPlay	201	219	Crystal Caverns Megaways™
3	239	PragmaticPlay	201	612	Smugglers Cove™
3	240	PragmaticPlay	201	355	Magician Secrets™
3	241	PragmaticPlay	201	551	Wild Depths™
3	242	PragmaticPlay	201	28	Extra Juicy Megaways™
3	243	PragmaticPlay	201	364	Gates of Valhalla™
3	244	PragmaticPlay	201	80	Gold Party™
3	245	PragmaticPlay	201	158	Elemental Gems Megaways™
3	246	PragmaticPlay	201	380	Rock Vegas™
3	247	PragmaticPlay	201	150	Cash Patrol
3	248	PragmaticPlay	201	292	Colossal Cash Zone
3	249	PragmaticPlay	201	358	The Ultimate 5
3	250	PragmaticPlay	201	89	Spaceman
3	251	PragmaticPlay	201	314	Book of Aztec King
3	252	PragmaticPlay	201	388	Wild Beach Party
3	253	PragmaticPlay	201	297	Bull Fiesta
3	254	PragmaticPlay	201	397	Might of Ra
3	255	PragmaticPlay	201	460	Rainbow Gold
3	256	PragmaticPlay	201	493	Snakes and Ladders Megadice™
3	257	PragmaticPlay	201	508	Disco Lady
3	258	PragmaticPlay	201	584	Tic Tac Take
3	259	PragmaticPlay	201	69	Barn Festival
3	260	PragmaticPlay	201	109	Queenie
3	261	PragmaticPlay	201	335	Chicken Chase
3	262	PragmaticPlay	201	34	Wild West Gold Megaways
3	263	PragmaticPlay	201	179	Clover Gold
3	264	PragmaticPlay	201	194	Drill that Gold
3	265	PragmaticPlay	201	361	Spirit of Adventure
3	266	PragmaticPlay	201	144	Fire Strike 2
3	267	PragmaticPlay	201	241	Eye of Cleopatra
3	268	PragmaticPlay	201	475	Goblin Heist Powernudge
3	269	PragmaticPlay	201	363	The Great Stick-up
3	270	PragmaticPlay	201	82	Zombie Carnival
3	271	PragmaticPlay	201	571	North Guardians
3	272	PragmaticPlay	201	496	Koi Pond
3	273	PragmaticPlay	201	205	Rise Of Samurai III - (Excluding Japan)
3	274	PragmaticPlay	201	42	Cleocatra
3	275	PragmaticPlay	201	371	Little Gem
3	276	PragmaticPlay	201	498	Queen of Gods
3	277	PragmaticPlay	201	110	Cosmic Cash
3	278	PragmaticPlay	201	106	Mahjong Panda
3	279	PragmaticPlay	201	130	Bomb Bonanza
3	280	PragmaticPlay	201	40	Big Bass Splash
3	281	PragmaticPlay	201	343	Coffee Wild
3	282	PragmaticPlay	201	482	Shining Hot 100
3	283	PragmaticPlay	201	635	Shining Hot 40
3	284	PragmaticPlay	201	621	Shining Hot 20
3	285	PragmaticPlay	201	593	Shining Hot 5
3	286	PragmaticPlay	201	428	Tropical Tiki
3	288	PragmaticPlay	201	580	Cheeky Emperor
3	289	PragmaticPlay	201	457	Hot to Burn Extreme
3	290	PragmaticPlay	201	233	Octobeer Fortunes
3	291	PragmaticPlay	201	378	Gorilla Mayhem
3	292	PragmaticPlay	201	259	Fire Hot 100
3	293	PragmaticPlay	201	520	Fire Hot 40
3	294	PragmaticPlay	201	542	Fire Hot 20
3	295	PragmaticPlay	201	507	Fire Hot 5
3	296	PragmaticPlay	201	171	Greedy Wolf
3	297	PragmaticPlay	201	160	Down the Rails
3	298	PragmaticPlay	201	422	Magic Money Maze
3	299	PragmaticPlay	201	334	Floating Dragon Megaways
3	300	PragmaticPlay	201	264	Wildman Super Bonanza
3	301	PragmaticPlay	201	239	Candy Stars
3	302	PragmaticPlay	201	105	Black Bull
3	303	PragmaticPlay	201	114	Muertos Multiplier Megaways
3	304	PragmaticPlay	201	442	Crown of Fire
3	305	PragmaticPlay	201	596	Snakes & Ladders - Snake Eyes
3	306	PragmaticPlay	201	330	Legend of Heroes Megaways
3	307	PragmaticPlay	201	426	Striking Hot 5
3	308	PragmaticPlay	201	336	Wild Hop & Drop
3	309	PragmaticPlay	201	229	Book of Golden Sands
3	310	PragmaticPlay	201	410	Sword of Ares
3	311	PragmaticPlay	201	230	Old Gold Miner Megaways
3	312	PragmaticPlay	201	416	Spin & Score Megaways
3	313	PragmaticPlay	201	558	John Hunter & the Book of Tut Respin
3	314	PragmaticPlay	201	261	Bigger Bass Blizzard - Christmas Catch
3	315	PragmaticPlay	201	118	Kingdom of Asgard™
3	316	PragmaticPlay	201	365	Release the Kraken 2™
3	317	PragmaticPlay	201	315	Santa's Great Gifts™
3	318	PragmaticPlay	201	273	Aztec Blaze™
3	319	PragmaticPlay	201	85	Starlight Christmas
3	320	PragmaticPlay	201	568	Towering Fortunes™
3	321	PragmaticPlay	201	287	Firebird Spirit
3	322	PragmaticPlay	201	527	Gems of Serengeti™
3	323	PragmaticPlay	201	295	Pirate Golden Age™
3	324	PragmaticPlay	201	304	Shield Of Sparta™
3	325	PragmaticPlay	201	346	Lucky Fishing Megaways
3	326	PragmaticPlay	201	267	Big Bass Bonanza - Keeping it Reel
3	327	PragmaticPlay	201	173	Dragon Hero
3	328	PragmaticPlay	201	32	5 Rabbits Megaways
3	329	PragmaticPlay	201	77	Gates of Gatot Kaca
3	330	PragmaticPlay	201	415	Reel Banks™
3	331	PragmaticPlay	201	329	PIZZA! PIZZA? PIZZA! ™
3	332	PragmaticPlay	201	189	Hot Pepper™
3	333	PragmaticPlay	201	316	Sweet Powernudge™
3	334	PragmaticPlay	201	129	Gates of Aztec™
3	335	PragmaticPlay	201	251	Fury of Odin Megaways™
3	336	PragmaticPlay	201	323	Mammoth Gold Megaways™
3	337	PragmaticPlay	201	461	Wild Wild Bananas™
3	338	PragmaticPlay	201	423	Pinup Girls™
3	339	PragmaticPlay	201	510	Secret City Gold™
3	340	PragmaticPlay	201	206	Fish Eye
3	341	PragmaticPlay	201	188	Monster Superlanche™
3	342	PragmaticPlay	201	435	Gatot Kaca's Fury™
3	343	PragmaticPlay	201	214	Mochimon™
3	344	PragmaticPlay	201	117	Club Tropicana
3	345	PragmaticPlay	201	299	Fire Archer™
3	346	PragmaticPlay	201	198	Wild Wild Riches Megaways™
3	347	PragmaticPlay	201	570	Peak Power™
3	348	PragmaticPlay	201	127	Wild West Duels™
3	349	PragmaticPlay	201	515	Mystery Of The Orient™
3	350	PragmaticPlay	201	344	Rabbit Garden™
3	351	PragmaticPlay	201	138	The Dog House Multihold™
3	352	PragmaticPlay	201	312	Fruits of the Amazon™
3	353	PragmaticPlay	201	425	The Knight King™
3	354	PragmaticPlay	201	180	Big Bass - Hold & Spinner™
3	355	PragmaticPlay	201	555	The Red Queen™
3	356	PragmaticPlay	201	577	Moonshot™
3	357	PragmaticPlay	201	97	3 Dancing Monkeys™
3	358	PragmaticPlay	201	269	African Elephant™
3	359	PragmaticPlay	201	356	Wild Celebrity Bus Megaways™
3	360	PragmaticPlay	201	95	Gods of Giza™
3	361	PragmaticPlay	201	573	Jane Hunter and the Mask of Montezuma™
3	362	PragmaticPlay	201	201	Cowboy Coins™
3	363	PragmaticPlay	201	574	Kingdom of The Dead™
3	364	PragmaticPlay	201	562	Jasmine Dreams™
3	365	PragmaticPlay	201	638	Holiday Ride™
3	366	PragmaticPlay	201	370	Diamonds of Egypt™
3	367	PragmaticPlay	201	501	Excalibur Unleashed™
3	369	PragmaticPlay	201	64	Zeus vs Hades - Gods of War™
3	370	PragmaticPlay	201	471	Knight Hot Spotz™
3	371	PragmaticPlay	201	441	Floating Dragon - Dragon Boat Festival™
3	372	PragmaticPlay	201	456	Sticky Bees™
3	373	PragmaticPlay	201	432	Robber Strike™
3	374	PragmaticPlay	201	523	Frogs & Bugs™
3	375	PragmaticPlay	201	451	Lamp of Infinity™
3	376	PragmaticPlay	201	563	Jewel Rush™
3	377	PragmaticPlay	201	494	Pirates Pub™
3	378	PragmaticPlay	201	412	Fat Panda™
3	379	PragmaticPlay	201	59	Wisdom of Athena™
3	380	PragmaticPlay	201	408	Heist for the Golden Nuggets™
3	381	PragmaticPlay	201	151	Big Bass Amazon Xtreme™
3	382	PragmaticPlay	201	439	Hellvis Wild™
3	383	PragmaticPlay	201	465	Joker Race™
3	384	PragmaticPlay	201	505	Cash Box™
3	385	PragmaticPlay	201	400	Kraken's Sky Bounty™
3	386	PragmaticPlay	201	611	Spellbinding Mystery™
3	387	PragmaticPlay	201	257	Power of Merlin Megaways™
3	388	PragmaticPlay	201	5	Starlight Princess™ 1000
3	389	PragmaticPlay	201	54	3 Buzzing Wilds™
3	390	PragmaticPlay	201	519	Diamond Cascade™
3	391	PragmaticPlay	201	619	Lobster Bob's Crazy Crab Shack™
3	393	PragmaticPlay	201	450	Rocket Blast Megaways™
3	394	PragmaticPlay	201	484	Mustang Trail™
3	395	PragmaticPlay	201	576	Pub Kings™
3	396	PragmaticPlay	201	590	Piggy Bankers™
3	397	PragmaticPlay	201	9	Mahjong Wins™
3	398	PragmaticPlay	201	96	Forge of Olympus™
3	399	PragmaticPlay	201	403	Big Bass Hold & Spinner Megaways™
3	400	PragmaticPlay	201	525	Cyclops Smash™
3	402	PragmaticPlay	201	602	Frozen Tropics™
3	403	PragmaticPlay	201	550	Gold Oasis™
3	404	PragmaticPlay	201	284	8 Golden Dragon Challenge™
3	405	PragmaticPlay	201	511	John Hunter and the Book of Tut Megaways™
3	407	PragmaticPlay	201	222	Fortunes of Aztec™
3	408	PragmaticPlay	201	140	Candy Blitz™
3	409	PragmaticPlay	201	382	Infective Wild™
3	410	PragmaticPlay	201	607	Gravity Bonanza™
3	412	PragmaticPlay	201	393	Tundra’s Fortune™
3	413	PragmaticPlay	201	387	Cash Chips™
3	414	PragmaticPlay	201	124	Sweet Bonanza Dice™
3	415	PragmaticPlay	201	639	Big Bass Halloween™
3	416	PragmaticPlay	201	470	Rainbow Reels™
3	417	PragmaticPlay	201	143	888 Bonanza™
3	418	PragmaticPlay	201	375	The Money Men Megaways™
3	419	PragmaticPlay	201	524	Demon Pots™
3	420	PragmaticPlay	201	320	Twilight Princess™
3	421	PragmaticPlay	201	199	Grace of Ebisu™
3	422	PragmaticPlay	201	86	Rujak Bonanza™
3	423	PragmaticPlay	201	641	Sugar Supreme Powernudge™
3	424	PragmaticPlay	201	191	Viking Forge™
3	425	PragmaticPlay	201	567	Chase for Glory™
3	426	PragmaticPlay	201	256	Joker Jewels Dice™
3	427	PragmaticPlay	201	627	Timber Stacks™
3	429	PragmaticPlay	201	190	Big Bass Christmas Bash™
3	430	PragmaticPlay	201	446	Nile Fortunes™
3	433	PragmaticPlay	201	560	Ding Dong Christmas Bells™
3	434	PragmaticPlay	201	131	5 Frozen Charms Megaways™
3	435	PragmaticPlay	201	618	Sea Fantasy™
3	436	PragmaticPlay	201	645	Fire Stampede™
3	437	PragmaticPlay	201	94	Candy Jar Cluster™
3	438	PragmaticPlay	201	1	Gates of Olympus 1000™
3	439	PragmaticPlay	201	290	The Wild Gang™
3	440	PragmaticPlay	201	414	Floating Dragon New Year Festival Ultra Megaways™
3	441	PragmaticPlay	201	489	Juicy Fruits Multihold™
3	443	PragmaticPlay	201	486	Year of the Dragon King
3	444	PragmaticPlay	201	592	Good Luck & Good Fortune
3	445	PragmaticPlay	201	381	Castle of Fire
3	446	PragmaticPlay	201	211	Fortune Dragon
3	447	PragmaticPlay	201	444	The Big Dawgs
3	448	PragmaticPlay	201	11	Mahjong Wins Bonus
3	449	PragmaticPlay	201	352	Blade & Fangs
3	450	PragmaticPlay	201	472	Loki’s Riches
3	451	PragmaticPlay	201	368	Blazing Wilds Megaways
3	452	PragmaticPlay	201	534	Trees of Treasure
3	453	PragmaticPlay	201	76	Fortune Ace
3	454	PragmaticPlay	201	552	The Alter Ego
3	456	PragmaticPlay	201	37	Big Bass Floats My Boat
3	457	PragmaticPlay	201	447	Wheel O’Gold
3	458	PragmaticPlay	201	57	Pompeii Megareels Megaways
3	459	PragmaticPlay	201	575	Great Lagoon
3	460	PragmaticPlay	201	565	Strawberry Cocktail
3	461	PragmaticPlay	201	632	Mighty Munching Melons
3	462	PragmaticPlay	201	65	Power of Ninja
3	463	PragmaticPlay	201	162	Gates of Olympus Dice
3	464	PragmaticPlay	201	258	Train to Seoul
3	466	PragmaticPlay	201	285	Gears of Horus
3	467	PragmaticPlay	201	17	Gates of Gatot Kaca 1000
3	468	PragmaticPlay	201	245	Beware The Deep Megaways
3	469	PragmaticPlay	201	227	Big Bass Day at the Races
3	470	PragmaticPlay	201	487	Pot of Fortune
3	471	PragmaticPlay	201	204	Rise of Samurai 4
3	472	PragmaticPlay	201	232	Cyber Heist
3	473	PragmaticPlay	201	4	Sugar Rush 1000
3	474	PragmaticPlay	201	60	Fire Portals
3	475	PragmaticPlay	201	491	Big Burger Load it up with Xtra cheese
3	476	PragmaticPlay	201	141	The Dog House – Dog or Alive
3	477	PragmaticPlay	201	436	Release the Bison
3	478	PragmaticPlay	201	164	Aztec Powernudge
3	479	PragmaticPlay	201	561	Ripe Rewards
3	480	PragmaticPlay	201	187	Big Bass Secrets of the Golden Lake
3	481	PragmaticPlay	201	218	Barnyard Megahays Megaways
3	482	PragmaticPlay	201	530	Ice Lobster
3	483	PragmaticPlay	201	91	Candy Blitz Bombs
3	484	PragmaticPlay	201	268	Joker’s Jewels Wild
3	485	PragmaticPlay	201	634	Lobster’s Bob Sea Food and Win It
3	486	PragmaticPlay	201	479	Heroic Spin
3	487	PragmaticPlay	201	319	Heart of Cleopatra
3	488	PragmaticPlay	201	628	Odds on Winner
3	489	PragmaticPlay	201	572	Dwarf & Dragon
3	490	PragmaticPlay	201	541	Rise of Pyramids
3	491	PragmaticPlay	201	243	Fruity Treats
3	492	PragmaticPlay	201	477	Starlight Princess Pachi
3	493	PragmaticPlay	201	537	Revenge of Loki Megaways
3	494	PragmaticPlay	201	7	Sweet Bonanza 1000
3	495	PragmaticPlay	201	476	Wildies
3	496	PragmaticPlay	201	544	Devilicious
3	497	PragmaticPlay	201	275	Big Bass Bonanza - Reel Action
3	498	PragmaticPlay	201	502	Medusa’s Stone
3	499	PragmaticPlay	201	200	Big Bass Mission Fishin’
3	501	PragmaticPlay	201	152	Hand of Midas 2
3	502	PragmaticPlay	201	254	Sweet Kingdom
3	503	PragmaticPlay	201	453	Crank it Up
3	504	PragmaticPlay	201	405	Samurai Code
3	505	PragmaticPlay	201	606	Hot to Burn Multiplier
3	506	PragmaticPlay	201	135	6 Jokers
3	507	PragmaticPlay	201	588	Dynamite Diggin Doug
3	508	PragmaticPlay	201	402	Joker’s Jewels Hot
3	509	PragmaticPlay	201	279	Sumo Supreme Megaways
3	510	PragmaticPlay	201	153	Bow of Artemis
3	511	PragmaticPlay	201	466	Money Stacks
3	512	PragmaticPlay	201	478	Running Sushi
3	513	PragmaticPlay	201	504	Yeti Quest
3	514	PragmaticPlay	201	615	Jackpot Hunter
3	515	PragmaticPlay	201	522	Forging Wilds
3	516	PragmaticPlay	201	613	Hot to Burn - 7 Deadly Free Spins
3	517	PragmaticPlay	201	298	Aztec Treasure Hunt
3	518	PragmaticPlay	201	281	Dragon Gold 88
3	519	PragmaticPlay	201	546	Gem Elevator
3	520	PragmaticPlay	201	170	Angel vs Sinner
3	522	PragmaticPlay	201	650	Big Bass Vegas Double Down Deluxe
3	523	PragmaticPlay	201	473	Congo Cash XL
3	524	PragmaticPlay	201	605	Oodles of Noodles
3	525	PragmaticPlay	201	625	Mystery Mice
3	526	PragmaticPlay	201	277	Badge Blitz
3	527	PragmaticPlay	201	119	888 Gold (excluding Korea)
3	528	PragmaticPlay	201	192	Anime Mecha Megaways™
3	529	PragmaticPlay	201	26	Wisdom of Athena 1000
3	530	PragmaticPlay	201	203	The Dog House – Muttley Crew
3	531	PragmaticPlay	201	598	Fortune Hit’n Roll
3	532	PragmaticPlay	201	66	Chests of Cai Shen
3	533	PragmaticPlay	201	313	Release the Kraken Megaways™
3	534	PragmaticPlay	201	220	Big Bass Halloween 2
3	535	PragmaticPlay	201	123	Vampy Party
3	536	PragmaticPlay	201	497	Fangtastic Freespins
3	537	PragmaticPlay	201	90	7 Clovers of Fortune
3	538	PragmaticPlay	201	178	Candy Corner
3	539	PragmaticPlay	201	583	Moleionaire
3	540	PragmaticPlay	201	289	Wolf Gold Ultimate
3	541	PragmaticPlay	201	538	Himalayan Wild
3	542	PragmaticPlay	201	483	Eternal Empress – Freeze Time
3	543	PragmaticPlay	201	274	Big Bass Xmas Xtreme
3	544	PragmaticPlay	201	464	Might of Freya Megaways™
3	545	PragmaticPlay	201	585	Penguins Christmas Party Time
3	546	PragmaticPlay	201	38	Gates of Olympus Xmas 1000
3	547	PragmaticPlay	201	556	Santa’s Xmas Rush
3	548	PragmaticPlay	201	104	Roma
3	549	PragmaticPlay	201	115	Tiny Toads
3	550	PragmaticPlay	201	418	Dragon King Hot Pots
3	551	PragmaticPlay	201	481	Money Stacks Megaways
3	552	PragmaticPlay	201	193	Big Bass Bonanza 3 Reeler
3	553	PragmaticPlay	201	197	Mining Rush
3	554	PragmaticPlay	201	213	Aztec Smash
3	555	PragmaticPlay	201	529	Fonzo’s Feline Fortunes
3	556	PragmaticPlay	201	68	Brick House Bonanza
3	557	PragmaticPlay	201	374	Floating Dragon – Year of the Snake
3	558	PragmaticPlay	201	55	Aztec Gems Megaways™
3	559	PragmaticPlay	201	424	Wild Wild Pearls
3	560	PragmaticPlay	201	539	Irish Crown
3	561	PragmaticPlay	201	369	Wild Wildebeest Wins
3	562	PragmaticPlay	201	557	Escape the Pyramid – Fire & Ice
3	563	PragmaticPlay	201	272	Ancient Island Megaways™
3	564	PragmaticPlay	201	266	Bigger Bass Splash
3	565	PragmaticPlay	201	622	John Hunter and Galileo’s Secrets
3	566	PragmaticPlay	201	438	Savannah Legend
3	567	PragmaticPlay	201	2	Mahjong Wins 2
3	571	PragmaticPlay	201	702	Archer Gold
3	572	PragmaticPlay	201	10	Mahjong Wins – Gong Xi Fa Cai
3	573	PragmaticPlay	201	703	Touro Sortudo
3	574	PragmaticPlay	201	362	Big Bass Return to the Races
3	575	PragmaticPlay	201	399	Peppe’s Pepperoni Pizza Plaza
3	576	PragmaticPlay	201	70	Gates of Olympus 1000 Dice
3	577	PragmaticPlay	201	25	5 Lions Megaways™ 2
3	578	PragmaticPlay	201	325	Sweet Bonanza 1000 Dice
3	579	PragmaticPlay	201	389	Greedy Fortune Pig
3	580	PragmaticPlay	201	390	Raging Waterfall Megaways™
3	581	PragmaticPlay	201	433	Wild Wild Joker
3	582	PragmaticPlay	201	30	Triple Pot Gold
3	583	PragmaticPlay	201	417	Lucky’s Wild Pub
3	585	PragmaticPlay	201	366	Volcano Goddess
3	586	PragmaticPlay	201	142	The Dog House - Royal Hunt
3	587	PragmaticPlay	201	308	Blitz Super Wheel
3	590	PragmaticPlay	201	93	Bandit Megaways
3	591	PragmaticPlay	201	509	Joker's Jewels Cash
3	592	PragmaticPlay	201	392	Book of Monsters
3	593	PragmaticPlay	201	103	5 Lions Reborn
3	594	PragmaticPlay	201	75	Big Bass Bonanza 1000
3	595	PragmaticPlay	201	345	Cash Surge
3	596	PragmaticPlay	201	3	Gates of Olympus Super Scatter
3	597	PragmaticPlay	201	156	Resurrecting Riches
3	598	PragmaticPlay	201	459	Ride the Lightning
3	599	PragmaticPlay	201	282	Sleeping Dragon
3	600	PragmaticPlay	201	383	Witch Heart Megaways
3	614	PragmaticPlay	201	224	Fiesta Fortune
3	615	PragmaticPlay	201	629	Jumbo Safari
3	616	PragmaticPlay	201	248	Gates of Hades
3	617	PragmaticPlay	201	92	Mahjong Wins Super Scatter
3	618	PragmaticPlay	201	139	Wild West Gold Blazing Bounty
3	619	PragmaticPlay	201	385	Eye of Spartacus
3	620	PragmaticPlay	201	338	Majestic Express - Gold Run
3	621	PragmaticPlay	201	74	Big Bass Boxing Bonus Round
3	622	PragmaticPlay	201	291	Mummy's Jewels
3	623	PragmaticPlay	201	240	Finger Lick'n Free Spins
3	624	PragmaticPlay	201	226	Gold Party 2 - After Hours
3	625	PragmaticPlay	201	533	Temple Guardians
3	626	PragmaticPlay	201	454	Gem Fire Fortune
3	627	PragmaticPlay	201	260	Waves of Poseidon
3	628	PragmaticPlay	201	107	Club Tropicana – Happy Hour
3	629	PragmaticPlay	201	301	Alien Invaders
3	630	PragmaticPlay	201	377	You Can Piggy Bank On It
3	631	PragmaticPlay	201	270	Chilli Heat Spicy Spins
3	632	PragmaticPlay	201	246	Gem Trio
3	633	PragmaticPlay	201	237	Wolf Gold 4 Pack
3	635	PragmaticPlay	201	18	Sweet Bonanza Super Scatter
3	636	PragmaticPlay	201	223	Argonauts
3	637	PragmaticPlay	201	71	Big Bass Reel Repeat
3	638	PragmaticPlay	201	305	Ice Mints
3	639	PragmaticPlay	201	654	Ultra Burn Dice
3	640	PragmaticPlay	201	157	Spellmaster
3	641	PragmaticPlay	201	36	Zombie School Megaways
3	644	PragmaticPlay	201	159	Captain Kraken Megaways
3	645	PragmaticPlay	201	328	Lobster House
3	646	PragmaticPlay	201	445	Genie’s Gem Bonanza
3	647	PragmaticPlay	201	72	Bee Keeper
3	648	PragmaticPlay	201	88	Bounty Hunter
3	649	PragmaticPlay	201	35	Fortune Ace Super Scatter
3	650	PragmaticPlay	201	24	Bigger Barn House Bonanza
3	651	PragmaticPlay	201	196	Hundreds and Thousands
3	652	PragmaticPlay	201	20	Sweet Rush Bonanza
3	653	PragmaticPlay	201	98	Mermaid’s Treasure Trove
3	654	PragmaticPlay	201	148	Big Bass Halloween 3
3	655	PragmaticPlay	201	15	Chests of Cai Shen 2
3	656	PragmaticPlay	201	350	Lava Balls
3	658	PragmaticPlay	201	535	Frightening Frankie
3	659	PragmaticPlay	201	448	Pandemic Rising
3	660	PragmaticPlay	201	19	Starlight Princess Super Scatter
3	661	PragmaticPlay	201	452	Oracle of Gold
3	662	PragmaticPlay	201	420	Wild Wild Riches Returns
3	663	PragmaticPlay	201	208	Big Bass Christmas – Frozen Lake
3	674	PragmaticPlay	201	215	Duel of Night & Day
3	675	PragmaticPlay	201	591	Santa's Slay
3	676	PragmaticPlay	201	238	Super Gummy Strike
3	677	PragmaticPlay	201	121	Starlight Archer 1000
3	678	PragmaticPlay	201	154	Zeus vs Typhon
3	679	PragmaticPlay	201	48	Wisdom of Athena 1000 Xmas
3	680	PragmaticPlay	201	176	Sweet Craze
3	681	PragmaticPlay	201	81	Gates of Pyroth
3	683	PragmaticPlay	201	83	Bloody Dawn
3	684	PragmaticPlay	201	13	Gates of Gatot Kaca Super Scatter
3	685	PragmaticPlay	201	79	Big Bass Splash 1000
3	686	PragmaticPlay	201	51	Hammerstorm
3	687	PragmaticPlay	201	84	Anaconda Gold
3	689	PragmaticPlay	201	22	Fortune of Olympus
3	690	PragmaticPlay	201	526	Joker’s Jewels Hold & Spin
3	691	PragmaticPlay	201	175	King of Spear
3	692	PragmaticPlay	201	45	Wheel of Happiness
3	693	PragmaticPlay	201	395	Hot Tuna
3	694	PragmaticPlay	201	23	Sugar Rush Super Scatter
3	695	PragmaticPlay	201	149	Floating Dragon Wild Horses
3	696	PragmaticPlay	201	351	Dragon Tiger Fortunes
3	697	PragmaticPlay	201	125	Super Tiki Strike
3	698	PragmaticPlay	201	202	Cyberheist City
3	699	PragmaticPlay	201	67	Zeus vs Hades Gods of War 250
3	700	PragmaticPlay	201	43	3 Magic Eggs
3	702	PragmaticPlay	201	357	Knights vs Barbarians
3	703	PragmaticPlay	201	396	Emerald King – Wheel of Wealth
3	704	PragmaticPlay	201	340	Treasures of Osiris
3	705	PragmaticPlay	201	249	Rolling in Treasures
3	707	PragmaticPlay	201	347	Haunted Crypt
3	708	PragmaticPlay	201	217	Wild Skullz
3	709	PragmaticPlay	201	209	Big Bass Raceday Repeat
3	710	PragmaticPlay	201	166	Lucky’s Wild Pub 2
3	711	PragmaticPlay	201	172	CULT
3	712	PragmaticPlay	201	278	Steamin’ Reels
3	713	PragmaticPlay	201	221	Furry Bonanza Megaways
3	714	PragmaticPlay	201	174	Triple Pot Diamond
3	715	PragmaticPlay	201	46	Jelly Express
3	716	PragmaticPlay	201	228	Idol Pop Fever
3	717	PragmaticPlay	201	126	Snow Party
3	718	PragmaticPlay	201	136	Cyber Pup Megaways
3	719	PragmaticPlay	201	62	Big Bass Trophy Catch
3	720	PragmaticPlay	201	332	Inca Queen
3	721	PragmaticPlay	201	87	Dragon Pots Megaways
3	722	PragmaticPlay	201	47	Great Ghosts!
3	723	PragmaticPlay	201	27	Sweet Bonanza 2500
3	724	PragmaticPlay	201	169	Mr Null’s Wicked Wares
3	725	PragmaticPlay	201	271	Launch to Riches
3	726	PragmaticPlay	201	184	Heartbreakers
3	727	PragmaticPlay	201	137	Triple Pot Plinko – Hercules
3	728	PragmaticPlay	201	128	Dragon’s Gate – Bonus Choice
3	729	PragmaticPlay	201	181	The Big Dog House
3	730	PragmaticPlay	201	253	Big Bass Football Bonanza
3	731	PragmaticPlay	201	430	Candy Rush
3	732	PragmaticPlay	201	731	Sanatorium Secrets
3	733	PragmaticPlay	201	732	Caishen’s Cash Pots
3	734	PragmaticPlay	201	733	Joker’s Revenge
3	735	PragmaticPlay	201	734	Mahjong Wins Triple Pot
3	736	PragmaticPlay	201	735	Bear Crazy
3	737	PragmaticPlay	201	736	Better Barn House Bonanza
3	738	PragmaticPlay	201	737	Fury of Anubis
3	739	PragmaticPlay	201	738	Hell Butcher
3	740	PragmaticPlay	201	739	Luxor of Cleopatra
10	1	JokerGaming	201	169	A Night Out
10	2	JokerGaming	201	192	Aladdin
10	3	JokerGaming	201	262	Alice
10	5	JokerGaming	201	183	Ancient Artifact
10	6	JokerGaming	201	205	Ancient Egypt
10	8	JokerGaming	201	115	Archer
10	9	JokerGaming	201	221	Arctic Treasure
10	11	JokerGaming	201	193	Azteca
10	13	JokerGaming	201	109	Bagua
10	14	JokerGaming	201	157	Beanstalk
10	17	JokerGaming	201	167	Bonus Bear
10	18	JokerGaming	201	156	Book Of Ra
10	19	JokerGaming	201	133	Book Of Ra Deluxe
10	20	JokerGaming	201	93	Burning Pearl
10	21	JokerGaming	201	65	Bushido Blade
10	22	JokerGaming	201	34	Caishen Riches
10	24	JokerGaming	201	152	Captain's Treasure
10	25	JokerGaming	201	227	Captains Treasure Pro
10	26	JokerGaming	201	131	Captains Treasure Progressive
10	28	JokerGaming	201	248	China
10	29	JokerGaming	201	241	Chinese Boss
10	31	JokerGaming	201	257	Columbus
10	32	JokerGaming	201	83	CryptoMania
10	34	JokerGaming	201	124	Dolphins Pearl Deluxe
10	35	JokerGaming	201	37	Dolphin Reef
10	36	JokerGaming	201	217	Dolphin Treasure
10	38	JokerGaming	201	122	Dragon Phoenix
10	39	JokerGaming	201	16	Dragon Power Flame
10	41	JokerGaming	201	180	Dynamite Reels
10	42	JokerGaming	201	252	Egypt Queen
10	43	JokerGaming	201	229	Empress Regnant
10	44	JokerGaming	201	132	Enter The KTV
10	46	JokerGaming	201	181	Fei Long Zai Tian
10	47	JokerGaming	201	148	Fifty Dragons
10	48	JokerGaming	201	242	Fifty Lions
10	72	JokerGaming	201	218	Five Tiger Generals
10	73	JokerGaming	201	224	Football Rules
10	74	JokerGaming	201	232	Football Strike
10	75	JokerGaming	201	76	Four Dragons
10	76	JokerGaming	201	206	Four Tigers
10	77	JokerGaming	201	258	Geisha
10	78	JokerGaming	201	219	Genie
10	79	JokerGaming	201	263	Golden Crab
10	80	JokerGaming	201	11	Golden Dragon
10	81	JokerGaming	201	246	Golden Island
10	82	JokerGaming	201	225	Golden Monkey King
10	83	JokerGaming	201	159	Golden Rooster
10	85	JokerGaming	201	22	Great Blue
10	86	JokerGaming	201	114	Happy Buddha
10	88	JokerGaming	201	85	Happy Party
10	89	JokerGaming	201	234	Hercules
10	90	JokerGaming	201	226	Highway Kings
10	91	JokerGaming	201	214	HighwayKings JP
10	92	JokerGaming	201	78	Horus Eye
10	93	JokerGaming	201	10	Hot Fruits
10	94	JokerGaming	201	164	Huga
10	97	JokerGaming	201	239	Jungle Island
10	98	JokerGaming	201	21	Just Jewels Deluxe
10	100	JokerGaming	201	288	Keno
10	102	JokerGaming	201	67	Lady Hawk
10	104	JokerGaming	201	42	Lightning God
10	105	JokerGaming	201	172	Lions Dance
10	106	JokerGaming	201	216	Lord Of The Ocean
10	107	JokerGaming	201	260	Lucky Drum
10	108	JokerGaming	201	36	Lucky God
10	109	JokerGaming	201	8	Lucky God Progressive
10	110	JokerGaming	201	51	Lucky God Progressive 2
10	111	JokerGaming	201	145	Lucky Lady Charm
10	113	JokerGaming	201	171	Lucky Panda
10	114	JokerGaming	201	161	Lucky Rooster
10	118	JokerGaming	201	243	Mammamia
10	119	JokerGaming	201	244	Miami
10	120	JokerGaming	201	213	MoneyBangBang
10	122	JokerGaming	201	88	Money Vault
10	125	JokerGaming	201	160	Monkey King
10	129	JokerGaming	201	135	Mulan
10	130	JokerGaming	201	215	Neptune Treasure
10	131	JokerGaming	201	188	Nugget Hunter
10	132	JokerGaming	201	142	Ocean Paradise
10	133	JokerGaming	201	143	Octagon Gem
10	134	JokerGaming	201	69	Pan Jin Lian
10	135	JokerGaming	201	61	Panther Moon
10	136	JokerGaming	201	202	Peach Banquet
10	137	JokerGaming	201	236	Phoenix 888
10	139	JokerGaming	201	54	Power Stars
10	140	JokerGaming	201	127	Queen
10	141	JokerGaming	201	254	Queen Of The Nile
10	142	JokerGaming	201	198	Robin Hood
10	143	JokerGaming	201	1	Roma
10	144	JokerGaming	201	26	Safari Heat
10	145	JokerGaming	201	178	Safari Life
10	146	JokerGaming	201	173	Santa Surprise
10	148	JokerGaming	201	28	Silver Bullet
10	149	JokerGaming	201	209	SilverBullet Progressive
10	151	JokerGaming	201	319	Sizzling Hot
10	153	JokerGaming	201	212	Sparta
10	158	JokerGaming	201	24	Supreme Caishen
10	159	JokerGaming	201	189	Tai Shang Lao Jun
10	161	JokerGaming	201	120	Thai Paradise
10	162	JokerGaming	201	147	Third Prince's Journey
10	163	JokerGaming	201	174	Three Kingdoms Quest
10	164	JokerGaming	201	45	Thunder God
10	166	JokerGaming	201	230	Water Margin
10	167	JokerGaming	201	95	White Snake
10	168	JokerGaming	201	77	Wild Giant Panda
10	169	JokerGaming	201	231	Wild Spirit
10	170	JokerGaming	201	251	Witch's Brew
10	171	JokerGaming	201	204	Yggdrasil
10	172	JokerGaming	201	57	Zhao Cai Jin Bao
10	174	JokerGaming	201	130	Bagua 2
10	175	JokerGaming	201	134	Octagon Gem 2
10	176	JokerGaming	201	100	Chilli Hunter
10	177	JokerGaming	201	163	Wild Fairies
10	178	JokerGaming	201	18	Bali
10	179	JokerGaming	201	7	SCHEHERAZADE
10	180	JokerGaming	201	105	Santa's Workshop
10	181	JokerGaming	201	58	Ancient Rome Deluxe
10	182	JokerGaming	201	17	Mythological
10	183	JokerGaming	201	35	Fire Reel
10	184	JokerGaming	201	107	Three Kingdoms 2
10	185	JokerGaming	201	27	Pharaoh's Tomb
10	186	JokerGaming	201	80	Shaolin
10	187	JokerGaming	201	84	Xuan Pu Lian Huan
10	188	JokerGaming	201	91	Cursed Deluxe
10	189	JokerGaming	201	117	Ocean Spray
10	190	JokerGaming	201	33	Tigers Lair
10	191	JokerGaming	201	118	Yeh Hsien Deluxe
10	192	JokerGaming	201	12	Fire Reign
10	193	JokerGaming	201	31	Jin Fu Xing Yun
10	194	JokerGaming	201	113	Super Stars
10	195	JokerGaming	201	86	Black Beard Legacy
10	196	JokerGaming	201	81	Gold Trail
10	197	JokerGaming	201	68	Thug Life
10	198	JokerGaming	201	72	Ni Shu Shen Me
10	199	JokerGaming	201	50	Cluster Mania
10	200	JokerGaming	201	82	Zodiac Deluxe
10	201	JokerGaming	201	29	Forest Treasure
10	202	JokerGaming	201	74	Lucky Streak
10	203	JokerGaming	201	75	Rancher's Wealth
10	204	JokerGaming	201	92	Flames Of Fortune
10	205	JokerGaming	201	9	Fabulous Eights
10	206	JokerGaming	201	151	Cyber Race
10	207	JokerGaming	201	6	Mayan Gems
10	208	JokerGaming	201	112	Dia De Los Muertos Deluxe
10	209	JokerGaming	201	43	Lucky Joker
10	210	JokerGaming	201	96	Wizard Deluxe
10	211	JokerGaming	201	158	Ong Bak Deluxe
10	212	JokerGaming	201	191	Enchanted Forest
10	213	JokerGaming	201	195	Journey To The West
10	214	JokerGaming	201	59	Respin Mania
10	216	JokerGaming	201	97	Fat Choy Choy Sun
10	217	JokerGaming	201	200	Queen 2
10	218	JokerGaming	201	40	Feng Huang
10	219	JokerGaming	201	79	Tsai Shen's Gift
10	220	JokerGaming	201	103	Tropical Crush
10	221	JokerGaming	201	46	Oasis
10	222	JokerGaming	201	41	Aztec Temple
10	223	JokerGaming	201	162	Ong Bak 2
10	224	JokerGaming	201	55	Winter Sweets
10	225	JokerGaming	201	30	Bounty Hunter
10	226	JokerGaming	201	49	Big Game Safari
10	227	JokerGaming	201	108	Alice In Wonderland
10	228	JokerGaming	201	13	Immortals
10	229	JokerGaming	201	170	The 4 Invention
10	230	JokerGaming	201	73	Fortune Festival
10	231	JokerGaming	201	110	Haunted House
10	232	JokerGaming	201	52	Beach Life
10	233	JokerGaming	201	129	Water Reel
10	234	JokerGaming	201	38	Dragon's Realm
10	235	JokerGaming	201	136	Mythical Sand
10	236	JokerGaming	201	138	Heist Deluxe
10	237	JokerGaming	201	208	Streets Of Chicago
10	238	JokerGaming	201	168	League Of Legends
10	239	JokerGaming	201	175	Pan Jin Lian 2
10	240	JokerGaming	201	190	The Legend Of White Snake
10	241	JokerGaming	201	62	Wealth God
10	242	JokerGaming	201	201	Critter Mania Deluxe
10	243	JokerGaming	201	146	Dragon Of The Eastern Sea
10	244	JokerGaming	201	48	Joker Madness
10	254	JokerGaming	201	53	Yakuza
10	255	JokerGaming	201	185	Genie 2
10	256	JokerGaming	201	141	Wukong
10	257	JokerGaming	201	2	Roma Legacy
10	258	JokerGaming	201	154	Majapahit
10	259	JokerGaming	201	150	Buccaneer Deluxe
10	260	JokerGaming	201	101	Fruit Paradise
10	263	JokerGaming	201	155	Qatar 2022
10	264	JokerGaming	201	165	Date With Miyo
10	265	JokerGaming	201	128	Kraken Hunter
10	266	JokerGaming	201	137	Leprechaun
10	267	JokerGaming	201	14	Warrior
10	268	JokerGaming	201	47	Sweet Tooth
10	269	JokerGaming	201	187	Safari Life 2
10	270	JokerGaming	201	119	Panda Chef
10	271	JokerGaming	201	222	Mermaid Treasure
10	272	JokerGaming	201	194	Lion Of The East
10	273	JokerGaming	201	44	Sweetie Crush
10	274	JokerGaming	201	121	Pubg
10	275	JokerGaming	201	261	Love Letter
10	276	JokerGaming	201	98	Sour Candy
10	277	JokerGaming	201	360	Masquerade
10	278	JokerGaming	201	361	Gates Of Wealth
10	279	JokerGaming	201	116	Golden Sea
10	280	JokerGaming	201	140	Koi Bingo
10	281	JokerGaming	201	207	Bull Street
10	282	JokerGaming	201	25	Wild Watermelon
10	283	JokerGaming	201	126	Hot Wheels
10	284	JokerGaming	201	23	Mahjong Reactor
10	286	JokerGaming	201	179	Hawaii Vacay
10	287	JokerGaming	201	149	World of Emoji
10	288	JokerGaming	201	283	Nyan Cat
10	289	JokerGaming	201	280	Out Run
10	290	JokerGaming	201	123	Legend Of Persia
10	291	JokerGaming	201	5	Plinko
10	292	JokerGaming	201	66	Winds Of Wealth
10	294	JokerGaming	201	63	Fire Temple
10	295	JokerGaming	201	56	Fortune Crown
10	296	JokerGaming	201	4	Roma Deluxe
10	297	JokerGaming	201	176	Ramesses Relics
10	298	JokerGaming	201	104	Inca
10	299	JokerGaming	201	64	Super Wild Watermelon
10	300	JokerGaming	201	20	Fortune Crown 25
10	301	JokerGaming	201	99	Savage Frontier Hold And Win
10	302	JokerGaming	201	90	Seven Seas
10	303	JokerGaming	201	102	Steamboat Ride Hold And Win
10	304	JokerGaming	201	89	Chilli Hunter Bandidos
10	305	JokerGaming	201	3	Mahjong King
10	306	JokerGaming	201	39	Fortune Crown Gold Gift
10	307	JokerGaming	201	32	Dragon Ball
10	318	JokerGaming	201	125	Super Seven Seas
10	319	JokerGaming	201	106	Maya Ways
10	320	JokerGaming	201	15	Super Fortune Crown
10	321	JokerGaming	201	71	Vampire Night
10	322	JokerGaming	201	197	Christmas Fortune
10	323	JokerGaming	201	87	Gods Of Asgard
10	324	JokerGaming	201	111	Book Of Thermopylae
10	325	JokerGaming	201	70	Heavenly Beasts
10	326	JokerGaming	201	60	Fortune Clover 40
10	327	JokerGaming	201	240	Blockade Runner
10	328	JokerGaming	201	144	God Of The Underworld
10	329	JokerGaming	201	247	Zombie Zircus
10	330	JokerGaming	201	255	Ancient Rome Deluxe AI
10	331	JokerGaming	201	220	Black Knight
10	332	JokerGaming	201	177	Carnaval Do Rio
10	333	JokerGaming	201	235	Chocolate Shop
10	334	JokerGaming	201	249	Cursed Deluxe AI
10	335	JokerGaming	201	184	Fire Master Hold And Win
10	336	JokerGaming	201	166	Fortune Crown AI
10	337	JokerGaming	201	211	Huang Fei Hong
10	338	JokerGaming	201	253	Moon Goddess
10	339	JokerGaming	201	256	Silver Hand
10	340	JokerGaming	201	228	Snake Of Fortune
10	341	JokerGaming	201	199	Trick Or Treat
10	342	JokerGaming	201	186	Winning Horse Lunar Carnival
10	373	JokerGaming	201	237	Nudge Goal Fever
10	374	JokerGaming	201	182	Book Of Suleiman
10	375	JokerGaming	201	203	Nezha 2
13	213	WorldMatch	201	54	Aquarium
13	214	WorldMatch	201	21	Burlesque
13	215	WorldMatch	201	48	Cowboys Go West
13	216	WorldMatch	201	47	Diamond Croupier
13	217	WorldMatch	201	88	Disco 80
13	218	WorldMatch	201	83	Gentleman Thief
13	219	WorldMatch	201	34	Ghosts' Night
13	220	WorldMatch	201	57	Glamour Hills
13	222	WorldMatch	201	82	Hollywood
13	223	WorldMatch	201	75	Horror Castle
13	224	WorldMatch	201	87	Love Lab
13	225	WorldMatch	201	23	Magic Quest
13	226	WorldMatch	201	44	Maximum
13	227	WorldMatch	201	74	Monkeys Vs Sharks
13	228	WorldMatch	201	86	NYC Real Estate
13	231	WorldMatch	201	84	The Last Crusade
13	235	WorldMatch	201	72	Zen Blade
13	305	WorldMatch	201	53	B-Boy's Street
13	309	WorldMatch	201	32	Elite Commandos
13	311	WorldMatch	201	41	Mexican Cook
13	312	WorldMatch	201	37	The Pirates Tavern
13	313	WorldMatch	201	10	Vampire Killer
13	314	WorldMatch	201	14	SugaRush
13	330	WorldMatch	201	28	Striking Viking
13	331	WorldMatch	201	7	Mythos
13	332	WorldMatch	201	13	50's Pin-Up
13	333	WorldMatch	201	43	Country Life
13	334	WorldMatch	201	92	Crime Records
13	335	WorldMatch	201	66	Bee Crazy
13	336	WorldMatch	201	76	Fight Night
13	340	WorldMatch	201	27	Fantasy island
13	341	WorldMatch	201	11	The Forbidden City
13	342	WorldMatch	201	2	All Fruits
13	462	WorldMatch	201	64	Archibald Maya
13	463	WorldMatch	201	94	Archibald Africa
13	464	WorldMatch	201	93	Archibald Orient
13	481	WorldMatch	201	29	Book of Pharaon
13	492	WorldMatch	201	46	Drago's Reels
13	498	WorldMatch	201	5	Bandit's bounty
13	517	WorldMatch	201	4	Fruits Evolution
13	519	WorldMatch	201	39	Carnival Bonus
13	520	WorldMatch	201	73	3D Farm
13	521	WorldMatch	201	90	Monte Carlo Jewels
13	535	WorldMatch	201	26	Go Wild
13	544	WorldMatch	201	79	Uga Age
13	545	WorldMatch	201	78	Banana King
13	547	WorldMatch	201	22	Egyptian WILD
13	557	WorldMatch	201	80	Rainbow
13	558	WorldMatch	201	36	China Lóng
13	564	WorldMatch	201	1	Arena de Toros
13	566	WorldMatch	201	91	SuperHeroes
13	576	WorldMatch	201	33	Viking Legend
13	578	WorldMatch	201	97	Hercules
13	580	WorldMatch	201	56	Mr Money Maker
13	589	WorldMatch	201	59	The Pinguizz
13	612	WorldMatch	201	30	Circus Evolution
13	633	WorldMatch	201	70	Robotika
13	800	WorldMatch	201	55	Space Blast
13	801	WorldMatch	201	24	Atlantis
13	802	WorldMatch	201	35	Magic Frog
13	803	WorldMatch	201	51	Indian Spirit
13	805	WorldMatch	201	17	Disco Baby
13	807	WorldMatch	201	60	Slot Cup
13	808	WorldMatch	201	49	Re-Wild
13	809	WorldMatch	201	18	Sultan
13	810	WorldMatch	201	81	Zombie lab
13	811	WorldMatch	201	67	Dragon Queen
13	812	WorldMatch	201	69	Sherlock
13	813	WorldMatch	201	52	Alchemist
13	814	WorldMatch	201	62	Funny Monkey
13	815	WorldMatch	201	68	Wily fox
13	816	WorldMatch	201	19	Jolly Roger
13	817	WorldMatch	201	25	Four God Beasts
13	818	WorldMatch	201	6	Fa Fa Spin
13	820	WorldMatch	201	77	Land Of Trolls
13	821	WorldMatch	201	61	King's Valley
13	822	WorldMatch	201	9	Golden Tree
13	823	WorldMatch	201	31	Golden Pig
13	824	WorldMatch	201	20	Tuan Yuan Panda
13	828	WorldMatch	201	50	King Neptun
13	829	WorldMatch	201	58	Sahara
13	830	WorldMatch	201	45	Big Grizzly
13	832	WorldMatch	201	65	Royal Key
13	833	WorldMatch	201	85	Alien Domination
13	834	WorldMatch	201	42	Songkran Holidays
13	835	WorldMatch	201	8	Magic Moon Palace
13	837	WorldMatch	201	63	Goodluck Hot Pot
13	838	WorldMatch	201	15	Hawild Island
13	839	WorldMatch	201	12	Panda Paradise
13	840	WorldMatch	201	40	Love Reaction
13	841	WorldMatch	201	38	Dynamite Jack
13	845	WorldMatch	201	16	EL SUEÑO DE ANTONIO Y ERANDI
14	1	SBOSlot	201	42	Richman
14	3	SBOSlot	201	16	Jurassic Park
14	4	SBOSlot	201	13	Halloween
14	5	SBOSlot	201	14	AmazingCircus
14	6	SBOSlot	201	12	Tai Wang Si Shen
14	8	SBOSlot	201	3	1c dafudacai-5Treasures
14	9	SBOSlot	201	1	1c dafudacai-88Fortunes
14	10	SBOSlot	201	6	1c dafudacai-DiamondEternity
14	11	SBOSlot	201	8	1c dafudacai-DancingDrum
14	12	SBOSlot	201	28	1c dafudacai-FlowerOfRiches
14	13	SBOSlot	201	96	5Treasures
14	18	SBOSlot	201	40	Platinum
14	19	SBOSlot	201	4	1c JuFuNaCai-Golden Tale
14	20	SBOSlot	201	24	1c JuFuNaCai-Eternal Diamond
14	21	SBOSlot	201	11	1c JuFuNaCai-Fountain Of Wealth
14	22	SBOSlot	201	19	1c JuFuNaCai-Blooming Riches
14	23	SBOSlot	201	9	1c JuFuNaCai-Rhythm Of Fortune
14	40	SBOSlot	201	107	Triple Monkey
14	41	SBOSlot	201	47	Funky Monkey
14	42	SBOSlot	201	44	Long Long Long
14	43	SBOSlot	201	23	Fa Fa Fa
14	44	SBOSlot	201	26	777
14	45	SBOSlot	201	48	Chaoji 8
14	46	SBOSlot	201	54	Arcadia
14	47	SBOSlot	201	37	City Of Poli
14	48	SBOSlot	201	35	Dragon Skies
14	49	SBOSlot	201	57	As The Gods Will
14	50	SBOSlot	201	53	Hungry Hungry Shark
14	51	SBOSlot	201	56	Jo ma ji
14	52	SBOSlot	201	46	Tarzan
14	53	SBOSlot	201	41	Diamond Slot
14	54	SBOSlot	201	20	50 Lions
14	55	SBOSlot	201	51	Speed Racing
14	57	SBOSlot	201	52	Get Rich
14	59	SBOSlot	201	30	Wu Lu Cai Shen
14	60	SBOSlot	201	58	Fishing Expert
14	64	SBOSlot	201	55	Fish Party
14	67	SBOSlot	201	5	Sun Quest
14	68	SBOSlot	201	21	5 Dragons
14	69	SBOSlot	201	2	Good Fortune
14	70	SBOSlot	201	31	Zhao Cai Jin Bao 2
14	71	SBOSlot	201	18	Money Farm
14	72	SBOSlot	201	29	5 Dealers
14	73	SBOSlot	201	27	Seven Lucky God
14	75	SBOSlot	201	49	Wu Zi Ci Mile
14	76	SBOSlot	201	32	Six Lions
14	78	SBOSlot	201	50	Maple Story
14	87	SBOSlot	201	43	Zombie Hunter
14	89	SBOSlot	201	38	Artificial Girl
14	92	SBOSlot	201	39	New PUBG
14	93	SBOSlot	201	45	New Bright & Abyss
14	95	SBOSlot	201	34	Tomb
14	98	SBOSlot	201	36	Military
14	100	SBOSlot	201	25	Magic Candy
14	103	SBOSlot	201	17	Aladdin
14	105	SBOSlot	201	15	Lost in Egypt
14	107	SBOSlot	201	33	Fox Spirit
14	108	SBOSlot	201	22	Bean Stalk
14	112	SBOSlot	201	122	DJ Remix
14	113	SBOSlot	201	10	Lost City Of Gold
14	115	SBOSlot	201	7	Aladdin
14	141	SBOSlot	201	174	New Jurassic Park
14	142	SBOSlot	201	175	New Amazing Circus
14	143	SBOSlot	201	176	New Pure Platinum
14	144	SBOSlot	201	177	New Funky Monkey
14	145	SBOSlot	201	178	New Long Long Long
14	146	SBOSlot	201	179	New Fa Fa Fa
14	147	SBOSlot	201	180	New Triple 7
14	148	SBOSlot	201	181	New Chaoji 8
14	149	SBOSlot	201	182	New Arcadia
14	150	SBOSlot	201	183	New City Of Poli
14	151	SBOSlot	201	184	New Dragon Skies
14	152	SBOSlot	201	185	New As The Gods Will
14	153	SBOSlot	201	186	New Jomaji
14	154	SBOSlot	201	187	New Tarzan
14	155	SBOSlot	201	188	New Diamond Slot
14	156	SBOSlot	201	189	New Diamond Slot
14	157	SBOSlot	201	190	New Speed Racing
14	158	SBOSlot	201	191	New Marvel Tsum Tsum
14	159	SBOSlot	201	192	New Get Rich
14	160	SBOSlot	201	193	New Special Chef
14	161	SBOSlot	201	136	New Wu Lu Cai Shen
14	162	SBOSlot	201	137	New Fishing Expert
14	163	SBOSlot	201	138	New Zhao Cai Tong Zi
14	164	SBOSlot	201	139	New Zhao Cai Jin Bao
14	165	SBOSlot	201	140	Money Farm 3
14	166	SBOSlot	201	141	New Fish Party
14	167	SBOSlot	201	142	New Queen Of Cash
14	168	SBOSlot	201	143	New Lucky Twins
14	169	SBOSlot	201	144	New Five Dragons
14	170	SBOSlot	201	145	Lucky Pig
14	171	SBOSlot	201	146	New True Zhao Cai Jin Bao
14	172	SBOSlot	201	147	New Seven Lucky God
14	173	SBOSlot	201	148	New Wu Zi Ci Mile
14	174	SBOSlot	201	149	New Six Lions
14	175	SBOSlot	201	150	New Taiko Master
14	176	SBOSlot	201	151	New Pirates
14	177	SBOSlot	201	152	New WarShip Girls
14	178	SBOSlot	201	153	New Infinity War
14	179	SBOSlot	201	154	New WarHammer 40000
14	180	SBOSlot	201	155	New Travel Frog
14	181	SBOSlot	201	156	New Falling Sakura
14	182	SBOSlot	201	157	New Lion Dance
14	183	SBOSlot	201	158	New Alice
14	184	SBOSlot	201	159	New Might Magic
14	185	SBOSlot	201	160	New Geisha
14	186	SBOSlot	201	161	New Tropical Island
14	187	SBOSlot	201	162	New Odin
14	188	SBOSlot	201	163	New Ninja Warrior
14	189	SBOSlot	201	164	Chinese New Year 2020
14	190	SBOSlot	201	165	New Horizon
14	191	SBOSlot	201	166	New Ice Storm
14	192	SBOSlot	201	167	Scarab
14	193	SBOSlot	201	168	New Great Blue
14	194	SBOSlot	201	169	POPMART
14	195	SBOSlot	201	170	Halloween Party
14	196	SBOSlot	201	171	Love And Thunder
14	197	SBOSlot	201	172	Pharaoh Resort Hotel
14	198	SBOSlot	201	173	Gold Aynu
14	199	SBOSlot	201	194	Mystic Witch
14	200	SBOSlot	201	195	The Wizard of OZ
14	201	SBOSlot	201	196	Gold Meow Sushi Legend
14	202	SBOSlot	201	197	Chinese Halloween
14	203	SBOSlot	201	198	Gold Musa I
14	204	SBOSlot	201	199	TreasureIsland
14	205	SBOSlot	201	200	Case Closed
14	206	SBOSlot	201	201	Atocha Treasure
14	207	SBOSlot	201	202	Kleo Patra
14	208	SBOSlot	201	203	EPICAPE
14	209	SBOSlot	201	204	Dragon Black Gold
14	210	SBOSlot	201	205	Kimba
14	211	SBOSlot	201	206	BAKI
14	212	SBOSlot	201	207	TrialByViking
14	213	SBOSlot	201	208	Treasure Frog
14	214	SBOSlot	201	209	Basketball Star ITP
14	215	SBOSlot	201	210	Cricket Star ITP
14	216	SBOSlot	201	211	Football Star ITP
14	217	SBOSlot	201	212	Slam Dunk
14	218	SBOSlot	201	213	Dead or Alive 6
14	219	SBOSlot	201	214	TEKKEN7
14	220	SBOSlot	201	215	NARUTO4
14	221	SBOSlot	201	216	JOJO
14	222	SBOSlot	201	217	Jump Force
14	223	SBOSlot	201	218	Street Fighter 6
14	224	SBOSlot	201	219	DragonBallXV2
14	225	SBOSlot	201	220	RoosterFightingClub
16	1	FunkyGames	201	45	Poker Slam
16	2	FunkyGames	201	33	FaFaFa2
16	3	FunkyGames	201	68	Sparta
16	4	FunkyGames	201	34	777 Blazing
16	5	FunkyGames	201	32	FaFaFa
16	8	FunkyGames	201	41	Caishen's Fortune
16	11	FunkyGames	201	64	Golden Dynasty
16	12	FunkyGames	201	72	LuBu
16	13	FunkyGames	201	26	Thunder Feng Shen
16	14	FunkyGames	201	65	Huga
16	15	FunkyGames	201	59	ShuiHuHeroes
16	16	FunkyGames	201	78	Hawaii
16	17	FunkyGames	201	57	Peony Beauty
16	18	FunkyGames	201	39	Fortune Goddess
16	19	FunkyGames	201	53	Southern Queen
16	97	FunkyGames	201	51	Ji Ji Ji
16	98	FunkyGames	201	38	5 Dragons Legend
16	99	FunkyGames	201	40	Eros
16	100	FunkyGames	201	35	White Lion
16	103	FunkyGames	201	48	Captain's Treasure
16	104	FunkyGames	201	66	Highway King
16	107	FunkyGames	201	44	Pinata
16	109	FunkyGames	201	100	Euro Cup
16	113	FunkyGames	201	61	Ghost Pirate
16	116	FunkyGames	201	94	Zombie Killer
16	135	FunkyGames	201	79	Legend Of Egypt
16	159	FunkyGames	201	58	Alice
16	160	FunkyGames	201	85	Bonus Bear
16	161	FunkyGames	201	91	Book Of Maya
16	162	FunkyGames	201	47	Boy King's Treasure
16	167	FunkyGames	201	4	Golden Mahjong
16	169	FunkyGames	201	86	Great Blue
16	170	FunkyGames	201	84	Ice Land
16	175	FunkyGames	201	80	Panther Moon
16	176	FunkyGames	201	17	Roma
16	177	FunkyGames	201	50	Safari Heat
16	180	FunkyGames	201	89	Taj Mahal
16	181	FunkyGames	201	96	Thai Paradise
16	257	FunkyGames	201	74	Poseidon 777
16	261	FunkyGames	201	67	White Tiger
16	262	FunkyGames	201	81	Racing King
16	265	FunkyGames	201	93	Happy Hour Fruit Slot
16	288	FunkyGames	201	46	Sparta2
16	289	FunkyGames	201	52	Golden Koi Rise
16	291	FunkyGames	201	69	Sexy Blink
16	293	FunkyGames	201	55	Aloha Fruit Punch
16	294	FunkyGames	201	8	777 Blazing Hold and Win
16	295	FunkyGames	201	1	Golden Mahjong Deluxe
16	297	FunkyGames	201	42	Buffalo Rage
16	298	FunkyGames	201	23	Rage of Olympus
16	299	FunkyGames	201	22	Haunted Spirit
16	300	FunkyGames	201	31	Sugar High
16	301	FunkyGames	201	25	Treasure Dragon
16	302	FunkyGames	201	30	Three Brave Piggies
16	304	FunkyGames	201	24	Sweet Bombs
16	305	FunkyGames	201	5	Clover Coin Combo
16	306	FunkyGames	201	7	CaiShenBaoXi
16	308	FunkyGames	201	14	777 Blazing Classic
16	309	FunkyGames	201	11	777 Blazing 2 Bonus Strike
16	310	FunkyGames	201	12	Royal Ace
16	311	FunkyGames	201	21	Outlaw Trails
16	312	FunkyGames	201	3	Aztec Fortune Megaways
16	313	FunkyGames	201	13	Fortune Tree Wild
16	314	FunkyGames	201	28	Cash Booster
16	315	FunkyGames	201	9	Buffalo Splash
16	318	FunkyGames	201	18	Gems of Zeus
16	319	FunkyGames	201	27	Clover Brew
16	322	FunkyGames	201	2	Roma Reborn
16	323	FunkyGames	201	37	Lucky Lanterns
16	324	FunkyGames	201	20	3 Combo Piggy
16	325	FunkyGames	201	19	3 Combo of Olympus
16	326	FunkyGames	201	16	Golden Sun Aztec
16	327	FunkyGames	201	36	777 Blazing 3 Golden
16	328	FunkyGames	201	15	Golden Piggy Megaways
16	329	FunkyGames	201	6	3 Combo Bombs
16	330	FunkyGames	201	10	3 Combo Lucky Crackers
22	2	Yggdrasil	201	127	Dark Joker Rizes
22	4	Yggdrasil	201	265	Chibeasties
22	5	Yggdrasil	201	76	Vikings go Wild
22	8	Yggdrasil	201	94	Cazino Zeppelin
22	9	Yggdrasil	201	11	Incinerator
22	10	Yggdrasil	201	404	Winterberries
22	11	Yggdrasil	201	249	Golden Fish Tank
22	12	Yggdrasil	201	444	Jokerizer
22	13	Yggdrasil	201	429	Seasons
22	15	Yggdrasil	201	204	Legend of the Golden Monkey
22	16	Yggdrasil	201	238	Bicicleta
22	19	Yggdrasil	201	149	Double Dragons
22	20	Yggdrasil	201	101	Nirvana
22	22	Yggdrasil	201	58	Vikings go Berzerk
22	23	Yggdrasil	201	113	Alchymedes
22	24	Yggdrasil	201	359	Beauty and the Beast
22	27	Yggdrasil	201	274	Sunny Shores
22	28	Yggdrasil	201	355	Spina Colada
22	29	Yggdrasil	201	38	Rainbow Ryan
22	30	Yggdrasil	201	6	Valley of the Gods
22	31	Yggdrasil	201	350	Jungle Books
22	32	Yggdrasil	201	73	Pumpkin Smash
22	34	Yggdrasil	201	389	Orient Express
22	36	Yggdrasil	201	106	Gem Rocks
22	37	Yggdrasil	201	141	Easter Island
22	38	Yggdrasil	201	248	Lucha Maniacs
22	39	Yggdrasil	201	377	Fruitoids
22	40	Yggdrasil	201	210	Vikings Go To Hell
22	41	Yggdrasil	201	435	TutsTwister
22	43	Yggdrasil	201	394	Penguin City
22	44	Yggdrasil	201	164	Hanzo's Dojo
22	45	Yggdrasil	201	74	Wolf Hunters
22	46	Yggdrasil	201	286	Dark Vortex
22	47	Yggdrasil	201	138	Baron Samedi
22	48	Yggdrasil	201	374	Trolls Bridge
22	50	Yggdrasil	201	352	Cazino Cosmos
22	51	Yggdrasil	201	161	Champions of Rome
22	52	Yggdrasil	201	52	Dwarf Mine
22	57	Yggdrasil	201	148	Wild Robo Factory
22	58	Yggdrasil	201	95	The One Armed Bandit
22	59	Yggdrasil	201	182	Yokozuna Clash
22	61	Yggdrasil	201	392	Sahara Nights
22	63	Yggdrasil	201	81	Age of Asgard
22	64	Yggdrasil	201	27	9kYeti
22	65	Yggdrasil	201	328	Aldo's Journey
22	66	Yggdrasil	201	171	Temple Stacks: Splitz
22	68	Yggdrasil	201	233	Time Travel Tigers
22	69	Yggdrasil	201	67	Brazil Bomba
22	70	Yggdrasil	201	263	Royal Family
22	72	Yggdrasil	201	188	Pirates: Smugglers Paradise
22	73	Yggdrasil	201	30	Multifly!
22	74	Yggdrasil	201	156	Wilhelm Tell
22	75	Yggdrasil	201	64	Neon Rush: Splitz
22	76	Yggdrasil	201	186	Blood Moon Wilds
22	77	Yggdrasil	201	132	Arthur's Fortune
22	78	Yggdrasil	201	66	Lightning Joker
22	79	Yggdrasil	201	99	Avatars: Gateway Guardians
22	80	Yggdrasil	201	7	Lucky Neko
22	82	Yggdrasil	201	9	Vault of Fortune
22	84	Yggdrasil	201	158	Football Glory
22	87	Yggdrasil	201	34	Valley of the Gods 2
22	90	Yggdrasil	201	144	Hyperburst
22	91	Yggdrasil	201	320	Moley Moolah
22	92	Yggdrasil	201	109	Hades
22	94	Yggdrasil	201	304	Syncronite
22	95	Yggdrasil	201	287	Carol of The Elves
22	96	Yggdrasil	201	254	Pirates 2: Mutiny
22	98	Yggdrasil	201	12	Atlantis Megaways
22	99	Yggdrasil	201	211	Giza Infinity Reels
22	101	Yggdrasil	201	1	Big Bucks Bandits Megaways
22	102	Yggdrasil	201	250	Reel Desire
22	104	Yggdrasil	201	120	Desperate Dawgs
22	105	Yggdrasil	201	354	Easter Island 2
22	108	Yggdrasil	201	326	El Dorado Infinity Reels
22	109	Yggdrasil	201	43	Buster Hammer Carnival
22	110	Yggdrasil	201	44	Thor Infinity Reels
22	111	Yggdrasil	201	71	Ancient Eclipse
22	114	Yggdrasil	201	70	Royal Dragon Infinity Reels
22	115	Yggdrasil	201	224	Odin Infinity Reels Megaways
22	116	Yggdrasil	201	382	The Hot Offer
22	120	Yggdrasil	201	442	Gator Gold Gigablox
22	122	Yggdrasil	201	379	Legion Hot1
22	123	Yggdrasil	201	481	Suncatcher Gigablox
22	125	Yggdrasil	201	427	Gargoyle Infinity Reels
22	126	Yggdrasil	201	8	12 Trojan Mysteries
22	127	Yggdrasil	201	381	Krazy Klimber
22	129	Yggdrasil	201	289	Tiki Infinity Reels Megaways
22	130	Yggdrasil	201	230	Golden Gorgon
22	131	Yggdrasil	201	10	Crystal Falls
22	133	Yggdrasil	201	347	The Bounty Hunter
22	134	Yggdrasil	201	103	Wild Joker Stacks
22	136	Yggdrasil	201	35	Raptor Doublemax
22	139	Yggdrasil	201	443	Towering Pays Valhalla
22	141	Yggdrasil	201	227	10x Rewind
22	143	Yggdrasil	201	357	Golden Fish Tank 2 Gigablox
22	144	Yggdrasil	201	18	90k Yeti Gigablox
22	145	Yggdrasil	201	176	Lady Merlin Lightning Chase
22	146	Yggdrasil	201	240	TIGER_TIGER
22	147	Yggdrasil	201	362	Medusa Hot 1
22	151	Yggdrasil	201	470	Five Clans
22	152	Yggdrasil	201	155	Gator Gold Deluxe Gigablox
22	153	Yggdrasil	201	46	Hypernova 10K Ways
22	154	Yggdrasil	201	327	Hunters Moon
22	155	Yggdrasil	201	343	Vikings Go Berzerk: Reloaded
22	156	Yggdrasil	201	416	SERENDIPITY
22	157	Yggdrasil	201	360	Cthulhu
22	160	Yggdrasil	201	422	Gems Infinity Reels
22	162	Yggdrasil	201	454	Jumbo Jellies
22	163	Yggdrasil	201	111	Age Of Beasts Infinity Reels
22	164	Yggdrasil	201	297	Vikings go to Valhalla
22	165	Yggdrasil	201	331	Money Mariachi Infinity Reels
22	168	Yggdrasil	201	376	Pushy Cats
22	173	Yggdrasil	201	133	Bananaz 10K Ways
22	174	Yggdrasil	201	393	Towering Pays Excalibur
22	175	Yggdrasil	201	175	Cazino Zeppelin Reloaded
22	178	Yggdrasil	201	130	Super Cash Drop Giga Blox
22	179	Yggdrasil	201	285	Dead Mans Fingers
22	180	Yggdrasil	201	157	60 Second Heist
22	181	Yggdrasil	201	146	Tiki Runner 2 DoubleMax
22	182	Yggdrasil	201	139	Jokrz Wild UltraNudge
22	183	Yggdrasil	201	450	Return of the Valkyrie
22	185	Yggdrasil	201	409	Hells Hogs
22	187	Yggdrasil	201	170	Big Benji Bonanza
22	188	Yggdrasil	201	47	4 Fantastic Fish
22	190	Yggdrasil	201	174	Mega Pearl Gigablox
22	191	Yggdrasil	201	145	ARRR! 10K Ways
22	192	Yggdrasil	201	345	Eye of Persia 2
22	193	Yggdrasil	201	208	Boilin' Pots
22	194	Yggdrasil	201	483	Tempered Steel
22	195	Yggdrasil	201	201	Buffalo Blox
22	197	Yggdrasil	201	54	Mega Cash Stacks
22	198	Yggdrasil	201	150	Professor Clanks Combinator
22	199	Yggdrasil	201	135	MexoMax! Multimax
22	200	Yggdrasil	201	237	Dublin Up
22	201	Yggdrasil	201	398	Monsters Vs Gigablox
22	203	Yggdrasil	201	209	Book Hotfire
22	204	Yggdrasil	201	193	Of Sabers and Monsters Wild Fight
22	206	Yggdrasil	201	162	Hillbilly Vegas
22	208	Yggdrasil	201	4	Calavera Crush
22	209	Yggdrasil	201	181	Wild Fishin' Wild Ways
22	210	Yggdrasil	201	264	Champion of the Underworld Gigablox Wild Fight
22	212	Yggdrasil	201	48	Jekyllz Wild Ultranudge
22	213	Yggdrasil	201	282	Florageddon!
22	214	Yggdrasil	201	420	Firekick! MultiMax
22	215	Yggdrasil	201	45	7 Gold Gigablox
22	216	Yggdrasil	201	13	Dragon Lore Gigarise
22	217	Yggdrasil	201	313	Desperate Dawgs 2 Gigablox
22	219	Yggdrasil	201	301	Fruit Gemz Splitz
22	220	Yggdrasil	201	231	Christmas Plaza DoubleMax
22	221	Yggdrasil	201	415	Gods VS Gigablox
22	223	Yggdrasil	201	14	Rainbow Power Potz UltraNudge
22	225	Yggdrasil	201	119	Festival 10K Ways
22	227	Yggdrasil	201	305	Double Lucky Mushrooms Doublemax
22	228	Yggdrasil	201	402	Neon Villains Doublemax
22	231	Yggdrasil	201	339	Lady Merlin Multimax
22	232	Yggdrasil	201	448	Winterberries 2
22	233	Yggdrasil	201	160	Fury of Hyde Megaways
22	234	Yggdrasil	201	235	Pharaoh’s Gaze Doublemax
22	235	Yggdrasil	201	116	3 Lucky Leprechauns
22	238	Yggdrasil	201	317	Bugs Money
22	239	Yggdrasil	201	395	E-Force
22	240	Yggdrasil	201	253	Big Bucks Buffalo Gigablox
22	241	Yggdrasil	201	242	Gold Fever
22	242	Yggdrasil	201	365	Giganimals Gigablox
22	243	Yggdrasil	201	488	Hyper Respins
22	244	Yggdrasil	201	207	Shadow Raiders Multimax
22	245	Yggdrasil	201	50	Devour the Weak
22	246	Yggdrasil	201	385	Nice Catch Doublemax
22	247	Yggdrasil	201	291	Purrfect Potions
22	249	Yggdrasil	201	97	Fruit Combinator
22	250	Yggdrasil	201	65	4 Fantastic Fish in Egypt
22	251	Yggdrasil	201	423	Ragnawolves
22	252	Yggdrasil	201	168	Candyfinity
22	253	Yggdrasil	201	397	Orca's Wild Bonanza
22	254	Yggdrasil	201	239	Jokrz Wild Ultranudge Gigablox
22	255	Yggdrasil	201	137	Diamond Symphony Doublemax
22	256	Yggdrasil	201	477	Starfire Fortunes Tophit
22	258	Yggdrasil	201	232	Badger Miners
22	259	Yggdrasil	201	228	Bucks and Doe 10K Ways
22	260	Yggdrasil	201	290	Fast Fruits Doublemax
22	261	Yggdrasil	201	255	Notre-Dame Tales
22	262	Yggdrasil	201	340	Nightmares VS Gigablox
22	263	Yggdrasil	201	214	Shaker Club
22	264	Yggdrasil	201	23	10000 BC Doublemax
22	265	Yggdrasil	201	223	Roamin' Romans UltraNudge
22	266	Yggdrasil	201	252	Going Wild in Vegas
22	268	Yggdrasil	201	363	Enchanted Waters
22	270	Yggdrasil	201	126	Gigagong Gigablox
22	271	Yggdrasil	201	220	Hercules 10K Ways
22	272	Yggdrasil	201	251	Blackbeard Battle Of The Seas
22	273	Yggdrasil	201	278	Beasty Blox
22	274	Yggdrasil	201	462	Lotus Warrior
22	275	Yggdrasil	201	229	Fatz's Diner
22	276	Yggdrasil	201	183	Burning Blox
22	277	Yggdrasil	201	55	Vampire Riches
22	278	Yggdrasil	201	88	3 Lucky Witches
22	279	Yggdrasil	201	36	8 Balls of Fire
22	280	Yggdrasil	201	299	Wild Stack Frenzy
22	281	Yggdrasil	201	431	Defenders of Mystica
22	282	Yggdrasil	201	478	Juiced DuoMax
22	284	Yggdrasil	201	217	Mega Money Machine
22	285	Yggdrasil	201	424	Excalibur Vs Gigablox
22	286	Yggdrasil	201	236	Diggin for Diamonds
22	287	Yggdrasil	201	178	Rock Star Santa
22	288	Yggdrasil	201	75	Secret of Anubis DoubleMax
22	289	Yggdrasil	201	219	Arctic Catch
22	290	Yggdrasil	201	117	Legend of Dragon Wins
22	291	Yggdrasil	201	485	Rainbow Ryan 2
22	292	Yggdrasil	201	447	Tiki Runner Gigablox
22	293	Yggdrasil	201	110	King Arthur 10K Ways
22	294	Yggdrasil	201	308	Nice Catch 2
22	295	Yggdrasil	201	172	Sidewinder DoubleMax
22	297	Yggdrasil	201	453	The Runemakers DoubleMax
22	298	Yggdrasil	201	15	4 Fantastic Fish Gigablox
22	299	Yggdrasil	201	61	Skylantis 2
22	300	Yggdrasil	201	37	5 Sevens Hold and Win
22	301	Yggdrasil	201	49	Book of Blarney Gigablox
22	303	Yggdrasil	201	26	Hidden Egypt DoubleMax
22	304	Yggdrasil	201	60	4K Ultra Gold
22	305	Yggdrasil	201	412	Tumble in the Jungle Wild Fight
22	306	Yggdrasil	201	82	Sugar Bomb MultiBoost
22	307	Yggdrasil	201	225	Primal Hunter Gigablox
22	309	Yggdrasil	201	189	Ragnaravens
22	310	Yggdrasil	201	271	CleoPatrick
22	311	Yggdrasil	201	425	Vikings Go To Egypt
22	312	Yggdrasil	201	356	Monkeys Go Bananas
22	313	Yggdrasil	201	401	Diamond Miner DuoMax
22	314	Yggdrasil	201	147	Mutant Trawlers
22	315	Yggdrasil	201	524	Goblin’s Bargain MultiMax
22	317	Yggdrasil	201	85	Dragons Vs Gigablox
22	319	Yggdrasil	201	191	Ultra Hotfire
22	320	Yggdrasil	201	151	Fruitylicious
22	321	Yggdrasil	201	78	Attack of the Zombees WildEnergy
22	322	Yggdrasil	201	432	Mayan Temple Riches
22	323	Yggdrasil	201	115	7x7 Zeus
22	324	Yggdrasil	201	121	24k Gold JailBreak
22	325	Yggdrasil	201	460	Odin Lightning Blitz
22	326	Yggdrasil	201	430	Gates of Thunder
22	327	Yggdrasil	201	261	Bison Wilds
22	328	Yggdrasil	201	380	Silver's Gold PowerLinks
22	329	Yggdrasil	201	266	Book Extreme
22	330	Yggdrasil	201	473	Mystic Magic
22	331	Yggdrasil	201	349	Book of Evil
22	332	Yggdrasil	201	87	2 Sweet 4 U
22	333	Yggdrasil	201	169	Aphrodite Goes Wild RushingWilds
22	334	Yggdrasil	201	216	Chilli Champions UltraHitz
22	335	Yggdrasil	201	100	Shipwrecked
22	337	Yggdrasil	201	140	Dolphin Hot 1
22	338	Yggdrasil	201	51	Fiesta Explosiva DuoMax
22	339	Yggdrasil	201	446	Elixir of Wealth MultiBoost
22	340	Yggdrasil	201	165	3 Gladiators vs Caesar
22	341	Yggdrasil	201	337	Golden Donkey Xmas
22	342	Yggdrasil	201	439	Ramses Retro
22	343	Yggdrasil	201	24	4 Fantastic Vikings Go Fishing
22	344	Yggdrasil	201	480	Lollipop Drop MultiMax
22	345	Yggdrasil	201	259	Big Benji's Back WildWays
22	346	Yggdrasil	201	20	The Handsome Bandit
22	347	Yggdrasil	201	62	Valley of the Dead
22	348	Yggdrasil	201	17	XMAS Pop Delight
22	349	Yggdrasil	201	312	Double Fruit Frenzy DoubleMax
22	350	Yggdrasil	201	375	Golden Fish Tank Party
22	351	Yggdrasil	201	92	American Outlaws Multimax
22	352	Yggdrasil	201	303	Big Game Fishing TopHit
22	353	Yggdrasil	201	438	Giga Bass Gigablox
22	354	Yggdrasil	201	21	10000 BC 2 DoubleMax
22	355	Yggdrasil	201	386	Show Me The Honey
22	356	Yggdrasil	201	487	Merlin's Beard
22	358	Yggdrasil	201	469	Legacy of Anubis
22	359	Yggdrasil	201	353	Major Miners
22	360	Yggdrasil	201	419	Irish Pots MulitMax
22	361	Yggdrasil	201	288	Thor's Hammer Time
22	362	Yggdrasil	201	80	3 Wonders New year Carnival
22	363	Yggdrasil	201	134	Killroad 66
22	364	Yggdrasil	201	405	Mafioso
22	365	Yggdrasil	201	258	Spartacus 10K Ways
22	366	Yggdrasil	201	440	Life O'Riley
22	367	Yggdrasil	201	107	Super Crown 40
22	368	Yggdrasil	201	306	Dog Fighters - Their Finest Hour
22	369	Yggdrasil	201	476	Shark Bait
22	370	Yggdrasil	201	275	Diamond Delirium
22	371	Yggdrasil	201	298	9 Arrows of Odysseus
22	372	Yggdrasil	201	173	Max Elements
22	373	Yggdrasil	201	348	King Power
22	374	Yggdrasil	201	104	10000 X Gold
22	375	Yggdrasil	201	105	Gold Is All Mine 10K Ways
22	376	Yggdrasil	201	421	Blazin' Reels
22	377	Yggdrasil	201	56	Sugar Bomb 2 MultiBoost
22	378	Yggdrasil	201	202	Fantasy Falls
22	379	Yggdrasil	201	212	Paddy's Pool Party
22	380	Yggdrasil	201	196	24k Gold ShamRock On!
22	381	Yggdrasil	201	372	Saber
22	382	Yggdrasil	201	198	Extreme Hot Gems
22	384	Yggdrasil	201	84	7x7 Thor
22	385	Yggdrasil	201	482	Lucky Apocalypse
22	386	Yggdrasil	201	383	7th Squadron DoubleMax
22	387	Yggdrasil	201	417	Dawn of Anubis
22	388	Yggdrasil	201	428	Burning Riot
22	389	Yggdrasil	201	414	Buffalo Freedom
22	390	Yggdrasil	201	452	Alice In Lollyland
22	391	Yggdrasil	201	194	Almighty Thunder Ultrahitz Gigablox
22	392	Yggdrasil	201	167	Nautical Treasures
22	393	Yggdrasil	201	342	Tiger DoubleMax
22	394	Yggdrasil	201	32	Golden Triad
22	395	Yggdrasil	201	86	Deadly West
22	396	Yggdrasil	201	79	Dead Lucky DuoMax™
22	397	Yggdrasil	201	142	Runes of Battle
22	398	Yggdrasil	201	272	Hall of Wealth
22	399	Yggdrasil	201	270	20 Times Casino
22	400	Yggdrasil	201	262	Lucky Ryan GigaBlox™
22	401	Yggdrasil	201	72	Aztec GigaBlox
22	402	Yggdrasil	201	91	Mine and Win
22	403	Yggdrasil	201	53	Dick the Farmer
22	404	Yggdrasil	201	28	Gods Gone Wild
22	405	Yggdrasil	201	192	4 Fantastic Fish Amazon Adventure
22	406	Yggdrasil	201	292	Fuel the Mule
22	407	Yggdrasil	201	344	Captain Jack's Pots
22	408	Yggdrasil	201	325	Bounty Hunter MultiBoost
22	409	Yggdrasil	201	205	Big Game Fishing Golden Catch
22	410	Yggdrasil	201	407	Gigablox Kingdom
22	411	Yggdrasil	201	246	8K Ultra Gold Ultimate
22	412	Yggdrasil	201	475	The Vigilantes
22	413	Yggdrasil	201	369	5 Crown Hotfire
22	414	Yggdrasil	201	378	Pillage The Village 10K Ways
22	415	Yggdrasil	201	206	Dragon Crusade Lock & Link
22	416	Yggdrasil	201	466	PopNoir
22	417	Yggdrasil	201	472	Vikings go to Vegas Wild Fight™
22	418	Yggdrasil	201	180	4 FOXX Crew WildEnergy™ MultiMax™
22	419	Yggdrasil	201	153	Wild Joker Blitz
22	420	Yggdrasil	201	436	Titan Clash
22	421	Yggdrasil	201	456	Rudis
22	422	Yggdrasil	201	457	Roby Dick
22	423	Yggdrasil	201	89	Pharaoh’s Rage UltraSpinz
22	424	Yggdrasil	201	277	Crab Chaos
22	425	Yggdrasil	201	33	40 Crown Hotfire
22	426	Yggdrasil	201	222	Tiki Runner Clusters
22	427	Yggdrasil	201	129	Bob Marlin Goes Deep
22	428	Yggdrasil	201	40	Redbeards Rum Runners DoubleMax™
22	429	Yggdrasil	201	281	Eskimo Riches
22	430	Yggdrasil	201	39	Buffalo Super Stars
22	431	Yggdrasil	201	213	Reel The Groove
22	432	Yggdrasil	201	90	Power Pack
22	433	Yggdrasil	201	125	Hackers Haven
22	434	Yggdrasil	201	93	4 Wolves of Fortune
22	435	Yggdrasil	201	323	Renegade Revengers
22	436	Yggdrasil	201	77	Frontier Lock & Load
22	437	Yggdrasil	201	179	Diggin for Diamonds 2
22	438	Yggdrasil	201	474	The Good Farmer
22	439	Yggdrasil	201	334	Lock & Loot Gigablox
22	440	Yggdrasil	201	384	Bob Marlin Goes Splashing Wild Fight™ RushingWilds™
22	441	Yggdrasil	201	322	Cyber Doom
22	442	Yggdrasil	201	366	Lady Midas
22	443	Yggdrasil	201	468	Trolls Frenzy
22	444	Yggdrasil	201	437	Angry Tiki DoubleMax™
22	445	Yggdrasil	201	311	MexoMax 2 WildEnergy™ MultiMax™
22	446	Yggdrasil	201	293	Wild Gangs
22	447	Yggdrasil	201	118	4TP Guns N’ Gold
22	448	Yggdrasil	201	243	Break the Vault
22	449	Yggdrasil	201	221	Money Flash
22	451	Yggdrasil	201	368	Devils Hotfire Hold and Win
22	452	Yggdrasil	201	159	Scara-Bucks
22	453	Yggdrasil	201	445	Mow Money MultiMax™
22	454	Yggdrasil	201	458	Your Own Island
22	455	Yggdrasil	201	295	3 Wonders Monster Pays
22	456	Yggdrasil	201	391	Fall of Asgard – a Viking Saga
22	457	Yggdrasil	201	335	Bloody Pesos
22	458	Yggdrasil	201	63	Vault Raiders DoubleMax
22	459	Yggdrasil	201	463	Piggy Staxx
22	460	Yggdrasil	201	307	Cosmic Drop
22	461	Yggdrasil	201	69	Captain’s Curse
22	462	Yggdrasil	201	315	8 Balls of Fire Blazing Bounty
22	463	Yggdrasil	201	361	Golden Donkey Christmas Xpand
22	464	Yggdrasil	201	399	Captain Cashmap
22	466	Yggdrasil	201	247	3 Wonders Zoo
22	467	Yggdrasil	201	490	What The Fruit!
22	468	Yggdrasil	201	123	4 Fantastic Vikings Go Ice Fishing
22	469	Yggdrasil	201	332	Clash of Claws
22	470	Yggdrasil	201	465	Chilli Super Stars
22	471	Yggdrasil	201	310	Big Game Fishing Christmas Catch
22	472	Yggdrasil	201	112	Fire Wilds
22	473	Yggdrasil	201	245	Joker in the Box Hotfire
22	474	Yggdrasil	201	41	10000 Wonders Big Bang
22	475	Yggdrasil	201	413	Manic Fairy
22	476	Yggdrasil	201	319	Red Dragon Sails
22	477	Yggdrasil	201	367	Midas VS Medusa WildEnergy
22	478	Yggdrasil	201	268	3 Wonders Catch
22	479	Yggdrasil	201	25	Salty Showdown
22	480	Yggdrasil	201	373	Dream Diner Deluxe
22	481	Yggdrasil	201	152	Immortals of Giza
22	482	Yggdrasil	201	234	Island Ices
22	483	Yggdrasil	201	241	Covert Chaos
22	484	Yggdrasil	201	114	Bank of Blarney TopHit
22	485	Yggdrasil	201	338	Headhunter
22	486	Yggdrasil	201	273	3 Wonders New Year Horse
22	487	Yggdrasil	201	31	Raptor 2
22	488	Yggdrasil	201	98	Devils Luck Hotfire Hold & Win
22	489	Yggdrasil	201	108	Jack’s Beanstalk Bonanza
22	490	Yggdrasil	201	122	Trolls Bridge 2
22	491	Yggdrasil	201	434	Racing Lovers
22	492	Yggdrasil	201	364	SuperCash Drop
22	493	Yggdrasil	201	218	Year of Olympia
22	494	Yggdrasil	201	226	50 Jokers Hotfire
22	495	Yggdrasil	201	318	Secret Riches of the Irish
22	496	Yggdrasil	201	22	Armageddon 10K Ways
22	497	Yggdrasil	201	358	Hell's Hogs 2 Squealin' Wheels
22	498	Yggdrasil	201	42	Ten Thousand Wonders Multimax
22	499	Yggdrasil	201	128	Pulled From The Deep UltraNudge
22	500	Yggdrasil	201	215	Wild Storm Legionnaire
22	501	Yggdrasil	201	203	777 Volt
22	502	Yggdrasil	201	336	Big Top Terror
22	503	Yggdrasil	201	396	Lions Gigablox
22	504	Yggdrasil	201	16	Riches of Olympus
22	505	Yggdrasil	201	190	Ramesses Gold 10K Ways
22	506	Yggdrasil	201	260	Trickstar Spins
22	507	Yggdrasil	201	177	Castle Cash Megaways
22	508	Yggdrasil	201	244	2 Fast 2 Fruity
22	509	Yggdrasil	201	370	Street Ninja
22	510	Yggdrasil	201	184	Anubis II DoubleMax
22	511	Yggdrasil	201	57	Jungle Smash
22	512	Yggdrasil	201	324	Jungle Pop
22	513	Yggdrasil	201	346	Juicy Jelly Thunder Ways
22	514	Yggdrasil	201	280	Adventures of Captain Cash
22	515	Yggdrasil	201	283	Hoggin' Gold
22	516	Yggdrasil	201	124	Vikings Go To Olympus
22	517	Yggdrasil	201	296	Lock ‘n Load
22	518	Yggdrasil	201	59	Cereal Thrillers
22	519	Yggdrasil	201	467	Speed Freaks
22	520	Yggdrasil	201	284	FruitPunk
22	521	Yggdrasil	201	300	Maximum Fish
22	522	Yggdrasil	201	143	The Cursed Idol of Montezuma
22	523	Yggdrasil	201	187	Fruitjitsu
22	524	Yggdrasil	201	131	Devil’s Delight
22	525	Yggdrasil	201	371	GoldStorm Ultra
22	526	Yggdrasil	201	449	Neon West
22	527	Yggdrasil	201	314	Pearl Reef Gigablox Multimax
22	528	Yggdrasil	201	329	Coins of Cleo
22	529	Yggdrasil	201	257	Candy Crazed Pandas DoubleMax
22	530	Yggdrasil	201	29	10000X Gold 2
22	531	Yggdrasil	201	269	Dr. Cranko’s Lab
22	532	Yggdrasil	201	302	Zeus God of Gaming
22	533	Yggdrasil	201	256	The Quest™ for Excalibucks
22	534	Yggdrasil	201	276	Leprecat’s Gold
22	535	Yggdrasil	201	19	4 Fantastic Fish Puffer Pots
22	536	Yggdrasil	201	136	CooCoo Cashoo
22	537	Yggdrasil	201	479	Reel the Rum
22	538	Yggdrasil	201	484	Neopunk Charge Up™
22	539	Yggdrasil	201	408	Golden Donkey Xpand
22	540	Yggdrasil	201	5	Piggies Prize Party
22	541	Yggdrasil	201	387	Druid’s Drop
22	542	Yggdrasil	201	96	Gemstone Jam
22	543	Yggdrasil	201	388	Banana Twist
22	544	Yggdrasil	201	464	Gunslinger Glory
22	545	Yggdrasil	201	83	4TP Book of AfricRa
22	547	Yggdrasil	201	68	Big Game Fishing Rapid Riches
22	548	Yggdrasil	201	154	Sweet Wilds
22	549	Yggdrasil	201	199	Donkey Coins Hold & Win
22	550	Yggdrasil	201	406	Diva Las Vegas
22	551	Yggdrasil	201	267	Dealer’s Choice: Poker Edition
22	552	Yggdrasil	201	309	Aztec Tower
22	553	Yggdrasil	201	294	Hercules Fortune Quest
22	554	Yggdrasil	201	197	Dublin Up Pots O’ Gold DoubleMax™
22	555	Yggdrasil	201	330	Giga Zombies
22	556	Yggdrasil	201	403	Lucky Coin Festival
22	557	Yggdrasil	201	532	Sidewinder Xtra Power
22	559	Yggdrasil	201	560	Knight’s Gold Rush
29	1	MicroGaming	201	22	Thunderstruck Wild Lightning
29	2	MicroGaming	201	123	Legacy of Oz
29	4	MicroGaming	201	11	Hyper Gold
29	13	MicroGaming	201	20	Blazing Mammoth
29	16	MicroGaming	201	440	10000 Wishes
29	19	MicroGaming	201	4	Ancient Fortunes : Poseidon Megaways
29	20	MicroGaming	201	16	Queen of Alexandria
29	30	MicroGaming	201	39	Fire Forge
29	35	MicroGaming	201	266	108 Heroes
29	37	MicroGaming	201	311	5 Reel Drive
29	38	MicroGaming	201	49	777 Mega Deluxe
29	40	MicroGaming	201	68	9 Masks of Fire
29	41	MicroGaming	201	120	9 Pots of Gold
29	48	MicroGaming	201	242	Adventure Palace
29	49	MicroGaming	201	125	Adventures Of Doubloon Island
29	51	MicroGaming	201	261	Age of Discovery
29	54	MicroGaming	201	235	Alaskan Fishing
29	61	MicroGaming	201	225	Asian Beauty
29	62	MicroGaming	201	133	Assassin Moon
29	66	MicroGaming	201	170	Aurora Wilds
29	67	MicroGaming	201	284	Avalon
29	68	MicroGaming	201	297	Badminton Hero
29	72	MicroGaming	201	292	Basketball Star
29	73	MicroGaming	201	259	Basketball Star Deluxe
29	74	MicroGaming	201	258	Basketball Star on Fire
29	77	MicroGaming	201	140	Beautiful Bones
29	79	MicroGaming	201	186	Big Top
29	80	MicroGaming	201	219	Bikini Party
29	81	MicroGaming	201	167	Boat of Fortune
29	84	MicroGaming	201	286	Book Of Oz
29	85	MicroGaming	201	294	Book of Oz - Lock 'N Spin
29	86	MicroGaming	201	282	Bookie of Odds
29	88	MicroGaming	201	214	Break Away
29	89	MicroGaming	201	83	Break Away Deluxe
29	90	MicroGaming	201	88	Break Away Lucky Wilds
29	91	MicroGaming	201	74	Break Away Ultra
29	93	MicroGaming	201	194	Break da Bank
29	94	MicroGaming	201	178	Break da Bank Again
29	95	MicroGaming	201	102	Break Da Bank Again Respin
29	100	MicroGaming	201	248	Bust The Bank
29	102	MicroGaming	201	279	Carnaval
29	111	MicroGaming	201	257	Centre Court
29	116	MicroGaming	201	386	Crazy Chameleons
29	117	MicroGaming	201	299	Cricket Star
29	129	MicroGaming	201	255	Dragon Dance
29	130	MicroGaming	201	397	Dragon Shard
29	133	MicroGaming	201	204	Eagle's Wings
29	135	MicroGaming	201	271	Emperor of the Sea
29	136	MicroGaming	201	89	Emperor of the Sea Deluxe
29	140	MicroGaming	201	276	Football Star
29	141	MicroGaming	201	115	Football Star Deluxe
29	145	MicroGaming	201	267	Fortunium
29	176	MicroGaming	201	247	The Incredible Balloon Machine
29	182	MicroGaming	201	265	Jungle Jim - El Dorado
29	183	MicroGaming	201	237	Jungle Jim and the Lost Sphinx
29	188	MicroGaming	201	230	Kings of Cash
29	190	MicroGaming	201	241	Ladies Nite
29	194	MicroGaming	201	197	Lara Croft - Temples and Tombs
29	199	MicroGaming	201	144	Loaded
29	205	MicroGaming	201	136	Lucky Koi
29	209	MicroGaming	201	59	Lucky Twins
29	211	MicroGaming	201	127	Lucky Twins Jackpot
29	221	MicroGaming	201	277	Mermaids Millions
29	234	MicroGaming	201	208	Ping Pong Star
29	236	MicroGaming	201	309	Playboy
29	237	MicroGaming	201	216	Playboy Fortunes
29	239	MicroGaming	201	79	Playboy Gold Jackpots
29	243	MicroGaming	201	184	Pure Platinum
29	244	MicroGaming	201	238	Queen of the Crystal Rays
29	246	MicroGaming	201	233	Reel Gems
29	251	MicroGaming	201	223	Reel Thunder
29	254	MicroGaming	201	179	Retro Reels - Diamond Glitz
29	261	MicroGaming	201	272	Rugby Star
29	262	MicroGaming	201	177	Rugby Star Deluxe
29	265	MicroGaming	201	287	Scrooge
29	268	MicroGaming	201	250	Shamrock Holmes Megaways
29	271	MicroGaming	201	215	Shogun of Time
29	282	MicroGaming	201	301	Spring Break
29	304	MicroGaming	201	291	The Twisted Circus
29	305	MicroGaming	201	246	Thunderstruck
29	306	MicroGaming	201	106	Thunderstruck II
29	316	MicroGaming	201	69	Treasure Palace
29	317	MicroGaming	201	119	Treasures of Lion City
29	322	MicroGaming	201	36	Wacky Panda
29	323	MicroGaming	201	244	Wanted Outlaws
29	325	MicroGaming	201	315	What A Hoot
29	328	MicroGaming	201	161	Wild Catch (New)
29	329	MicroGaming	201	201	Wild Orient
29	336	MicroGaming	201	75	Break Da Bank Again MEGAWAYS
29	337	MicroGaming	201	3	Lucky Twins Wilds
29	342	MicroGaming	201	66	4 Diamond Blues Megaways
29	345	MicroGaming	201	60	15 Tridents
29	346	MicroGaming	201	81	25000 Talons
29	348	MicroGaming	201	26	9 Masks of Fire HyperSpins
29	353	MicroGaming	201	101	Basketball Star Wilds
29	354	MicroGaming	201	171	Big Boom Riches
29	358	MicroGaming	201	96	Cash 'N Riches Megaways
29	359	MicroGaming	201	172	Cat Clans
29	361	MicroGaming	201	205	Circus Jugglers Jackpots
29	365	MicroGaming	201	163	Dungeons and Diamonds
29	366	MicroGaming	201	139	Fishin' Pots Of Gold
29	373	MicroGaming	201	220	Lucky Clucks
29	374	MicroGaming	201	168	Masters of Valhalla
29	380	MicroGaming	201	122	Squealin' Riches
29	385	MicroGaming	201	5	Wildfire Wins
29	386	MicroGaming	201	85	777 Surge
29	388	MicroGaming	201	154	Lucky Leprechaun Clusters
29	390	MicroGaming	201	87	Mask of Amun
29	391	MicroGaming	201	86	Divine Riches Helios
29	410	MicroGaming	201	61	Starlite Fruits
29	416	MicroGaming	201	52	777 Super BIG BuildUp Deluxe
29	418	MicroGaming	201	80	Lucky Twins Link & Win
29	420	MicroGaming	201	226	Fiona's Christmas Fortune
29	421	MicroGaming	201	185	Fishin' Christmas Pots of Gold
29	422	MicroGaming	201	117	Thunderstruck Stormchaser
29	426	MicroGaming	201	92	Playboy Wilds
29	430	MicroGaming	201	28	Masters of Olympus
29	431	MicroGaming	201	31	Bison Moon
29	436	MicroGaming	201	33	Gold Blitz
29	437	MicroGaming	201	77	Wolf Blaze Megaways
29	438	MicroGaming	201	1	Candy Rush Wilds
29	439	MicroGaming	201	138	Fire and Roses Joker
29	440	MicroGaming	201	192	Happy Lucky Cats
29	442	MicroGaming	201	37	Wildfire Wins Extreme
29	443	MicroGaming	201	110	Gallo Gold Bruno's Megaways
29	446	MicroGaming	201	84	Monkey Bonanza
29	447	MicroGaming	201	65	Sugar Craze Bonanza
29	448	MicroGaming	201	141	Rome : Fight for Gold
29	450	MicroGaming	201	145	Bubble Beez
29	456	MicroGaming	201	6	Almighty Zeus Empire
29	458	MicroGaming	201	118	Tippy Tavern
29	460	MicroGaming	201	149	Fish Em Up
29	463	MicroGaming	201	212	Dog Days
29	470	MicroGaming	201	239	9 Pots of Gold Megaways
29	474	MicroGaming	201	207	Anvil and Ore
29	477	MicroGaming	201	147	The Eternal Widow
29	479	MicroGaming	201	155	Queens of Ra POWER COMBO
29	481	MicroGaming	201	23	Pong Pong Mahjong
29	484	MicroGaming	201	169	Fishin' Pots of Gold Gold Blitz
29	488	MicroGaming	201	191	Fire and Roses Jolly Joker
29	489	MicroGaming	201	43	Dragon's Loot Link&Win 4Tune
29	490	MicroGaming	201	47	Gods & Pyramids Power Combo
29	491	MicroGaming	201	21	Gold Blitz Extreme
29	492	MicroGaming	201	32	Chronicles of Olympus II - Zeus
29	493	MicroGaming	201	152	Mining Pots of Gold
29	494	MicroGaming	201	188	Crazy Rich Tigers
29	495	MicroGaming	201	9	Almighty Zeus Wilds
29	496	MicroGaming	201	221	108 Heroes Water Margin
29	498	MicroGaming	201	48	Lucky Little Dragons
29	501	MicroGaming	201	50	Massive Gold
29	502	MicroGaming	201	25	Lucky Twins PowerClusters
29	503	MicroGaming	201	107	Mighty Panda
29	504	MicroGaming	201	157	Almighty Athena Empire
29	505	MicroGaming	201	62	3 Laughing Lions Power Combo
29	507	MicroGaming	201	162	Treasure Stacks
29	508	MicroGaming	201	42	Candy Rush Wilds 2
29	510	MicroGaming	201	121	Hades Lost Treasures
29	511	MicroGaming	201	173	Sienna Steele
29	512	MicroGaming	201	202	Mammoth Triple Riches
29	513	MicroGaming	201	156	Gold Infinity
29	514	MicroGaming	201	19	Aztec Triple Riches Power Combo
29	515	MicroGaming	201	7	Pong Pong Mahjong Jackpots
29	516	MicroGaming	201	111	Cash Blitz
29	517	MicroGaming	201	137	Carnaval Fiesta
29	518	MicroGaming	201	54	Gates of Asgard Power Combo
29	519	MicroGaming	201	189	Frankenstein
29	520	MicroGaming	201	105	Lucky Twins & 9 Lions
29	521	MicroGaming	201	198	Almighty Dionysus Empire
29	525	MicroGaming	201	134	Reign of Fire
29	526	MicroGaming	201	124	Hatching Gold! Rooster's Riches
29	527	MicroGaming	201	206	Kung Pao Panda
29	528	MicroGaming	201	112	Ice Pop Party
29	529	MicroGaming	201	35	Sweet Jar Combo
29	530	MicroGaming	201	160	Splash of Riches
29	531	MicroGaming	201	78	Genie's Magic Wishes
29	532	MicroGaming	201	97	Treasure Stacks Wilds
29	533	MicroGaming	201	180	Heavenly Elephant Fortune
29	534	MicroGaming	201	13	3 Blazing Volcanoes Power Combo
29	535	MicroGaming	201	256	3rd Base
29	538	MicroGaming	201	82	Almighty Poseidon Empire
29	539	MicroGaming	201	158	Pizza Fiesta
29	540	MicroGaming	201	99	Arctic Wolf Triple Riches
29	541	MicroGaming	201	100	Go! Fishing: Reelin' Fortunes
29	543	MicroGaming	201	30	Bronco Big Bounty
29	544	MicroGaming	201	153	Bonny's Treasures
29	545	MicroGaming	201	150	Mummy Lock Riches
29	546	MicroGaming	201	55	Star Stash Wild 7's
29	547	MicroGaming	201	41	Bountiful Birds
29	548	MicroGaming	201	165	Joker Burst Frenzy
29	550	MicroGaming	201	29	Money On Reels
29	551	MicroGaming	201	95	Dragon's Rhythm Link&Win
29	552	MicroGaming	201	126	Break Away Gold
29	553	MicroGaming	201	131	Diamond Diva Oink Bonanza
29	555	MicroGaming	201	64	Andvari The Golden Fish
29	556	MicroGaming	201	181	Moonlight Romance - The Awakening
29	557	MicroGaming	201	10	Sugar Mania 8000
29	558	MicroGaming	201	104	Diamond Inferno
29	559	MicroGaming	201	8	12 Skulls of the Dead
29	560	MicroGaming	201	114	Bears Make Bank! Power Combo
29	561	MicroGaming	201	159	Joker Ice Frenzy Epic Strike
29	562	MicroGaming	201	195	Chicken Night Fever
29	566	MicroGaming	201	183	African Wilds
29	567	MicroGaming	201	14	Lucky Twins Wilds Jackpots
29	568	MicroGaming	201	73	Bass Catch SUPER UP
29	569	MicroGaming	201	190	Prosperity Blessing
29	570	MicroGaming	201	187	African Quest
29	571	MicroGaming	201	129	Fire & Diamond Joker
29	572	MicroGaming	201	132	Joker Loko's Multiplier Trail
29	573	MicroGaming	201	40	Cash Blitz Extreme
29	574	MicroGaming	201	98	Red Hot Riches
29	575	MicroGaming	201	15	Golden Cat Fortunes
29	576	MicroGaming	201	24	10000 Fortunes
29	577	MicroGaming	201	27	Treasure Gems
29	578	MicroGaming	201	146	Plenty of Presents
29	579	MicroGaming	201	116	Fire & Diamond Jingle Joker
29	580	MicroGaming	201	627	Sweet Jar Xmas Combo
29	581	MicroGaming	201	56	Tiger's Treasures
29	582	MicroGaming	201	38	Kong's Jungle Tower
29	583	MicroGaming	201	46	Queen of the Sphinx
29	584	MicroGaming	201	34	Ancient Treasure : Poseidon
29	585	MicroGaming	201	71	Curse of Medusa
29	587	MicroGaming	201	18	Ultra Ace
29	588	MicroGaming	201	94	Horse's Treasures
29	589	MicroGaming	201	17	Nova Blast Ultra
29	590	MicroGaming	201	2	Pong Pong Mahjong 2
29	591	MicroGaming	201	151	Luck of the Devil: POWER COMBO
29	592	MicroGaming	201	90	Lucky Rainbow Rush
29	593	MicroGaming	201	76	Bass Catch SUPER LUCK
29	594	MicroGaming	201	53	Mayan Boost
29	595	MicroGaming	201	130	Merlin's Secret Maxways
29	597	MicroGaming	201	12	Mahjong Reels
29	598	MicroGaming	201	57	Cluckin' Sweet Feast
29	599	MicroGaming	201	44	Pocket Ace
29	600	MicroGaming	201	262	Devil’s Finger
29	602	MicroGaming	201	274	Oops
29	603	MicroGaming	201	236	Office Party
29	604	MicroGaming	201	176	Orphan Organ
29	605	MicroGaming	201	234	Swoll
29	606	MicroGaming	201	270	Sew
29	607	MicroGaming	201	288	Black Friday
29	608	MicroGaming	201	268	Laced
29	609	MicroGaming	201	113	Grand Casino Heist
29	610	MicroGaming	201	222	Suck
29	611	MicroGaming	201	142	123 Soccer Link & Merge
29	612	MicroGaming	201	63	Almighty Zeus Wilds Link & Merge
29	613	MicroGaming	201	51	Lucky Twins Wilds Link & Merge
29	614	MicroGaming	201	128	Pirate’s Fight for Fortune
29	615	MicroGaming	201	58	Money on Reels Super Arrow
29	616	MicroGaming	201	308	Truth
29	617	MicroGaming	201	228	Ultimate Goal Blitz
29	618	MicroGaming	201	72	Wrath of Seth-Split
29	619	MicroGaming	201	213	Preach TV
29	620	MicroGaming	201	135	Break Away Candy Link&Merge
29	621	MicroGaming	201	70	Bison Fire Charge
29	623	MicroGaming	201	164	Playboy Gems and Desires
29	624	MicroGaming	201	249	Queen of Cairo: Royal Maxways
29	625	MicroGaming	201	175	Luna Princess Link&Merge
29	626	MicroGaming	201	322	StrikerX
35	1	PGSoft	201	157	Honey Trap of Diao Chan
35	2	PGSoft	201	144	Gem Saviour
35	3	PGSoft	201	109	Fortune Gods
35	6	PGSoft	201	131	Medusa II
35	7	PGSoft	201	163	Medusa
35	18	PGSoft	201	149	Hood vs Wolf
35	20	PGSoft	201	115	Reel Love
35	24	PGSoft	201	129	Win Win Won
35	25	PGSoft	201	139	Plushie Frenzy
35	26	PGSoft	201	116	Tree of Fortune
35	28	PGSoft	201	138	Hotpot
35	29	PGSoft	201	100	Dragon Legend
35	33	PGSoft	201	123	Hip Hop Panda
35	34	PGSoft	201	135	Legend of Hou Yi
35	35	PGSoft	201	134	Mr Hallow-Jackpot!
35	36	PGSoft	201	150	Prosperity Lion
35	37	PGSoft	201	137	Santa's Gift Rush
35	38	PGSoft	201	125	Gem Saviour Sword
35	39	PGSoft	201	102	Piggy Gold
35	40	PGSoft	201	23	Jungle Delight
35	41	PGSoft	201	128	Symbols of Egypt
35	42	PGSoft	201	22	Ganesha Gold
35	44	PGSoft	201	127	Emperor's Favour
35	48	PGSoft	201	24	Double Fortune
35	50	PGSoft	201	104	Journey to the Wealth
35	53	PGSoft	201	50	The Great Icescape
35	54	PGSoft	201	41	Captain's Bounty
35	57	PGSoft	201	19	Dragon Hatch
35	58	PGSoft	201	154	Vampire's Charm
35	59	PGSoft	201	152	Ninja vs Samurai
35	60	PGSoft	201	39	Leprechaun Riches
35	61	PGSoft	201	145	Flirting Scholar
35	62	PGSoft	201	86	Gem Saviour Conquest
35	63	PGSoft	201	75	Dragon Tiger Luck
35	64	PGSoft	201	122	Muay Thai Champion
35	65	PGSoft	201	1	Mahjong Ways
35	67	PGSoft	201	130	Shaolin Soccer
35	68	PGSoft	201	91	Fortune Mouse
35	69	PGSoft	201	113	Bikini Paradise
35	70	PGSoft	201	76	Candy Burst
35	71	PGSoft	201	18	Caishen Wins
35	73	PGSoft	201	32	Egypt's Book of Mystery
35	74	PGSoft	201	2	Mahjong Ways 2
35	75	PGSoft	201	7	Ganesha Fortune
35	79	PGSoft	201	14	Dreams of Macau
35	80	PGSoft	201	84	Circus Delight
35	82	PGSoft	201	44	Phoenix Rises
35	83	PGSoft	201	37	Wild Fireworks
35	84	PGSoft	201	20	Queen of Bounty
35	85	PGSoft	201	57	Genie's 3 Wishes
35	86	PGSoft	201	69	Galactic Gems
35	87	PGSoft	201	4	Treasures of Aztec
35	88	PGSoft	201	82	Jewels of Prosperity
35	89	PGSoft	201	6	Lucky Neko
35	90	PGSoft	201	88	Secrets of Cleopatra
35	91	PGSoft	201	66	Guardians of Ice & Fire
35	92	PGSoft	201	49	Thai River Wonders
35	93	PGSoft	201	112	Opera Dynasty
35	94	PGSoft	201	158	Bali Vacation
35	95	PGSoft	201	40	Majestic Treasures
35	97	PGSoft	201	148	Jack Frost's Winter
35	98	PGSoft	201	47	Fortune Ox
35	100	PGSoft	201	58	Candy Superwin
35	101	PGSoft	201	16	Rise of the Sun God
35	102	PGSoft	201	99	Mermaid Riches
35	103	PGSoft	201	65	Crypto Gold
35	104	PGSoft	201	5	Wild Bandito
35	105	PGSoft	201	95	Heist Stakes
35	106	PGSoft	201	9	Ways of the Qilin
35	107	PGSoft	201	103	Legendary Monkey King
35	108	PGSoft	201	92	Buffalo Win
35	110	PGSoft	201	25	Jurassic Kingdom
35	112	PGSoft	201	80	Oriental Prosperity
35	113	PGSoft	201	64	Raider Jane's Crypt of Fortune
35	114	PGSoft	201	147	Emoji Riches
35	115	PGSoft	201	56	Supermarket Spree
35	117	PGSoft	201	13	Cocktail Nights
35	118	PGSoft	201	132	Mask Carnival
35	119	PGSoft	201	55	Spirited Wonders
35	121	PGSoft	201	85	Destiny of Sun & Moon
35	122	PGSoft	201	67	Garuda Gems
35	123	PGSoft	201	34	Rooster Rumble
35	125	PGSoft	201	43	Butterfly Blossom
35	126	PGSoft	201	105	Fortune Tiger
35	127	PGSoft	201	59	The Queen's Banquet
35	128	PGSoft	201	72	Battleground Royale
35	129	PGSoft	201	97	Win Win Fish Prawn Crab
35	130	PGSoft	201	38	Lucky Piggy
35	131	PGSoft	201	26	Speed Winner
35	132	PGSoft	201	17	Legend of Perseus
35	133	PGSoft	201	74	Wild Coaster
35	134	PGSoft	201	3	Wild Bounty Showdown
35	135	PGSoft	201	61	Prosperity Fortune Tree
35	136	PGSoft	201	161	Totem Wonders
35	137	PGSoft	201	98	Alchemy Gold
35	138	PGSoft	201	101	Diner Delights
35	139	PGSoft	201	28	Asgardian Rising
35	140	PGSoft	201	33	Midas Fortune
35	141	PGSoft	201	31	Fortune Rabbit
35	142	PGSoft	201	108	Rave Party Fever
35	143	PGSoft	201	121	Hawaiian Tiki
35	144	PGSoft	201	73	Bakery Bonanza
35	145	PGSoft	201	79	Songkran Splash
35	146	PGSoft	201	96	Mystical Spirits
35	147	PGSoft	201	62	Super Golf Drive
35	148	PGSoft	201	153	Lucky Clover Riches
35	149	PGSoft	201	70	Fruity Candy
35	150	PGSoft	201	119	Cruise Royale
35	151	PGSoft	201	53	Safari Wilds
35	152	PGSoft	201	87	Gladiator's Glory
35	153	PGSoft	201	136	Ninja Raccoon Frenzy
35	154	PGSoft	201	52	Ultimate Striker
35	155	PGSoft	201	111	Wild Heist Cashout
35	156	PGSoft	201	71	Forge of Wealth
35	157	PGSoft	201	27	Mafia Mayhem
35	158	PGSoft	201	124	Tsar Treasures
35	159	PGSoft	201	63	Werewolf's Hunt
35	160	PGSoft	201	21	Dragon Hatch 2
35	161	PGSoft	201	46	Fortune Dragon
35	162	PGSoft	201	12	Gemstones Gold
35	163	PGSoft	201	114	Cash Mania
35	164	PGSoft	201	8	Wild Ape #3258
35	165	PGSoft	201	11	Pinata Wins
35	166	PGSoft	201	42	Mystic Potion
35	167	PGSoft	201	10	Anubis Wrath
35	168	PGSoft	201	45	Zombie Outbreak
35	169	PGSoft	201	120	Shark Bounty
35	170	PGSoft	201	35	Yakuza Honor
35	171	PGSoft	201	151	Futebol Fever
35	173	PGSoft	201	106	Wings of Iguazu
35	174	PGSoft	201	107	Three Crazy Piggies
35	175	PGSoft	201	51	Oishi Delights
35	176	PGSoft	201	68	Museum Wonders
35	177	PGSoft	201	140	Rio Fantasia
35	178	PGSoft	201	77	Chocolate Deluxe
35	179	PGSoft	201	15	Geisha's Revenge
35	180	PGSoft	201	93	Fortune Snake
35	181	PGSoft	201	155	Incan Wonders
35	182	PGSoft	201	29	Mr. Treasure’s Fortune
35	183	PGSoft	201	159	Graffiti Rush
35	184	PGSoft	201	133	Doomsday Rampage
35	185	PGSoft	201	117	Knockout Riches
35	186	PGSoft	201	90	Jack the Giant Hunter
35	187	PGSoft	201	89	Dragon's Treasure Quest
35	188	PGSoft	201	143	Galaxy Miner
35	189	PGSoft	201	83	Grimms' Bounty: Hansel & Gretel
35	190	PGSoft	201	126	Majestic Empire
35	191	PGSoft	201	141	Dead Man's Riches
35	192	PGSoft	201	162	Diner Frenzy Spins
35	193	PGSoft	201	110	Kraken Gold Rush
35	194	PGSoft	201	156	Pharaoh Royals
35	195	PGSoft	201	60	Skylight Wonders
35	196	PGSoft	201	94	Alibaba's Cave of Fortune
35	197	PGSoft	201	36	Poker Kingdom Win
35	198	PGSoft	201	48	Mythical Guardians
35	199	PGSoft	201	160	Forbidden Alchemy
35	200	PGSoft	201	118	Fortune Horse
35	201	PGSoft	201	78	Inferno Mayhem
35	202	PGSoft	201	142	Mayan Destiny
35	203	PGSoft	201	146	Perfect Strike
35	204	PGSoft	201	81	Funky Fortunez
35	205	PGSoft	201	30	Reel Royale Showdown
35	206	PGSoft	201	54	Mighty Mania
35	207	PGSoft	201	180	Super Wildrix
35	208	PGSoft	201	181	Zombie Blasters
1010	20	YGR	201	81	Fortune Lions 7
1010	21	YGR	201	66	Koi Respin 7
1010	22	YGR	201	52	5X Diamond 7
1010	23	YGR	201	85	Lightning Respin 7
1010	24	YGR	201	60	Super Fire 7
1010	25	YGR	201	77	Rainbow & Clover 7
1010	26	YGR	201	37	Lucky Dragon Ball 7
1010	27	YGR	201	24	Fortune Lucky 7
1010	28	YGR	201	42	777 More Cash
1010	30	YGR	201	47	Gold Panda Rush
1010	31	YGR	201	15	Piggy Boom
1010	32	YGR	201	59	Piggy Bank
1010	34	YGR	201	22	Fortune God Coming
1010	35	YGR	201	19	10x Diamond 7
1010	37	YGR	201	93	Muay Thai
1010	38	YGR	201	3	Sabong
1010	39	YGR	201	41	Super More Cash II
1010	40	YGR	201	8	Money Rush
1010	41	YGR	201	89	Cleopatra
1010	42	YGR	201	27	Lucky Star
1010	43	YGR	201	11	Rich Mahjong 2
1010	44	YGR	201	16	100x Diamond 7
1010	45	YGR	201	23	10x Lions 7
1010	46	YGR	201	14	100x Lions 7
1010	48	YGR	201	94	Puffy Paradise
1010	49	YGR	201	87	Dog's Vacation
1010	50	YGR	201	9	Candy Xmas
1010	52	YGR	201	72	Bank Robbery
1010	54	YGR	201	80	Lucky Doll
1010	55	YGR	201	63	Treasure of Dragon
1010	56	YGR	201	70	Fish Prawn Crab
1010	58	YGR	201	38	Fu Lu Shou
1010	59	YGR	201	10	Maya Golden City
1010	60	YGR	201	54	Cone BONANZA
1010	61	YGR	201	53	MonteZuma's Treasure
1010	62	YGR	201	74	Night of Millionaire
1010	63	YGR	201	79	Barista BONANZA
1010	64	YGR	201	4	Maya Golden City2
1010	67	YGR	201	5	MahJong God
1010	68	YGR	201	96	Fruit & BAR
1010	69	YGR	201	95	Chain Spin
1010	70	YGR	201	92	Neon Night
1010	72	YGR	201	31	Golden Bay Sands
1010	73	YGR	201	49	Cash Maker
1010	74	YGR	201	28	Super Neko
1010	75	YGR	201	51	Legendary Shaman
1010	76	YGR	201	30	Bounty Pirate
1010	77	YGR	201	56	FRENZY MONEY
1010	78	YGR	201	68	Bison Gallop
1010	79	YGR	201	45	CASH RICH
1010	80	YGR	201	73	ROMA GEMS
1010	81	YGR	201	20	Maya Golden City4
1010	82	YGR	201	62	R!CH
1010	83	YGR	201	26	Wealth Potion
1010	84	YGR	201	57	GO NEKO
1010	85	YGR	201	35	Fortune Rolling
1010	86	YGR	201	67	Lucky Fortune God
1010	87	YGR	201	12	Maya Golden City5
1010	88	YGR	201	64	R One
1010	89	YGR	201	21	Greek Mythology
1010	90	YGR	201	69	Lucky Star2
1010	91	YGR	201	43	GOLDEN KINGDOM
1010	92	YGR	201	7	Cash Maker 2
1010	93	YGR	201	46	GOLDEN PHARAOH
1010	94	YGR	201	18	Maya Golden City6
1010	95	YGR	201	36	Dinosaur Egg 2
1010	96	YGR	201	75	Magic Treasure
1010	97	YGR	201	78	Captain Whale
1010	98	YGR	201	2	Loong Fa Le
1010	100	YGR	201	86	Boom Bird
1010	101	YGR	201	50	Golden Horse Chess
1010	102	YGR	201	1	Mahjong Big Three
1010	103	YGR	201	34	Maya Golden City7
1010	104	YGR	201	61	Cash Maker 3
1010	105	YGR	201	48	Summon Fortune Pig
1010	106	YGR	201	25	Maya Golden City8
1010	107	YGR	201	44	Candy Lubi
1010	108	YGR	201	29	Lanterns of Fortune
1010	109	YGR	201	82	Charcoal BBQ
1010	110	YGR	201	13	Chill Penguin
1010	111	YGR	201	33	Maya Golden City9
1010	112	YGR	201	40	Golden Dragon
1010	113	YGR	201	32	Lamp Treasure
1010	114	YGR	201	55	Dragon Bowl
1010	115	YGR	201	6	Maya Golden City3
1010	116	YGR	201	39	Mahjong Wins
1010	117	YGR	201	91	Gallop to Riches
1010	118	YGR	201	17	Lanterns of Fortune2
1010	119	YGR	201	88	Dragon Master 66
1010	120	YGR	201	76	Football Fever
1010	121	YGR	201	84	Cash Maker 4
1010	122	YGR	201	90	Fortune Tree
1010	123	YGR	201	71	Hot Fire 777
1010	124	YGR	201	58	Dragon Master 777
1010	125	YGR	201	65	Caishen Comingx11000
1016	28	AFBGaming	201	2	Lucky777
1016	30	AFBGaming	201	3	Millionaire
1016	31	AFBGaming	201	55	Fruit Ripe
1016	32	AFBGaming	201	25	Money Tree
1016	33	AFBGaming	201	15	Lucky Frog
1016	35	AFBGaming	201	88	Sweet Love
1016	36	AFBGaming	201	34	Crazy Bomb
1016	38	AFBGaming	201	16	Crazy Gold
1016	40	AFBGaming	201	79	Delicious Dessert
1016	41	AFBGaming	201	14	Richest Witch
1016	42	AFBGaming	201	82	Super Rich
1016	43	AFBGaming	201	89	Deep Loot
1016	44	AFBGaming	201	86	Dice
1016	45	AFBGaming	201	39	Wallow In Money
1016	48	AFBGaming	201	90	Single Baccarat
1016	49	AFBGaming	201	31	Plinko
1016	50	AFBGaming	201	6	Maneki Neko
1016	51	AFBGaming	201	63	Sobek’s Treasure
1016	52	AFBGaming	201	99	Crash
1016	53	AFBGaming	201	48	Elephant King
1016	55	AFBGaming	201	21	Gong Xi Fa Cai
1016	56	AFBGaming	201	71	Classic Baccarat
1016	70	AFBGaming	201	22	Texas Wind
1016	71	AFBGaming	201	33	Dynamite Jackpot
1016	73	AFBGaming	201	24	Olympian Zeus
1016	75	AFBGaming	201	19	Gold Volcano
1016	76	AFBGaming	201	53	Fortune Thai
1016	77	AFBGaming	201	43	Franken Experiment
1016	79	AFBGaming	201	28	Gold Volcano 2
1016	80	AFBGaming	201	20	Money Tree 2
1016	81	AFBGaming	201	46	Ka-Ching
1016	82	AFBGaming	201	81	Popsicle Paradise
1016	83	AFBGaming	201	5	Wallow In Money Ultra
1016	84	AFBGaming	201	7	Maneki Neko Ultra
1016	85	AFBGaming	201	9	Lucky Frog Ultra
1016	86	AFBGaming	201	75	Happy Animal Park
1016	87	AFBGaming	201	8	Nezha Rebirth
1016	88	AFBGaming	201	80	Happy Animal Park ULTRA
1016	89	AFBGaming	201	1	Kirin Mahjong Ultra
1016	90	AFBGaming	201	4	Nezha Rebirth ULTRA
1016	91	AFBGaming	201	10	Olympian Zeus ULTRA
1016	92	AFBGaming	201	30	Richest Witch ULTRA
1016	93	AFBGaming	201	69	LabubuParty
1016	94	AFBGaming	201	91	LabubuRush
1016	100	AFBGaming	201	17	Invite Cai Shen
1016	101	AFBGaming	201	26	Golden Moon
1016	102	AFBGaming	201	42	High Rollers
1016	103	AFBGaming	201	35	Frozen Miracle
1016	104	AFBGaming	201	13	MO TONG DUO BAO
1016	105	AFBGaming	201	36	Monopoly
1016	106	AFBGaming	201	40	Jelly Colorful
1016	107	AFBGaming	201	47	Special Action
1016	108	AFBGaming	201	38	Maya Treasure
1016	109	AFBGaming	201	72	Spookiz
1016	110	AFBGaming	201	58	Zhao Cai Jin Bao
1016	111	AFBGaming	201	12	Wheel Of Wealth
1016	112	AFBGaming	201	49	Dancing Drums
1016	113	AFBGaming	201	67	Super Flame
1016	114	AFBGaming	201	64	Fighting Cock
1016	115	AFBGaming	201	18	Royal Mahjong
1016	117	AFBGaming	201	87	Venice
1016	118	AFBGaming	201	50	Buffalo Gold
1016	119	AFBGaming	201	57	Lamp Aladdin
1016	120	AFBGaming	201	65	Kung Fu Panda
1016	121	AFBGaming	201	77	Oil Tycoon
1016	123	AFBGaming	201	44	The War Of The Gods
1016	124	AFBGaming	201	70	Finding Atlantis
1016	125	AFBGaming	201	51	Avengers
1016	126	AFBGaming	201	78	Burger King
1016	127	AFBGaming	201	62	Dragon Slayer
1016	128	AFBGaming	201	61	Rock Time
1016	129	AFBGaming	201	83	Lucky Clover
1016	130	AFBGaming	201	68	Jump For Richness
1016	131	AFBGaming	201	76	Pirate Treasure
1016	132	AFBGaming	201	66	Wild West
1016	133	AFBGaming	201	84	High Road King
1016	134	AFBGaming	201	85	Three Kingdoms
1016	135	AFBGaming	201	23	God of Wealth
1016	136	AFBGaming	201	74	Journey To The West
1016	137	AFBGaming	201	56	Happy Fruits
1016	138	AFBGaming	201	73	Wonderland ALICE
1016	139	AFBGaming	201	52	Safari WildLife Park
1016	145	AFBGaming	201	60	Mewtwo's Revenge Evolution
1016	146	AFBGaming	201	37	Pokemon Ball Master
1016	147	AFBGaming	201	32	Pirate King Riches
1016	148	AFBGaming	201	11	Pegasus Blessing
1016	149	AFBGaming	201	41	Lucky Panda
1016	150	AFBGaming	201	45	Frenzy777
1016	151	AFBGaming	201	29	King Arthur's Excalibur
1016	152	AFBGaming	201	97	Baccarat
1016	153	AFBGaming	201	54	Fortune Panda
1016	154	AFBGaming	201	155	Fortune Phoenix
1016	155	AFBGaming	201	156	Bunnies To The Moon
1018	1	PlayTech	201	43	Qin's Empire: Caishen's Temple
1018	3	PlayTech	201	538	Monster Multipliers
1018	5	PlayTech	201	37	Joker Rush
1018	6	PlayTech	201	62	Mighty Hat: Lamp of Gold
1018	7	PlayTech	201	86	Koi Harmony
1018	8	PlayTech	201	29	Silver Bullet Bandit: Cash Collect
1018	9	PlayTech	201	106	Diamond Rise
1018	10	PlayTech	201	540	Hit Bar™
1018	12	PlayTech	201	48	Fire Blaze: Fire Fighter
1018	14	PlayTech	201	543	Wushu Punch
1018	15	PlayTech	201	544	Anaconda Uncoiled
1018	16	PlayTech	201	545	Chilli Xtreme
1018	20	PlayTech	201	549	Fishin' Bonanza
1018	21	PlayTech	201	550	Leprechaun’s Luck: Cash Collect
1018	24	PlayTech	201	10	Mega Fire Blaze: Big Circus!
1018	25	PlayTech	201	552	Power Zones: Thunder Birds
1018	27	PlayTech	201	58	Fire Blaze: Blue Wizard Megaways
1018	28	PlayTech	201	554	Heroes Arrow
1018	29	PlayTech	201	555	Jurassic Island 2
1018	33	PlayTech	201	559	Curse of Anubis
1018	35	PlayTech	201	561	Aztec Expedition Thundershots
1018	36	PlayTech	201	31	Monkey and Rat
1018	37	PlayTech	201	47	Atlantis Cash Collect
1018	39	PlayTech	201	563	Glorious Guardians
1018	40	PlayTech	201	78	Pyramid Valley: Power Zones
1018	41	PlayTech	201	564	Chili Eruption Thundershots
1018	42	PlayTech	201	17	Sahara Riches: Cash Collect
1018	44	PlayTech	201	2	Mega Fire Blaze: Khonsu God of Moon
1018	46	PlayTech	201	79	Mayan Blocks
1018	47	PlayTech	201	442	Sorcerer's Guild of Magic
1018	48	PlayTech	201	443	Absolutely Mammoth
1018	49	PlayTech	201	444	Ishtar
1018	52	PlayTech	201	447	Fire Blaze Golden: Tundra Wolf
1018	53	PlayTech	201	448	Dragons Hall: Thundershots
1018	54	PlayTech	201	84	Wild Linx
1018	56	PlayTech	201	450	Full Moon: White Panda
1018	58	PlayTech	201	452	Eye of Anubis
1018	60	PlayTech	201	454	The Perfect Heist
1018	61	PlayTech	201	455	Zodiac Charms
1018	65	PlayTech	201	459	Fire Blaze Golden: Buccaneer Bells
1018	67	PlayTech	201	461	Gold Pile: Orangutan
1018	68	PlayTech	201	46	Fire Blaze: Red Wizard
1018	72	PlayTech	201	463	Fire Blaze: River Empress
1018	73	PlayTech	201	25	Fire Blaze: Sisters Gift
1018	75	PlayTech	201	465	Breakout Bob
1018	76	PlayTech	201	466	Ways Boost: Hot Gems™ Xtreme™
1018	80	PlayTech	201	470	Jane Jones In Book Of King 2
1018	81	PlayTech	201	471	Gold Pile: Tigers Pride
1018	82	PlayTech	201	472	Rubik's Cube
1018	83	PlayTech	201	473	Record Riches
1018	84	PlayTech	201	474	Lovefool
1018	85	PlayTech	201	73	Toad's Gift
1018	86	PlayTech	201	475	Pearls Pearls Pearls
1018	88	PlayTech	201	97	Anaconda Wild II
1018	90	PlayTech	201	3	Arowanas Luck
1018	92	PlayTech	201	479	Zhao Cai Jin Bao 2
1018	93	PlayTech	201	85	Fire Blaze Golden: Amazing Factory
1018	94	PlayTech	201	480	Bee Frenzy
1018	96	PlayTech	201	482	Gold Pile: Toltec Treasure
1018	97	PlayTech	201	33	Wild Lava
1018	98	PlayTech	201	483	Gold Pile: New Years Gold
1018	99	PlayTech	201	30	Buffalo Blitz II
1018	100	PlayTech	201	484	28 Mansions
1018	102	PlayTech	201	90	Frog's Gift
1018	103	PlayTech	201	486	Legacy of the Wilds 2
1018	104	PlayTech	201	487	Caishen Ways
1018	105	PlayTech	201	488	Golden Ways
1018	106	PlayTech	201	57	Dragon Chi
1018	107	PlayTech	201	489	Quest West
1018	108	PlayTech	201	490	Ox Riches
1018	109	PlayTech	201	1	Legacy of the Tiger
1018	110	PlayTech	201	491	Legend of Hydra 
1018	111	PlayTech	201	492	Dragon Spark
1018	112	PlayTech	201	493	Better Wilds
1018	117	PlayTech	201	5	Jinns Moon
1018	120	PlayTech	201	129	Panda Luck
1018	121	PlayTech	201	92	Adventure Trail
1018	122	PlayTech	201	130	Blazing Bells
1018	123	PlayTech	201	76	Triple Monkey
1018	124	PlayTech	201	55	Asian Fantasy
1018	125	PlayTech	201	99	Fortune Lions
1018	126	PlayTech	201	131	Hot KTV
1018	127	PlayTech	201	93	Heavenly Ruler
1018	128	PlayTech	201	28	Feng Kuang Ma Jiang
1018	129	PlayTech	201	41	Chaoji 888
1018	130	PlayTech	201	132	Fortune Day
1018	131	PlayTech	201	133	Long Long Long
1018	132	PlayTech	201	74	Ri Ri Jin Cai
1018	133	PlayTech	201	44	Gem Queen
1018	134	PlayTech	201	134	Zhao Cai Tong Zi
1018	135	PlayTech	201	38	Si Xiang
1018	136	PlayTech	201	100	Queen of Wands
1018	137	PlayTech	201	75	Jin Qian Wa
1018	146	PlayTech	201	143	Fei Long Zai Tian
1018	148	PlayTech	201	145	Lie Yan Zuan Shi
1018	150	PlayTech	201	147	Stallion Strike
1018	152	PlayTech	201	149	Wild West Wilds
1018	154	PlayTech	201	151	Book of Kings
1018	155	PlayTech	201	152	Midnight Wilds
1018	156	PlayTech	201	153	Egyptian Emeralds
1018	165	PlayTech	201	162	Age of Egypt
1018	166	PlayTech	201	163	Aces and Faces Multi-Hand
1018	167	PlayTech	201	164	Halloween Fortune 2
1018	174	PlayTech	201	107	Spin a Win
1018	175	PlayTech	201	171	The Riches of Don Quixote
1018	176	PlayTech	201	26	Treasures of the Lamps
1018	177	PlayTech	201	172	Luminous Life
1018	211	PlayTech	201	59	Dragon Bond
1018	212	PlayTech	201	203	Fat Choy Choy Sun
1018	213	PlayTech	201	204	Jinfu Long
1018	214	PlayTech	201	109	Jinfu Xingyun
1018	215	PlayTech	201	56	Ni Shu Shen Me
1018	257	PlayTech	201	246	Ways of the Phoenix
1018	258	PlayTech	201	247	Panther Moon
1018	259	PlayTech	201	248	Tiger Claw
1018	260	PlayTech	201	249	Highway Kings
1018	261	PlayTech	201	250	Golden Tour
1018	262	PlayTech	201	251	Vacation Station Deluxe
1018	263	PlayTech	201	102	Vacation Station
1018	264	PlayTech	201	252	Buffalo Blitz
1018	266	PlayTech	201	254	Bermuda Triangle
1018	267	PlayTech	201	87	Yun Cong Long
1018	268	PlayTech	201	255	Funky Monkey
1018	269	PlayTech	201	256	Secrets of the Amazon
1018	270	PlayTech	201	257	Epic Ape
1018	271	PlayTech	201	258	Bonus Bears
1018	272	PlayTech	201	259	White King
1018	273	PlayTech	201	80	Anaconda Wild
1018	275	PlayTech	201	261	Great Blue
1018	276	PlayTech	201	262	Penguin Vacation
1018	277	PlayTech	201	263	Santa Surprise
1018	278	PlayTech	201	264	Bai Shi
1018	279	PlayTech	201	265	Dolphin Reef
1018	280	PlayTech	201	95	Wu Long
1018	281	PlayTech	201	266	Irish Luck
1018	282	PlayTech	201	267	Crazy 7
1018	283	PlayTech	201	268	White King II
1018	284	PlayTech	201	269	Cat Queen
1018	285	PlayTech	201	270	A Night Out
1018	286	PlayTech	201	271	Zhao Cai Jin Bao
1018	287	PlayTech	201	64	Pharaoh's Secrets
1018	288	PlayTech	201	272	Chinese Kitchen
1018	290	PlayTech	201	274	Gem Heat
1018	300	PlayTech	201	284	Hot Gems
1018	301	PlayTech	201	285	Geisha Story
1018	303	PlayTech	201	287	Fortunes of the Fox
1018	304	PlayTech	201	288	Mr. Cashback
1018	305	PlayTech	201	289	Jungle Giants
1018	308	PlayTech	201	88	Ugga Bugga
1018	309	PlayTech	201	292	Miss Fortune
1018	312	PlayTech	201	295	Desert Treasure
1018	314	PlayTech	201	297	Easter Surprise
1018	315	PlayTech	201	298	Safari Heat
1018	316	PlayTech	201	299	Lotto Madness
1018	317	PlayTech	201	300	Atlantis Queen
1018	318	PlayTech	201	301	Heart of the Frontier
1018	319	PlayTech	201	302	Silver Bullet
1018	320	PlayTech	201	303	Dragon Champions
1018	321	PlayTech	201	304	Thai Paradise
1018	322	PlayTech	201	305	Legacy of the Wild
1018	323	PlayTech	201	306	Neptune's Kingdom
1018	324	PlayTech	201	307	Silent Samurai
1018	325	PlayTech	201	308	True Love
1018	326	PlayTech	201	309	Ice Cave
1018	327	PlayTech	201	310	Piggies and the Wolf
1018	328	PlayTech	201	311	Haunted House
1018	329	PlayTech	201	312	Archer
1018	330	PlayTech	201	313	Halloween Fortune
1018	331	PlayTech	201	314	Magical Stacks
1018	332	PlayTech	201	315	Rome and Glory
1018	333	PlayTech	201	316	Plenty O'Fortune
1018	334	PlayTech	201	317	Gaelic Luck
1018	335	PlayTech	201	318	Sinbad's Golden Voyage
1018	336	PlayTech	201	319	Football Rules
1018	346	PlayTech	201	329	Jurassic Island
1018	348	PlayTech	201	331	Tiger Stacks
1018	349	PlayTech	201	332	Hainan Ice
1018	350	PlayTech	201	6	Sky Queen
1018	351	PlayTech	201	45	Tsai Shen's Gift
1018	352	PlayTech	201	23	Eternal Lady
1018	353	PlayTech	201	333	Bombs
1018	354	PlayTech	201	42	Tip Top Totems
1018	355	PlayTech	201	4	Blue Wizard
1018	356	PlayTech	201	22	Pharaoh's Daughter
1018	359	PlayTech	201	52	Golden Macaque
1018	360	PlayTech	201	8	Lucky Emeralds
1018	363	PlayTech	201	338	The Great Reveal
1018	364	PlayTech	201	110	Savage Jungle
1018	369	PlayTech	201	343	Selfie Elfie
1018	371	PlayTech	201	111	Starmada Exiles
1018	372	PlayTech	201	89	Cascading Cave
1018	374	PlayTech	201	65	Panther Pays
1018	375	PlayTech	201	34	Retro Rush
1018	376	PlayTech	201	81	Tiger,  Turtle,  Dragon,  Phoenix
1018	377	PlayTech	201	39	Fire Blaze Quattro: Celtic Charm
1018	381	PlayTech	201	19	Gold Hit: O'Reilly's Riches
1018	386	PlayTech	201	9	Fire Blaze: Green Wizard
1018	387	PlayTech	201	7	Witches: Cash Collect
1018	390	PlayTech	201	15	Sahara Riches MegaWays: Cash Collect
1018	393	PlayTech	201	18	Yu Tu Jin Cai: Cash Collect
1018	394	PlayTech	201	24	Football! Cash Collect
1018	395	PlayTech	201	357	Cash It™ Multiplayer
1018	398	PlayTech	201	360	Diamond Match Deluxe
1018	399	PlayTech	201	361	Lil Demon: Mega Cash Collect™
1018	401	PlayTech	201	363	Queen’s Mystery
1018	403	PlayTech	201	12	Sweet n’ Juicy
1018	404	PlayTech	201	365	Candy Roll
1018	405	PlayTech	201	366	Wolves! Cash Collect
1018	406	PlayTech	201	367	Lights of Luck
1018	407	PlayTech	201	368	Tree Wishes
1018	411	PlayTech	201	372	Goood Heavens
1018	412	PlayTech	201	373	Gold Trio: Leprechaun's Luck BF
1018	413	PlayTech	201	14	El Ranchero Cash Collect Diamond Path
1018	414	PlayTech	201	53	Bulls Eye Bandits
1018	415	PlayTech	201	66	Drop for Top
1018	416	PlayTech	201	54	Reaction Link
1018	418	PlayTech	201	35	Pyramid Linx
1018	419	PlayTech	201	13	Wild Roll
1018	424	PlayTech	201	379	Blue Wizard: Cash Collect & Link
1018	425	PlayTech	201	380	Giga Match Bunny
1018	426	PlayTech	201	381	Betty Bonkers
1018	427	PlayTech	201	382	Azticons Chaos Clusters
1018	428	PlayTech	201	383	Stampede Rush Trident
1018	429	PlayTech	201	384	Adventures Beyond Wonderland Magical Maze
1018	430	PlayTech	201	385	Lil Demo Double Heat
1018	432	PlayTech	201	387	Mad Hit Diamonds
1018	433	PlayTech	201	388	Ocean Frenzy
1018	435	PlayTech	201	390	Gold Hit: Lucky Granny
1018	436	PlayTech	201	391	Free the Dragon
1018	437	PlayTech	201	392	Mega Fire Blaze: Plinko
1018	439	PlayTech	201	394	Oink Oink Oink Pharaohs
1018	440	PlayTech	201	395	Mega Fire Blaze Lucky Bass
1018	441	PlayTech	201	72	J Mania 3 Buffalo
1018	442	PlayTech	201	20	Buffalo Blitz Cash Collect
1018	443	PlayTech	201	396	Immortal Ways Gallina Harvest
1018	444	PlayTech	201	70	Sticky Bandits Thunder Rail
1018	445	PlayTech	201	397	Piggy Mania
1018	446	PlayTech	201	398	J Mania Loco Habanero
1018	448	PlayTech	201	400	Beastwood
1018	449	PlayTech	201	401	Flip Royale
1018	450	PlayTech	201	402	Giga Match Egypt
1018	451	PlayTech	201	49	Immortal Ways Volcano
1018	452	PlayTech	201	403	Ten Ton Ways Stampede
1018	453	PlayTech	201	404	Cash Truck Begins
1018	455	PlayTech	201	406	Gold Trio: Lil Demon
1018	456	PlayTech	201	407	Shields of Lambda
1018	457	PlayTech	201	408	Primal Spirits
1018	458	PlayTech	201	409	Giga Match Gems
1018	459	PlayTech	201	410	Mad Hit Gorillatron
1018	460	PlayTech	201	411	Wizzy Trix
1018	461	PlayTech	201	412	Mad Hit Jokester
1018	462	PlayTech	201	413	Mine & Melt
1018	463	PlayTech	201	414	The Racaroon
1018	464	PlayTech	201	415	Sahara Riches: Cash Collect Max
1018	465	PlayTech	201	416	Cash Reveal Credits
1018	466	PlayTech	201	417	Book of Inferno
1018	467	PlayTech	201	96	20 Stars Ablaze
1018	468	PlayTech	201	418	Bubblegum Burst
1018	469	PlayTech	201	419	Mystic Mines
1018	470	PlayTech	201	420	J Mania Hot Asses
1018	471	PlayTech	201	421	Go High Safari
1018	472	PlayTech	201	422	Giga Match Moolah
1018	473	PlayTech	201	423	Toucan Mania
1018	474	PlayTech	201	424	Blackbeard’s Hoard Cash Sacks
1018	475	PlayTech	201	27	Ka Ching Boom
1018	476	PlayTech	201	425	Spinions Game Day
1018	477	PlayTech	201	426	Scatter Monsters
1018	480	PlayTech	201	429	Jo Blitz
1018	481	PlayTech	201	430	Epic Fish: Marlin Madness
1018	482	PlayTech	201	431	Mad Hit Devil
1018	483	PlayTech	201	432	J Mania Lucky Pyggs
1018	484	PlayTech	201	433	Giga Match Phantasmal
1018	485	PlayTech	201	434	J Mania Maniac
1018	487	PlayTech	201	436	King of Giza: Mega Cash Collect & Link
1018	488	PlayTech	201	437	4 Crazy Cluckers
1018	489	PlayTech	201	438	Fire Blaze: White Witch
1018	491	PlayTech	201	63	15 Stars Ablaze™
1018	492	PlayTech	201	500	9 Stars Ablaze™
1018	493	PlayTech	201	501	Wild Beans 96
1018	494	PlayTech	201	502	Rabbit and the Fox™
1018	495	PlayTech	201	503	Mad Hit Mr Coin
1018	496	PlayTech	201	504	Mad Hit Slippery Soap
1018	497	PlayTech	201	32	The Grim Reaper
1018	498	PlayTech	201	112	Giga Match Mahjong
1018	499	PlayTech	201	505	Ten Ton Ways Odin's Gifts
1018	500	PlayTech	201	506	Mad Hit Ho Ho Hot Pudding
1018	501	PlayTech	201	507	Immortal Ways Magic Gems
1018	502	PlayTech	201	11	Mahjong Magic
1018	504	PlayTech	201	509	Baa, Baa, Baa
1018	505	PlayTech	201	50	Clover Flip
1018	506	PlayTech	201	510	Gold Trio: Santa Surprise
1018	507	PlayTech	201	21	Gold Trio 10000
1018	509	PlayTech	201	512	Fire Tale
1018	511	PlayTech	201	514	Age of the Gods: Amazon Wild
1018	512	PlayTech	201	515	Epic Fish: Winter Catch
1018	513	PlayTech	201	516	Mega Fire Blaze: The Khan
1018	514	PlayTech	201	517	Fu Double Luck Diamond Explosion
1018	515	PlayTech	201	518	Bufón Fortuna
1018	516	PlayTech	201	67	Red Wizard: Bank It Up
1018	517	PlayTech	201	519	J Mania Triple Jam
1018	518	PlayTech	201	520	Savannah Fortune
1018	519	PlayTech	201	521	King of Olympus
1018	521	PlayTech	201	523	4 Cash Planes: Multiplayer
1018	522	PlayTech	201	524	Lil Greedy
1018	523	PlayTech	201	525	Lion Mania
1018	524	PlayTech	201	526	Ready, Steady, Robo
1018	525	PlayTech	201	527	Super Stepper
1018	526	PlayTech	201	68	Triple Meow Riches
1018	527	PlayTech	201	528	Age of the Gods: God of Storms
1018	529	PlayTech	201	530	Captain Treasure
1018	530	PlayTech	201	531	Immortal Ways Heart to Heart
1018	531	PlayTech	201	532	Mad Hit Easter Eggsplosion
1018	532	PlayTech	201	83	ULTRA ACE
1018	533	PlayTech	201	533	El Capy
1018	534	PlayTech	201	534	Big Bad Wolf
1018	535	PlayTech	201	98	Monkey Mania 2
1018	536	PlayTech	201	91	Gold Trio: Leprechaun’s Luck Race Bonanza
1018	537	PlayTech	201	51	Mad Hit Gold
1018	538	PlayTech	201	82	Oink Oink Oink: Astrosnouts
1018	539	PlayTech	201	535	Songkran
1018	540	PlayTech	201	71	Oriana's Orbs
1018	541	PlayTech	201	536	Big Bad Wolf: Cash Collect & Link
1018	542	PlayTech	201	40	Voltage Blitz Rapid
1018	543	PlayTech	201	69	Age of the Dogs
1018	544	PlayTech	201	113	Robbits
1018	545	PlayTech	201	114	Fish Trio
1018	546	PlayTech	201	115	Leprechaun's Luck: Mega Cash Collect A1
1018	547	PlayTech	201	61	Match Blitz Scatter Shock
1018	548	PlayTech	201	77	Rush Fever Catch'em All
1018	549	PlayTech	201	116	Voltage Blitz Egypt
1018	550	PlayTech	201	117	Voltage Blitz Zeus Up
1018	551	PlayTech	201	118	Brawlers Brew
1018	552	PlayTech	201	105	Pearl o' Plinko - Fire & Bones
1018	553	PlayTech	201	119	Fluffy Fishin’
1018	554	PlayTech	201	60	Epic Ape: Blitz Cash Collect
1018	555	PlayTech	201	120	Full Moon: White Thunder
1018	556	PlayTech	201	36	81 Mahjong Cascade
1018	557	PlayTech	201	121	King Richwin
1018	559	PlayTech	201	123	Gold Hit: Viva Las Robot
1018	560	PlayTech	201	124	Immortal Ways 3 Fates
1018	561	PlayTech	201	125	3 Big Barrels Buffalo
1018	562	PlayTech	201	126	3 Big Barrels Elfin' Rich
1018	563	PlayTech	201	127	Goal Goal Goal: Pachin-Goal
1018	564	PlayTech	201	128	Honeylock's Pots
1020	11	JiLiGaming	201	158	Hot Chilli
1020	12	JiLiGaming	201	85	Chin Shi Huang
1020	13	JiLiGaming	201	156	War Of Dragons
1020	14	JiLiGaming	201	157	Fortune Tree
1020	15	JiLiGaming	201	133	Shanghai Beauty
1020	16	JiLiGaming	201	131	Fa Fa Fa
1020	17	JiLiGaming	201	117	God Of Martial
1020	18	JiLiGaming	201	88	SevenSevenSeven
1020	19	JiLiGaming	201	25	Crazy777
1020	20	JiLiGaming	201	73	Bubble Beauty
1020	21	JiLiGaming	201	110	Bao boon chin
1020	22	JiLiGaming	201	105	Crazy FaFaFa
1020	23	JiLiGaming	201	139	XiYangYang
1020	24	JiLiGaming	201	161	FortunePig
1020	25	JiLiGaming	201	89	Candy Baby
1020	26	JiLiGaming	201	78	Fengshen
1020	27	JiLiGaming	201	97	Golden Bank
1020	28	JiLiGaming	201	115	Lucky Goldbricks
1020	30	JiLiGaming	201	22	Charge Buffalo
1020	31	JiLiGaming	201	4	Super Ace
1020	32	JiLiGaming	201	123	Golden Queen
1020	33	JiLiGaming	201	23	Money Coming
1020	34	JiLiGaming	201	71	Jungle King
1020	35	JiLiGaming	201	30	Boxing King
1020	37	JiLiGaming	201	80	Pharaoh Treasure
1020	38	JiLiGaming	201	120	Lucky Coming
1020	39	JiLiGaming	201	60	Super Rich
1020	40	JiLiGaming	201	106	Roma X
1020	41	JiLiGaming	201	10	Golden Empire
1020	42	JiLiGaming	201	8	Fortune Gems
1020	44	JiLiGaming	201	84	Party Night
1020	45	JiLiGaming	201	138	MagicLamp
1020	46	JiLiGaming	201	142	Agent Ace
1020	47	JiLiGaming	201	165	TWIN WINS
1020	48	JiLiGaming	201	42	Ali Baba
1020	49	JiLiGaming	201	28	Mega Ace
1020	51	JiLiGaming	201	122	Medusa
1020	52	JiLiGaming	201	111	Book of Gold
1020	53	JiLiGaming	201	130	Thor X
1020	54	JiLiGaming	201	160	Happy Taxi
1020	55	JiLiGaming	201	125	Gold Rush
1020	56	JiLiGaming	201	154	MAYAN EMPIRE
1020	57	JiLiGaming	201	175	Crazy Pusher
1020	83	JiLiGaming	201	79	Bone Fortune
1020	84	JiLiGaming	201	58	JILI Caishen
1020	85	JiLiGaming	201	116	Bonus Hunter
1020	92	JiLiGaming	201	119	World Cup
1020	95	JiLiGaming	201	128	Samba
1020	97	JiLiGaming	201	93	Neko Fortune
1020	108	JiLiGaming	201	27	Wild Ace
1020	109	JiLiGaming	201	87	Golden Joker
1020	110	JiLiGaming	201	96	Pirate Queen
1020	112	JiLiGaming	201	169	Wild Racer
1020	116	JiLiGaming	201	2	Fortune Gems 2
1020	118	JiLiGaming	201	137	Master Tiger
1020	119	JiLiGaming	201	136	Sweet Land
1020	120	JiLiGaming	201	168	Cricket King 18
1020	123	JiLiGaming	201	176	ELF BINGO
1020	124	JiLiGaming	201	186	Cricket SAH 75
1020	125	JiLiGaming	201	49	Golden Temple
1020	126	JiLiGaming	201	162	Devil Fire
1020	128	JiLiGaming	201	112	Fortune Monkey
1020	129	JiLiGaming	201	48	Aztec Priestess
1020	130	JiLiGaming	201	171	Bangla Beauty
1020	133	JiLiGaming	201	238	Crash Bonus
1020	137	JiLiGaming	201	99	Trial of Phoenix
1020	138	JiLiGaming	201	185	Arena Fighter
1020	139	JiLiGaming	201	159	Witches' Night
1020	140	JiLiGaming	201	37	Charge Buffalo ASCENT
1020	141	JiLiGaming	201	124	King Arthur
1020	142	JiLiGaming	201	153	Sin City
1020	143	JiLiGaming	201	182	Dabanggg
1020	150	JiLiGaming	201	102	Devil Fire 2
1020	153	JiLiGaming	201	190	Potion Wizard
1020	154	JiLiGaming	201	132	3 Coin Treasures
1020	155	JiLiGaming	201	5	Fortune Gems 3
1020	156	JiLiGaming	201	92	Jackpot Joker
1020	157	JiLiGaming	201	103	Zeus
1020	158	JiLiGaming	201	81	Egypt's Glow
1020	159	JiLiGaming	201	104	3 LUCKY PIGGY
1020	160	JiLiGaming	201	178	3 Pot Dragons
1020	161	JiLiGaming	201	41	Money Pot
1020	162	JiLiGaming	201	135	Nightfall Hunting
1020	163	JiLiGaming	201	134	Sh?gun
1020	170	JiLiGaming	201	74	Lucky Jaguar
1020	171	JiLiGaming	201	140	Lucky Doggy
1020	173	JiLiGaming	201	174	Fruity Wheel
1020	174	JiLiGaming	201	184	Safari Mystery
1020	175	JiLiGaming	201	101	Treasure Quest
1020	176	JiLiGaming	201	121	Coin Tree
1020	177	JiLiGaming	201	90	3 Coin Wild Horse
1020	179	JiLiGaming	201	149	RomaX Deluxe
1020	182	JiLiGaming	201	46	Super Ace Joker
1020	183	JiLiGaming	201	65	3 Charge Baffalo
1020	185	JiLiGaming	201	95	3 Coin Treasures 2
1020	186	JiLiGaming	201	265	Penalty Kicks
1020	187	JiLiGaming	201	19	Pirate Queen 2
1020	188	JiLiGaming	201	76	3 LUCKY LION
1020	191	JiLiGaming	201	54	Golden Empire 2
1020	192	JiLiGaming	201	21	Super Ace 2
1020	193	JiLiGaming	201	11	Money Coming 2
1020	195	JiLiGaming	201	50	Crazy777 2
1020	196	JiLiGaming	201	16	Circus Joker 4096
1020	197	JiLiGaming	201	34	Fortune Coins
1020	198	JiLiGaming	201	44	Sweet Magic
1020	199	JiLiGaming	201	43	Crystal 777 DELUXE
1020	200	JiLiGaming	201	249	Crash Puck
1020	203	JiLiGaming	201	86	Rapid Gems 777
1020	204	JiLiGaming	201	67	Safari King
1020	205	JiLiGaming	201	55	ROMA X 10000
1020	207	JiLiGaming	201	36	Joker Coins
1020	209	JiLiGaming	201	51	Boxing King Title Match
1020	210	JiLiGaming	201	7	Fortune Coins 2
1020	212	JiLiGaming	201	150	10 Sparkling Crown
1020	213	JiLiGaming	201	47	Clover Coins 3x3
1020	217	JiLiGaming	201	72	3 Coin Golden OX
1020	219	JiLiGaming	201	94	3 Lucky Baozhu
1020	220	JiLiGaming	201	129	20 Blazing Clover
1020	221	JiLiGaming	201	172	Lucky Ball
1020	222	JiLiGaming	201	167	Hyper Burst
1020	223	JiLiGaming	201	147	Hawaii Beauty
1020	224	JiLiGaming	201	118	Night City
1020	225	JiLiGaming	201	127	Diamond Party
1020	232	JiLiGaming	201	53	Legacy Of Egypt
1020	234	JiLiGaming	201	100	Party Star
1020	235	JiLiGaming	201	148	The Pig House
1020	239	JiLiGaming	201	57	Poseidon
1020	240	JiLiGaming	201	82	Golden Bank 2
1020	243	JiLiGaming	201	29	Super Ace Deluxe
1020	246	JiLiGaming	201	220	Thai HIlo
1020	247	JiLiGaming	201	179	Fortune Roulette
1020	248	JiLiGaming	201	193	Super Ace Scratch
1020	249	JiLiGaming	201	202	Boxing Extravaganza
1020	250	JiLiGaming	201	187	Fortune Gems Scratch
1020	254	JiLiGaming	201	98	3 Witch's Lamp
1020	255	JiLiGaming	201	83	Lucky Jaguar 2
1020	256	JiLiGaming	201	26	Money Pot DELUXE
1020	257	JiLiGaming	201	188	Mines Grand
1020	258	JiLiGaming	201	251	Royal Quest
1020	259	JiLiGaming	201	68	Cash Coin
1020	260	JiLiGaming	201	70	Jackpot Joker FEVER
1020	261	JiLiGaming	201	52	3 Coin Wild Tiger
1020	263	Jili	201	31	Party Ape
1020	264	Jili	201	145	Bison Fortune Coins
1020	266	Jili	201	113	40 Sparkling Crown
1020	267	Jili	201	253	Lucky Roulette
1020	268	Jili	201	64	Coin of Lightning
1020	269	JiLiGaming	201	38	3 Super Ace
1020	272	Jili	201	208	Crash Cricket Legend
1020	275	Jili	201	32	Clover Coins 4x4
1020	276	Jili	201	1	Fortune Garuda 500
1020	277	JiLiGaming	201	152	100 Blazing Clover
1020	278	JiLiGaming	201	66	Lucky Macaw
1020	279	JiLiGaming	201	56	Fortune Hook Boom
1020	281	Jili	201	75	Supernova
1020	283	Jili	201	63	Devil Fire Twins
1020	285	Jili	201	40	Super Ace SPEED
1020	287	JiLiGaming	201	143	Crown of Fortune
1020	290	Jili	201	114	Lucky Caramelo
1020	291	JiLiGaming	201	155	Storm Of Seth 2
1020	292	JiLiGaming	201	164	Dice & Drop
1026	13	Rich88	201	63	GEM Planet
1026	16	Rich88	201	68	88 Fortunes
1026	18	Rich88	201	62	Battle of Five Carp
1026	19	Rich88	201	79	The Journey to The West
1026	21	Rich88	201	72	Vampire Hunter
1026	22	Rich88	201	39	Rave Jump
1026	23	Rich88	201	92	Great Blue
1026	24	Rich88	201	9	Lucky Bats
1026	27	Rich88	201	55	Golden Dragon Ball
1026	29	Rich88	201	54	Sichuan Opera Facial Makeup
1026	34	Rich88	201	51	Thai Boxing King
1026	35	Rich88	201	90	Thai Food Show
1026	36	Rich88	201	57	Ancient Giant Elephant
1026	41	Rich88	201	16	777
1026	43	Rich88	201	49	King Kong
1026	44	Rich88	201	25	Wild Fire Ranger
1026	45	Rich88	201	61	War of the Egyptian gods
1026	50	Rich88	201	35	Fortune bull
1026	51	Rich88	201	26	Double slot
1026	56	Rich88	201	64	Dragon Boat Festival
1026	62	Rich88	201	10	Lucky Fortune
1026	65	Rich88	201	66	Book of Dead
1026	67	Rich88	201	29	Jump High
1026	70	Rich88	201	1	Money Rolling
1026	71	Rich88	201	41	Wild Island
1026	73	Rich88	201	86	Squid Game
1026	75	Rich88	201	83	Gem Mine
1026	76	Rich88	201	69	Christmas Gift
1026	78	Rich88	201	28	Fortune Tiger
1026	79	Rich88	201	3	New Year Money Rolling
1026	83	Rich88	201	11	Golden Kingdom
1026	84	Rich88	201	5	LuckyAce
1026	86	Rich88	201	65	Football Gold HOLD AND WIN
1026	88	Rich88	201	30	Panda King HOLD AND WIN
1026	89	Rich88	201	18	Fortune Dragon
1026	91	Rich88	201	88	Enchantress
1026	95	Rich88	201	47	Crazy Rich Man
1026	96	Rich88	201	45	Winning Mask Deluxe
1026	97	Rich88	201	74	Thor
1026	98	Rich88	201	48	Serial Boat
1026	99	Rich88	201	60	Ring of Odin
1026	100	Rich88	201	67	Lightning Fish
1026	101	Rich88	201	59	Future Stars
1026	102	Rich88	201	52	Lucky God of Wealth
1026	103	Rich88	201	73	Pirate Treasure
1026	105	Rich88	201	2	Buffalo King MEGAWAYS
1026	106	Rich88	201	38	Flaming Chillies
1026	107	Rich88	201	46	Monopoly Slot Super Bomb
1026	108	Rich88	201	8	Mystery Gem
1026	111	Rich88	201	27	Big Bass Bonanza
1026	115	Rich88	201	84	Tarzan
1026	116	Rich88	201	14	Super Niubi Deluxe
1026	118	Rich88	201	6	Treasury Piglet
1026	119	Rich88	201	34	Cleopatra
1026	120	Rich88	201	85	The Secret Life of Pets
1026	121	Rich88	201	56	Monopoly
1026	122	Rich88	201	17	Western Sheriff
1026	123	Rich88	201	33	Monster Hunter S
1026	124	Rich88	201	15	88 CaiShen
1026	125	Rich88	201	7	Mighty Zeus
1026	126	Rich88	201	50	Royal War
1026	127	Rich88	201	24	Candy Island
1026	129	Rich88	201	20	Lucky Star Treasures
1026	131	Rich88	201	4	Mahjong 3+
1026	134	Rich88	201	42	Caribbean Treasure Hunt
1026	137	Rich88	201	23	Legend of Buffalo King
1026	138	Rich88	201	22	Ape King
1026	139	Rich88	201	40	Treasure Vault
1026	140	Rich88	201	21	Fortune Of Pixiu
1026	141	Rich88	201	12	Mighty Qin
1026	143	Rich88	201	13	Treasure Hunt Golden City
1026	144	Rich88	201	19	Golden Goal Riches
1029	28	568WinGames	201	16	Lucky777
1029	29	568WinGames	201	21	Big Boss
1029	30	568WinGames	201	19	Millionaire
1029	31	568WinGames	201	60	Fruit Ripe
1029	32	568WinGames	201	15	Money Tree
1029	35	568WinGames	201	39	Sweet Love
1029	36	568WinGames	201	47	Crazy Bomb
1029	38	568WinGames	201	12	Crazy Gold
1029	40	568WinGames	201	54	Delicious Dessert
1029	41	568WinGames	201	17	Richest Witch
1029	42	568WinGames	201	65	Super Rich
1029	43	568WinGames	201	66	Deep Loot
1029	45	568WinGames	201	6	Wallow In Money
1029	46	568WinGames	201	23	Las Vegas Night
1029	47	568WinGames	201	37	Christmas Carnivals
1029	50	568WinGames	201	3	Maneki Neko
1029	51	568WinGames	201	58	Sobek’s Treasure
1029	53	568WinGames	201	25	Elephant King
1029	54	568WinGames	201	213	LuBu
1029	55	568WinGames	201	214	Football Confrontation
1029	57	568WinGames	201	216	Cleopatra
1029	58	568WinGames	201	217	Shangliang Mountain
1029	60	568WinGames	201	219	Sweet Dream
1029	61	568WinGames	201	220	Summer Dream
1029	62	568WinGames	201	221	Zooo
1029	230	568WinGames	201	5	Gong Xi Fa Cai
1029	243	568WinGames	201	128	Book of Bamboo
1029	244	568WinGames	201	132	Lucky Punch
1029	245	568WinGames	201	108	Book of Eye
1029	246	568WinGames	201	67	Hot and Spicy Jackpot
1029	247	568WinGames	201	68	Hot and Spicy
1029	249	568WinGames	201	172	Jack Potter
1029	250	568WinGames	201	123	Jack Potter X-MAS
1029	251	568WinGames	201	115	Jack Potter Deluxe
1029	252	568WinGames	201	145	Joker Coins X-MAS
1029	253	568WinGames	201	165	Joker Coins
1029	254	568WinGames	201	139	Juicy Crush
1029	255	568WinGames	201	167	Crystal Cascade
1029	256	568WinGames	201	133	Royal Kitties
1029	257	568WinGames	201	161	Chervona Kalyna
1029	258	568WinGames	201	149	Iggy Racing
1029	259	568WinGames	201	53	Inca Son
1029	260	568WinGames	201	71	Christmas Seven
1029	261	568WinGames	201	155	Happy Cookie
1029	263	568WinGames	201	51	Combo Seven
1029	265	568WinGames	201	89	Hot and Spicy Megaways
1029	267	568WinGames	201	152	Jack Potter Megaways
1029	268	568WinGames	201	158	Chervona Kalyna Megaways
1029	270	568WinGames	201	138	Liga Fortuna Megaways
1029	271	568WinGames	201	131	Joker Coins Megaways
1029	272	568WinGames	201	146	Liga Fortuna Megaways PRO
1029	273	568WinGames	201	129	Lucky Punch Megaways
1029	297	568WinGames	201	14	Dragon's Fortune
1029	309	568WinGames	201	11	Super Double
1029	310	568WinGames	201	140	Jack Potter Halloween
1029	311	568WinGames	201	125	Juicy Crush Halloween
1029	313	568WinGames	201	85	Witch’s Secret
1029	314	568WinGames	201	42	Red Dragon Ways
1029	315	568WinGames	201	34	Wild West Girls
1029	316	568WinGames	201	36	Anubis’ Obelisk
1029	317	568WinGames	201	99	Troyan Gems
1029	318	568WinGames	201	62	Brazil Farm
1029	319	568WinGames	201	109	Jungle Gold Megaways
1029	322	568WinGames	201	4	Texas Wind
1029	323	568WinGames	201	111	Laplandia Train
1029	324	568WinGames	201	88	Snow Giants
1029	335	568WinGames	201	181	Scrooge Coins
1029	343	568WinGames	201	92	Caucasian wolf
1029	344	568WinGames	201	114	Crown of Afrodita
1029	345	568WinGames	201	101	Friday in Vegas
1029	347	568WinGames	201	144	Gates of Olympus
1029	348	568WinGames	201	450	Super Rich
1029	349	568WinGames	201	451	Great Fortune
1029	350	568WinGames	201	2	Dynamite Jackpot
1029	355	568WinGames	201	61	Chinese Express
1029	356	568WinGames	201	105	God's Party
1029	357	568WinGames	201	136	Jack Potter in Vegas
1029	358	568WinGames	201	44	Book of Mystery Pyramids
1029	361	568WinGames	201	199	Northern Queen
1029	362	568WinGames	201	197	Legend Of Cultivation
1029	363	568WinGames	201	183	Golden Dynasty
1029	364	568WinGames	201	179	300 Spartans
1029	365	568WinGames	201	46	Fortune Queen
1029	369	568WinGames	201	1	Gold Volcano
1029	370	568WinGames	201	81	Forest Treasures
1029	371	568WinGames	201	94	Western Zombie
1029	372	568WinGames	201	55	Caramelo Jackpot
1029	379	568WinGames	201	33	Fortune Thai
1029	381	568WinGames	201	171	Graffiti in Sydney
1029	382	568WinGames	201	190	Pirate stuff
1029	383	568WinGames	201	18	Clown Coins
1029	384	568WinGames	201	185	Lucky Borscht
1029	385	568WinGames	201	164	Weekend in Varanasi
1029	389	568WinGames	201	43	Franken Experiment
1029	404	568winGames	201	32	Coin Storm
1029	405	568winGames	201	134	Indian Adventure: Infinity freespins
1029	406	568winGames	201	79	Fruit Train Express: Hold & Win
1029	407	568winGames	201	30	Piggy Bonanza
1029	408	568winGames	201	112	Retro Tokyo
1029	409	568winGames	201	78	Coin Flynn Deluxe
1029	411	568winGames	201	148	Golden Piggy Farm
1029	414	568winGames	201	40	Gold Oktoberfest
1029	416	568winGames	201	157	Rush for Diamonds: Hold and Win
1029	417	568winGames	201	143	Fishing Splash
1029	418	568winGames	201	147	Halloween Train: Hold & Win
1029	419	568winGames	201	174	Hit the Vampire
1029	421	568winGames	201	8	3 Hell Pots
1029	422	568winGames	201	82	Mummy ?oins
1029	424	568winGames	201	7	Train of Gold: Hold & Win
1029	425	568winGames	201	38	Pyramid Coins
1029	426	568winGames	201	50	Coin Storm X-Mas
1029	428	568winGames	201	104	Pyramid Coins X-Mas
1029	429	568winGames	201	59	Golden Piggy Farm X-Mas
1029	430	568winGames	201	22	Joker Show
1029	432	568winGames	201	27	3 Lucky Bao
1029	436	568winGames	201	159	Lucky Ferret
1029	438	568winGames	201	151	Valentine Storm
1029	439	568winGames	201	24	Zeus Sky: Hold & Win
1029	440	568winGames	201	113	Lucky Ferret Valentine
1029	442	568winGames	201	13	Lucky Burn
1029	443	568winGames	201	29	Coin Clown: Hold & Win
1029	445	568winGames	201	28	Buffalo Treasure: Hold&Win
1029	446	568winGames	201	84	Labour Day
1029	447	568winGames	201	64	Fish store
1029	448	568winGames	201	95	Book of Pinata
1029	449	568winGames	201	142	Retro Party
1029	450	568winGames	201	150	Magical Istanbul
1029	451	568winGames	201	74	Sugar Valley
1029	452	568winGames	201	80	Urban Tastes
1029	453	568winGames	201	83	Space Horror
1029	454	568winGames	201	20	Dragon Gates
1029	455	568winGames	201	90	Golden Octopus
1029	456	568winGames	201	96	Tropicana Fruits
1029	457	568winGames	201	52	Mystery of Persia
1029	458	568winGames	201	180	Texas Dragons
1029	459	568winGames	201	98	Retro Pedro
1029	460	568winGames	201	56	Cherry Boom
1029	461	568winGames	201	110	Zombolics
1029	462	568winGames	201	119	Saint Bananas
1029	463	568winGames	201	130	Glamour Crocodile
1029	464	568winGames	201	72	Frozen Garden
1029	465	568winGames	201	175	Day of Muerte
1029	466	568winGames	201	135	Piggy Bonanza Halloween
1029	467	568winGames	201	137	Alien Digger
1029	468	568winGames	201	126	Comics Store
1029	469	568winGames	201	91	Crystal Treasure
1029	473	568winGames	201	76	Rich Bankrupt
1029	474	568winGames	201	176	Piggy Bonanza Christmas
1029	475	568winGames	201	102	Cherry Boom Christmas
1029	476	568winGames	201	73	Glamour Crocodile Christmas
1029	477	568winGames	201	10	Coin Flynn
1029	478	568winGames	201	70	Wolf treasure
1029	479	568winGames	201	184	Wild Coins
1029	480	568winGames	201	122	Piggy Bonanza Valentine
1029	481	568winGames	201	118	Aztec Gemstones
1029	482	568winGames	201	86	Indian Adventure
1029	483	568winGames	201	121	Crazy Streamer
1029	484	568winGames	201	103	Greece fruits
1029	485	568winGames	201	77	Clover Force
1029	486	568winGames	201	97	Spring Bunny
1029	487	568winGames	201	75	Lava Fruits
1029	488	568winGames	201	93	Party Juice
1029	489	568winGames	201	26	Golden Kiwi
1029	490	568winGames	201	169	Jungle Legend
1029	491	568winGames	201	117	Piggy Thief
1029	492	568winGames	201	35	Fire Crown
1029	493	568winGames	201	41	Lady Lemon Fruits
1029	494	568winGames	201	48	Diamond Style
1029	495	568winGames	201	116	Pub Fruits
1029	496	568winGames	201	49	Clover Treasure: Hold&Win
1029	497	568winGames	201	195	Harley QuickWin
1029	498	568winGames	201	31	3 Crowned Pots
1029	499	568winGames	201	196	Easter Lucky
1029	500	568winGames	201	153	Labour Day Rush
1029	501	568winGames	201	87	3 Rich Chickens
1029	502	568winGames	201	160	Hot Dunk
1029	503	568winGames	201	154	Gold of Odin
1029	504	568winGames	201	57	Pepper ?oins
1029	505	568winGames	201	69	Red Dragon of Luck
1029	506	568winGames	201	100	Wild Coin Saloon
1029	507	568winGames	201	120	Liberty Rush
1029	508	568winGames	201	162	Trophy Spins - World Cup 26
1029	509	568winGames	201	168	Trophy Spins
1029	510	568winGames	201	107	Wolf Storm: Hold & Win
1029	511	568winGames	201	156	Tiger Jackpots
1029	512	568winGames	201	177	Royal Fortune Fruits
1029	513	568winGames	201	514	Diamond Shine
1032	3	RelaxGaming	201	79	Erik the Red
1032	4	RelaxGaming	201	61	Zombie Circus
1032	5	RelaxGaming	201	50	Epic Joker
1032	6	RelaxGaming	201	7	The Great Pigsby
1032	7	RelaxGaming	201	10	Temple Tumble
1032	8	RelaxGaming	201	59	Dragons Awakening
1032	9	RelaxGaming	201	48	King of Kings
1032	10	RelaxGaming	201	82	Caveman Bob
1032	11	RelaxGaming	201	99	Ignite The Night
1032	12	RelaxGaming	201	39	Powerspin
1032	13	RelaxGaming	201	84	Money Train
1032	14	RelaxGaming	201	55	Let's get ready to Rumble
1032	16	RelaxGaming	201	136	Tower Tumble
1032	17	RelaxGaming	201	110	Wildchemy
1032	18	RelaxGaming	201	92	Snake Arena
1032	19	RelaxGaming	201	66	Heroes' Gathering
1032	20	RelaxGaming	201	88	Mega Masks
1032	21	RelaxGaming	201	43	TNT Tumble
1032	22	RelaxGaming	201	94	Hellcatraz
1032	23	RelaxGaming	201	111	Mega Flip
1032	24	RelaxGaming	201	132	Marching Legions
1032	25	RelaxGaming	201	93	La Fiesta
1032	26	RelaxGaming	201	34	Money Train 2
1032	27	RelaxGaming	201	122	Ramses Revenge
1032	28	RelaxGaming	201	115	Iron Bank
1032	29	RelaxGaming	201	86	Frequent Flyer
1032	30	RelaxGaming	201	130	Kluster Krystals Megaclusters
1032	31	RelaxGaming	201	124	Multiplier Odyssey
1032	32	RelaxGaming	201	141	Emerald's Infinity Reels
1032	33	RelaxGaming	201	16	Templar Tumble
1032	34	RelaxGaming	201	116	Wild Chapo
1032	35	RelaxGaming	201	63	Book of 99
1032	36	RelaxGaming	201	125	Sails of Fortune
1032	37	RelaxGaming	201	109	Top Dawg$
1032	38	RelaxGaming	201	104	Spirit of The Beast
1032	39	RelaxGaming	201	113	Chip Spin
1032	40	RelaxGaming	201	148	Deep Descent
1032	41	RelaxGaming	201	17	Money Cart 2
1032	42	RelaxGaming	201	90	Troll's Gold
1032	43	RelaxGaming	201	21	Dead Man's Trail
1032	44	RelaxGaming	201	47	Volatile Vikings
1032	45	RelaxGaming	201	103	Helios Fury
1032	46	RelaxGaming	201	146	Mega Mine
1032	47	RelaxGaming	201	41	Cluster Tumble
1032	48	RelaxGaming	201	123	Santa's Stack
1032	49	RelaxGaming	201	96	Money Cart
1032	50	RelaxGaming	201	100	Plunderland
1032	51	RelaxGaming	201	108	Hazakura Ways
1032	52	RelaxGaming	201	126	Space Miners
1032	53	RelaxGaming	201	23	Beast Mode
1032	54	RelaxGaming	201	30	Tiger Kingdom Infinity Reels
1032	55	RelaxGaming	201	95	HEX
1032	56	RelaxGaming	201	24	Jurassic Party
1032	57	RelaxGaming	201	78	Temple Tumble 2
1032	58	RelaxGaming	201	62	Midnight Marauder
1032	59	RelaxGaming	201	117	Blender Blitz
1032	60	RelaxGaming	201	32	Banana Town
1032	61	RelaxGaming	201	58	Dead Riders Trail
1032	62	RelaxGaming	201	27	Money Train 3
1032	63	RelaxGaming	201	73	Diamonds
1032	64	RelaxGaming	201	140	Volatile Vikings 2
1032	65	RelaxGaming	201	20	The Great Pigsby Megaways
1032	66	RelaxGaming	201	26	Templar Tumble 2
1032	67	RelaxGaming	201	143	Hot Rod Racers
1032	68	RelaxGaming	201	106	Wild Yield
1032	69	RelaxGaming	201	28	Net Gains
1032	70	RelaxGaming	201	38	Book of Power
1032	71	RelaxGaming	201	70	Grim The Splitter
1032	72	RelaxGaming	201	33	Horror Hotel
1032	73	RelaxGaming	201	112	Wild Hike
1032	74	RelaxGaming	201	36	Wild Chapo 2
1032	75	RelaxGaming	201	87	Neko Night
1032	76	RelaxGaming	201	25	Beellionaires
1032	77	RelaxGaming	201	56	Money Cart 3
1032	78	RelaxGaming	201	22	Hellcatraz 2
1032	79	RelaxGaming	201	118	Mega Heist
1032	80	RelaxGaming	201	83	Fly Cat$
1032	81	RelaxGaming	201	75	Money Train Origins
1032	82	RelaxGaming	201	89	Shark Wash
1032	83	RelaxGaming	201	74	Sloth Tumble
1032	84	RelaxGaming	201	40	Torii Tumble
1032	85	RelaxGaming	201	44	Money Train 4
1032	86	RelaxGaming	201	114	Pinata Popper
1032	87	RelaxGaming	201	67	7 Gold Fruits
1032	88	RelaxGaming	201	149	St Louis 1904
1032	89	RelaxGaming	201	19	Shadow Summoner Elementals
1032	90	RelaxGaming	201	13	Circle of Sylvan
1032	91	RelaxGaming	201	128	Cowabunga
1032	92	RelaxGaming	201	91	Totem Guardians
1032	93	RelaxGaming	201	81	Bone Raiders
1032	94	RelaxGaming	201	45	Win-O-Mart
1032	95	RelaxGaming	201	64	Ancient Tumble
1032	96	RelaxGaming	201	15	The Tumbles
1032	98	RelaxGaming	201	105	Gem Pops
1032	99	RelaxGaming	201	35	Donkey & The GOATS
1032	101	RelaxGaming	201	97	Quackin Reels
1032	102	RelaxGaming	201	133	Freaked Out Fish
1032	103	RelaxGaming	201	68	Feather Fury
1032	104	RelaxGaming	201	80	Dreadworks
1032	105	RelaxGaming	201	11	Pay Pig 10K WAYS
1032	106	RelaxGaming	201	138	Witchy Poppins
1032	107	RelaxGaming	201	150	Money Sleigh
1032	108	RelaxGaming	201	144	Winter Champions
1032	109	RelaxGaming	201	31	Big Bucks Bison 10K Ways
1032	110	RelaxGaming	201	51	10000 Years Before Cash
1032	111	RelaxGaming	201	76	Immortal 5
1032	112	RelaxGaming	201	37	Pond of Plinko
1032	113	RelaxGaming	201	65	Kraken's Cove
1032	114	RelaxGaming	201	121	Giants & Sheep
1032	115	RelaxGaming	201	147	80s Pop
1032	116	RelaxGaming	201	142	Camelot Cash
1032	117	RelaxGaming	201	145	Glyph of Gods
1032	118	RelaxGaming	201	72	Big Stack Lumberjack
1032	119	RelaxGaming	201	135	Purrrminator
1032	120	RelaxGaming	201	85	Tiger Shrine
1032	121	RelaxGaming	201	4	5 Wild Buffalo 2
1032	122	RelaxGaming	201	127	Chomplings
1032	123	RelaxGaming	201	134	Fang's Inferno
1032	124	RelaxGaming	201	8	4 Pirate Chests
1032	126	RelaxGaming	201	131	Lucky Lady Leprechaun
1032	127	RelaxGaming	201	102	Temple Rush
1032	128	RelaxGaming	201	14	Legend of Odysseus
1032	129	RelaxGaming	201	101	Uncle Profit
1032	130	RelaxGaming	201	69	Bounty County
1032	132	RelaxGaming	201	52	Jumbo Juicy
1032	133	RelaxGaming	201	98	Gold Rush Frenzy
1032	134	RelaxGaming	201	71	Conquer Babylon
1032	135	RelaxGaming	201	46	5 Wild Wolves
1032	136	RelaxGaming	201	77	Aura God
1032	137	RelaxGaming	201	137	Sweet Gummy
1032	138	RelaxGaming	201	57	Bacon Bankroll
1032	139	RelaxGaming	201	54	Mister Payman
1032	140	RelaxGaming	201	120	Deck of Scurra
1032	141	RelaxGaming	201	53	Snake Arena 2
1032	143	RelaxGaming	201	107	Goblin Grand
1032	144	RelaxGaming	201	12	Killer Sharks: Action Collect
1032	145	RelaxGaming	201	9	Holy Hand Grenade 2
1032	146	RelaxGaming	201	129	Big Stack Nutcrack
1032	147	RelaxGaming	201	139	Necromancer's Gate
1032	148	RelaxGaming	201	49	Pharaoh's Last Wish
1032	149	RelaxGaming	201	6	Beast Gains
1032	150	RelaxGaming	201	5	Frankenstein Wild Surge?
1032	151	RelaxGaming	201	2	Treasure Tumble
1032	152	RelaxGaming	201	1	5 Wild Buffalo 3
1032	153	RelaxGaming	201	60	Bonsai Dragon Blitz
1032	154	RelaxGaming	201	119	Mystic Dolphin Charge Up
1032	155	RelaxGaming	201	29	Phantom Pulse
1032	156	RelaxGaming	201	18	Command & Collect - Battlefield
1032	157	RelaxGaming	201	42	Alice in Winderland
1032	158	RelaxGaming	201	158	Guitar Quest
1032	159	RelaxGaming	201	159	Fruit Merge Megapots
1032	161	RelaxGaming	201	161	Sticky Rabbit
1032	162	RelaxGaming	201	162	Punk Penguin
1032	163	RelaxGaming	201	163	Monster Quest
1032	164	RelaxGaming	201	164	4 Fantastic Lobsters Gold
1032	165	RelaxGaming	201	165	Midnight Marauder - ClusterBreaker
1032	166	RelaxGaming	201	166	Saloon Showdown 10000x
1033	53	KingMidas	201	54	Coin Pusher
1033	54	KingMidas	201	22	Gems of Valhalla
1033	55	KingMidas	201	33	Sugar Blast Frenzy
1033	56	KingMidas	201	23	Cleopatra's Treasure
1033	57	KingMidas	201	56	Rooster Blitz
1033	69	KingMidas	201	6	Gold Rush Bonanza
1033	75	KingMidas	201	30	Pirate's Treasure
1033	78	KingMidas	201	58	Hippo Splash
1033	81	KingMidas	201	77	Bicho
1033	84	KingMidas	201	14	Hunk Cai Shen
1033	88	KingMidas	201	57	Dear Senpai
1033	92	KingMidas	201	1	Mahjong Beauty
1033	99	KingMidas	201	20	Flame of Fortune
1033	106	KingMidas	201	21	Wonder Ace
1033	107	KingMidas	201	128	Gold Mine
1033	109	KingMidas	201	18	Mahjong Dragon Ways
1033	110	KingMidas	201	24	Treasures of Olympus 1000
1033	111	KingMidas	201	28	Aztec Fortune
1033	112	KingMidas	201	38	Sugar Candy Bonanza
1033	113	KingMidas	201	43	Cleopatra's Fortune Ways
1033	114	KingMidas	201	47	Break The Bank
1033	115	KingMidas	201	31	Diamond King
1033	116	KingMidas	201	59	Redbeard Treasures
1033	117	KingMidas	201	130	Aces Of Noble
1033	118	KingMidas	201	49	Magic Pearls
1033	119	KingMidas	201	48	Wild Miner
1033	120	KingMidas	201	36	The Big The Fat And The Ugly
1033	121	KingMidas	201	45	Eyes Of Ra
1033	122	KingMidas	201	52	Lady Of Ra
1033	123	KingMidas	201	51	White Elephant
1033	124	KingMidas	201	35	Tides of Fortune
1033	125	KingMidas	201	40	Bunny VIP Night
1033	126	KingMidas	201	37	Golden Fortune Horse
1033	127	KingMidas	201	39	Lucky Tiger
1033	129	KingMidas	201	53	Maya: Temple of Fortune
1033	130	KingMidas	201	68	Tomyum Bonanza
1033	131	KingMidas	201	131	Aphrodite's Blessing
1033	132	KingMidas	201	132	Sushi Rush
1033	133	KingMidas	201	133	Mega Fortune Ox
1033	134	KingMidas	201	134	Heavenly Feast With Wukong
1033	135	KingMidas	201	135	Dragon Fortune
1033	136	KingMidas	201	136	Dracula's Castle Banquet
1033	137	KingMidas	201	137	Mr. Diamond Deluxe
1033	138	KingMidas	201	138	African Buffalo 5000
1034	23	AdvantPlay	201	31	Disco 777
1034	24	AdvantPlay	201	42	Bunny to the Moon
1034	25	AdvantPlay	201	15	Slotto 4D
1034	26	AdvantPlay	201	29	Genie Mystery
1034	27	AdvantPlay	201	22	World Cup Final
1034	28	AdvantPlay	201	57	Boom of Prosperity
1034	29	AdvantPlay	201	47	Fantastic Beast
1034	33	AdvantPlay	201	40	Aztec: Bonus Hunt
1034	34	AdvantPlay	201	62	Infinity Ocean
1034	35	AdvantPlay	201	32	Scale of Heaven: Anubis
1034	36	AdvantPlay	201	53	PUBG2
1034	37	AdvantPlay	201	10	Last Samurai
1034	38	AdvantPlay	201	58	Jewel Mastermind
1034	39	AdvantPlay	201	39	Mace of Hercules
1034	40	AdvantPlay	201	34	DJ FEVER
1034	41	AdvantPlay	201	20	Xiang Qi Ways 2
1034	42	AdvantPlay	201	61	Cookie Hunter
1034	43	AdvantPlay	201	54	Xmas Gift Delight
1034	44	AdvantPlay	201	26	Crazy Bounty
1034	45	AdvantPlay	201	17	Maya: Elemental Totem
1034	46	AdvantPlay	201	2	Dragon Chi’s Quest
1034	47	AdvantPlay	201	52	Wheel of Gems
1034	48	AdvantPlay	201	56	Hungry Slime
1034	49	AdvantPlay	201	18	Dark Ritual
1034	50	AdvantPlay	201	59	Firefly Hunter
1034	51	AdvantPlay	201	46	Football Fever
1034	52	AdvantPlay	201	14	Aztec: Bonus Hunt 2
1034	53	AdvantPlay	201	36	Ramakien Blessing
1034	54	AdvantPlay	201	60	Fish Prawn Crab Bonanza
1034	55	AdvantPlay	201	43	Kingyo Riches
1034	56	AdvantPlay	201	35	Rhapsody of Muertos
1034	57	AdvantPlay	201	33	Starry Adventure
1034	58	AdvantPlay	201	51	Phantom Multiplier
1034	59	AdvantPlay	201	55	Jumanji Bonanza
1034	60	AdvantPlay	201	27	Buffalo Rush
1034	61	AdvantPlay	201	50	Rush Hour Gold
1034	62	AdvantPlay	201	49	Crazy Bounty: Jackpot
1034	63	AdvantPlay	201	9	Cai Shen Fortune
1034	64	AdvantPlay	201	12	Aztec: Gold Temple
1034	65	AdvantPlay	201	38	Pirate Treasure Hunt
1034	66	AdvantPlay	201	16	Piggy Bank Gold
1034	67	AdvantPlay	201	45	Squid Game 2?Mukunghwa
1034	68	AdvantPlay	201	28	Sugar Crush
1034	69	AdvantPlay	201	11	Big Net Bass
1034	70	AdvantPlay	201	44	BlackJack 21
1034	71	AdvantPlay	201	8	Disco 777 Hold and Win
1034	72	AdvantPlay	201	48	Leprechaun’s Fortune
1034	73	AdvantPlay	201	4	Maya: Elemental Totem 2
1034	74	AdvantPlay	201	5	LABUBU: Fall In Wild
1034	75	AdvantPlay	201	1	Mahjong Roar
1034	76	AdvantPlay	201	3	Golden Egypt
1034	77	AdvantPlay	201	23	Buffalo Rush HIGHROLLER
1034	78	AdvantPlay	201	24	Pinata Fest
1034	79	AdvantPlay	201	25	Cat & Mouse
1034	80	AdvantPlay	201	41	Fighting Bull
1034	81	AdvantPlay	201	13	Aztec: Bonus Hunt 2 Xmas
1034	82	AdvantPlay	201	6	Zeustrike
1034	83	AdvantPlay	201	19	Zeustrike Xmas
1034	84	AdvantPlay	201	21	Piggy Bank Gold 2
1034	85	AdvantPlay	201	7	Dragon Chi’s Quest 2
1034	86	AdvantPlay	201	37	Royal Ace
1034	87	AdvantPlay	201	30	Golden Football
1034	88	AdvantPlay	201	88	Book of Safari
1036	1	Live22	201	35	Candy Bomb
1036	2	Live22	201	31	The Great Sorcery
1036	3	Live22	201	42	Fortune Realm
1036	4	Live22	201	64	Oni Cosmic atlas
1036	5	Live22	201	66	Illuvium Master
1036	6	Live22	201	19	Queen Femida
1036	7	Live22	201	34	Crypto Coins
1036	8	Live22	201	22	Dragon's Treasure
1036	9	Live22	201	67	AxieUniverse
1036	10	Live22	201	41	Classic Diamond X5
1036	11	Live22	201	43	Black Pink (B.P.) in Metaverse
1036	12	Live22	201	46	Dragon FAFAFA
1036	13	Live22	201	12	Mahjong Style
1036	14	Live22	201	69	Meta Space
1036	15	Live22	201	62	The Princess & The Evil Witch
1036	16	Live22	201	55	Fortune Dance
1036	17	Live22	201	20	Kraken Queen
1036	18	Live22	201	58	Into the Fay: Snowie
1036	19	Live22	201	15	Into the Fay: Nixie
1036	20	Live22	201	36	Mobox Olympia
1036	21	Live22	201	24	Apes Squad
1036	22	Live22	201	25	Mask of Truth Jumboways
1036	23	Live22	201	59	Panda's Realm
1036	24	Live22	201	60	Into the Fay: Ashley
1036	25	Live22	201	53	Dragon Wish
1036	26	Live22	201	48	FieryLady
1036	27	Live22	201	65	Jarvis
1036	28	Live22	201	68	Block Buster
1036	29	Live22	201	52	Sanctum of Savannah
1036	53	Live22	201	51	Bloodmoon Amazonia
1036	54	Live22	201	56	Santa's Payday
1036	55	Live22	201	30	Advent of the Dragon
1036	56	Live22	201	54	Kingdom of Luck
1036	57	Live22	201	37	God's Gambit: Hades
1036	58	Live22	201	57	Goal Rush
1036	59	Live22	201	61	Shipwrecked Riches
1036	60	Live22	201	40	Bonsai of the Riches
1036	61	Live22	201	33	Buffalo Blaze
1036	62	Live22	201	63	Winter Winnings
1036	63	Live22	201	44	Panthera Pardus
1036	64	Live22	201	18	Slithering Riches
1036	65	Live22	201	47	Wonders of Taj Mahal
1036	66	Live22	201	27	Space Quest: Mars
1036	67	Live22	201	50	Wonders of Hanging Garden
1036	68	Live22	201	13	Wonders of Machu Picchu
1036	69	Live22	201	16	Space Quest: Neptune
1036	70	Live22	201	21	Space Quest: Moon
1036	71	Live22	201	17	God's Gambit: Poseidon
1036	72	Live22	201	23	Space Quest: Earth
1036	74	Live22	201	6	Wonders of Giza Pyramid
1036	75	Live22	201	32	Wonders of Grand Canyon
1036	76	Live22	201	45	Mines
1036	77	Live22	201	26	Wonders of Colosseum
1036	78	Live22	201	14	Plinko: Double Wheel
1036	79	Live22	201	28	Wonders of Zeus
1036	80	Live22	201	2	Mahjong Gold: Dragon
1036	81	Live22	201	10	Caishen Mega Fortune
1036	82	Live22	201	4	Mahjong Gold: Phoenix
1036	83	Live22	201	5	Neko Treasure
1036	84	Live22	201	38	God's Gambit: Zeus
1036	85	Live22	201	49	Quantum Of Giza
1036	86	Live22	201	39	Lucky Coins
1036	87	Live22	201	29	Great Wall of Meta Dragon
1036	92	Live22	201	8	Aztec Legacy
1036	93	Live22	201	3	Mahjong Gold: Lion
1036	94	Live22	201	1	Mahjong Gold: Tiger
1036	95	Live22	201	11	Queen Femida 2
1036	96	Live22	201	7	Royale Ace
1036	97	Live22	201	9	Clash of Olympus
1038	1	Netent	201	51	Golden Grimoire™
1038	2	Netent	201	46	Riches of Midgard: Land and Expand™
1038	3	Netent	201	22	Archangels Salvation™
1038	4	Netent	201	13	Jumanji
1038	5	Netent	201	57	Neon Staxx™
1038	6	Netent	201	90	Flowers Christmas Edition
1038	7	Netent	201	10	Rage of the Seas™
1038	8	Netent	201	77	Joker Pro™
1038	9	Netent	201	126	Street Fighter™ II: The World Warrior Slot
1038	10	Netent	201	26	Coins of Egypt™
1038	11	Netent	201	54	Grand Spinn™
1038	12	Netent	201	161	Victorious™
1038	13	Netent	201	197	The Invisible Man™
1038	14	Netent	201	70	Thrill to Grill™
1038	15	Netent	201	143	Koi Princess™
1038	16	Netent	201	58	Blood Suckers II™
1038	17	Netent	201	114	Spinsane™
1038	18	Netent	201	38	Knight Rider Video Slot
1038	19	Netent	201	3	Ozzy Osbourne Video Slots™
1038	21	Netent	201	23	Cash-o-Matic™
1038	22	Netent	201	9	Big Bang Boom
1038	23	Netent	201	66	Pyramid: Quest for Immortality™
1038	24	Netent	201	75	Jimi Hendrix Online Slot™
1038	25	Netent	201	11	Cornelius
1038	26	Netent	201	12	Rise of Maya™
1038	27	Netent	201	87	King of Slots™
1038	28	Netent	201	95	Ocean's Treasure™
1038	29	Netent	201	27	Finn and the Swirly Spin™
1038	30	Netent	201	93	Reel Steal™
1038	32	Netent	201	123	Secrets of Atlantis™
1038	33	Netent	201	74	Wild Worlds ™
1038	34	Netent	201	144	Reel Rush 2
1038	35	Netent	201	61	Cupcakes™
1038	36	Netent	201	50	Disco Danny™
1038	37	Netent	201	85	Druids' Dream™
1038	38	Netent	201	119	Long Pao™
1038	39	Netent	201	34	Halloween Jack™
1038	40	Netent	201	83	Jungle Spirit: Call of the Wild™
1038	41	Netent	201	8	Gorilla Kingdom™
1038	42	Netent	201	24	Asgardian Stones™
1038	43	Netent	201	4	Divine Fortune™ Megaways™
1038	44	Netent	201	127	Dazzle Me™ Megaways™
1038	45	Netent	201	200	Scruffy Duck™
1038	46	Netent	201	89	Hotline™
1038	47	Netent	201	155	Elements: The Awakening™
1038	48	Netent	201	6	Finn's Golden Tavern™
1038	49	Netent	201	170	Magic Maid Cafe™
1038	50	Netent	201	5	Dark King: Forbidden Riches™
1038	51	Netent	201	163	Serengeti Kings™
1038	53	Netent	201	43	Starburst™ XXXtreme
1038	54	Netent	201	49	Turn Your Fortune™
1038	55	Netent	201	172	Robin Hood: Shifting Riches™
1038	56	Netent	201	136	Milkshake™ XXXtreme
1038	57	Netent	201	68	Hook's Heroes
1038	59	Netent	201	94	Wings of Riches™
1038	60	Netent	201	47	Bee Hive Bonanza
1038	61	Netent	201	156	Fruit Shop™ Megaways™
1038	62	Netent	201	88	EggOMatic™
1038	63	Netent	201	15	Elk Hunter™
1038	64	Netent	201	158	Super Striker™
1038	65	Netent	201	122	Scudamore's Super Stakes
1038	66	Netent	201	201	Creature from the Black Lagoon™
1038	68	Netent	201	134	Twin Spin™
1038	69	Netent	201	37	Arcane: Reel Chaos™
1038	70	Netent	201	80	Warlords: Crystals of Power™
1038	71	Netent	201	100	East Sea Dragon King™
1038	73	Netent	201	44	Fairytale Legends: Mirror Mirror™
1038	74	Netent	201	116	Sweety Honey Fruity™
1038	75	Netent	201	76	Berry burst™
1038	76	Netent	201	141	Mythic Maiden™
1038	77	Netent	201	142	Fruit Case™
1038	79	Netent	201	32	Codex of Fortune™
1038	80	Netent	201	131	Gods Of Gold: InfiniReels™
1038	81	Netent	201	178	Jack and the Beanstalk™
1038	82	Netent	201	81	Jack Hammer™
1038	83	Netent	201	53	Willy's Hot Chillies™
1038	84	Netent	201	159	Jack Hammer 2™
1038	85	Netent	201	48	Rome:The Golden Age™
1038	86	Netent	201	125	Football: Champions Cup™
1038	87	Netent	201	64	Starburst™
1038	89	Netent	201	65	Double Stacks™
1038	90	Netent	201	151	Theme Park: Tickets of Fortune
1038	92	Netent	201	59	Jingle Spin™
1038	93	Netent	201	67	Let It Burn
1038	94	Netent	201	14	Aloha! Christmas™
1038	95	Netent	201	175	Space Wars™
1038	96	Netent	201	106	Lucky Angler: A Snowy Catch
1038	98	Netent	201	39	Taco Fury XXXtreme
1038	99	Netent	201	79	The Legend of Shangri-La: Cluster Pays™
1038	101	Netent	201	145	Twin Happiness™
1038	102	Netent	201	183	Vikings Video Slot™
1038	103	Netent	201	96	Steam Tower™
1038	104	Netent	201	82	Flowers™
1038	105	Netent	201	110	Gonzo's Quest™
1038	106	Netent	201	91	Narcos™
1038	107	Netent	201	36	Irish Pot Luck™
1038	108	Netent	201	31	Twin Spin XXXtreme
1038	109	Netent	201	35	Aloha! Cluster Pays™
1038	110	Netent	201	21	Finn and The Candy Spin
1038	111	Netent	201	29	Dead or Alive 2™ Feature Buy
1038	112	Netent	201	138	Spiñata Grande™
1038	114	Netent	201	71	Piggy Riches™
1038	115	Netent	201	107	Wild Wild West: The Great Train Heist™
1038	116	Netent	201	104	Who's the Bride™
1038	117	Netent	201	103	Berryburst MAX
1038	118	Netent	201	173	Reel Rush™
1038	119	Netent	201	45	Buster's Bones
1038	121	Netent	201	133	Dead or Alive 2™
1038	122	Netent	201	164	Motörhead Video Slot™
1038	123	Netent	201	101	Ghost Pirates™
1038	125	Netent	201	55	King of 3 Kingdoms™
1038	126	Netent	201	25	Fortune Rangers™
1038	127	Netent	201	128	Wild-O-Tron 3000™
1038	128	Netent	201	165	Wolf Cub™
1038	129	Netent	201	130	Temple of Nudges
1038	130	Netent	201	174	Strolling Staxx: Cubic Fruits™
1038	131	Netent	201	84	Lights™
1038	132	Netent	201	16	Silverback Gold™
1038	133	Netent	201	52	Butterfly Staxx™
1038	135	Netent	201	118	Trollpot 5000™
1038	136	Netent	201	124	Wild Bazaar™
1038	137	Netent	201	132	Wild Turkey™
1038	138	Netent	201	56	Wonders of Christmas
1038	139	Netent	201	152	Reef Raider™
1038	140	Netent	201	105	Fairytale Legends: Red Riding Hood™
1038	141	Netent	201	19	Blood Suckers™
1038	142	Netent	201	69	Drive: Multiplier Mayhem™
1038	143	Netent	201	146	The Wolf's Bane™
1038	144	Netent	201	111	Wilderland™
1038	145	Netent	201	73	Jack and the Beanstalk Remastered
1038	146	Netent	201	150	Cash Noire™
1038	149	Netent	201	188	The Wish Master™
1038	151	Netent	201	18	101 Candies
1038	152	Netent	201	30	Hotline 2™
1038	153	Netent	201	2	Parthenon: Quest for Immortality™
1038	154	Netent	201	17	Dazzle Me™
1038	155	Netent	201	92	Fruit Shop™
1038	156	Netent	201	62	Dead or Alive™
1038	158	Netent	201	190	Dracula™
1038	159	Netent	201	149	Funk Master™
1038	160	Netent	201	168	Secrets of Christmas™
1038	161	Netent	201	40	Happy Riches™
1038	162	Netent	201	154	Santa vs Rudolf™
1038	164	Netent	201	120	Lost Relics™
1038	165	Netent	201	97	Butterfly Staxx 2™
1038	167	Netent	201	86	Secret of the Stones™
1038	168	Netent	201	117	Fruit Shop Christmas Edition™
1038	169	Netent	201	42	Excalibur™
1038	170	Netent	201	7	Twin Spin™ Megaways™
1038	171	Netent	201	192	Stickers™
1038	172	Netent	201	78	Wild Water™
1038	175	Netent	201	98	Go Bananas!
1038	176	Netent	201	41	Crab Trap™
1038	178	Netent	201	195	Space Wars 2: Powerpoints™
1038	179	Netent	201	157	Fruit Spin™
1038	180	Netent	201	1	Gonzo’s Gold™
1038	181	Netent	201	102	Fairytale Legends: Hansel and Gretel™
1038	182	Netent	201	160	Superstars
1038	183	NetentExtended	201	167	Beach Invaders™
1038	184	NetentExtended	201	113	Don’t Eat the Candy™
1038	185	NetentExtended	201	147	Druid’s Magic™
1038	186	NetentExtended	201	135	Fruit Shop Frenzy™
1038	187	NetentExtended	201	129	Lights, Camera, Cash!™
1038	189	NetentExtended	201	121	The Wish Master™ Megaways™
1038	190	NetentExtended	201	72	Wild Turkey™ Megaways™
1038	191	Netent	201	60	Royal Nuts
1038	192	Netent	201	108	Big Money Wheel
1038	193	Netent	201	112	Lock and Pop
1038	194	Netent	201	20	Jungle Spirit Megaways™
1038	195	Netent	201	63	Golden Realms
1038	196	Netent	201	33	Golden Wheels of Egypt
1038	197	Netent	201	115	Cursed treasure
1038	198	Netent	201	137	Jack Hammer™ 3: Diamond Affair
1038	199	Netent	201	140	Rage
1038	200	Netent	201	109	Buckshot Wilds
1038	201	Netent	201	169	Space Wars Megaways™ XXXtreme
1038	202	Netent	201	28	Mermaids™
1039	1	BigTimeGaming	201	5	Big Bad Bison
1039	2	BigTimeGaming	201	7	Christmas Bonanza
1039	3	BigTimeGaming	201	22	Pirate Pays
1039	4	BigTimeGaming	201	23	Vegas Rush
1039	5	BigTimeGaming	201	15	Wild Unicorns
1039	6	BigTimeGaming	201	2	Extra Chili
1039	7	BigTimeGaming	201	38	Wild Portals
1039	9	BigTimeGaming	201	16	White Rabbit
1039	10	BigTimeGaming	201	12	Max Megaways
1039	11	BigTimeGaming	201	35	Pop
1039	12	BigTimeGaming	201	36	More Turkey
1039	13	BigTimeGaming	201	18	Outlaw
1039	14	BigTimeGaming	201	25	Golden Catch
1039	15	BigTimeGaming	201	33	Vegas Megaways™
1039	16	BigTimeGaming	201	29	Millionaire Rush
1039	17	BigTimeGaming	201	10	Gold Megaways™
1039	18	BigTimeGaming	201	4	Millionaire
1039	19	BigTimeGaming	201	55	The Race
1039	20	BigTimeGaming	201	1	Bonanza
1039	21	BigTimeGaming	201	31	Opal Fruits
1039	22	BigTimeGaming	201	21	Rasputin Megaways™
1039	23	BigTimeGaming	201	47	Diamond Fruits
1039	24	BigTimeGaming	201	24	Wild Flower
1039	25	BigTimeGaming	201	13	Max Megaways™ 2
1039	26	BigTimeGaming	201	37	Apollo Pays
1039	27	BigTimeGaming	201	26	Over the Moon
1039	28	BigTimeGaming	201	34	Castle of Terror
1039	29	BigTimeGaming	201	17	Danger High Voltage
1039	30	BigTimeGaming	201	11	Star Clusters
1039	31	BigTimeGaming	201	8	Beef Lightning
1039	32	BigTimeGaming	201	20	Slot Vegas - Fully Loaded
1039	33	BigTimeGaming	201	44	Castle of Terror II
1039	34	BigTimeGaming	201	54	Donuts
1039	35	BigTimeGaming	201	6	Lil Devil
1039	36	BigTimeGaming	201	14	Sanctuary
1039	37	BigTimeGaming	201	9	Royal Mint
1039	38	BigTimeGaming	201	45	Christmas Catch
1039	39	BigTimeGaming	201	3	Bonanza Falls
1039	40	BigTimeGaming	201	41	Panda Money
1039	41	BigTimeGaming	201	30	Kingmaker Fully Loaded
1039	42	BigTimeGaming	201	72	Fireworks Megaways™
1039	43	BigTimeGaming	201	43	Spicy Meatballs
1039	44	BigTimeGaming	201	73	The Final Countdown
1039	45	BigTimeGaming	201	32	Chocolates
1039	46	BigTimeGaming	201	60	King of Cats
1039	47	BigTimeGaming	201	66	Trigger Happy
1039	48	BigTimeGaming	201	68	Lucky Streak Mk2
1039	49	BigTimeGaming	201	62	Cyberslot Megaclusters
1039	50	BigTimeGaming	201	56	Fizzy Pennyslot
1039	51	BigTimeGaming	201	28	Millionaire Mystery Box
1039	52	BigTimeGaming	201	50	Holy Diver Megaways™
1039	53	BigTimeGaming	201	57	Book of Gods
1039	54	BigTimeGaming	201	59	Boo
1039	55	BigTimeGaming	201	39	Queen of Riches
1039	56	BigTimeGaming	201	48	Dragon Born Megaways™
1039	57	BigTimeGaming	201	51	Golden Goose Megaways™
1039	58	BigTimeGaming	201	40	Burgers
1039	59	BigTimeGaming	201	69	Temple Quest Spinfinity
1039	60	BigTimeGaming	201	19	Big Bucks Deluxe
1039	61	BigTimeGaming	201	65	Crystal Towers
1039	62	BigTimeGaming	201	27	Millionaire Tapcards™
1039	63	BigTimeGaming	201	63	Extra Chilli Tapcards™
1039	64	BigTimeGaming	201	42	Bonanza Tapcards™
1039	65	BigTimeGaming	201	52	Big Bucks Deluxe Tapcards™
1039	66	BigTimeGaming	201	67	Star Clusters II
1039	67	BigTimeGaming	201	64	MONOPOLY Rush Hour
1039	68	BigTimeGaming	201	58	White Rabbit 2
1039	69	BigTimeGaming	201	49	Christmas Megapots
1039	70	BigTimeGaming	201	46	Warlocks
1039	71	BigTimeGaming	201	74	MONOPOLY Deluxe
1039	72	BigTimeGaming	201	70	MONOPOLY TapCards
1039	73	BigTimeGaming	201	75	Millionaire Megapots
1039	74	BigTimeGaming	201	53	Fruit Merge Megapots
1039	75	BigTimeGaming	201	71	Monster Quest
1040	1	NoLimitCity	201	8	Road Rage
1040	2	NoLimitCity	201	2	Fire In The Hole xBomb
1040	3	NoLimitCity	201	31	Manhattan Goes Wild
1040	4	NoLimitCity	201	51	The Rave
1040	5	NoLimitCity	201	13	Serial
1040	6	NoLimitCity	201	62	Tesla Jolt
1040	7	NoLimitCity	201	5	Dead Canary
1040	8	NoLimitCity	201	25	Das xBoot
1040	9	NoLimitCity	201	48	Karen Maneater
1040	10	NoLimitCity	201	17	Hot Nudge
1040	11	NoLimitCity	201	9	El Paso Gunfight xNudge
1040	12	NoLimitCity	201	12	Folsom Prison
1040	13	NoLimitCity	201	32	Warrior Graveyard xNudge
1040	14	NoLimitCity	201	43	Ice Ice Yeti
1040	15	NoLimitCity	201	11	Deadwood xNudge
1040	16	NoLimitCity	201	29	Hot 4 Cash
1040	17	NoLimitCity	201	50	Whacked
1040	18	NoLimitCity	201	57	Dragon Tribe
1040	19	NoLimitCity	201	28	Ugliest Catch
1040	20	NoLimitCity	201	42	Bonus Bunnies
1040	21	NoLimitCity	201	53	Gluttony
1040	22	NoLimitCity	201	54	Thor: Hammer Time
1040	23	NoLimitCity	201	1	The Crypt
1040	24	NoLimitCity	201	24	Punk Rocker
1040	25	NoLimitCity	201	39	Buffalo Hunter
1040	26	NoLimitCity	201	46	Immortal Fruits
1040	27	NoLimitCity	201	36	Little Bighorn
1040	28	NoLimitCity	201	70	Tomb of Nefertiti
1040	30	NoLimitCity	201	4	Blood & Shadow
1040	31	NoLimitCity	201	59	Golden Genie And The Walking Wilds
1040	32	NoLimitCity	201	40	Pearl Harbor
1040	33	NoLimitCity	201	74	Owls
1040	34	NoLimitCity	201	72	Milky Ways
1040	35	NoLimitCity	201	63	East Coast Vs West Coast
1040	36	NoLimitCity	201	23	Misery Mining
1040	37	NoLimitCity	201	66	DJ Psycho (DJ P5ychØ)
1040	38	NoLimitCity	201	76	Tractor Beam
1040	39	NoLimitCity	201	73	Poison Eve
1040	40	NoLimitCity	201	10	Bounty Hunters xNudge®
1040	41	NoLimitCity	201	60	True kult
1040	42	NoLimitCity	201	45	Monkey's Gold xPays
1040	43	NoLimitCity	201	47	Fruits
1040	44	NoLimitCity	201	34	Remember Gulag
1040	45	NoLimitCity	201	35	San Quentin xWays
1040	46	NoLimitCity	201	75	Dungeon Quest
1040	47	NoLimitCity	201	18	Legion X
1040	48	NoLimitCity	201	14	Evil Goblins xBomb
1040	49	NoLimitCity	201	49	Mayan Magic Wildfire
1040	50	NoLimitCity	201	61	Gaelic Gold
1040	51	NoLimitCity	201	56	Harlequin Carnival
1040	52	NoLimitCity	201	68	Walk of Shame
1040	53	NoLimitCity	201	3	Tombstone RIP
1040	54	NoLimitCity	201	65	Pixies vs Pirates
1040	55	NoLimitCity	201	52	Starstruck
1040	56	NoLimitCity	201	21	Disturbed
1040	57	NoLimitCity	201	69	The Creepy Carnival
1040	58	NoLimitCity	201	33	Rock Bottom
1040	59	NoLimitCity	201	26	Punk Toilet
1040	60	NoLimitCity	201	44	Book Of Shadows
1040	61	NoLimitCity	201	55	Kiss My Chainsaw
1040	62	NoLimitCity	201	22	The Cage
1040	63	NoLimitCity	201	64	Benji Killed in Vegas
1040	64	NoLimitCity	201	7	xWays Hoarder xSplit
1040	65	NoLimitCity	201	38	True Grit Redemption
1040	66	NoLimitCity	201	41	Space Donkey
1040	67	NoLimitCity	201	37	Tomb of Akhenaten
1040	68	NoLimitCity	201	20	Tombstone
1040	69	NoLimitCity	201	15	The Border
1040	70	NoLimitCity	201	71	Casino Win Spin
1040	71	NoLimitCity	201	19	Barbarian Fury
1040	72	NoLimitCity	201	30	Bushido Way xNudge
1040	73	NoLimitCity	201	27	Infectious 5 xWays
1040	74	NoLimitCity	201	16	WiXX
1040	75	NoLimitCity	201	67	Coins of Fortune
1040	76	NoLimitCity	201	6	Mental
1040	77	NoLimitCity	201	58	RoadKill
1042	1	KAGaming	201	55	Bonus Mania
1042	2	KAGaming	201	60	Treasure Bowl
1042	3	KAGaming	201	10	Golden Bull
1042	4	KAGaming	201	105	Fortune Ganesha
1042	5	KAGaming	201	44	Luck88
1042	6	KAGaming	201	139	King Of Dragon
1042	7	KAGaming	201	219	Cocorico
1042	8	KAGaming	201	508	Fire Hit
1042	9	KAGaming	201	477	Golden Ball
1042	10	KAGaming	201	524	Joker Fruit
1042	11	KAGaming	201	72	Fa Cai Destiny
1042	12	KAGaming	201	561	Milk Girl
1042	13	KAGaming	201	562	Snow Queen
1042	14	KAGaming	201	302	Quadruple Dragons
1042	15	KAGaming	201	80	SuperShot
1042	16	KAGaming	201	530	Red Cliff
1042	17	KAGaming	201	440	Quick Play Candy
1042	18	KAGaming	201	563	Speakeasy
1042	19	KAGaming	201	564	Hou Yi
1042	20	KAGaming	201	453	Dr. Geek
1042	21	KAGaming	201	86	Bonus Mania Deluxe
1042	22	KAGaming	201	133	Wong TaiSin
1042	23	KAGaming	201	565	Black Rider
1042	24	KAGaming	201	566	Fastbreak
1042	25	KAGaming	201	556	Wild Vick
1042	27	KAGaming	201	398	Boxing Roo
1042	28	KAGaming	201	458	Super Bonus Mania
1042	29	KAGaming	201	446	Sky Force
1042	30	KAGaming	201	567	Mexicaliente
1042	32	KAGaming	201	568	Trick or Treat
1042	33	KAGaming	201	569	Peacock Princess Lock 2 Spin
1042	34	KAGaming	201	570	Stone Age
1042	35	KAGaming	201	320	Ice Cream Truck
1042	36	KAGaming	201	571	Fantasy War
1042	38	KAGaming	201	220	The Master Cat
1042	39	KAGaming	201	572	Alien Invasion
1042	40	KAGaming	201	306	The Frog Prince
1042	43	KAGaming	201	431	Monkey King
1042	44	KAGaming	201	418	Dragon Pearl
1042	45	KAGaming	201	573	Thief
1042	46	KAGaming	201	509	Gypsy Fusion Reels
1042	48	KAGaming	201	574	Red Sorghum
1042	49	KAGaming	201	575	Surprise Box
1042	50	KAGaming	201	358	Idun's Garden Fusion Reels
1042	51	KAGaming	201	454	Gokudo Bentou
1042	52	KAGaming	201	557	Puffer Swimming
1042	53	KAGaming	201	576	Sharpshooter
1042	54	KAGaming	201	577	Lucky Ailurus
1042	55	KAGaming	201	578	Little Monk
1042	56	KAGaming	201	579	Steampunk Lock 2 Spin
1042	57	KAGaming	201	540	Kick Pumpkin
1042	58	KAGaming	201	270	Love Game
1042	59	KAGaming	201	541	La Tomatina
1042	60	KAGaming	201	580	Nie Xiaoqian
1042	61	KAGaming	201	581	Lilith
1042	62	KAGaming	201	582	Double Happiness
1042	63	KAGaming	201	475	Home Run X
1042	64	KAGaming	201	583	The Peony Pavilion
1042	65	KAGaming	201	230	Master of Wulin Lock 2 Spin
1042	66	KAGaming	201	584	Greedy Night
1042	68	KAGaming	201	487	Endorser of Thor
1042	69	KAGaming	201	585	Hanabi
1042	70	KAGaming	201	586	Firefighters
1042	71	KAGaming	201	587	Acrobats
1042	72	KAGaming	201	588	Cheer Up
1042	73	KAGaming	201	447	Infinity X
1042	74	KAGaming	201	66	Zhong Yi and Dragon
1042	75	KAGaming	201	492	Monster File
1042	76	KAGaming	201	589	Go Escape
1042	77	KAGaming	201	590	Fortuna
1042	79	KAGaming	201	591	The Little Prince Lock 2 Spin
1042	80	KAGaming	201	592	Lightning Goddess
1042	81	KAGaming	201	459	Gangster
1042	82	KAGaming	201	593	Cantonese Fried Noodles
1042	83	KAGaming	201	538	Hypersonic X
1042	84	KAGaming	201	594	Oriental Monster
1042	85	KAGaming	201	478	Foxy Mama
1042	86	KAGaming	201	435	Walking Oz
1042	87	KAGaming	201	488	Green Party
1042	88	KAGaming	201	526	Impossible X
1042	91	KAGaming	201	595	Animal Land
1042	92	KAGaming	201	396	Night on the Nile
1042	93	KAGaming	201	596	Red Baron
1042	95	KAGaming	201	598	Coffee Wild
1042	96	KAGaming	201	279	Monster Buster
1042	97	KAGaming	201	263	Cricket Winner
1042	98	KAGaming	201	535	Bear Run
1042	99	KAGaming	201	237	Crazy Gym
1042	100	KAGaming	201	147	Guan Yun Chang
1042	101	KAGaming	201	376	Lucky Star
1042	102	KAGaming	201	599	Soul Gems Fusion Reels
1042	103	KAGaming	201	300	God of Gamblers
1042	104	KAGaming	201	252	Miss Joker
1042	105	KAGaming	201	600	Penguin Family Lock 2 Spin
1042	106	KAGaming	201	601	Elite Games
1042	107	KAGaming	201	153	Fortune Star Lock 2 Spin
1042	108	KAGaming	201	602	Taketori Monogatari
1042	109	KAGaming	201	284	Piggy Bank Machine
1042	110	KAGaming	201	603	James Bond
1042	111	KAGaming	201	604	BionicHuman
1042	112	KAGaming	201	605	Spider Goblin
1042	113	KAGaming	201	515	White Nose Cat
1042	114	KAGaming	201	606	Snow Goddess
1042	115	KAGaming	201	607	Alice In MegaLand
1042	116	KAGaming	201	608	Legend of Legends
1042	117	KAGaming	201	609	Scary Clown
1042	118	KAGaming	201	271	Cat and Mouse
1042	119	KAGaming	201	610	Lady Racer
1042	120	KAGaming	201	383	Irish Coins Lock 2 Spin
1042	121	KAGaming	201	611	Romance In England
1042	122	KAGaming	201	612	Lion vs. Shark
1042	123	KAGaming	201	517	Beauty Trap
1042	125	KAGaming	201	289	5 Heroes
1042	126	KAGaming	201	462	3x Monkeys
1042	127	KAGaming	201	613	Kai Feng Fu
1042	128	KAGaming	201	614	Lady KAKA
1042	129	KAGaming	201	615	Chinese Quyi
1042	130	KAGaming	201	616	Great Luck
1042	131	KAGaming	201	277	Tuan Yuan
1042	132	KAGaming	201	617	Beautiful Lady
1042	133	KAGaming	201	225	Bunny Girl
1042	134	KAGaming	201	618	Summer Samba
1042	135	KAGaming	201	278	Love Amongst War
1042	136	KAGaming	201	313	Year of the Rabbit
1042	137	KAGaming	201	403	Fortune Rabbit Lock 2 Spin
1042	138	KAGaming	201	471	Five Fortune Gods
1042	139	KAGaming	201	619	Up Helly Aa
1042	140	KAGaming	201	620	Seediq
1042	141	KAGaming	201	503	Lucky God
1042	142	KAGaming	201	621	Five Sound Fortune
1042	143	KAGaming	201	518	Oriental Beast
1042	144	KAGaming	201	622	Great Doctor
1042	145	KAGaming	201	481	Plague Doctor
1042	146	KAGaming	201	339	Holiday Carol Lock 2 Spin
1042	147	KAGaming	201	410	Wealth Toad
1042	148	KAGaming	201	623	Empty City
1042	149	KAGaming	201	390	Lazy Rich
1042	150	KAGaming	201	624	Geisha
1042	151	KAGaming	201	625	Football Mania
1042	152	KAGaming	201	545	Sumo
1042	153	KAGaming	201	626	Unicorn Party
1042	154	KAGaming	201	345	Sinbad
1042	155	KAGaming	201	627	Mystery Shoot
1042	157	KAGaming	201	628	Land Of Dwarfs
1042	158	KAGaming	201	240	Sexy Lips
1042	159	KAGaming	201	629	Dragon Inn
1042	160	KAGaming	201	448	The King Producer
1042	161	KAGaming	201	267	Shaolin Soccer
1042	162	KAGaming	201	630	Cheerleading Team
1042	163	KAGaming	201	631	Fortune Feast Fusion Reels
1042	164	KAGaming	201	334	Rich Farm
1042	166	KAGaming	201	142	Dark Family
1042	167	KAGaming	201	428	Evil Pumpkin
1042	168	KAGaming	201	632	Fashion Bones
1042	169	KAGaming	201	633	Animal Dojo
1042	170	KAGaming	201	634	Rich Diwali
1042	171	KAGaming	201	455	Dwarf Miner
1042	172	KAGaming	201	493	Great Courtyard
1042	173	KAGaming	201	371	Priceless Museum Fusion Reels
1042	174	KAGaming	201	635	War of Thrones
1042	175	KAGaming	201	341	Moulin Rouge
1042	176	KAGaming	201	391	Cat Museum
1042	177	KAGaming	201	636	Hip Hop
1042	178	KAGaming	201	483	Heroines of the Marsh
1042	179	KAGaming	201	193	Oktoberfest
1042	181	KAGaming	201	638	Squid Party Lock 2 Spin
1042	182	KAGaming	201	161	Chivalrous Girl
1042	183	KAGaming	201	511	Who Let the Dogs Out
1042	184	KAGaming	201	472	Book of Moon Fusion Reels
1042	185	KAGaming	201	639	Hare vs. Tortoise
1042	186	KAGaming	201	468	Chain of Wild
1042	187	KAGaming	201	640	Hamlet
1042	188	KAGaming	201	479	Chai Gong
1042	189	KAGaming	201	384	Apollo and Artemis
1042	190	KAGaming	201	224	Tiger Girl
1042	191	KAGaming	201	641	Creator Ra
1042	192	KAGaming	201	642	Secret Agent
1042	193	KAGaming	201	643	Seagull
1042	194	KAGaming	201	432	Ghosts Fortune
1042	195	KAGaming	201	292	Zombie Expert Lock 2 Spin
1042	196	KAGaming	201	494	Wild Jungle
1042	197	KAGaming	201	221	Legend of Akihiro
1042	198	KAGaming	201	437	Treasure Carp
1042	199	KAGaming	201	226	County Seat
1042	200	KAGaming	201	109	Sleepwalking Sheep
1042	201	KAGaming	201	338	Ghost Festival
1042	202	KAGaming	201	644	Demon Fox
1042	203	KAGaming	201	47	Super Energy
1042	204	KAGaming	201	381	Cthulhu Secret
1042	205	KAGaming	201	380	Fighting Girls
1042	206	KAGaming	201	303	Lucky Gem Fusion Reels
1042	207	KAGaming	201	164	Super Dragon Tiger
1042	208	KAGaming	201	645	Chinese Feast
1042	209	KAGaming	201	646	Detective Dee
1042	210	KAGaming	201	215	Bounty Hunter
1042	211	KAGaming	201	294	Dragon Turtle
1042	212	KAGaming	201	647	Chinese Pastry
1042	213	KAGaming	201	466	Crazy Women's Jail
1042	214	KAGaming	201	648	Legend of Athena
1042	215	KAGaming	201	649	Magic Queen
1042	216	KAGaming	201	650	Fantasy Dragons
1042	217	KAGaming	201	531	Solomon's Treasure
1042	218	KAGaming	201	651	Dragon Boat 2 Lock 2 Spin
1042	219	KAGaming	201	356	Bigfoot Yeti
1042	220	KAGaming	201	652	Hunter Helibu
1042	221	KAGaming	201	480	Shaolin Legend
1042	222	KAGaming	201	653	Magician House
1042	223	KAGaming	201	104	Hansel and Gretel
1042	224	KAGaming	201	374	The Boy Who Cried Wolf
1042	225	KAGaming	201	654	Shen Nong
1042	226	KAGaming	201	655	Agent Angels
1042	227	KAGaming	201	184	Lucky Tumbler
1042	228	KAGaming	201	191	Midas Touch
1042	229	KAGaming	201	195	Golden 777
1042	230	KAGaming	201	516	Wild Vick 2 Adventure Journey
1042	231	KAGaming	201	656	Easter Egg Party
1042	232	KAGaming	201	203	Fu Shenlong
1042	233	KAGaming	201	173	Lucky Inn
1042	234	KAGaming	201	246	Mirror House
1042	235	KAGaming	201	657	Monkey Maniac
1042	236	KAGaming	201	658	Whale Wild
1042	237	KAGaming	201	659	Pied Piper
1042	238	KAGaming	201	660	Super Slime
1042	239	KAGaming	201	661	Hong Kong 60s
1042	240	KAGaming	201	233	Atlantide
1042	241	KAGaming	201	662	Zashiki God
1042	242	KAGaming	201	457	Bonus Vending
1042	243	KAGaming	201	482	Medusa
1042	244	KAGaming	201	663	Jade Power
1042	245	KAGaming	201	326	Calabash Boys
1042	246	KAGaming	201	664	American Burger
1042	247	KAGaming	201	665	Sailor Man
1042	248	KAGaming	201	666	Owl In Forest
1042	249	KAGaming	201	329	Happy Indian Chef
1042	250	KAGaming	201	667	Love In Memory
1042	251	KAGaming	201	668	White Deer
1042	252	KAGaming	201	216	Fu Lu Shou
1042	253	KAGaming	201	222	Fortune Beauty Megaways
1042	254	KAGaming	201	504	Treasure Tiger
1042	255	KAGaming	201	366	Year Of The Tiger
1042	256	KAGaming	201	377	Da Guan Yuan
1042	257	KAGaming	201	546	Po Chi Lam
1042	258	KAGaming	201	261	Bollywood Romance
1042	259	KAGaming	201	669	Emperor Qin
1042	260	KAGaming	201	670	Santa Bumble Bee Hold and Win
1042	261	KAGaming	201	671	Lion King And Eagle King
1042	262	KAGaming	201	474	Eight Treasures
1042	263	KAGaming	201	672	Go Go Monsters
1042	264	KAGaming	201	673	Toy World
1042	265	KAGaming	201	308	Treasure Raider
1042	266	KAGaming	201	674	Happy Thanksgiving
1042	267	KAGaming	201	675	Can Can
1042	268	KAGaming	201	467	Chinese Ancient Tomb
1042	269	KAGaming	201	112	Treasure Bowl Megaways
1042	270	KAGaming	201	676	Butterfly Lovers
1042	271	KAGaming	201	677	Witch Academy
1042	272	KAGaming	201	678	Muay Thai
1042	273	KAGaming	201	181	Fortune Fu
1042	274	KAGaming	201	679	Sky Journey
1042	275	KAGaming	201	118	Book of Mummy
1042	276	KAGaming	201	412	The Happy Prince
1042	277	KAGaming	201	275	Ninja
1042	278	KAGaming	201	680	Magical Store
1042	279	KAGaming	201	321	Panda Family
1042	280	KAGaming	201	550	Wu Zetian
1042	281	KAGaming	201	229	Charlotte's Web
1042	282	KAGaming	201	249	The Guard of Hades
1042	283	KAGaming	201	681	Cupid And Psyche
1042	284	KAGaming	201	304	Golden Fish
1042	285	KAGaming	201	682	Sweet Maid
1042	286	KAGaming	201	683	Monkey and Crab
1042	287	KAGaming	201	539	Sweetopia
1042	288	KAGaming	201	684	Tomb Heroes
1042	289	KAGaming	201	296	Werewolf Is Coming
1042	290	KAGaming	201	404	Phoenix Rising
1042	291	KAGaming	201	385	Earth God
1042	292	KAGaming	201	340	Soldiers
1042	293	KAGaming	201	413	The West Chamber
1042	294	KAGaming	201	685	Arctic Storm
1042	295	KAGaming	201	394	Millennium Love
1042	296	KAGaming	201	473	Flower Goddess Festival
1042	298	KAGaming	201	460	Legend of Fox Spirit
1042	299	KAGaming	201	686	Meerkats' Family
1042	300	KAGaming	201	241	Meowfia
1042	301	KAGaming	201	687	Secret of Ocean
1042	302	KAGaming	201	536	Holy Beast
1042	303	KAGaming	201	688	Baseball Fever
1042	304	KAGaming	201	689	Monster Parade
1042	305	KAGaming	201	690	Diamond Power
1042	306	KAGaming	201	347	Japanese 7 Heroes
1042	307	KAGaming	201	244	Persia Bonanza Megaways
1042	308	KAGaming	201	691	Three Bandits
1042	309	KAGaming	201	692	The Legend of Heroes
1042	310	KAGaming	201	449	Mythological Creatures
1042	311	KAGaming	201	332	Polaroid
1042	312	KAGaming	201	693	Sante
1042	313	KAGaming	201	542	Double Fortune
1042	314	KAGaming	201	463	Lucky Lucky
1042	315	KAGaming	201	310	Welcome Fortune
1042	316	KAGaming	201	694	Lantern Festival
1042	317	KAGaming	201	695	Angry Piggies
1042	318	KAGaming	201	696	Magic Apprentice
1042	319	KAGaming	201	6	Aladdin
1042	320	KAGaming	201	166	Fairy Forest Tale
1042	321	KAGaming	201	697	Fire Dragons
1042	322	KAGaming	201	335	Mystery Alchemy
1042	323	KAGaming	201	188	Fortune Piggy Bank
1042	324	KAGaming	201	698	Jingwei
1042	325	KAGaming	201	64	Pinata
1042	326	KAGaming	201	283	Alexander the Great
1042	327	KAGaming	201	401	Dragon's Way
1042	328	KAGaming	201	699	Rouran Khaganate
1042	329	KAGaming	201	700	Royal Demeanor
1042	330	KAGaming	201	238	Wen Ding
1042	331	KAGaming	201	337	7 Heroines
1042	332	KAGaming	201	426	Christmas Candy
1042	333	KAGaming	201	388	KungFu Kaga
1042	334	KAGaming	201	701	Xmas Wishes
1042	335	KAGaming	201	176	Masquerade
1042	336	KAGaming	201	192	Hu Hu Fighting
1042	337	KAGaming	201	348	Dark Fortress
1042	338	KAGaming	201	702	Blocky Block 2
1042	339	KAGaming	201	196	SuperShot 2
1042	340	KAGaming	201	108	Lucky Cat
1042	341	KAGaming	201	411	Journey to the West
1042	342	KAGaming	201	703	Sushi Ninja
1042	343	KAGaming	201	704	Candy Storm
1042	344	KAGaming	201	705	Dracula
1042	345	KAGaming	201	206	Legend of Dragons
1042	346	KAGaming	201	706	Fortune God
1042	347	KAGaming	201	707	Wu Song
1042	348	KAGaming	201	190	The Great Voyages
1042	349	KAGaming	201	708	Artificial Intelligence
1042	350	KAGaming	201	709	Pumpkin Win
1042	351	KAGaming	201	710	The Door Gods
1042	352	KAGaming	201	711	Yue Fei
1042	353	KAGaming	201	712	Candy Mania
1042	354	KAGaming	201	408	Charming Sorceress
1042	355	KAGaming	201	713	Lucky Casino
1042	356	KAGaming	201	714	Medal Winner Megaways
1042	357	KAGaming	201	715	Emoji
1042	358	KAGaming	201	716	Space Storm
1042	359	KAGaming	201	217	Cu Ju
1042	360	KAGaming	201	424	The Gingerbread Land
1042	361	KAGaming	201	717	Red Boy
1042	363	KAGaming	201	314	Ghostbuster
1042	364	KAGaming	201	264	Chinese Valentines Day
1042	365	KAGaming	201	456	Imperial Girls
1042	366	KAGaming	201	165	The Lotus Lamp
1042	367	KAGaming	201	450	Party Girl
1042	368	KAGaming	201	718	Glacial Epoch
1042	369	KAGaming	201	719	X-Elements
1042	370	KAGaming	201	720	Fluffy Buddy
1042	371	KAGaming	201	126	777 Vegas
1042	372	KAGaming	201	721	Yun Cai Tong Zi
1042	373	KAGaming	201	722	Giants
1042	374	KAGaming	201	247	Veggies Plot
1042	375	KAGaming	201	528	Fantasy 777
1042	376	KAGaming	201	723	Genghis Khan
1042	377	KAGaming	201	724	Legend of Paladin
1042	378	KAGaming	201	197	Heng and Ha
1042	379	KAGaming	201	725	Lucky Penguins
1042	380	KAGaming	201	726	Don Quixote
1042	381	KAGaming	201	727	Honey Money
1042	382	KAGaming	201	367	Shadow Play
1042	383	KAGaming	201	114	Blocky Block
1042	384	KAGaming	201	441	Musketeers
1042	385	KAGaming	201	728	Pets
1042	386	KAGaming	201	84	The Golden Ax
1042	387	KAGaming	201	419	WanFu JinAn
1042	388	KAGaming	201	547	Big Apple
1042	389	KAGaming	201	502	The Wizard of Oz
1042	390	KAGaming	201	729	Hu Yeh
1042	391	KAGaming	201	69	Won Won Rich
1042	392	KAGaming	201	730	Hat Seller
1042	393	KAGaming	201	731	Sunny Bikini
1042	394	KAGaming	201	732	Tower of Babel
1042	395	KAGaming	201	489	Come On Rhythm
1042	396	KAGaming	201	552	Spring Blossom
1042	397	KAGaming	201	733	Snow White
1042	398	KAGaming	201	429	Mazu
1042	399	KAGaming	201	734	Bumble Bee
1042	400	KAGaming	201	513	Archer Robin Hood
1042	401	KAGaming	201	250	God of Love
1042	402	KAGaming	201	735	Lion Dance
1042	403	KAGaming	201	736	Frankenstein
1042	404	KAGaming	201	737	Nian
1042	405	KAGaming	201	175	The Grandmaster
1042	406	KAGaming	201	211	Gold Magic
1042	407	KAGaming	201	281	Tai Chi
1042	408	KAGaming	201	464	Lounge Club
1042	409	KAGaming	201	738	Nvwa
1042	410	KAGaming	201	319	Pandora's Box
1042	411	KAGaming	201	322	Fortune Lions
1042	412	KAGaming	201	141	Wolf Warrior
1042	413	KAGaming	201	739	Volcano Adventure
1042	414	KAGaming	201	242	Catch The Thief
1042	415	KAGaming	201	365	Erlang Shen
1042	416	KAGaming	201	740	Siberian Wolves
1042	417	KAGaming	201	359	Bombing Fruit
1042	418	KAGaming	201	741	Pinocchio
1042	419	KAGaming	201	742	Modern 7 Wonders
1042	420	KAGaming	201	743	A Thirsty Crow
1042	421	KAGaming	201	519	Rarities
1042	422	KAGaming	201	354	Street Racing
1042	423	KAGaming	201	363	Muscle Cars
1042	424	KAGaming	201	520	The Four Scholars
1042	425	KAGaming	201	301	Bull Stampede
1042	426	KAGaming	201	372	Peter Pan
1042	427	KAGaming	201	744	Primeval Rainforest
1042	428	KAGaming	201	378	The Nut Cracker
1042	429	KAGaming	201	248	Quick Play Jewels
1042	430	KAGaming	201	436	The Mask of Zorro
1042	431	KAGaming	201	745	Nine Lucks
1042	432	KAGaming	201	194	Shopping Fiend
1042	433	KAGaming	201	146	Quick Play Mahjong
1042	434	KAGaming	201	532	X-Bomber
1042	435	KAGaming	201	389	Robots
1042	436	KAGaming	201	461	Joker Slot
1042	437	KAGaming	201	527	UFO
1042	438	KAGaming	201	253	Egyptian Mythology
1042	439	KAGaming	201	265	Mermaid Seas
1042	440	KAGaming	201	746	Daji
1042	441	KAGaming	201	262	Cowboys
1042	442	KAGaming	201	476	Vampire's Tale
1042	443	KAGaming	201	405	Origin Of Fire
1042	444	KAGaming	201	392	Three Gods
1042	445	KAGaming	201	311	Egyptian Empress
1042	446	KAGaming	201	747	Bubble Double
1042	447	KAGaming	201	748	Wu Gang
1042	448	KAGaming	201	130	Moon Goddess
1042	449	KAGaming	201	749	Triple Dragons
1042	450	KAGaming	201	750	Rich Squire
1042	451	KAGaming	201	382	Party Girl Ways
1042	453	KAGaming	201	751	Chi You
1042	454	KAGaming	201	257	Wild Wild Bell
1042	455	KAGaming	201	234	Three Heroes
1042	456	KAGaming	201	752	Dragon Boat
1042	457	KAGaming	201	753	Legend of the White Snake
1042	458	KAGaming	201	231	Snow Leopards
1042	459	KAGaming	201	754	Jellymania
1042	460	KAGaming	201	755	Fast Blast
1042	461	KAGaming	201	402	Route 66
1042	462	KAGaming	201	756	Artist Studio
1042	463	KAGaming	201	533	Africa Run
1042	464	KAGaming	201	757	The Apes
1042	465	KAGaming	201	127	Princess Wencheng
1042	466	KAGaming	201	758	Horoscope
1042	467	KAGaming	201	260	Cai Yuan Guang Jin
1042	468	KAGaming	201	759	Boy Toys
1042	469	KAGaming	201	760	Live Streaming Star
1042	470	KAGaming	201	386	Golden Shanghai
1042	471	KAGaming	201	409	Millionaires
1042	472	KAGaming	201	512	Miss Tiger
1042	473	KAGaming	201	558	Tao
1042	474	KAGaming	201	417	Yu Gong
1042	475	KAGaming	201	761	Mysterious Pyramid
1042	476	KAGaming	201	762	Crazy Circus
1042	477	KAGaming	201	763	Pirate King
1042	478	KAGaming	201	331	Farm Mania
1042	479	KAGaming	201	514	Safari Slots
1042	480	KAGaming	201	368	A Girl's Best Friend
1042	481	KAGaming	201	373	Three Little Pigs
1042	482	KAGaming	201	490	Age of Vikings
1042	483	KAGaming	201	510	Deep Sea Adventure
1042	484	KAGaming	201	357	Samurai Way
1042	485	KAGaming	201	764	Spinning In Space
1042	486	KAGaming	201	765	Bakery Sweetness
1042	487	KAGaming	201	274	Glass Slipper
1042	488	KAGaming	201	496	Wizardry
1042	489	KAGaming	201	299	Fairy Dust
1042	490	KAGaming	201	559	Mayan Gold
1042	491	KAGaming	201	766	Zombie Land
1042	492	KAGaming	201	497	Mythic
1042	493	KAGaming	201	255	KungFu Kash
1042	494	KAGaming	201	414	Medieval Knights
1042	495	KAGaming	201	767	Kitty Living
1042	496	KAGaming	201	768	Ares God of War
1042	497	KAGaming	201	399	Jungle
1042	498	KAGaming	201	420	Poseidon's Treasure
1042	499	KAGaming	201	280	Four Beauties
1042	500	KAGaming	201	769	Dia De Muertos
1042	501	KAGaming	201	91	Chinese Opera
1042	502	KAGaming	201	318	Red Riding Hood
1042	503	KAGaming	201	272	Flaming 7's
1042	504	KAGaming	201	397	Stocked Bar
1042	505	KAGaming	201	395	Trippy Mushrooms
1042	506	KAGaming	201	499	Super Keno
1042	508	KAGaming	201	770	Ba Wang Bie Ji
1042	509	KAGaming	201	323	Leprechauns
1042	510	KAGaming	201	452	Fantasy Park
1042	511	KAGaming	201	276	Ming Imperial Guards
1042	512	KAGaming	201	771	Neanderthals
1042	513	KAGaming	201	421	Dragon Gate
1042	514	KAGaming	201	415	Nezha
1042	515	KAGaming	201	324	da Vinci
1042	516	KAGaming	201	772	California Gold Rush
1042	517	KAGaming	201	773	Stonehenge
1042	518	KAGaming	201	154	Silk Road
1042	519	KAGaming	201	774	Lost Realm
1042	520	KAGaming	201	200	Hua Mulan
1042	521	KAGaming	201	775	Fruit Mountain
1042	522	KAGaming	201	342	Dim Sum
1042	523	KAGaming	201	430	Taiwan Black Bear
1042	524	KAGaming	201	210	The King of Dinosaurs
1042	525	KAGaming	201	776	Dreamcatcher
1042	526	KAGaming	201	179	Mahjong Master
1042	527	KAGaming	201	777	Polynesian
1042	528	KAGaming	201	327	Wild Alaska
1042	529	KAGaming	201	349	Formosan Birds
1042	530	KAGaming	201	506	Alice In Wonderland
1042	531	KAGaming	201	330	Aurora
1042	532	KAGaming	201	425	Enchanted
1042	533	KAGaming	201	132	Fruit Party
1042	534	KAGaming	201	290	Lands of Gold
1042	535	KAGaming	201	778	Last Fantasy
1042	536	KAGaming	201	438	Captain Pirate
1042	537	KAGaming	201	779	SNS Friends
1042	538	KAGaming	201	315	Yamato
1042	539	KAGaming	201	352	Luxury Garage
1042	596	KAGaming	201	783	Putter King
1042	597	KAGaming	201	439	Legend of Sword
1042	598	KAGaming	201	784	Jumping Mr. First
1042	599	KAGaming	201	135	Break Through Lock 2 Spin
1042	600	KAGaming	201	228	Hot Coin
1042	601	KAGaming	201	785	Egyptian Deity
1042	602	KAGaming	201	287	Modernizations
1042	603	KAGaming	201	434	Pirate's Treasure Quest
1042	604	KAGaming	201	786	Queen's Corgi
1042	605	KAGaming	201	787	Crazy Oktoberfest
1042	606	KAGaming	201	379	Dragon's Hoard
1042	607	KAGaming	201	202	Mouse on the Prairie
1042	608	KAGaming	201	369	Museum of Fantasy Fusion Reels
1042	609	KAGaming	201	416	Munich Beer Bash
1042	610	KAGaming	201	788	Bizarre Barber
1042	611	KAGaming	201	789	Jumping Frog
1042	612	KAGaming	201	790	Aquatic Adventurer
1042	613	KAGaming	201	328	Four Seasons
1042	614	KAGaming	201	297	Shopping Mall Tycoon
1042	615	KAGaming	201	791	Fashion Life
1042	616	KAGaming	201	792	Sorcerer and Demon
1042	617	KAGaming	201	793	Cannibal Garden
1042	618	KAGaming	201	343	Ofrenda Magic
1042	619	KAGaming	201	794	20000 Leagues under the Sea
1042	620	KAGaming	201	350	Luxury Vegas
1042	621	KAGaming	201	407	Golden Egg
1042	622	KAGaming	201	433	Duel Skateboards
1042	623	KAGaming	201	543	Stellar Fantasia
1042	624	KAGaming	201	227	Lightning Storm
1042	625	KAGaming	201	521	Medieval Warfare
1042	626	KAGaming	201	120	Dinosaur Park
1042	627	KAGaming	201	285	Hip Hop Pigeon
1042	628	KAGaming	201	444	Calligraphy Master
1042	629	KAGaming	201	495	Kick Cash Croc
1042	630	KAGaming	201	307	Underwater Treasure
1042	631	KAGaming	201	443	Robo Revolution
1042	632	KAGaming	201	795	Wild Christmas Fusion Reels
1042	635	KAGaming	201	212	Crystal Fruits
1042	636	KAGaming	201	525	Vampire's Night
1042	637	KAGaming	201	797	Island Paradise
1042	638	KAGaming	201	344	Buzzkill Bonanza
1042	639	KAGaming	201	798	Quick Garden
1042	640	KAGaming	201	305	Football Baby
1042	643	KAGaming	201	800	Monkey Heist
1042	644	KAGaming	201	364	Priest VS. Vampire
1042	645	KAGaming	201	95	Sunny Fruits Lock 2 Spin
1042	646	KAGaming	201	156	Couch Potato
1042	649	KAGaming	201	500	Qomolangma
1042	650	KAGaming	201	256	Magic Carousel
1042	651	KAGaming	201	235	Carnival Beauty
1042	652	KAGaming	201	239	Desert Island Adventure Lock 2 Spin
1042	655	KAGaming	201	801	Caesar
1042	656	KAGaming	201	254	Elf Treasure Lock 2 Spin
1042	657	KAGaming	201	317	Rainbow Jellyfish
1042	658	KAGaming	201	393	Kick Cash Monkey
1042	660	KAGaming	201	160	Koningsdag
1042	661	KAGaming	201	236	Fire Corrida
1042	662	KAGaming	201	802	Mexican Cactus
1042	663	KAGaming	201	312	The Haunted Manor
1042	664	KAGaming	201	803	Secret of Ocean 2
1042	667	KAGaming	201	470	Devils Messenger
1042	668	KAGaming	201	451	Slam Dunk Contest Lock 2 Spin
1042	669	KAGaming	201	251	Magician Merlin
1042	670	KAGaming	201	232	Dinosaur Carnival
1042	673	KAGaming	201	155	Yakyuken
1042	674	KAGaming	201	207	Lobster Crazy Shack
1042	675	KAGaming	201	804	Longmen Express
1042	676	KAGaming	201	522	Dragon Legend Lock 2 Spin
1042	678	KAGaming	201	333	Slavic Fantasy
1042	679	KAGaming	201	282	Golden Magic Beans
1042	680	KAGaming	201	465	Big Catch Lock 2 Spin
1042	681	KAGaming	201	336	Terror Trail
1042	682	KAGaming	201	115	Mania Vegas Flowin
1042	684	KAGaming	201	806	Toro Amigo
1042	685	KAGaming	201	555	Wilderness Cowboy
1042	686	KAGaming	201	298	Safari Discovery
1042	687	KAGaming	201	361	Mystery Doctor
1042	688	KAGaming	201	106	Gummy Bear Kingdom Lock 2 Spin
1042	689	KAGaming	201	807	Divine Garden Fusion Reels
1042	690	KAGaming	201	808	Lu Ban
1042	691	KAGaming	201	198	Wild Detective
1042	692	KAGaming	201	77	Elf Castle
1042	693	KAGaming	201	809	Area 51 Lock 2 Spin
1042	696	KAGaming	201	93	Summer Fireworks Festival
1042	697	KAGaming	201	123	Deep Sea Monster
1042	698	KAGaming	201	223	Gates of Midsummer Fusion Reels
1042	699	KAGaming	201	90	Luck88 VIP
1042	700	KAGaming	201	56	Kick Cash Monkey 2 Buy Feature
1042	701	KAGaming	201	484	Andar Bahar
1042	702	KAGaming	201	76	Happy Marriage
1042	703	KAGaming	201	427	Succubus Secret
1042	704	KAGaming	201	158	Love Express Lock 2 Spin
1042	705	KAGaming	201	180	Planet Guardian
1042	706	KAGaming	201	157	Ink Painting Master Buy Feature
1042	708	KAGaming	201	810	Chinese Zombie
1042	709	KAGaming	201	97	Black Swan Lock 2 Spin
1042	710	KAGaming	201	293	Playful Kitten Buy Feature
1042	711	KAGaming	201	201	Funky Disco
1042	712	KAGaming	201	811	Shark Treasure
1042	715	KAGaming	201	117	Super Box
1042	716	KAGaming	201	534	Travel Through Time
1042	717	KAGaming	201	186	Band Girl
1042	718	KAGaming	201	137	Evil Wizard Cat
1042	719	KAGaming	201	65	Primitive Man
1042	720	KAGaming	201	187	Blazing Circus
1042	721	KAGaming	201	138	Cinderella's Glass Slipper
1042	722	KAGaming	201	185	Fantasy Oktoberfest Buy Feature
1042	725	KAGaming	201	168	Stardom Rush
1042	726	KAGaming	201	136	Chaos Combat Buy Feature
1042	727	KAGaming	201	295	Barbarian Giants Fusion Reels
1042	728	KAGaming	201	351	Stamp World
1042	733	KAGaming	201	523	Zombie Siege
1042	734	KAGaming	201	31	Skeleton Party
1042	735	KAGaming	201	102	Ghosts Gather
1042	736	KAGaming	201	423	Tango Twirl
1042	739	KAGaming	201	362	Classical Dollhouse Lock 2 Spin
1042	740	KAGaming	201	59	Butterfly Wild Dance
1042	741	KAGaming	201	400	Edge of the Stars
1042	742	KAGaming	201	70	Fortune Ganesha VIP
1042	745	KAGaming	201	81	Yummy Thanksgiving
1042	746	KAGaming	201	172	Sushi
1042	747	KAGaming	201	214	Tiny Warriors
1042	748	KAGaming	201	316	Greatest Show
1042	751	KAGaming	201	422	Medieval Riches Fusion Reels
1042	752	KAGaming	201	243	Attack Huge Mushroom
1042	753	KAGaming	201	73	Sultan's Fortune
1042	754	KAGaming	201	52	Lunar Howl
1042	757	KAGaming	201	23	Hot Coin Buy Feature
1042	758	KAGaming	201	122	Passionate Basketball
1042	759	KAGaming	201	128	Forest Scorpion
1042	760	KAGaming	201	177	Captain Black Cat Fusion Reels
1042	762	KAGaming	201	62	5 Bloodlusts
1042	763	KAGaming	201	205	Mysterious Witch
1042	764	KAGaming	201	375	Dr. Mad
1042	765	KAGaming	201	163	Phantom Thief
1042	766	KAGaming	201	48	Fortune Pig VIP
1042	767	KAGaming	201	353	Pool Master
1042	768	KAGaming	201	13	Fire Phoenix Lock 2 Spin
1042	769	KAGaming	201	98	1960 Elvis Guava
1042	770	KAGaming	201	813	Energy Awakening
1042	771	KAGaming	201	9	Lucky Money
1042	772	KAGaming	201	111	Festa Brazil
1042	773	KAGaming	201	209	Chocolate Factory Fusion Reels
1042	774	KAGaming	201	35	Lucky Animals Lock 2 Spin
1042	775	KAGaming	201	182	Victory Horse
1042	776	KAGaming	201	85	Full Moon Lanterns
1042	777	KAGaming	201	370	Streaming Girls
1042	778	KAGaming	201	183	Sherlock Holmes
1042	779	KAGaming	201	131	Thief Dog Buy Feature
1042	780	KAGaming	201	501	Dumb Hero Fusion Reels
1042	782	KAGaming	201	33	Treasure Bowl VIP
1042	783	KAGaming	201	169	Prison Situation
1042	784	KAGaming	201	149	Bonkers Chicken Lock 2 Spin
1042	785	KAGaming	201	148	Hacker
1042	787	KAGaming	201	167	Genius Miner
1042	788	KAGaming	201	116	Satan's Kitchen
1042	789	KAGaming	201	143	Shining Gems Flowin
1042	790	KAGaming	201	121	Fruit Extravaganza
1042	793	KAGaming	201	38	Grim Circus
1042	794	KAGaming	201	74	Mammut
1042	795	KAGaming	201	14	Book of Cthulhu
1042	796	KAGaming	201	67	Treasure Goblin
1042	799	KAGaming	201	30	Hot Coin VIP
1042	800	KAGaming	201	29	Savanna Song
1042	801	KAGaming	201	43	Rainbow Fruit Flowin
1042	802	KAGaming	201	51	Egyptian Goddess
1042	805	KAGaming	201	17	777 Kickoff
1042	806	KAGaming	201	99	Big Boss Party Lock 2 Spin
1042	807	KAGaming	201	34	Seaside Pelican Buy Feature
1042	808	KAGaming	201	71	5 Gods of War
1042	811	KAGaming	201	58	Soccer Showdown
1042	812	KAGaming	201	18	Rapunzel
1042	813	KAGaming	201	19	The Naughty Tattooist Buy Feature
1042	814	KAGaming	201	50	Mayan Restaurant
1044	1	PlayStar	201	77	CHINA EMPRESS
1044	2	PlayStar	201	57	INDIA TREASURE
1044	3	PlayStar	201	47	MADAME CAROLINE
1044	4	PlayStar	201	50	LUCKY PANDA
1044	5	PlayStar	201	55	WHO'S THE BOSS
1044	6	PlayStar	201	74	KUNG HEI
1044	7	PlayStar	201	40	THE EMPIRE
1044	8	PlayStar	201	86	FA FA MONKEY
1044	10	PlayStar	201	67	DOUBLE HAPPINESS
1044	11	PlayStar	201	56	ATHENA
1044	12	PlayStar	201	71	GLORIOUS KINGDOM
1044	13	PlayStar	201	62	FORTUNE GOD
1044	14	PlayStar	201	80	WEREWOLF
1044	15	PlayStar	201	66	FACE OFF
1044	16	PlayStar	201	46	FORTUNE TELLER
1044	17	PlayStar	201	87	ELEPHANT
1044	18	PlayStar	201	85	HALLOWEEN
1044	19	PlayStar	201	39	RICH & HAPPY
1044	20	PlayStar	201	88	VAMPIRE
1044	21	PlayStar	201	49	SUPER RICH
1044	22	PlayStar	201	70	DRAGON BOAT FESTIVAL
1044	23	PlayStar	201	52	ALCHEMY
1044	24	PlayStar	201	84	MOON FESTIVAL
1044	25	PlayStar	201	51	MONEY MEOW
1044	26	PlayStar	201	44	MY LORD
1044	27	PlayStar	201	58	AURORA WOLF
1044	28	PlayStar	201	82	SANTA CLAUS
1044	29	PlayStar	201	18	SUPER POWERFUL
1044	30	PlayStar	201	45	TOMB TREASURE
1044	31	PlayStar	201	78	LOVE
1044	32	PlayStar	201	76	PS CLUB
1044	33	PlayStar	201	65	HAND OF GOD
1044	34	PlayStar	201	61	FORTUNE BULL
1044	35	PlayStar	201	36	CHALLENGE?MAYAN CALENDAR
1044	36	PlayStar	201	79	ZUMA
1044	37	PlayStar	201	83	CHALLENGE?FU LU SHOU XI
1044	38	PlayStar	201	68	GOLDEN WEEK
1044	39	PlayStar	201	73	KUNGFU
1044	40	PlayStar	201	41	CHALLENGE?GOLDEN PIG
1044	41	PlayStar	201	54	WU XIA
1044	42	PlayStar	201	34	SUPER BOOM
1044	43	PlayStar	201	30	RAT OF WEALTH
1044	44	PlayStar	201	81	MASTER HAHA
1044	45	PlayStar	201	35	DA FU GUI
1044	46	PlayStar	201	37	SUPER WIN
1044	47	PlayStar	201	15	FISH PRAWN CRAB
1044	48	PlayStar	201	19	WHAT THE FA
1044	49	PlayStar	201	42	BURLESQUE 2
1044	50	PlayStar	201	32	LUCKY POKER 2
1044	51	PlayStar	201	63	GOLDEN ZONGZI
1044	52	PlayStar	201	64	DIAO CHAN FA DA CAI
1044	53	PlayStar	201	13	SUPER AWESOME
1044	54	PlayStar	201	69	GOLDEN JADE
1044	55	PlayStar	201	72	FANTASY SOUTHEAST ASIA
1044	56	PlayStar	201	38	CRAZY 777
1044	58	PlayStar	201	59	FEATURE BUY?GOLDEN PIG
1044	59	PlayStar	201	89	FEATURE BUY?CHRISTMAS EXPRESS
1044	60	PlayStar	201	43	FEATURE BUY?SUPER POWERFUL
1044	61	PlayStar	201	75	CHEF HUSKY
1044	62	PlayStar	201	2	MAHJONG WAYS 3
1044	63	PlayStar	201	3	MAHJONG WAYS 3+
1044	64	PlayStar	201	6	TREASURES OF AZTEC Z
1044	65	PlayStar	201	21	SUGAR BOOM
1044	66	PlayStar	201	25	LUCKY ACE
1044	67	PlayStar	201	10	CAISHEN-LUCKY SPREAD
1044	88	PlayStar	201	27	ATHENA-LUCKY SPREAD
1044	89	PlayStar	201	33	CAISHEN DADDY
1044	90	PlayStar	201	48	MYSTIC LEGEND 2
1044	91	PlayStar	201	29	SUPER LUCKY
1044	92	PlayStar	201	23	PYRAMID OF FLAMES
1044	93	PlayStar	201	20	FOR THE HORDE
1044	94	PlayStar	201	22	PIGGY MASTER
1044	95	PlayStar	201	53	CYBERCUBE
1044	96	PlayStar	201	16	HORDE 2 WINTER
1044	97	PlayStar	201	28	GO CLASH
1044	99	PlayStar	201	60	CUBE?
1044	100	PlayStar	201	26	NECROMANCER•SHA
1044	101	PlayStar	201	4	HIYAS GEMS
1044	102	PlayStar	201	1	MAHJONG ORIGIN
1044	103	PlayStar	201	17	KNIGHT ARTHUR
1044	104	PlayStar	201	9	SUPER GEMS
1044	105	PlayStar	201	5	ZEUS OF OLYMPUS
1044	106	PlayStar	201	14	LUCKY ACE 2
1044	107	PlayStar	201	8	SUPER GEMS 2
1044	108	PlayStar	201	24	Deng Deng
1044	109	PlayStar	201	11	BOUNTY EXPRESS
1044	110	PlayStar	201	7	MAHJONG?ORIGIN 2
1044	111	PlayStar	201	31	ELECTRIC ZEUS
1046	2	FaChai	201	46	CHINESE NEW YEAR
1046	3	FaChai	201	23	CHINESE NEW YEAR 2
1046	4	FaChai	201	26	NIGHT MARKET
1046	5	FaChai	201	13	LUCKY FORTUNES
1046	6	FaChai	201	57	COWBOYS
1046	9	FaChai	201	28	SUGAR BANG BANG
1046	10	FaChai	201	53	MAGIC BEANS
1046	11	FaChai	201	9	GOLDEN GENIE
1046	12	FaChai	201	45	RICH MAN
1046	13	FaChai	201	36	WIN WIN NEKO
1046	14	FaChai	201	50	THE GOLDEN PANTHER
1046	15	FaChai	201	49	FORTUNE EGG
1046	17	FaChai	201	19	ZEUS
1046	18	FaChai	201	56	FORTUNE KOI
1046	19	FaChai	201	34	GRAND BLUE
1046	20	FaChai	201	61	TREASURE CRUISE
1046	22	FaChai	201	66	THREE LITTLE PIGS
1046	23	FaChai	201	58	PANDA DRAGON BOAT
1046	24	FaChai	201	48	PONG PONG HU
1046	25	FaChai	201	69	DA LE MEN
1046	26	FaChai	201	63	ANIMAL RACING
1046	27	FaChai	201	65	HOT POT PARTY
1046	28	FaChai	201	62	HAPPY DUO BAO
1046	29	FaChai	201	54	LUXURY GOLDEN PANTHER
1046	30	FaChai	201	60	WAR OF THE UNIVERSE
1046	31	FaChai	201	47	GOLD RUSH
1046	32	FaChai	201	51	GLORY OF ROME
1046	33	FaChai	201	70	ROBIN HOOD
1046	34	FaChai	201	42	TREASURE RAIDERS
1046	35	FaChai	201	52	MERGE MAGIC
1046	36	FaChai	201	25	CRAZY BUFFALO
1046	44	FaChai	201	21	SUPER ELEMENTS
1046	45	FaChai	201	17	NIGHT MARKET 2
1046	46	FaChai	201	6	LEGEND OF INCA
1046	47	FaChai	201	41	FORTUNE MONEY BOOM
1046	48	FaChai	201	1	QUEEN OF INCA
1046	49	FaChai	201	18	FORTUNE GODDESS
1046	50	FaChai	201	29	ROMA GLADIATRIX
1046	51	FaChai	201	3	POKER WIN
1046	52	FaChai	201	2	CHINESE NEW YEAR MOREWAYS
1046	53	FaChai	201	43	BOXING RICHES
1046	54	FaChai	201	4	SUGAR BANG BANG 2
1046	55	FaChai	201	12	PHOENIX FEVER
1046	56	FaChai	201	32	TREASURES OF ODIN
1046	58	FaChai	201	39	SWORD OF KING
1046	59	FaChai	201	40	CATLA'S MONEY MACHINE
1046	60	FaChai	201	30	CYBER GOD OF FORTUNE?
1046	61	FaChai	201	8	POKER WIN 2
1046	62	FaChai	201	7	MUSCLE FORTUNE CAT
1046	63	FaChai	201	24	BAD RICH WOLF
1046	64	FaChai	201	14	DJ BOOM BOOM
1046	65	FaChai	201	20	OPEN VAULT
1046	66	FaChai	201	11	SUGAR BANG BANG PLUS
1046	68	FaChai	201	33	JUNGLE BANG BANG
1046	69	FaChai	201	15	LUCKY FORTUNES 3x3
1046	70	FaChai	201	10	FORTUNE SHEEP
1046	71	FaChai	201	27	EGYPT BONANZA
1046	72	FaChai	201	35	CHILIHUAHUA
1046	77	FaChai	201	5	Super Elements 2
1046	78	FaChai	201	78	GOLDEN IDOL
1047	1	GamePlaySlot	201	80	Lantern Festival
1047	2	GamePlaySlot	201	6	Legend of Nezha
1047	3	GamePlaySlot	201	161	Golden Eggs
1047	4	GamePlaySlot	201	12	Zeus
1047	5	GamePlaySlot	201	83	World of Warlords
1047	6	GamePlaySlot	201	2	Pharaoh
1047	7	GamePlaySlot	201	30	Qi Xi
1047	8	GamePlaySlot	201	81	Samurai Sushi
1047	9	GamePlaySlot	201	10	Fortune Cat
1047	10	GamePlaySlot	201	162	Dimsumlicious
1047	11	GamePlaySlot	201	60	God of Gamblers
1047	12	GamePlaySlot	201	163	7 Wonders
1047	13	GamePlaySlot	201	164	Under Water World
1047	14	GamePlaySlot	201	165	Baseball
1047	15	GamePlaySlot	201	41	Monkey King
1047	16	GamePlaySlot	201	22	Bikini Beach
1047	17	GamePlaySlot	201	78	Little Monsters
1047	18	GamePlaySlot	201	67	Fruitilicious
1047	19	GamePlaySlot	201	46	Desert Oasis
1047	20	GamePlaySlot	201	27	Mafia
1047	21	GamePlaySlot	201	69	Forbidden Chamber
1047	22	GamePlaySlot	201	33	Boxing
1047	23	GamePlaySlot	201	8	God of Fortune
1047	24	GamePlaySlot	201	48	Roman Empire
1047	25	GamePlaySlot	201	26	Casino Royale
1047	26	GamePlaySlot	201	166	Queen Bee
1047	27	GamePlaySlot	201	167	Tokyo Hunter
1047	28	GamePlaySlot	201	68	Fortune Koi
1047	29	GamePlaySlot	201	17	Fortune Tree
1047	30	GamePlaySlot	201	55	7 Brothers
1047	31	GamePlaySlot	201	16	777 Golden Wheel
1047	32	GamePlaySlot	201	88	Panda
1047	33	GamePlaySlot	201	38	KlassiK
1047	34	GamePlaySlot	201	36	4 Guardians
1047	35	GamePlaySlot	201	9	Phoenix
1047	36	GamePlaySlot	201	14	Fu Lu Shou
1047	37	GamePlaySlot	201	90	Flora's Secret
1047	38	GamePlaySlot	201	66	The Nutcracker
1047	39	GamePlaySlot	201	76	Red Chamber
1047	40	GamePlaySlot	201	94	Candylicious
1047	41	GamePlaySlot	201	15	Fortune Dice
1047	42	GamePlaySlot	201	47	World Soccer Slot
1047	43	GamePlaySlot	201	95	Three Kingdoms
1047	44	GamePlaySlot	201	89	Four Beauties
1047	45	GamePlaySlot	201	82	Sweet Treats
1047	46	GamePlaySlot	201	7	Cleopatra
1047	47	GamePlaySlot	201	96	Lucky Bomber
1047	48	GamePlaySlot	201	52	Lucky Royale
1047	49	GamePlaySlot	201	97	Sky Strikers
1047	50	GamePlaySlot	201	62	Monsters Cash
1047	51	GamePlaySlot	201	3	Lion Dance
1047	52	GamePlaySlot	201	98	Trick or Treat
1047	53	GamePlaySlot	201	99	Winter Wonderland
1047	54	GamePlaySlot	201	37	Wilds and the Beanstalk
1047	55	GamePlaySlot	201	71	Zodiac
1047	56	GamePlaySlot	201	21	Lady Fortune
1047	57	GamePlaySlot	201	43	Blossom Garden
1047	58	GamePlaySlot	201	74	Hula Girl
1047	59	GamePlaySlot	201	32	Wuxia Princess Mega Reels
1047	60	GamePlaySlot	201	100	Phantom Thief
1047	61	GamePlaySlot	201	101	Genie's Luck
1047	62	GamePlaySlot	201	91	World Soccer Slot 2
1047	63	GamePlaySlot	201	75	Kung Fu Furry
1047	64	GamePlaySlot	201	102	Gem Forest
1047	65	GamePlaySlot	201	87	Frost Dragon
1047	66	GamePlaySlot	201	18	Jewel Land
1047	67	GamePlaySlot	201	86	Money Monkey
1047	68	GamePlaySlot	201	103	Moon Rabbit
1047	69	GamePlaySlot	201	23	Alchemist's Spell
1047	70	GamePlaySlot	201	45	Chess Royale
1047	71	GamePlaySlot	201	72	Vikings: Mega Reels
1047	72	GamePlaySlot	201	34	Space Neon
1047	73	GamePlaySlot	201	104	Jazz It Up
1047	74	GamePlaySlot	201	70	Fountain of Fortune
1047	75	GamePlaySlot	201	64	Fa Fa Zhu
1047	76	GamePlaySlot	201	39	Magic Paper
1047	77	GamePlaySlot	201	44	Panda Warrior
1047	78	GamePlaySlot	201	57	Three Beauties
1047	79	GamePlaySlot	201	105	Strip' n Roll
1047	80	GamePlaySlot	201	79	Captain Rabbit
1047	81	GamePlaySlot	201	28	Fortune Hong Bao
1047	82	GamePlaySlot	201	42	Nuwa and the Five Elements
1047	83	GamePlaySlot	201	63	Xuan Wu Blessing
1047	84	GamePlaySlot	201	58	Cosmic Boost
1047	85	GamePlaySlot	201	106	Wind Chimes
1047	86	GamePlaySlot	201	31	Lunar Legends
1047	87	GamePlaySlot	201	107	Nation - Double Play
1047	88	GamePlaySlot	201	50	Leap of Fortune
1047	89	GamePlaySlot	201	51	Golden Ink Rat
1047	90	GamePlaySlot	201	53	Cash and Kisses
1047	91	GamePlaySlot	201	108	Dino Age
1047	92	GamePlaySlot	201	25	Lucky Tarot
1047	93	GamePlaySlot	201	19	Chilli Surprise
1047	94	GamePlaySlot	201	13	Fortune Dragon
1047	95	GamePlaySlot	201	109	Legend of Thánh Gióng
1047	96	GamePlaySlot	201	20	Songkran: Summer Splash
1047	97	GamePlaySlot	201	29	Bai Ye Xing Fu
1047	98	GamePlaySlot	201	110	Virus Invasion
1047	99	GamePlaySlot	201	56	God of Flames
1047	100	GamePlaySlot	201	92	Angry Bees
1047	101	GamePlaySlot	201	84	Lord Bao Bao
1047	102	GamePlaySlot	201	35	Double Greatness
1047	103	GamePlaySlot	201	61	Forest Hunter
1047	104	GamePlaySlot	201	111	Elf Surprise Jackpot
1047	105	GamePlaySlot	201	112	Mystical Bali
1047	106	GamePlaySlot	201	113	UFO Frenzy
1047	107	GamePlaySlot	201	114	Sacred Clash
1047	108	GamePlaySlot	201	115	Steampunk Bandits
1047	109	GamePlaySlot	201	116	Mine of Riches
1047	110	GamePlaySlot	201	117	Alpha and the Red Hood
1047	111	GamePlaySlot	201	118	Sweet Baker
1047	112	GamePlaySlot	201	119	Skater King
1047	113	GamePlaySlot	201	4	Tiger's Roar
1047	114	GamePlaySlot	201	54	Cricket Golden Wicket
1047	115	GamePlaySlot	201	11	Full Moon Legacy: Mega Reels
1047	116	GamePlaySlot	201	120	Senorita Bingo
1047	117	GamePlaySlot	201	73	Rock and Rubbles
1047	118	GamePlaySlot	201	1	Lucky Meo Meo
1047	119	GamePlaySlot	201	77	Rainforest Riches
1047	120	GamePlaySlot	201	121	Age Of Ronin: Mega Reels
1047	121	GamePlaySlot	201	93	Gemoire Unchained: Supreme Ways
1047	122	GamePlaySlot	201	59	Pandora's Legacy: Supreme Reels
1047	123	GamePlaySlot	201	24	Dragon Wildfire: Cluster Win
1047	124	GamePlaySlot	201	122	Vampire Treats
1047	125	GamePlaySlot	201	85	Magic Tower: Cluster Win
1047	126	GamePlaySlot	201	123	Royal Nom Nom
1047	127	GamePlaySlot	201	40	Chillin Paradise: Mega Reels
1047	128	GamePlaySlot	201	5	Wrecked Treasures
1047	129	GamePlaySlot	201	124	Smash A Ghost
1047	130	GamePlaySlot	201	65	Nine Tailed Fox Diamonds
1047	131	GamePlaySlot	201	49	Arabian Loot: Ultimate Ways
1050	29	BoleGaming	201	52	The Monkey King
1050	30	BoleGaming	201	53	The Condor Heroes
1050	31	BoleGaming	201	54	The Three Kingdoms
1050	32	BoleGaming	201	55	The Four Beauties
1050	33	BoleGaming	201	56	Jewels Miner
1050	34	BoleGaming	201	57	Fresh Fruit
1050	35	BoleGaming	201	58	Night hunter
1050	36	BoleGaming	201	59	The King of Fighter
1050	37	BoleGaming	201	60	White Snake
1050	38	BoleGaming	201	61	The goddess of the moon
1050	39	BoleGaming	201	62	Fortune koi fish
1050	40	BoleGaming	201	63	King of the animals
1050	41	BoleGaming	201	64	Lucky7
1050	42	BoleGaming	201	65	God of wealth
1050	43	BoleGaming	201	66	Lucky fruit
1050	44	BoleGaming	201	67	Gemdust
1050	45	BoleGaming	201	68	Fruit samurai
1050	46	BoleGaming	201	69	Year of the mouse
1050	47	BoleGaming	201	70	Shaking
1050	51	BoleGaming	201	13	Fruit Bonanza
1050	52	BoleGaming	201	71	7PK
1050	64	BoleGaming	201	73	HEAD TAIL
1050	65	BoleGaming	201	74	Lucky 21
1054	1	LambdaGaming	201	20	CandySplash
1054	5	LambdaGaming	201	24	Kaboom
1054	6	LambdaGaming	201	7	KaboomHalloween
1054	7	LambdaGaming	201	25	XmassSweets
1054	17	LambdaGaming	201	35	8Bit-Man Twinko
1054	18	LambdaGaming	201	2	8Bit Twinko Bonanza
1054	20	LambdaGaming	201	12	X-pand
1054	21	LambdaGaming	201	8	X-pand: 20 lines
1054	22	LambdaGaming	201	1	Crown Flash
1054	23	LambdaGaming	201	37	Crown Flash: 20 lines
1054	24	LambdaGaming	201	38	X-pand: 40 lines
1054	25	LambdaGaming	201	10	Crown Flash: 40 lines
1054	26	LambdaGaming	201	39	X-pand: 100 lines
1054	27	LambdaGaming	201	40	Crown Flash: 100 lines
1054	28	LambdaGaming	201	4	Legendarium: Prometheus
1054	30	LambdaGaming	201	42	Book of Papyrus
1054	31	LambdaGaming	201	43	Super 7 Wild
1054	32	LambdaGaming	201	9	Fruit Spins
1054	33	LambdaGaming	201	44	Super 7 Wild: 20 lines
1054	34	LambdaGaming	201	6	Zodiac Wild
1054	35	LambdaGaming	201	5	Joker Wild Fruits
1054	36	LambdaGaming	201	45	Super 7 Wild: 40 lines
1054	37	LambdaGaming	201	14	Joker Wild Fruits: 20 Lines
1054	38	LambdaGaming	201	11	Sweet Bananas
1054	39	LambdaGaming	201	15	Super 7 Wild: 100 lines
1054	40	LambdaGaming	201	3	Big Bass Hunter
1054	42	LambdaGaming	201	13	Mithology Zeus
1054	44	LambdaGaming	201	18	Extra Fruits
1054	45	LambdaGaming	201	46	Book of Underworld
1054	46	LambdaGaming	201	19	Joker Lines
1056	1	Phoenix7	201	19	LUCKY DUAL FUSION
1056	2	Phoenix7	201	12	NINJA STRIKE
1056	3	Phoenix7	201	29	METEOR OF CHAOS
1056	4	Phoenix7	201	8	SAMURAI RUMBLE
1056	5	Phoenix7	201	14	DAZZLING BOX
1056	6	Phoenix7	201	1	THE WILD FOUR
1056	7	Phoenix7	201	6	GOLDEN PIRATE
1056	8	Phoenix7	201	7	THE FORBIDDEN PYRAMID
1056	9	Phoenix7	201	16	MAI TAI PUNCH
1056	10	Phoenix7	201	27	HAMMER & THUNDER
1056	11	Phoenix7	201	24	Book of Waifu
1056	12	Phoenix7	201	5	Pachinca
1056	13	Phoenix7	201	2	Sakura Fantasia
1056	14	Phoenix7	201	22	Spin Heist
1056	15	Phoenix7	201	38	Wolf and Sheep
1056	17	Phoenix7	201	25	PACHI CROON
1056	18	Phoenix7	201	4	AWAKENING OF THE DRAGON
1056	19	Phoenix7	201	28	IZAKAYA
1056	20	Phoenix7	201	9	SHARK RUSH
1056	21	Phoenix7	201	26	HIT THE MOLE
1056	22	Phoenix7	201	10	AZAI SISTERS
1056	23	Phoenix7	201	34	TOMATO FESTIVAL
1056	24	Phoenix7	201	37	FUJIN & RAIJIN
1056	25	Phoenix7	201	15	BUZZING BEES
1056	26	Phoenix7	201	3	AGE OF EXPLORERS
1056	27	Phoenix7	201	33	FLUFFY STAR
1056	28	Phoenix7	201	30	Shiba's Party
1056	30	Phoenix7	201	21	WINTER GUARDIANS
1056	32	Phoenix7	201	18	MYSTIC SNOWFLAKE
1056	33	Phoenix7	201	23	MAVIAN WREATH
1056	34	Phoenix7	201	32	ALICE AND WONDER MIRROR
1056	35	Phoenix7	201	20	HOLLYWOOD WONDERS
1056	36	Phoenix7	201	35	PACHINCAKE
1056	37	Phoenix7	201	13	CASH HACK
1056	38	Phoenix7	201	17	PACHINCUP
1056	39	Phoenix7	201	36	GOALBURST SHOOTOUT
1057	1	CC88	201	47	Richman
1057	2	CC88	201	43	JurassicWorld
1057	3	CC88	201	35	Halloween
1057	4	CC88	201	88	Amazing Circus
1057	5	CC88	201	89	Tai Wang Si Shen
1057	6	CC88	201	90	BreakAway
1057	7	CC88	201	1	1c dafudacai-5Treasures
1057	8	CC88	201	6	1c dafudacai-88Fortunes
1057	9	CC88	201	2	1c dafudacai-DiamondEternity
1057	10	CC88	201	3	1c dafudacai-DancingDrum
1057	11	CC88	201	7	1c dafudacai-FlowerOfRiches
1057	12	CC88	201	42	Platinum
1057	13	CC88	201	5	1c JuFuNaCai-Golden Tale
1057	14	CC88	201	10	1c JuFuNaCai-Eternal Diamond
1057	15	CC88	201	14	1c JuFuNaCai-Fountain Of Wealth
1057	16	CC88	201	17	1c JuFuNaCai-Blooming Riches
1057	17	CC88	201	4	1c JuFuNaCai-Rhythm Of Fortune
1057	19	CC88	201	92	Triple Monkey
1057	20	CC88	201	16	Funky Monkey
1057	21	CC88	201	46	Long Long Long
1057	22	CC88	201	22	Fa Fa Fa
1057	23	CC88	201	11	777
1057	24	CC88	201	93	Chaoji 8
1057	25	CC88	201	94	Arcadia
1057	26	CC88	201	95	City Of Poli
1057	27	CC88	201	20	Dragon Skies
1057	28	CC88	201	96	As The Gods Will
1057	29	CC88	201	97	Hungry Hungry Shark
1057	30	CC88	201	98	Jo ma ji
1057	31	CC88	201	99	Tarzan
1057	32	CC88	201	55	Diamond Slot
1057	33	CC88	201	36	50 Lions
1057	34	CC88	201	54	Speed Racing
1057	35	CC88	201	52	Marvel Tsum Tsum
1057	36	CC88	201	100	New Get Rich
1057	37	CC88	201	101	Special Chef
1057	38	CC88	201	27	Wu Lu Cai Shen
1057	39	CC88	201	102	Fishing Expert
1057	40	CC88	201	34	Zhao Cai Tong Zi
1057	41	CC88	201	15	Zhao Cai Jin Bao
1057	42	CC88	201	40	Money Farm 3
1057	43	CC88	201	103	Fish Party
1057	44	CC88	201	41	Queen Of Cash
1057	45	CC88	201	26	Lucky Twins
1057	46	CC88	201	12	Sun Quest
1057	47	CC88	201	8	5 Dragons
1057	48	CC88	201	33	Lucky Pig
1057	49	CC88	201	18	True Zhao Cai Jin Bao
1057	50	CC88	201	13	Money Farm
1057	51	CC88	201	104	5 Dealers
1057	52	CC88	201	105	Seven Lucky God
1057	53	CC88	201	64	Mystic Nine
1057	54	CC88	201	65	Wu Zi Ci Mile
1057	55	CC88	201	106	Six Lions
1057	56	CC88	201	107	Black Sheep
1057	57	CC88	201	108	Maple Story
1057	58	CC88	201	109	Taiko Master
1057	59	CC88	201	110	Onmyoji
1057	60	CC88	201	44	Pirates
1057	61	CC88	201	111	Azur Lane
1057	62	CC88	201	31	Infinity War
1057	63	CC88	201	112	War Hammer 40K
1057	64	CC88	201	61	Travel Frog
1057	65	CC88	201	113	Crossy Road
1057	66	CC88	201	32	Zombie Hunter
1057	67	CC88	201	23	Artificial Girl
1057	68	CC88	201	71	Falling Sakura
1057	69	CC88	201	39	Lion Dance
1057	70	CC88	201	75	Bright & Abyss
1057	71	CC88	201	114	Alice
1057	72	CC88	201	50	Tomb
1057	75	CC88	201	67	Military
1057	76	CC88	201	69	Might Magic
1057	77	CC88	201	53	Magic Candy
1057	78	CC88	201	72	Geisha
1057	79	CC88	201	24	Tropical Island
1057	80	CC88	201	19	Aladdin
1057	81	CC88	201	37	Odin
1057	82	CC88	201	25	Lost in Egypt
1057	83	CC88	201	117	Ninja Warrior
1057	84	CC88	201	60	Fox Spirit
1057	85	CC88	201	118	Bean Stalk
1057	86	CC88	201	9	Chinese New Year 2020
1057	87	CC88	201	119	Horizon
1057	88	CC88	201	45	Ice Wind
1057	90	CC88	201	29	Lost City Of Gold
1057	92	CC88	201	59	Aladdin
1057	94	CC88	201	48	Rugby World Cup
1057	98	CC88	201	28	Scarab
1057	99	CC88	201	21	Great Blue
1057	104	CC88	201	30	PUBG
1058	1	JDB	201	58	Wealthway
1058	2	JDB	201	52	Dragon Soar
1058	3	JDB	201	34	POP POP CANDY
1058	4	JDB	201	27	OPEN SESAME MEGA
1058	5	JDB	201	7	FRUITY BONANZA
1058	6	JDB	201	50	CAISHEN COMING
1058	9	JDB	201	28	Elemental Link Fire
1058	11	JDB	201	32	Moneybags Man 2
1058	12	JDB	201	8	Trump Card
1058	13	JDB	201	60	Fortune Neko
1058	14	JDB	201	61	Book of Mystery
1058	15	JDB	201	64	Prosperity Tiger
1058	16	JDB	201	81	Glamorous Girl
1058	17	JDB	201	29	Blossom of Wealth
1058	19	JDB	201	49	Big Three Dragons
1058	20	JDB	201	69	Mayagold Crazy
1058	21	JDB	201	36	Lantern Wealth
1058	23	JDB	201	99	Wonder Elephant
1058	24	JDB	201	9	Kong
1058	25	JDB	201	25	Lucky Diamond
1058	26	JDB	201	35	Spindrift 2
1058	28	JDB	201	98	Dragons Gate
1058	31	JDB	201	80	Moneybags Man
1058	32	JDB	201	101	Miner Babe
1058	33	JDB	201	16	Super Niubi Deluxe
1058	34	JDB	201	89	Funky King Kong
1058	35	JDB	201	63	Golden Disco
1058	36	JDB	201	4	Treasure Bowl X-Huge
1058	37	JDB	201	17	Mjolnir
1058	39	JDB	201	56	Fortune Treasure
1058	41	JDB	201	14	Super Niubi
1058	42	JDB	201	65	Dragons World
1058	43	JDB	201	48	Go Lai Fu
1058	44	JDB	201	30	Birds Party
1058	45	JDB	201	78	Triple King Kong
1058	46	JDB	201	41	Orient Animals
1058	47	JDB	201	24	Lucky Seven
1058	52	JDB	201	22	Kingsman
1058	54	JDB	201	106	Dragon
1058	57	JDB	201	40	Billionaire
1058	64	JDB	201	82	Rooster In Love
1058	65	JDB	201	76	Xi Yang Yang
1058	66	JDB	201	38	Fortune Horse
1058	68	JDB	201	42	Open Sesame II
1058	69	JDB	201	114	Winning Mask II
1058	74	JDB	201	39	Olympian Temple
1058	75	JDB	201	95	Mahjong
1058	77	JDB	201	68	Open Sesame
1058	80	JDB	201	110	New Year
1058	84	JDB	201	79	Formosa Bear
1058	85	JDB	201	94	The Llama Adventure
1058	87	JDB	201	62	Winning Mask
1058	88	JDB	201	108	Flirting Scholar Tang
1058	89	JDB	201	54	Lucky Dragons
1058	137	JDB	201	19	Dragon Soar - Hyper Wild
1058	138	JDB	201	13	Piggy Bank
1058	139	JDB	201	18	Magic Ace
1058	140	JDB	201	86	Bull Treasure X-Huge
1058	141	JDB	201	3	Magic Ace WILD LOCK
1058	142	JDB	201	23	Roma
1058	143	JDB	201	21	Mahjong Ways 2 Deluxe
1058	144	JDB	201	15	Mahjong Ways Deluxe
1058	145	JDB	201	119	Fortune Bull
1058	146	JDB	201	45	Maya Adventure
1058	147	JDB	201	31	Golden Lucky Cat
1058	148	JDB	201	47	Lucky Ganesha
1058	149	JDB	201	75	Dead Fiesta Party
1058	150	JDB	201	111	Hyakki Yagyo
1058	151	JDB	201	91	Dinosaur Paradise
1058	152	JDB	201	88	Leprechaun Treasure
1058	153	JDB	201	70	Roma Glory
1058	154	JDB	201	112	Golf Star
1058	155	JDB	201	117	Double Delight
1058	156	JDB	201	66	Gold Rush
1058	157	JDB	201	103	Ace Bartender
1058	158	JDB	201	118	Jingu Bang
1058	159	JDB	201	124	Dragon'S Jewel
1058	160	JDB	201	104	Gold Pirate
1058	161	JDB	201	83	Fortune Qilin
1058	162	JDB	201	44	Fortune Jewel
1058	164	JDB	201	26	Fruity Bonanza Combo
1058	165	JDB	201	43	Pop Pop Candy 1000
1058	166	JDB	201	96	Fishin' Fever X-Huge
1058	168	JDB	201	5	KOI TRIO
1058	169	JDB	201	10	Ragnarok : Thor VS Loki
1058	170	JDB	201	59	Lucky Elephant X-Huge
1058	176	JDB	201	105	Voyage of Blast Raider X-Lock
1058	177	JDB	201	97	Voyage of Cryo Gunner X-Lock
1058	178	JDB	201	92	Voyage of Daring Queen X-Lock
1058	179	JDB	201	87	Lucky Pearl
1058	180	JDB	201	73	Olympig
1058	181	JDB	201	121	UGO Aztec Gold
1058	182	JDB	201	122	Modern Gods
1058	183	JDB	201	53	Mahjong Wins
1058	184	JDB	201	116	Horse of Bounty
1058	185	JDB	201	123	Fortune Horse
1058	186	JDB	201	102	Ways of the Holy Horse
1058	187	JDB	201	55	Super Niubi Fortune X-Huge
1058	189	JDB	201	57	Samba Jewel
1058	190	JDB	201	51	Money Tree - Hyper Wild
1058	191	JDB	201	71	Golden Hoof Quest
1059	1	Clotplay	201	43	Meow Meow
1059	2	Clotplay	201	69	Feed The Zombie
1059	3	Clotplay	201	97	TV Worlds
1059	4	Clotplay	201	68	Burn The Office
1059	5	Clotplay	201	99	Strange Encounter
1059	6	Clotplay	201	81	SOS
1059	7	Clotplay	201	86	Oh Crap
1059	8	Clotplay	201	85	Pon Pon
1059	9	Clotplay	201	88	Happy Road
1059	10	Clotplay	201	78	All You Can Eat
1059	11	Clotplay	201	91	Lullababy
1059	12	Clotplay	201	48	Talent Night
1059	13	Clotplay	201	98	Spell Craft
1059	14	Clotplay	201	34	Lucky 7
1059	15	Clotplay	201	83	Mr Fortune
1059	16	Clotplay	201	74	Samurai Wars
1059	17	Clotplay	201	64	Where is My Monkey
1059	18	Clotplay	201	89	Steampunk 100
1059	19	Clotplay	201	87	Thai Street Food
1059	20	Clotplay	201	94	Life
1059	21	Clotplay	201	52	Magic Box
1059	22	Clotplay	201	45	Golden Temple
1059	23	Clotplay	201	35	Dragon Jewels
1059	24	ClotPlay	201	36	Tree of Wealth
1059	25	ClotPlay	201	47	Madness Buffalo
1059	26	ClotPlay	201	46	Tanzania King
1059	27	ClotPlay	201	56	Candy Party
1059	28	ClotPlay	201	59	Durian King
1059	29	ClotPlay	201	72	Thai Lucky
1059	31	ClotPlay	201	93	Trade Wars
1059	32	ClotPlay	201	16	Boxing VS Muay Thai
1059	33	ClotPlay	201	65	Legend Slot: Musashi (CP)
1059	34	ClotPlay	201	63	Legend Slot: Onimaru (CP)
1059	35	ClotPlay	201	41	Bomber Rush
1059	36	ClotPlay	201	27	Legend Slot: WuKong (CP)
1059	37	ClotPlay	201	67	Gems Rush
1059	38	ClotPlay	201	42	Gods of Olympus
1059	39	ClotPlay	201	80	Beauty Contest
1059	40	ClotPlay	201	54	Legend Slot: Layla
1059	41	ClotPlay	201	30	LABUBU Fever
1059	42	ClotPlay	201	21	Trigod Fortune
1059	43	ClotPlay	201	24	Legend Slot: NeZha
1059	44	ClotPlay	201	10	Aztec Wish
1059	45	ClotPlay	201	1	Mahjong Self-Drawn Win 3
1059	46	ClotPlay	201	5	Hot Ace
1059	47	ClotPlay	201	12	Dragon Treasure 4
1059	48	ClotPlay	201	23	Golden Empire 2
1059	49	ClotPlay	201	6	Mahjong Self-Drawn Win 4
1059	50	ClotPlay	201	15	Inca Zuma
1059	51	ClotPlay	201	9	Maneki Neko
1059	52	ClotPlay	201	71	Golden Empire
1059	53	ClotPlay	201	18	Roman Gladiator
1059	55	ClotPlay	201	7	Emperor Qin Shi Huang PLUS
1059	56	ClotPlay	201	39	Peace And Long Life PLUS
1059	57	ClotPlay	201	33	Panda Magic PLUS
1059	59	ClotPlay	201	26	Happy Prosperous
1059	60	ClotPlay	201	25	Golden Century PLUS
1059	61	ClotPlay	201	19	Golden Century
1059	64	ClotPlay	201	37	Peace & Long Life
1059	65	ClotPlay	201	103	Scrooges Bah Humbucks
1059	67	ClotPlay	201	90	Sultan's Wishes
1059	68	ClotPlay	201	61	Genghis Khan PLUS
1059	70	ClotPlay	201	77	Genghis Khan
1059	71	ClotPlay	201	49	Thor Hammer Strike: Xtreme Power Pots
1059	72	ClotPlay	201	38	Golden Gong PLUS
1059	73	ClotPlay	201	2	Cash God X4096
1059	74	ClotPlay	201	17	Fortune Overflow
1059	75	ClotPlay	201	32	Spring Festival PLUS
1059	76	ClotPlay	201	3	Mahjong Ultimate
1059	77	ClotPlay	201	44	Golden Gong
1059	78	ClotPlay	201	31	Autumn Moon PLUS
1059	79	ClotPlay	201	11	Autumn Moon
1059	80	ClotPlay	201	29	3 Kingdoms of Fortune
1059	81	ClotPlay	201	79	Amazons Unleashed
1059	82	ClotPlay	201	40	Spring Festival
1059	85	ClotPlay	201	28	Happy Prosperous PLUS
1059	86	ClotPlay	201	60	Panda Magic
1059	87	ClotPlay	201	22	Money Fortune
1059	89	ClotPlay	201	96	Mythic Wolf Extreme
1059	90	ClotPlay	201	62	Howl-O-Ween
1059	91	ClotPlay	201	57	Piñata
1059	92	ClotPlay	201	95	Slotty Claus
1059	93	ClotPlay	201	51	Silk Road PLUS
1059	94	ClotPlay	201	66	Silk Road
1059	96	ClotPlay	201	75	Blackbeard's Lucky Bucks
1059	97	ClotPlay	201	14	Rise Of Seth: Gods At War
1059	98	ClotPlay	201	8	Trigong Fortune
1059	100	ClotPlay	201	4	Ace Supreme
1059	101	ClotPlay	201	20	Rise Of Hela: Gods At War
1059	102	ClotPlay	201	13	Rise Of Thor: Gods At War
1060	1	PegasusSlot	201	62	EstateRichman
1060	2	PegasusSlot	201	104	CaribbeanTreasure
1060	3	PegasusSlot	201	76	LittleWitch
1060	4	PegasusSlot	201	14	FlameWolves
1060	5	PegasusSlot	201	108	PersianEmpire
1060	6	PegasusSlot	201	87	Heracles
1060	7	PegasusSlot	201	95	Poseidon
1060	8	PegasusSlot	201	33	GoldenMaitreya
1060	9	PegasusSlot	201	38	GoldenWuZeTian
1060	10	PegasusSlot	201	75	FaFaFa
1060	11	PegasusSlot	201	65	TaichiLiondance
1060	13	PegasusSlot	201	3	LuckyWheel
1060	14	PegasusSlot	201	69	Pharaoh
1060	15	PegasusSlot	201	28	DragonTreasure
1060	16	PegasusSlot	201	8	Cleopatra
1060	17	PegasusSlot	201	35	TaichiBoy
1060	18	PegasusSlot	201	27	TaichiFortuna
1060	19	PegasusSlot	201	24	LuckyWheelDeluxe
1060	23	PegasusSlot	201	18	GoldenFuwa
1060	24	PegasusSlot	201	99	LampBoy
1060	25	PegasusSlot	201	57	SuperDiamond
1060	26	PegasusSlot	201	47	emperor auspicious
1060	29	PegasusSlot	201	63	Arctic King
1060	30	PegasusSlot	201	86	Zorro
1060	31	PegasusSlot	201	92	Amazon Queen
1060	32	PegasusSlot	201	72	Iceage Mammoths
1060	33	PegasusSlot	201	115	Frenzyshot
1060	34	PegasusSlot	201	5	jalapeno
1060	35	PegasusSlot	201	20	Fortune cat
1060	36	PegasusSlot	201	30	ThreeKings
1060	37	PegasusSlot	201	58	GodOfFortune
1060	38	PegasusSlot	201	11	DragonTiles
1060	39	PegasusSlot	201	48	Power Of Thor
1060	40	PegasusSlot	201	80	Apollo
1060	41	PegasusSlot	201	68	Jalapeno 2
1060	42	PegasusSlot	201	83	Pirate King
1060	43	PegasusSlot	201	94	Train Robber
1060	44	PegasusSlot	201	74	Panda Warrior
1060	45	PegasusSlot	201	67	Fortune Koi
1060	46	PegasusSlot	201	101	ToySoldiers
1060	47	PegasusSlot	201	106	Crazy Penguin
1060	48	PegasusSlot	201	71	Gold Rush
1060	49	PegasusSlot	201	77	The King Of Olympus
1060	50	PegasusSlot	201	89	Grande Fortune
1060	51	PegasusSlot	201	78	Dancing Dragon
1060	52	PegasusSlot	201	43	Great Wealth
1060	53	PegasusSlot	201	64	Dragon Gate
1060	54	PegasusSlot	201	51	Royale Expedition
1060	55	PegasusSlot	201	4	Golden Dragon
1060	56	PegasusSlot	201	23	Almighty Zeus
1060	57	PegasusSlot	201	116	Dracula
1060	58	PegasusSlot	201	117	Attack on Toys
1060	59	PegasusSlot	201	59	The Unsurpassed Grace
1060	60	PegasusSlot	201	102	Thanksgiving Blast
1060	61	PegasusSlot	201	41	Tiger Master
1060	62	PegasusSlot	201	19	Lucky Fortunes
1060	63	PegasusSlot	201	100	Archer Robin Hood
1060	64	PegasusSlot	201	96	Seraph
1060	65	PegasusSlot	201	91	Chocolate Burst
1060	66	PegasusSlot	201	17	Xiangqi Warfare
1060	67	PegasusSlot	201	52	Huangdi Legend
1060	68	PegasusSlot	201	84	King Gummy Bear
1060	69	PegasusSlot	201	39	Jungle Wild Kid
1060	70	PegasusSlot	201	54	War of Asgard
1060	71	PegasusSlot	201	10	Fortune Dragon
1060	72	PegasusSlot	201	44	Auspicious Dragon
1060	73	PegasusSlot	201	88	Wealthy Waterfall
1060	74	PegasusSlot	201	25	Alchemy Wild
1060	75	PegasusSlot	201	90	Octo Squad
1060	76	PegasusSlot	201	32	Fanatic Stone Age
1060	77	PegasusSlot	201	79	God of Northern
1060	78	PegasusSlot	201	42	Gods Treasures
1060	79	PegasusSlot	201	97	Pirate Bar
1060	80	PegasusSlot	201	85	Penguin Expedition
1060	81	PegasusSlot	201	6	Fortune Lions 2
1060	82	PegasusSlot	201	15	LionLegend
1060	83	PegasusSlot	201	31	GoldToad
1060	84	PegasusSlot	201	50	GoblinGold
1060	85	PegasusSlot	201	82	Foxy Heist
1060	86	PegasusSlot	201	53	Fortune Boy
1060	87	PegasusSlot	201	16	Fortune Panda
1060	88	PegasusSlot	201	13	Mystery Show
1060	89	PegasusSlot	201	81	Pirate Treasure
1060	90	PegasusSlot	201	49	Lucky Witch
1060	91	PegasusSlot	201	66	Lions Arena
1060	92	PegasusSlot	201	55	Knife Throwing Show
1060	93	PegasusSlot	201	93	Steam Adventure
1060	94	PegasusSlot	201	21	Thor vs Loki
1060	95	PegasusSlot	201	56	Genie in the Lamp
1060	96	PegasusSlot	201	9	Sacred Pyre of Altar
1060	97	PegasusSlot	201	22	Strength of Seth
1060	98	PegasusSlot	201	37	Treasure Venture
1060	99	PegasusSlot	201	40	Dragon's Expedition
1060	100	PegasusSlot	201	2	Legend of Aztec 2
1060	101	PegasusSlot	201	1	Mahjong Gold 3
1060	102	PegasusSlot	201	7	Wild Pursuit
1060	103	PegasusSlot	201	73	Through the waves of Fire
1060	104	PegasusSlot	201	46	Abyssal Rite
1060	105	PegasusSlot	201	98	Operation Lock
1060	106	PegasusSlot	201	26	Arctic Clash
1060	107	PegasusSlot	201	105	Fiesta de Mexicana
1060	108	PegasusSlot	201	36	Mystical Temple
1060	109	PegasusSlot	201	61	King's Return
1060	110	PegasusSlot	201	34	Wild Cauldron of Magic
1060	111	PegasusSlot	201	118	Wizard's Blessing
1060	112	PegasusSlot	201	29	CaiShenBaoXi
1060	113	PegasusSlot	201	70	Rise Of Hela: Gods At War
1060	114	PegasusSlot	201	45	Rise Of Thor: Gods At War
1060	115	PegasusSlot	201	60	Rise Of Seth: Gods At War
1060	116	PegasusSlot	201	12	Mystic Aztec
1060	118	PegasusSlot	201	119	TAP STRIKE
1062	13	DragoonSoft	201	34	Over Dragon's Gate
1062	14	DragoonSoft	201	39	Get Money
1062	15	DragoonSoft	201	58	Great Lion
1062	16	DragoonSoft	201	96	Ultra Treasure
1062	17	DragoonSoft	201	101	Egypt Oracle
1062	18	DragoonSoft	201	41	Caishen Coming
1062	19	DragoonSoft	201	98	Candy Dynasty
1062	20	DragoonSoft	201	27	Rich Lion
1062	21	DragoonSoft	201	37	Monkey King
1062	22	DragoonSoft	201	35	Bust Treasury
1062	23	DragoonSoft	201	44	5 God Beast
1062	24	DragoonSoft	201	22	Get High
1062	25	DragoonSoft	201	92	Arab
1062	26	DragoonSoft	201	56	Wolf Legend
1062	27	DragoonSoft	201	78	Crystal Fruits
1062	28	DragoonSoft	201	99	Golf
1062	29	DragoonSoft	201	83	Tiger Lord
1062	30	DragoonSoft	201	31	Zeus
1062	31	DragoonSoft	201	75	Dracula
1062	32	DragoonSoft	201	55	Pirate King
1062	34	DragoonSoft	201	81	Stone Hominid
1062	35	DragoonSoft	201	79	T-Rex
1062	36	DragoonSoft	201	94	Greatest Circus
1062	37	DragoonSoft	201	86	Midas Touch
1062	38	DragoonSoft	201	45	Maya King
1062	40	DragoonSoft	201	57	Rich Dragon
1062	41	DragoonSoft	201	88	JIN HOU YE
1062	42	DragoonSoft	201	33	Fushen Coming
1062	43	DragoonSoft	201	76	Pandaria
1062	44	DragoonSoft	201	40	Rich Now
1062	45	DragoonSoft	201	42	777
1062	46	DragoonSoft	201	89	Triple Monkey
1062	47	DragoonSoft	201	73	ZHAO YUN
1062	48	DragoonSoft	201	15	Phoenix
1062	49	DragoonSoft	201	80	LU LING QI
1062	50	DragoonSoft	201	60	Booming Gems
1062	51	DragoonSoft	201	70	Many Beauties
1062	52	DragoonSoft	201	59	More Beauties
1062	53	DragoonSoft	201	63	Doggy Wealth
1062	54	DragoonSoft	201	13	Coin Cat
1062	55	DragoonSoft	201	95	Immortal Heroes
1062	56	DragoonSoft	201	77	Coin Rat
1062	57	DragoonSoft	201	62	Chef Lady
1062	58	DragoonSoft	201	47	Ore Power
1062	59	DragoonSoft	201	93	Icy Bar
1062	60	DragoonSoft	201	85	Golden Eye
1062	61	DragoonSoft	201	87	Chicken Dinner
1062	62	DragoonSoft	201	84	Farm Family
1062	63	DragoonSoft	201	38	Roman
1062	64	DragoonSoft	201	64	Big Diamond
1062	65	DragoonSoft	201	68	Muay Thai
1062	66	DragoonSoft	201	23	Egypt Dynasty
1062	68	DragoonSoft	201	14	You Will Win
1062	70	DragoonSoft	201	52	Rich Ox
1062	71	DragoonSoft	201	53	Diamond 7
1062	72	DragoonSoft	201	26	Bonus Cat
1062	73	DragoonSoft	201	49	Bakufu Shogun
1062	74	DragoonSoft	201	46	Bengal Tiger
1062	75	DragoonSoft	201	29	Dragonburst
1062	76	DragoonSoft	201	30	Buffalo Burst
1062	77	DragoonSoft	201	97	King's Sword
1062	78	DragoonSoft	201	9	Roll in Money
1062	79	DragoonSoft	201	54	Worldie
1062	81	DragoonSoft	201	72	Overlord & Concubine
1062	82	DragoonSoft	201	61	Halloween Win
1062	83	DragoonSoft	201	82	Party Night
1062	84	DragoonSoft	201	2	Mahjong Win
1062	85	DragoonSoft	201	74	Golf2
1062	86	DragoonSoft	201	17	Super Hoo Hey How
1062	87	DragoonSoft	201	48	Wonderful Christmas
1062	99	DragoonSoft	201	90	Much Richer
1062	100	DragoonSoft	201	8	Zhen Long Ju Bao
1062	101	DragoonSoft	201	5	Bounty Clash
1062	102	DragoonSoft	201	21	Red Dragon’s Treasure
1062	103	DragoonSoft	201	28	Volcanic Legend
1062	104	DragoonSoft	201	6	Neko Treasures
1062	105	DragoonSoft	201	103	Dragon Palace Fishing
1062	106	DragoonSoft	201	11	Golden Duel
1062	107	DragoonSoft	201	32	Golden Snake
1062	108	DragoonSoft	201	7	Maya Legacy
1062	109	DragoonSoft	201	3	Mahjong Win2
1062	110	DragoonSoft	201	10	Golden Qilin
1062	112	DragoonSoft	201	18	Odin Territory
1062	113	DragoonSoft	201	67	Fortune Twins
1062	114	DragoonSoft	201	66	Lucky Bunny
1062	115	DragoonSoft	201	24	Midas Hand
1062	116	DragoonSoft	201	50	Fire Ball Blaze Phoenix
1062	117	DragoonSoft	201	51	Dancing Samba
1062	121	DragoonSoft	201	1	Mahjong Win3
1062	122	DragoonSoft	201	20	Toy Pop
1062	123	DragoonSoft	201	123	Blessing Temple
1065	1	NULL	201	24	God Of Fortune
1065	2	NULL	201	2	Sakura Neko
1065	3	NULL	201	8	Sugary Bonanza
1065	4	NULL	201	12	Wild West Saloon
1065	5	NULL	201	11	Persian Gems
1065	6	NULL	201	6	Mahjong Fortune
1065	7	NULL	201	7	Queen Of Aztec
1065	8	NULL	201	20	Stallion Princess
1065	9	NULL	201	29	Gates Of Kunlun
1065	10	NULL	201	37	SanGuo - The Brotherhood
1065	11	NULL	201	1	Mermaid's Treasure
1065	12	NULL	201	3	Longevity Dragon
1065	13	NULL	201	46	Mysteries of Pandora
1065	14	NULL	201	53	Steampunk Reloaded
1065	15	NULL	201	4	Kawaii Neko
1065	16	NULL	201	13	Legendary El Toro
1065	17	NULL	201	19	Sexy Christmas Sirens
1065	18	NULL	201	21	Bikini Babes
1065	19	NULL	201	27	Spring Harvest
1065	20	NULL	201	52	Amazing Circus
1065	21	NULL	201	10	Super Phoenix
1065	22	NULL	201	38	Aphrodite - Goddess of Love
1065	23	NULL	201	44	Chasing Leprechaun Coins
1065	24	NULL	201	5	Temple of Gods
1065	25	NULL	201	43	Mochi Mochi
1065	26	NULL	201	18	Wrath of Zeus
1065	27	NULL	201	15	Gold Seekers
1065	28	NULL	201	41	Samba Fiesta
1065	29	NULL	201	48	Empress of the Black Seas
1065	30	NULL	201	50	Rave On
1065	31	NULL	201	25	Gladiators
1065	32	NULL	201	55	Run Pug Run
1065	33	NULL	201	47	Bierfest Delight
1065	34	NULL	201	23	Pawsome Xmas
1065	35	NULL	201	26	Dragon Wonder
1065	36	NULL	201	61	Adventures Of Caramelo
1065	37	NULL	201	30	Viking Valor
1065	38	NULL	201	57	Mega Wild Safari
1065	39	NULL	201	9	Forbidden Island
1065	40	NULL	201	14	Wishes of the Genie
1065	41	NULL	201	42	Muay Thai Arena
1065	42	NagaGames	201	60	Kung Fu Warrior
1065	43	NagaGames	201	54	Countdown to Fortune
1065	44	NagaGames	201	49	Lion Dance Fortune
1065	45	NagaGames	201	51	Legend of the White and Green Snake
1065	46	NagaGames	201	62	Wild Fish Hunter
1065	47	NagaGames	201	39	TNT Fiesta
1065	48	NagaGames	201	32	Golden Hatch
1065	49	NagaGames	201	58	Gangster's Paradise
1065	50	NagaGames	201	56	Lulu's Enchanted Forest
1065	51	NagaGames	201	40	Vault of Riches
1065	52	NagaGames	201	59	Taco Truck Delight
1065	53	NagaGames	201	36	Nomikai Fever
1065	54	NagaGames	201	45	Heavenly Sage
1065	55	NagaGames	201	63	Tower of Riches
1065	56	NagaGames	201	34	Spirits Fiesta
1065	57	NagaGames	201	35	Ducky Spin
1065	58	NagaGames	201	31	Golden Gallop
1065	59	NagaGames	201	28	Mayan Gold Hunt
1065	60	NagaGames	201	33	Pumpkin Night
1065	61	NagaGames	201	17	Surf Monkey
1065	62	NagaGames	201	16	Las Vegas Party
1065	63	NagaGames	201	22	Lucky Zhu
1066	1	Nextspin	201	12	Long Long Long
1066	2	Nextspin	201	60	Crazy Monkey
1066	3	Nextspin	201	21	Diamond 7
1066	4	Nextspin	201	55	Highway Bee
1066	5	Nextspin	201	13	Classic Fruits 7
1066	6	Nextspin	201	48	Shake Boom Boom
1066	7	Nextspin	201	39	Holy Goat
1066	8	Nextspin	201	52	Double Monkey
1066	9	Nextspin	201	32	Joker King
1066	10	Nextspin	201	50	Triple Kung Fu Monkey
1066	11	Nextspin	201	63	Mr. Hippo
1066	12	Nextspin	201	43	Maya Quest
1066	13	Nextspin	201	47	Dragon Blitz
1066	14	Nextspin	201	49	Crazy Monkey Deluxe
1066	15	Nextspin	201	26	Lucky Gems
1066	16	Nextspin	201	53	Triple Monkey
1066	17	Nextspin	201	54	Super Fortune
1066	18	Nextspin	201	27	7 Dragons
1066	19	Nextspin	201	42	Taiga 88
1066	21	Nextspin	201	28	Shake Thai Thai
1066	22	Nextspin	201	59	Honey 888
1066	23	Nextspin	201	24	5 Fortune Stars
1066	24	Nextspin	201	23	Buffalo King
1066	25	Nextspin	201	37	Lightning Woman
1066	26	Nextspin	201	20	Hot Smash
1066	27	Nextspin	201	35	Eternal Fire
1066	28	Nextspin	201	61	Twinkle Ice
1066	29	Nextspin	201	45	Princess of Crime
1066	30	Nextspin	201	62	Dolphin Dive
1066	31	Nextspin	201	58	Forest Secret
1066	32	Nextspin	201	29	Golden West
1066	33	Nextspin	201	46	Candy Bonanza
1066	34	Nextspin	201	22	Sweet Lava
1066	35	Nextspin	201	31	Ricky Tycoon
1066	36	Nextspin	201	34	Fortune Toad
1066	37	Nextspin	201	40	Fruit Tycoon
1066	38	Nextspin	201	33	Soccer King
1066	39	Nextspin	201	56	Ocean Chest
1066	41	Nextspin	201	7	Roma
1066	42	Nextspin	201	51	Candy Bonanza Xmas
1066	43	Nextspin	201	25	Golden Fa
1066	45	Nextspin	201	17	Big Cai Shen
1066	46	Nextspin	201	9	Roma II
1066	47	Nextspin	201	44	Golden War
1066	48	Nextspin	201	18	Lightning Dragon
1066	49	Nextspin	201	2	Aztec Gold Treasure
1066	50	Nextspin	201	30	Princess of Ra
1066	51	Nextspin	201	1	Mahjong Phoenix
1066	52	Nextspin	201	3	Mahjong Dragon
1066	53	Nextspin	201	38	Prosperity Dragon
1066	54	Nextspin	201	19	Cleopatra's Fortune
1066	55	Nextspin	201	15	Legend of Guan Gong
1066	56	Nextspin	201	8	Blue Phantom
1066	57	Nextspin	201	4	Zeus Mighty Wealth
1066	58	Nextspin	201	5	Prosperity Snake
1066	59	Nextspin	201	6	Win Win Neko
1066	60	Nextspin	201	41	Royal Gems Match
1066	61	Nextspin	201	10	Sacred Fortune
1066	63	Nextspin	201	36	Fortune Familiar
1066	64	Nextspin	201	11	Prosperity Horse
1066	65	Nextspin	201	16	Treasure of Atlantis
1066	66	NextSpin	201	14	Pharaoh's Fortune Realm
1067	1	Booongo	201	202	Crystal Land
1067	15	Booongo	201	145	Dragon Pearls
1067	17	Booongo	201	151	Book of Sun: Multichance
1067	21	Booongo	201	70	Olympian Gods
1067	23	Booongo	201	99	Scarab Riches
1067	24	Booongo	201	94	Sun of Egypt
1067	27	Booongo	201	176	Tiger’s Gold
1067	29	Booongo	201	103	Great Panda
1067	30	Booongo	201	13	Solar Temple
1067	31	Booongo	201	178	Moon Sisters
1067	33	Booongo	201	165	Aztec Sun
1067	37	Booongo	201	125	15 Dragon Pearls
1067	40	Booongo	201	186	Thunder of Olympus
1067	41	Booongo	201	160	Scarab Temple
1067	42	Booongo	201	105	Sun Of Egypt 2
1067	47	Booongo	201	181	Tiger Stone
1067	48	Booongo	201	121	3 Coins
1067	50	Booongo	201	167	Wolf Saga
1067	53	Booongo	201	157	Magic Apple
1067	57	Booongo	201	153	Hit the Gold
1067	58	Booongo	201	168	Scarab Boost
1067	63	Booongo	201	114	3 Coins: Egypt
1067	64	Booongo	201	130	Wolf Night
1067	68	Booongo	201	122	Tiger Jungle
1067	73	Booongo	201	164	Gold Express
1067	74	Booongo	201	80	Candy Boom
1067	76	Booongo	201	169	Golden Dancing Lion
1067	77	Booongo	201	170	Black Wolf
1067	79	Booongo	201	115	Queen Of The Sun
1067	81	Booongo	201	90	Pearl Diver 2: Treasure Chest
1067	82	Booongo	201	123	Happy Fish
1067	83	Booongo	201	39	Sun of Egypt 3
1067	85	Booongo	201	255	 Lion Gems: Hold and Win
1067	87	Booongo	201	159	Magic Apple 2
1067	90	Booongo	201	124	Lotus Charm
1067	91	Booongo	201	182	Aztec Fire-Hold and Win
1067	93	Booongo	201	110	Big Heist
1067	95	Booongo	201	177	Green Chilli
1067	97	Booongo	201	45	Sticky Piggy
1067	99	Booongo	201	131	Hit more Gold
1067	101	Booongo	201	264	Treasures of Fire: Scatter Pays
1067	102	Booongo	201	101	Rio Gems
1067	104	Booongo	201	179	Goddess of Egypt
1067	105	Booongo	201	156	Sunlight Princess
1067	106	Booongo	201	162	Boom! Boom! Gold!
1067	107	Booongo	201	72	Egypt Fire: Hold and Win
1067	108	Booongo	201	175	Pirate Chest: Hold and Win
1067	110	Booongo	201	83	Dragon Wealth
1067	111	Booongo	201	141	Maya Sun
1067	113	Booongo	201	111	Royal Joker: Hold and Win
1067	115	Booongo	201	57	Tiger Gems-Hold and win
1067	116	Booongo	201	63	More Magic Apple
1067	119	Booongo	201	11	Coin Volcano - Hold and win
1067	120	Booongo	201	86	Grab the Gold!
1067	121	Booongo	201	25	Lady Fortune
1067	123	Booongo	201	67	3 Hot Chillies
1067	125	Booongo	201	146	Forest Spirit
1067	126	Booongo	201	116	Black Wolf 2
1067	129	Booongo	201	142	Green Chilli 2
1067	130	Booongo	201	3	777 Coins
1067	132	Booongo	201	71	Little Farm Hold and Win
1067	133	Booongo	201	87	Grab More Gold
1067	134	Booongo	201	34	Aztec Fire2-Hold & Win Multi
1067	135	Booongo	201	38	Coin UP: Hot Fire
1067	137	Booongo	201	140	Energy Coins: Hold and Win
1067	139	Booongo	201	180	Pearl Ocean: Hold and Win
1067	140	Booongo	201	84	African Spirit Sticky Wilds
1067	141	Booongo	201	120	Crystal Scarabs
1067	143	Booongo	201	64	Fire Coins: Hold and Win
1067	144	Booongo	201	135	Gold Nuggets
1067	145	Booongo	201	48	Sun of Egypt 4
1067	148	Booongo	201	118	Fire temple: Hold and Win
1067	153	Booongo	201	58	3 Egypt Chests
1067	154	Booongo	201	24	Sky Pearls
1067	155	Booongo	201	154	Lion Coins
1067	157	Booongo	201	69	3 Clover Pots
1067	159	Booongo	201	100	Sunny Fruits 2: Hold & Win
1067	160	Booongo	201	143	Clover Charm: Hit the Bonus
1067	161	Booongo	201	61	3 China Pots
1067	162	Booongo	201	126	Fishin’ Bear
1067	164	Booongo	201	183	Energy Joker: Hold and Win
1067	165	Booongo	201	150	Sky Coins
1067	166	Booongo	201	98	Golden Teapot
1067	167	Booongo	201	22	Coin UP: Lightning
1067	172	Booongo	201	97	Fortune Globe: Hold and Win
1067	173	Booongo	201	26	3 Pots of Egypt
1067	174	Booongo	201	15	3 Coin Volcanoes: Hit the Bonus
1067	175	Booongo	201	104	China Festival
1067	176	Booongo	201	95	Lava Coins
1067	177	Booongo	201	148	Hawaii Riches
1067	178	Booongo	201	82	3 African Drums
1067	179	Booongo	201	93	Rocket Wins
1067	180	Booongo	201	127	Coin Lamp
1067	181	Booongo	201	132	3 Clover Pots Extra
1067	182	Booongo	201	19	Power Sun
1067	183	Booongo	201	28	3 Aztec Temples
1067	184	Booongo	201	113	Supercharged Clovers: Hold and Win
1067	185	Booongo	201	79	Pink Joker: Hold and Win
1067	186	Booongo	201	53	Piggy Power: Hit the Bonus
1067	187	Booongo	201	23	Coin Strike: Hold and Win
1067	188	Booongo	201	155	Royal Coins 2: Hold and Win
1067	189	Booongo	201	49	Diamonds Power: Hold and Win
1067	190	Booongo	201	147	3 Pirate Barrels: Hold and Win
1067	191	Booongo	201	7	3 Pots Riches Extra: Hold and Win
1067	192	Booongo	201	65	Power Crown: Hold and Win
1067	193	Booongo	201	102	Thunder Coins: Hold & Win
1067	194	Booongo	201	133	3 Luxor Pots: Hold and Win
1067	195	Booongo	201	60	3 Pots Riches: Hold and Win
1067	196	Booongo	201	166	Sherwood Coins: Hold and Win
1067	197	Booongo	201	78	3 Magic Lamps: Hold & Win
1067	198	Booongo	201	47	Crown and Diamonds: Hold and Win
1067	199	Booongo	201	9	Buffalo Power 2: Hold and Win
1067	200	Booongo	201	81	Buffalo Power: Hold and Win
1067	201	Booongo	201	89	Buffalo Power Megaways
1067	202	Booongo	201	149	Luxor Gold: Hold and Win
1067	203	Booongo	201	119	3 Chillies and Joker : Hold and Win
1067	204	Booongo	201	108	Royal Express: Hold and Win
1067	205	Booongo	201	107	Legend of Cleopatra Megaways
1067	206	Booongo	201	5	3 Super Hot Chillies : Hold and Win
1067	207	Booongo	201	42	King of the Sky: Hit the Bonus
1067	209	Booongo	201	139	Fruits Fever 5 lines
1067	210	Booongo	201	174	Fruits & Joker: Fever
1067	211	Booongo	201	112	Fruits & Sevens: Fever
1067	212	Booongo	201	96	Mariachi Lock
1067	213	Booongo	201	117	Nights of Fire: Hold and Win
1067	214	Booongo	201	33	3 Fortune Trees: Hold and Win
1067	215	Booongo	201	161	Hot Chilli Joker
1067	216	Booongo	201	51	Wild Cats Fire : Hold and Win
1067	219	Booongo	201	14	Pig Up
1067	220	Booongo	201	171	Flash Joker : Fever
1067	221	Booongo	201	18	Zeus Power
1067	222	Booongo	201	30	3x Catch
1067	223	Booongo	201	17	Coin Princess x1000
1067	224	Booongo	201	10	Space Coins: Hold and Win
1067	225	Booongo	201	1	Super China Pots: Hold and Win
1067	226	Booongo	201	44	Lion Gems 3 Pots: Hold and Win
1067	227	Booongo	201	4	3 Hot Teapots: Hold and Win
1067	228	Booongo	201	144	Super Pink Joker: Hold and Win
1067	229	Booongo	201	54	Coin Express: Hold and Win
1067	230	Booongo	201	43	Thunder Coins XXL: Hold and Win
1067	231	Booongo	201	2	Coin Strike 2: Hold and Win
1067	232	Booongo	201	68	4 Pots Riches: Hold and Win
1067	233	Booongo	201	128	Maya Lock: Break and Win
1067	234	Booongo	201	41	Coin Volcano 2: Hold and Win
1067	235	Booongo	201	109	25 Cookies: Hit the Bonus
1067	236	Booongo	201	136	Rockin' Joker: Hold and Win
1067	237	Booongo	201	31	Magic Clovers: Hold and Win
1067	238	Booongo	201	6	Charge the Clovers: Hit The Bonus
1067	239	Booongo	201	37	Lucky Penny 2
1067	240	Booongo	201	21	Sun of Egypt 5: Hold and Win
1067	241	Booongo	201	75	Forge of Vulcan
1067	242	Booongo	201	52	3 Royal Coins: Hold and Win
1067	243	Booongo	201	137	Crown Strike: Hold and Win
1067	244	Booongo	201	172	Dancing Joker
1067	245	Booongo	201	138	Mammoth Peak: Hold and Win
1067	246	Booongo	201	163	Wolf Power Megaways
1067	247	Booongo	201	74	Merry Giftmas: Hold and Win
1067	248	Booongo	201	62	Jingle Coins: Hold and Win
1067	249	Booongo	201	134	Lightning Clovers: Hit the Bonus
1067	250	Booongo	201	106	3 Carts of Gold: Hold and Win
1067	251	Booongo	201	88	Arizona Heist: Hold and Win
1067	252	Booongo	201	85	Hot Fire Fruits
1067	253	Booongo	201	32	Super Hot Chilli
1067	254	Booongo	201	92	Lamp of Wonder
1067	255	Booongo	201	27	Super Sticky Piggy
1067	256	Booongo	201	8	3 Gates of Pyramid
1067	257	Booongo	201	76	Super Hot Teapots: Hold and Win
1067	258	Booongo	201	129	Egypt Power x1000
1067	259	Booongo	201	12	4 Pots of Egypt: Hold and Win
1067	260	Booongo	201	158	Double Joker: Fever
1067	261	Booongo	201	55	Golden Penny x1000
1067	262	Booongo	201	152	Flaming Bells: Hold and Win
1067	263	Booongo	201	91	More Energy Coins: Hold and Win
1067	264	Booongo	201	66	Egypt Fire 2: Hold and Win
1067	265	Booongo	201	29	Golden Penny 2 x1000
1067	266	Booongo	201	20	Lava Coins 2: Hold and Win
1067	267	Booongo	201	40	3 Super Coin Volcanoes: Hit the Bonus
1067	268	Booongo	201	35	Diamonds Power XXL: Hold and Win
1067	269	Booongo	201	73	Coin Tornado
1067	270	Booongo	201	50	3 Super Hungry Pandas: Hold and Win
1067	271	Booongo	201	16	Coin Strike XXL: Hold and Win
1067	272	Booongo	201	59	4 Supercharged Clovers: Hold and Win
1067	273	Booongo	201	36	Tornado Power: Hold and Win
1067	274	Booongo	201	46	Sugar Teddy x1000
1067	275	Booongo	201	56	4 Fairy Flowers: Hold and Win
1067	276	Booongo	201	77	Thunder Coins XXL: Multicoin
1067	277	Booongo	201	201	DJ Tiger x1000
1068	1	TomHorn	201	57	243 Christmas Fruits
1068	2	TomHorn	201	58	243 Crystal Fruits
1068	3	TomHorn	201	76	243 Crystal Fruits Deluxe
1068	4	TomHorn	201	60	243 Crystal Fruits Reversed
1068	5	TomHorn	201	64	243 FIRE’N’DIAMONDS
1068	6	TomHorn	201	52	3 Mermaids
1068	7	TomHorn	201	29	81 Crystal Fruits
1068	8	TomHorn	201	10	81 Frutas Grandes
1068	9	TomHorn	201	31	81 JokerX
1068	10	TomHorn	201	27	81 Vegas Magic
1068	11	TomHorn	201	2	Aarupolis
1068	12	TomHorn	201	48	Beastie Bux
1068	13	TomHorn	201	19	Black Mummy
1068	14	TomHorn	201	43	Blackbeard's Quest
1068	15	TomHorn	201	8	Book of Aladdin
1068	16	TomHorn	201	18	Book of Cleo
1068	17	TomHorn	201	37	Book Of Spells
1068	18	TomHorn	201	35	Book of Vampires
1068	19	TomHorn	201	106	Cricket Mania
1068	20	TomHorn	201	53	Diamond Hill
1068	21	TomHorn	201	50	Don Juan's Peppers
1068	22	TomHorn	201	63	Dragon Egg
1068	23	TomHorn	201	23	Dragon Riches
1068	24	TomHorn	201	66	Dragon VS Phoenix
1068	25	TomHorn	201	40	Feng Fu
1068	26	TomHorn	201	11	Fire'n'Frenzy 5
1068	27	TomHorn	201	46	Fire'n'Hot
1068	28	TomHorn	201	85	Flaming Fruit
1068	29	TomHorn	201	56	Flaming Fruit Deluxe
1068	30	TomHorn	201	49	Flaming Wild 27
1068	31	TomHorn	201	34	Fluxberry
1068	32	TomHorn	201	36	Frozen Queen
1068	33	TomHorn	201	16	Fruits Go Pop!
1068	34	TomHorn	201	107	Frutopia
1068	35	TomHorn	201	82	Geisha's Fan
1068	36	TomHorn	201	61	Gold X
1068	37	TomHorn	201	108	Hawaiian Fever
1068	38	TomHorn	201	20	Hot Blizzard
1068	39	TomHorn	201	47	Hot'n'Fruity
1068	40	TomHorn	201	33	Inca's Treasure
1068	41	TomHorn	201	41	Joker Reelz
1068	42	TomHorn	201	109	Kongo Bongo
1068	43	TomHorn	201	44	La Tomatina
1068	44	TomHorn	201	14	Midas Dynasty
1068	45	TomHorn	201	12	Mine Mine Quest
1068	46	TomHorn	201	62	Monkey 27
1068	47	TomHorn	201	65	Monster Madness
1068	48	TomHorn	201	5	Pandas Run
1068	49	TomHorn	201	59	PengWins
1068	50	TomHorn	201	54	Red Lights
1068	51	TomHorn	201	38	Rot Stormo
1068	52	TomHorn	201	28	Savannah King
1068	53	TomHorn	201	32	Shaolin's Tiger
1068	54	TomHorn	201	9	Sherlock. A Scandal in Bohemia
1068	55	TomHorn	201	39	Sizable Win
1068	56	TomHorn	201	110	Sky Barons
1068	57	TomHorn	201	21	Space Jammers
1068	58	TomHorn	201	111	Spinball
1068	59	TomHorn	201	25	Sweet Crush
1068	60	TomHorn	201	67	The Cup
1068	61	TomHorn	201	13	The Secret of BA
1068	62	TomHorn	201	24	Thrones of Persia
1068	63	TomHorn	201	7	Triple Joker
1068	64	TomHorn	201	30	Triple Thunder
1068	65	TomHorn	201	45	Wheel of Luck (Hold&Win)
1068	66	TomHorn	201	4	WILD DRAGON’S FORTUNE
1068	67	TomHorn	201	42	Wild Mirage
1068	68	TomHorn	201	68	Wild Weather
1068	69	TomHorn	201	26	Wolf Sierra
1068	73	TomHorn	201	75	Santa Yetti
1068	74	TomHorn	201	99	243 Clover Fruits
1068	75	TomHorn	201	6	Wild Tribe Wall
1068	76	TomHorn	201	17	Triple Up
1068	77	TomHorn	201	51	Dragon Egg FeatureStorm
1068	78	TomHorn	201	15	Candy Coins
1068	79	TomHorn	201	3	Reborn of Zeus 3000
1068	81	TomHorn	201	100	243 Chili
1068	82	TomHorn	201	83	27 Crystal Fruits
1068	83	TomHorn	201	71	243 Zeus Fruits
1068	84	TomHorn	201	70	256 Frutas Grandes
1068	85	TomHorn	201	72	81 Creepy Circus
1068	86	TomHorn	201	89	Alien Turtles vs. Humans
1068	87	TomHorn	201	84	Akne Fruits
1068	88	TomHorn	201	86	Bank Wagon Heist
1068	89	TomHorn	201	90	Beast Coinz
1068	90	TomHorn	201	105	Biggy Winnie feat. The Rich One
1068	91	TomHorn	201	73	Bison vs Buffalo
1068	92	TomHorn	201	95	Book of Azure
1068	93	TomHorn	201	91	Book of Darius
1068	94	TomHorn	201	92	Catch the Luck
1068	95	TomHorn	201	79	CROWN’S LEGACY
1068	96	TomHorn	201	80	CRYSTAL FRUITS BONANZA
1068	97	TomHorn	201	94	Hook the Fortune
1068	98	TomHorn	201	87	Hot Blizzard Deluxe
1068	99	TomHorn	201	55	Lucky Scarab
1068	100	TomHorn	201	88	Majestic Coins
1068	101	TomHorn	201	101	Max Gold: Exploring the Unknown
1068	102	TomHorn	201	102	Money Bunny Show
1068	103	TomHorn	201	96	Panda Rica
1068	104	TomHorn	201	81	Pantera Rica
1068	105	TomHorn	201	78	Pirate Coins
1068	106	TomHorn	201	93	Red Head Bounty
1068	107	TomHorn	201	97	Roman Spins
1068	108	TomHorn	201	74	Tao Tree Coins
1068	109	TomHorn	201	69	Wild Skyfire
1068	110	TomHorn	201	98	Wild Snowflakes
1068	111	TomHorn	201	77	Zeus Divine Multipliers
1068	112	TomHorn	201	22	Giza’s Portals
1068	113	TomHorn	201	103	Sweet Gold 3000
1071	11	5GGames	201	5	HAMMER OF VULCAN
1071	12	5GGames	201	8	GEMS MINER
1071	13	5GGames	201	11	KING'S REALM
1071	16	5GGames	201	41	OPERA PANDA
1071	17	5GGames	201	32	TREASURES OF EGYPT
1071	19	5GGames	201	20	SUPREME ACE
1071	21	5GGames	201	13	GOLDEN LEGEND
1071	22	5GGames	201	14	MASTER OF GOLD MINER 2
1071	23	5GGames	201	30	MASTER OF GOLD MINER
1071	24	5GGames	201	12	GOD OF FORTUNE 2
1071	25	5GGames	201	34	GOD OF FORTUNE
1071	26	5GGames	201	1	MAHJONG WAYS 3+
1071	27	5GGames	201	3	MAHJONG WAYS 3
1071	28	5GGames	201	16	LUCKY TIGER
1071	30	5GGames	201	33	GOLDEN ISLAND
1071	33	5GGames	201	44	THRILLER TOWN
1071	34	5GGames	201	36	PICHU PICHU
1071	35	5GGames	201	23	BATTLE OF ALLIANCE
1071	39	5GGames	201	22	NEKO TITAN
1071	40	5GGames	201	37	DJ SEAL
1071	41	5GGames	201	7	KUNG FU LEOPARD
1071	42	5GGames	201	39	SUGAR HIGH5
1071	43	5GGames	201	43	MEGA ACE
1071	44	5GGames	201	38	COLOR BINGO
1071	45	5GGames	201	45	THRONE OF POSEIDON
1071	46	5GGames	201	26	FORTUNE TRIO
1071	47	5GGames	201	10	WILD BOUNTY
1071	48	5GGames	201	15	LABUBY
1071	49	5GGames	201	40	BOOK OF EGYPT
1071	50	5GGames	201	2	MAHJONG 5 DRAGONS
1071	51	5GGames	201	31	GOVERNMENT DISCO 2
1071	52	5GGames	201	35	DRAGON TIGER SHOWDOWN
1071	53	5GGames	201	19	FORTUNE HORSES
1071	54	5GGames	201	17	NEKO X NEKO
1071	55	5GGames	201	42	SUGAR FRENZY
1071	56	5GGames	201	28	FIERY BOXING
1071	57	5GGames	201	9	LEGACY OF AZTEC
1071	58	5GGames	201	25	GOLDEN RHINO
1071	59	5GGames	201	4	BANDITO RETURNS
1071	60	5GGames	201	18	OLYMPUS APOLLO
1071	61	5GGames	201	6	PIÑATA 1000
1071	62	5GGames	201	62	FORTUNE LION
1071	63	5GGames	201	63	SUPER ACE ROYAL
1072	14	Spribe	201	18	Crystal Fall
1072	15	Spribe	201	15	Neo Vegas
1072	16	Spribe	201	9	Gates of Egypt
1072	17	Spribe	201	21	Forest of Whisps
1072	18	Spribe	201	23	Keplers Paradise
1072	19	Spribe	201	20	Happy Wreckers
1072	20	Spribe	201	22	Barn to Mars
1072	21	Spribe	201	14	Juicy Bombs
1072	22	Spribe	201	16	Reckless Pirates
1072	23	Spribe	201	8	Oink Heist: Pigy Collect
1075	1	PoggiPlay	201	21	Burial Warfare
1075	2	PoggiPlay	201	30	Super City
1075	3	PoggiPlay	201	31	Space Collector
1075	5	PoggiPlay	201	28	Scooter Biker
1075	6	PoggiPlay	201	33	Purple Fox
1075	8	PoggiPlay	201	24	Lucky Captain
1075	9	PoggiPlay	201	35	Blue Invaders
1075	10	PoggiPlay	201	20	Fuzzy Wuzzy
1075	11	PoggiPlay	201	29	Fire Sloth
1075	12	PoggiPlay	201	18	Face Control
1075	13	PoggiPlay	201	36	Deadly Diamond
1075	14	PoggiPlay	201	11	Creepy Dippy
1075	15	PoggiPlay	201	37	Bull Fight
1075	16	PoggiPlay	201	38	Blueberry Island
1075	17	PoggiPlay	201	39	Inside the Hat
1075	18	PoggiPlay	201	12	Calle Piñata
1075	19	PoggiPlay	201	25	Christmas Control
1075	20	PoggiPlay	201	9	Sultan's Diamond
1075	21	PoggiPlay	201	17	Bust a Nut
1075	22	PoggiPlay	201	8	Aztec Maiden
1075	23	PoggiPlay	201	23	Indiana Mines
1075	24	PoggiPlay	201	2	Roman Coin
1075	25	PoggiPlay	201	6	Cyber 3x3
1075	27	PoggiPlay	201	14	Ronny vs Donny
1075	30	PoggiPlay	201	5	Christmas Coin
1075	32	PoggiPlay	201	4	Book of Crown
1075	33	PoggiPlay	201	3	VIP Crown
1075	34	PoggiPlay	201	10	Sexy Joker
1075	35	PoggiPlay	201	40	Pumpkin Potion
1075	36	PoggiPlay	201	41	Pink Beard
1075	37	PoggiPlay	201	16	Bunny and Clyde
1075	39	PoggiPlay	201	1	Elite Coin
1075	40	PoggiPlay	201	22	Football Mines
1075	41	PoggiPlay	201	7	Penalty Cup
1077	3	Aviatrix	201	3	Aviatrix Fruits
1078	1	NULL	201	14	Pumpkin Farm
1078	2	NULL	201	8	Kelly's Wheel Double
1078	3	NULL	201	25	Killer Whale
1078	4	NULL	201	35	Egyptian Beauty
1078	5	NULL	201	42	Kitty in the Basket
1078	6	NULL	201	41	Dancing Ladybug
1078	7	NULL	201	18	Treasure of Zeus
1078	8	NULL	201	15	Road to Mystic OZ
1078	9	NULL	201	2	Kelly's Wheel Single
1078	10	NULL	201	23	Three Little Pigs
1078	11	NULL	201	40	WILD Kelly
1078	12	NULL	201	28	Child of Success
1078	13	NULL	201	39	Child of Fortune
1078	14	NULL	201	27	Golden Agent
1078	15	NULL	201	48	Dragon Queen
1078	16	NULL	201	7	Child of Happiness
1078	17	NULL	201	10	Christmas Gift
1078	18	NULL	201	6	Gold Bonus
1078	19	NULL	201	24	Green Hat Fairy
1078	20	NULL	201	32	Shoot the Cannon
1078	21	NULL	201	17	Buffalo Gold
1078	22	NULL	201	21	Golden Fish
1078	23	NULL	201	38	Samba Trio
1078	24	NULL	201	44	Jungle King
1078	25	NULL	201	33	King's Knight
1078	26	NULL	201	45	Giant's Lamp
1078	27	NULL	201	26	Burning Seven
1078	28	NULL	201	19	Piggy Money
1078	29	NULL	201	5	Nine Jackpots
1078	30	NULL	201	20	Buffalo Freedom
1078	31	NULL	201	29	Medusa Queen
1078	32	NULL	201	11	Jackpot Star
1078	33	NULL	201	37	Cabaret Cash
1078	34	NULL	201	9	God of Thunder
1078	35	NULL	201	12	Blazing Wild
1078	36	NULL	201	34	Cleopatra Tumble
1078	37	NULL	201	46	Jelly Jelly
1078	38	NULL	201	47	Clash of slots
1078	39	NULL	201	13	Tumble Fortune
1078	40	NULL	201	36	Lady of the Generals
1078	41	NULL	201	1	Wild Bang Bang
1078	42	NULL	201	3	Hello Neko
1078	43	LuckyMonaco	201	16	Buddha's Treasure
1078	44	LuckyMonaco	201	31	Thunder Ball
1078	45	LuckyMonaco	201	30	Ice Queen
1078	46	LuckyMonaco	201	43	Book of the Universe
1078	47	LuckyMonaco	201	22	Buddha's Fortune
1078	48	LuckyMonaco	201	4	Infinity Wheel
1079	3	Fastspin	201	43	Caribbean Riches
1079	4	Fastspin	201	14	Farm Of Fortune
1079	5	Fastspin	201	2	Adventure To The West
1079	6	Fastspin	201	54	Money Dragon
1079	7	Fastspin	201	7	Ranger Showdown
1079	8	Fastspin	201	11	Yeti Boom
1079	9	Fastspin	201	29	Money Empire
1079	10	Fastspin	201	63	Leprechaun Bonanza
1079	11	Fastspin	201	65	Sweet Frenzy
1079	12	Fastspin	201	35	City of Jewels
1079	13	Fastspin	201	18	Mushroom Bandit
1079	14	Fastspin	201	10	Mighty Sevens
1079	15	Fastspin	201	33	Neko Riches
1079	16	Fastspin	201	1	The Great Safari
1079	17	Fastspin	201	30	Tiki Rush
1079	18	Fastspin	201	56	Legend of Nian
1079	19	Fastspin	201	25	The Nutcrackers
1079	20	Fastspin	201	69	Mining Bonanza
1079	21	Fastspin	201	72	Heavenly Fortunes 2
1079	22	Fastspin	201	74	Ganesha Luck
1079	23	Fastspin	201	73	Heavenly Fortunes
1079	24	Fastspin	201	41	Safari Blitz
1079	25	Fastspin	201	44	Goddess Of Egypt
1079	26	Fastspin	201	26	The Maya Myth
1079	27	Fastspin	201	36	Spin and Win
1079	28	Fastspin	201	59	Fortune Lions
1079	29	Fastspin	201	49	Honey Trap
1079	30	Fastspin	201	60	Oceanic Melodies
1079	31	Fastspin	201	57	Loki
1079	32	Fastspin	201	13	Fruits Mania
1079	33	Fastspin	201	55	Fiery Lava
1079	34	Fastspin	201	19	God Of Wealth
1079	35	Fastspin	201	58	Legend Of Eagle
1079	36	Fastspin	201	71	Neon Fantasy
1079	37	Fastspin	201	47	Triple Happiness
1079	38	Fastspin	201	39	Lucky Fortune
1079	39	Fastspin	201	48	Space Conquest
1079	40	Fastspin	201	6	Royale House
1079	41	Fastspin	201	42	Sexy Vegas
1079	42	Fastspin	201	51	Roma
1079	43	Fastspin	201	38	Gold Rush Cowboys
1079	44	Fastspin	201	22	Wild Wet Win
1079	45	Fastspin	201	21	Royal Katt
1079	46	Fastspin	201	40	Rich Cai Shen
1079	47	Fastspin	201	45	Muay Thai Fighter
1079	48	Fastspin	201	17	Poker Ways
1079	49	Fastspin	201	5	Mahjong Princess
1079	50	Fastspin	201	46	Nezha
1079	51	Fastspin	201	34	Pai Gow Ways
1079	53	Fastspin	201	62	Pumpkins Go Lucky
1079	54	Fastspin	201	64	Beasts of Luck
1079	55	Fastspin	201	70	Guardian of The Museum
1079	56	Fastspin	201	9	Alien Smash
1079	57	Fastspin	201	32	Wild Mafia
1079	58	Fastspin	201	28	Blade of Fortune
1079	59	Fastspin	201	31	Jungle Quest
1079	60	Fastspin	201	53	Candy Super Tumble
1079	61	Fastspin	201	12	Wild Calavera
1079	62	Fastspin	201	23	Fortune Jewels I
1079	63	Fastspin	201	15	Boxing Fury
1079	64	Fastspin	201	4	Golden Moon Empire
1079	65	Fastspin	201	67	Nutty Riches
1079	66	Fastspin	201	3	Fortune Jewels II
1079	67	Fastspin	201	37	Frosty and Flamy
1079	68	Fastspin	201	20	Fortune Jewels III
1079	69	Fastspin	201	50	Golden Horse Ride
1079	70	Fastspin	201	8	Spirit of the Sea
1079	71	Fastspin	201	61	Snake Treasure
1079	72	Fastspin	201	24	Imperial Majesty
1079	74	Fastspin	201	27	Goal Go Win
1079	75	Fastspin	201	16	Vegas Hot Fruit
1081	1	Apollo	201	101	Golden Tour
1081	2	Apollo	201	102	Captain's Treasure
1081	3	Apollo	201	25	Safari Heat
1081	4	Apollo	201	42	Highway King
1081	5	Apollo	201	43	Panther Moon
1081	6	Apollo	201	103	Nian Nian You Yu
1081	7	Apollo	201	4	Great Blue
1081	8	Apollo	201	36	Zhao Cai Jin Bao
1081	9	Apollo	201	104	Thai Paradise
1081	10	Apollo	201	57	Halloween Fortune
1081	11	Apollo	201	105	Iceland
1081	12	Apollo	201	39	Fortune Panda
1081	13	Apollo	201	106	5 Dragons
1081	14	Apollo	201	1	Dolphin Reef
1081	15	Apollo	201	107	Geisha story
1081	16	Apollo	201	108	Penguin vacation
1081	17	Apollo	201	109	Rome and glory
1081	18	Apollo	201	29	Lotto madness
1081	20	Apollo	201	33	Pharaoh
1081	21	Apollo	201	13	Lucky Fruit
1081	22	Apollo	201	9	Royal 777
1081	23	Apollo	201	30	Aladdin
1081	24	Apollo	201	44	Bonus Bears
1081	25	Apollo	201	111	Alice
1081	26	Apollo	201	11	Kimochi
1081	27	Apollo	201	52	Funky Monkey
1081	28	Apollo	201	112	Treasure Island
1081	29	Apollo	201	46	Money Fever
1081	30	Apollo	201	10	Jin Qian Wa
1081	31	Apollo	201	113	Wong Choy
1081	32	Apollo	201	114	Fong Shen
1081	33	Apollo	201	38	Cherry love
1081	34	Apollo	201	115	Five Fortune
1081	35	Apollo	201	35	Big Prosperity
1081	36	Apollo	201	116	Wild Fox
1081	37	Apollo	201	117	Stripper Night - Girls
1081	38	Apollo	201	8	God of Wealth
1081	39	Apollo	201	118	Stone Age
1081	40	Apollo	201	119	Pirate
1081	41	Apollo	201	31	Golden Slut
1081	42	Apollo	201	34	Laura
1081	43	Apollo	201	120	Pan jin lian
1081	44	Apollo	201	20	Three Kingdoms
1081	45	Apollo	201	121	RobinHood
1081	46	Apollo	201	14	Fairy Garden Plus
1081	47	Apollo	201	26	Magical Spin
1081	49	Apollo	201	55	Bomoh
1081	50	Apollo	201	32	Flower Paradise
1081	51	Apollo	201	12	Golden Tree
1081	52	Apollo	201	56	Covid-19
1081	53	Apollo	201	22	Triple Twister
1081	54	Apollo	201	27	Jin Ji Bao Xi
1081	55	Apollo	201	5	Wild West Gold
1081	56	Apollo	201	24	Triple Tigers
1081	57	Apollo	201	28	888 Dragons
1081	58	Apollo	201	59	Treasure Horse
1081	59	Apollo	201	2	Fire Strike
1081	60	Apollo	201	23	Vampire vs Wolves
1081	61	Apollo	201	47	Release the Kraken
1081	62	Apollo	201	18	Golden OX
1081	63	Apollo	201	15	Wolf Gold
1081	64	Apollo	201	40	Chilli Heat
1081	65	Apollo	201	45	Top Gun
1081	66	Apollo	201	41	Sea World
1081	67	Apollo	201	19	Pyramid of Osiris
1081	68	Apollo	201	16	Battle Chess
1081	69	Apollo	201	17	Sherlock's Secret
1081	70	Apollo	201	60	Great Ocean Treasure
1081	71	Apollo	201	21	Fiona's Fantasyland
1081	72	Apollo	201	50	Oishiii Omakase
1081	73	Apollo	201	48	Bonus Panther Moon
1081	74	Apollo	201	61	Bonus Great Blue
1081	120	Apollo	201	7	Artemis
1081	121	Apollo	201	6	Choi Shen Dao
1082	2	Vgaming	201	7	The Legend of Heroes
1082	3	Vgaming	201	16	Nightclub Lady
1082	4	Vgaming	201	6	Way to Goal
1082	5	Vgaming	201	1	Fortune Cat
1082	6	Vgaming	201	17	Happy Fish
1082	7	Vgaming	201	9	Magic Forest
1082	8	Vgaming	201	11	DJ Club
1082	9	Vgaming	201	14	Ultimate Operation
1082	10	Vgaming	201	8	Pink Idols
1082	11	Vgaming	201	4	Treasure Island
1082	12	Vgaming	201	3	Candy Land
1082	37	Vgaming	201	52	Four Guardians
1082	38	Vgaming	201	15	Cybertron War
1082	39	Vgaming	201	5	Pirate King
1082	71	Vgaming	201	10	Dragon Pearl
1083	9	NULL	201	30	Casino Heist
1083	10	NULL	201	1	Sticky 777
1083	13	NULL	201	32	Fairy in Wonderland
1083	15	NULL	201	17	Piggy Party
1083	16	NULL	201	34	Maya's treasure
1083	18	NULL	201	3	Wild Corrida
1083	20	NULL	201	20	Forest Rock
1083	21	NULL	201	37	Lucky Betting Shop
1083	23	NULL	201	39	Odd One Out
1083	24	NULL	201	40	Bounty Hunters
1083	27	NULL	201	43	Battle for the throne
1083	28	NULL	201	44	Book of Eskimo
1083	30	NULL	201	46	Wild Icy Fruits
1083	31	NULL	201	2	Book of Egypt
1083	32	NULL	201	47	Capital City Derby
1083	33	NULL	201	19	Pirates Power
1083	34	NULL	201	9	Fortune Farm
1083	36	NULL	201	49	Planets Power
1083	37	NULL	201	14	Spinning Buddha
1083	38	NULL	201	50	God of Coins
1083	39	NULL	201	51	Wild White Whale
1083	40	NULL	201	52	Zombie Apocalypse
1083	41	NULL	201	5	Pia
1083	42	NULL	201	12	Veni Vidi Vici
1083	43	NULL	201	15	Pinata Loca
1083	44	NULL	201	7	Shaolin Crew
1083	45	NULL	201	53	Leprechaun Wish
1083	46	NULL	201	8	100 Super Icy
1083	50	NULL	201	11	Rich Panda
1083	52	Expanse	201	10	Candy's Bonanza
1083	53	Expanse	201	21	Gates of Olympia
1083	54	Expanse	201	57	Trick or Treat Bonanza
1083	55	Expanse	201	6	Gates of Halloween
1083	56	Expanse	201	13	Gates of Christmas
1083	58	Expanse	201	18	Gates of Love
1084	1	SPlus	201	28	Deep Sea Adventure
1084	2	SPlus	201	16	Gods of Honour
1084	3	SPlus	201	6	Mayan Ruins
1084	4	SPlus	201	29	Cleopatra
1084	5	SPlus	201	10	Super Star
1084	6	SPlus	201	23	Jurassic Land
1084	7	SPlus	201	14	Monkey King
1084	8	SPlus	201	12	Treasure Bowl
1084	9	SPlus	201	19	King Arthur
1084	10	SPlus	201	11	Magic Sweets
1084	11	SPlus	201	18	Bliss Tiger
1084	12	SPlus	201	1	Dragon God
1084	13	SPlus	201	31	Legend of The Dragon
1084	14	SPlus	201	26	Phoenix Legend
1084	15	SPlus	201	37	Dragon Tiger Luck
1084	16	SPlus	201	32	Animal Kingdom
1084	17	SPlus	201	8	Fu Lu Shou
1084	18	SPlus	201	4	Biography of Wu Sheng
1084	19	SPlus	201	36	Shiny Fruit
1084	20	SPlus	201	20	Mahjong Ways
1084	21	SPlus	201	21	Make Some Noise
1084	22	SPlus	201	15	Dragon King
1084	23	SPlus	201	22	Heart of India
1084	25	SPlus	201	17	Neon Zone
1084	26	SPlus	201	2	Wonder Xmas
1084	27	SPlus	201	7	Beer Fest
1084	28	SPlus	201	24	Farm Animals
1084	29	SPlus	201	13	Love Wealth
1084	30	SPlus	201	27	Fruits Land
1084	31	SPlus	201	33	Color Bomb
1084	32	SPlus	201	3	Million Train
1084	33	SPlus	201	34	Power of Thor
1084	34	SPlus	201	30	WHEEL
1085	1	NULL	201	26	Inca Zuma
1085	2	NULL	201	5	Mahjong Self-Drawn Win 3
1085	3	NULL	201	10	Mahjong Self-Drawn Win
1085	4	NULL	201	4	Mahjong Self-Drawn Win 2
1085	5	NULL	201	20	Dragon Treasure 4
1085	6	NULL	201	1	Golden Empire2
1085	7	NULL	201	3	Golden Empire
1085	8	NULL	201	17	Mining Maestro
1085	9	NULL	201	7	Hot Ace
1085	10	NULL	201	12	Maneki Neko
1085	11	NULL	201	40	Dragon's Treasure 3 M
1085	12	NULL	201	21	Wild Fortune 2
1085	13	NULL	201	48	Dragon's Treasure 3
1085	14	NULL	201	46	Wild Fortune
1085	15	NULL	201	14	Fireworks Blessings
1085	16	NULL	201	29	Chili King
1085	17	NULL	201	25	Three Star Fortune
1085	19	NULL	201	36	Legend of Phoenix
1085	20	NULL	201	24	Golden Maitreya
1085	21	NULL	201	31	The Hand of Midas
1085	25	NULL	201	19	Wild Legends
1085	26	NULL	201	28	Rich roll in
1085	27	NULL	201	34	Rocket God of Wealth
1085	31	NULL	201	37	Maya Empire
1085	33	NULL	201	23	Emperor Qin Shi Huang PLUS
1085	34	NULL	201	52	Gem Gala
1085	35	NULL	201	27	Lion Dance
1085	36	NULL	201	33	Golden Farm
1085	37	NULL	201	49	open sesame
1085	38	NULL	201	45	Capybara Bar
1085	39	NULL	201	44	Kingdom of Fire Dragon
1085	40	NULL	201	47	Toucan
1085	43	NULL	201	11	Bullfight King
1085	46	NULL	201	39	Lucky Gold Rush
1085	47	NULL	201	38	Roman Gladiator
1085	48	NULL	201	18	Eternal Night Clash
1085	50	NULL	201	30	Mahjong Self-Drawn Win 4
1085	51	NULL	201	42	Forgefire God
1085	52	NULL	201	50	Arcane Dragon
1085	53	NULL	201	41	Piñata
1085	54	NULL	201	22	Mahjong Saga
1085	55	NULL	201	6	Fortune Overflow
1085	56	NULL	201	9	Wealth Coins
1085	57	VAGaming	201	8	Joker Carnival  4096
1085	58	VAGaming	201	15	Gates of Inca Queen
1085	59	VAGaming	201	16	Mahjong Self-Drawn Win 5
1085	60	VAGaming	201	51	Aztec Myth
1085	61	VAGaming	201	32	Three Egyptian Treasures
1085	62	VAGaming	201	2	Cash God X4096
1085	63	VAGaming	201	35	Thor  Deluxe
1085	65	VAGaming	201	43	Treasure of the Mummy
1085	66	VAGaming	201	13	Meow Riches
1085	67	VAGaming	201	67	WILD BOUNTY QUEEN 2048
1089	1	RoyalSlotGaming	201	8	Pharaoh
1089	2	RoyalSlotGaming	201	29	Gold Chicken
1089	3	RoyalSlotGaming	201	72	Fortune Thai
1089	4	RoyalSlotGaming	201	18	Royal 777
1089	5	RoyalSlotGaming	201	62	Magic Gem
1089	6	RoyalSlotGaming	201	46	Love City
1089	7	RoyalSlotGaming	201	58	Alibaba
1089	8	RoyalSlotGaming	201	21	Lucky Fruits
1089	9	RoyalSlotGaming	201	47	Captain Hook
1089	10	RoyalSlotGaming	201	11	Five Dragons
1089	11	RoyalSlotGaming	201	51	Jungle
1089	12	RoyalSlotGaming	201	23	72 Changes
1089	13	RoyalSlotGaming	201	65	HUCA
1089	14	RoyalSlotGaming	201	30	Sweet Candy
1089	15	RoyalSlotGaming	201	12	Popeye
1089	16	RoyalSlotGaming	201	54	Mermaid
1089	17	RoyalSlotGaming	201	36	Crazy Doctor
1089	18	RoyalSlotGaming	201	45	Wild Panda
1089	19	RoyalSlotGaming	201	27	Buffalo
1089	20	RoyalSlotGaming	201	55	Lucky Thailand
1089	21	RoyalSlotGaming	201	53	God of Wealth
1089	22	RoyalSlotGaming	201	39	Nonstop
1089	23	RoyalSlotGaming	201	69	Lucky Dragon
1089	24	RoyalSlotGaming	201	33	Fire Spin
1089	25	RoyalSlotGaming	201	81	Goblin Miner
1089	26	RoyalSlotGaming	201	67	TiKi Party
1089	27	RoyalSlotGaming	201	35	Lucky Bar
1089	28	RoyalSlotGaming	201	28	Dragon King
1089	29	RoyalSlotGaming	201	26	Disco Night
1089	30	RoyalSlotGaming	201	74	Horror Nights
1089	31	RoyalSlotGaming	201	82	Mr.Doggy
1089	32	RoyalSlotGaming	201	83	HUSA
1089	33	RoyalSlotGaming	201	79	Wizard Store
1089	34	RoyalSlotGaming	201	48	FuWaFaFa
1089	35	RoyalSlotGaming	201	76	Tarzan
1089	36	RoyalSlotGaming	201	25	Africa
1089	37	RoyalSlotGaming	201	32	Jalapeno
1089	38	RoyalSlotGaming	201	41	Piggy Punch
1089	40	RoyalSlotGaming	201	61	China Empress
1089	41	RoyalSlotGaming	201	37	Dancing Lion
1089	42	RoyalSlotGaming	201	63	Sevens High
1089	43	RoyalSlotGaming	201	44	Jelly 27
1089	44	RoyalSlotGaming	201	80	Kunoichi
1089	45	RoyalSlotGaming	201	77	Ninja
1089	46	RoyalSlotGaming	201	85	Poseidon
1089	47	RoyalSlotGaming	201	49	Neon Circle
1089	48	RoyalSlotGaming	201	64	Angry Bear
1089	49	RoyalSlotGaming	201	50	Get High
1089	50	RoyalSlotGaming	201	68	Cowboy
1089	51	RoyalSlotGaming	201	73	Mystery Panda
1089	52	RoyalSlotGaming	201	43	Energy Combo
1089	53	RoyalSlotGaming	201	34	Dragon Fight
1089	54	RoyalSlotGaming	201	6	Roma
1089	55	RoyalSlotGaming	201	86	Bear Kingdom
1089	56	RoyalSlotGaming	201	59	Tai Chi
1089	57	RoyalSlotGaming	201	52	The Little Match Girl
1089	58	RoyalSlotGaming	201	19	Book of Gold
1089	59	RoyalSlotGaming	201	71	Hip Hop Monkey
1089	60	RoyalSlotGaming	201	57	Golden Leaf Clover
1089	61	RoyalSlotGaming	201	78	Medusa
1089	62	RoyalSlotGaming	201	38	Medea
1089	63	RoyalSlotGaming	201	66	Elf Archer
1089	64	RoyalSlotGaming	201	60	Wizard Store Gold
1089	65	RoyalSlotGaming	201	42	Rat's Money
1089	66	RoyalSlotGaming	201	75	Royal 7777
1089	67	RoyalSlotGaming	201	70	Dragon King 2
1089	68	RoyalSlotGaming	201	10	Pharaoh II
1089	70	RoyalSlotGaming	201	7	Happy Farm
1089	71	RoyalSlotGaming	201	40	Songkran
1089	72	RoyalSlotGaming	201	56	Chin Shi Huang
1089	73	RoyalSlotGaming	201	2	Rich Mahjong
1089	74	RoyalSlotGaming	201	14	Caishen Fortunes
1089	75	RoyalSlotGaming	201	31	Dragon Legend
1089	77	RoyalSlotGaming	201	15	Legend of Lu Bu
1089	78	RoyalSlotGaming	201	89	Luchadors
1089	79	RoyalSlotGaming	201	13	Caishen Coming
1089	80	RoyalSlotGaming	201	20	Fortune Gems 4
1089	81	RoyalSlotGaming	201	4	Super Ace 2
1089	82	RoyalSlotGaming	201	5	Lucky Dog
1089	83	RoyalSlotGaming	201	24	Jurassic Treasure
1089	84	RoyalSlotGaming	201	1	Rich Mahjong 2
1089	85	RoyalSlotGaming	201	3	Fortune of Aztecs
1089	87	RoyalSlotGaming	201	22	Night Market 3
1089	88	RoyalSlotGaming	201	17	Chinese New Year 3
1089	89	RoyalSlotGaming	201	16	Power of Thor II:Thunder Storm
1089	90	RoyalSlotGaming	201	9	Bounty Hunter
1091	1	IDNSlot	201	9	Royal 777
1091	2	IDNSlot	201	10	Tropical Fruits
1091	3	IDNSlot	201	11	Punakawan 777
1091	4	IDNSlot	201	12	Forest Ranger
1091	5	IDNSlot	201	13	Friday Kliwon
1091	6	IDNSlot	201	14	Florid Sushi
1091	7	IDNSlot	201	15	Pirates Of Malacca
1091	8	IDNSlot	201	16	Food Court 777
1091	9	IDNSlot	201	17	Master Cook
1091	10	IDNSlot	201	18	Cocktail Party
1091	11	IDNSlot	201	19	Dreamy Komodo
1091	12	IDNSlot	201	20	90s Toys
1091	13	IDNSlot	201	21	Axe Warrior
1091	14	IDNSlot	201	22	Anti Drugs
1091	15	IDNSlot	201	23	Security Post
1091	17	IDNSlot	201	25	Bartender 777
1091	18	IDNSlot	201	26	Crazy Circus
1091	19	IDNSlot	201	27	The Curse of Medusa
1091	20	IDNSlot	201	28	Lion Dance 888
1091	21	IDNSlot	201	29	Lucky Girl
1091	23	IDNSlot	201	31	Happy New Year
1091	24	IDNSlot	201	32	On Air Radio
1091	25	IDNSlot	201	33	Phoenix Rises
1091	26	IDNSlot	201	34	Beautiful Civil Servant
1091	28	IDNSlot	201	36	Night Market
1091	29	IDNSlot	201	37	Fantasy Park
1091	30	IDNSlot	201	38	Blind Warrior
1091	31	IDNSlot	201	39	Ethnical Music Ensemble
1091	32	IDNSlot	201	40	Archipelago Tribes
1091	33	IDNSlot	201	41	Harbor of the Queen
1091	34	IDNSlot	201	3	Dragon Gold
1091	35	IDNSlot	201	42	Cash Gold
1091	36	IDNSlot	201	43	Quiz Contest
1091	37	IDNSlot	201	44	Medusa Multiplier
1091	38	IDNSlot	201	45	90s Snack
1091	39	IDNSlot	201	46	Anti Corruption
1091	40	IDNSlot	201	47	School Pop
1091	41	IDNSlot	201	48	Golden Vishnu
1091	42	IDNSlot	201	4	Ultra Gatot Kaca
1091	43	IDNSlot	201	49	Anti Drugs Heroes
1091	44	IDNSlot	201	5	Aztec Treasure
1091	45	IDNSlot	201	50	Ganesha Treasure
1091	46	IDNSlot	201	51	Aladdin Fortune
1091	47	IDNSlot	201	52	Domino QQ
1091	48	IDNSlot	201	53	Instant Rich
1091	49	IDNSlot	201	54	Lucky Mooncake Festival
1091	50	IDNSlot	201	55	Glory Of King Arthur
1091	51	IDNSlot	201	56	Golden WIld
1091	52	IDNSlot	201	57	Aztec Lucky Gems
1091	53	IDNSlot	201	58	Olympus Fortune
1091	54	IDNSlot	201	59	Mobile Legends
1091	55	IDNSlot	201	2	Lucky Spell
1091	56	IDNSlot	201	60	Win Battle Royale
1091	57	IDNSlot	201	61	Gold Medal
1091	58	IDNSlot	201	62	Wild Xmas
1091	59	IDNSlot	201	63	Poker Mania 1024
1091	60	IDNSlot	201	7	Fortune Tiger
1091	61	IDNSlot	201	64	Poker Ways 243
1091	62	IDNSlot	201	65	Crypto Profits
1091	63	IDNSlot	201	66	Wild Cockfights
1091	64	IDNSlot	201	67	Curse of the Pyramid
1091	65	IDNSlot	201	68	Power Of Odin
1091	66	IDNSlot	201	6	Wild Monkey King
1091	67	IDNSlot	201	69	Ultra Poker
1091	68	IDNSlot	201	70	Mega Lucky Easter
1091	69	IDNSlot	201	71	Pirate Treasure
1091	70	IDNSlot	201	72	Glory Of Rome
1091	71	IDNSlot	201	73	God Of Wealth
1091	72	IDNSlot	201	74	Classic Slot 777
1091	73	IDNSlot	201	75	Sugar Mania
1091	74	IDNSlot	201	76	Legend Of Dragon
1091	76	IDNSlot	201	78	Maya Bonanza
1091	77	IDNSlot	201	79	Steam Punk
1091	78	IDNSlot	201	80	Eternal War
1091	79	IDNSlot	201	1	Mahjong Ways III
1091	80	IDNSlot	201	8	Ocean Lord
1091	81	IDNSlot	201	81	Valkyrie Brynhild
1091	82	IDNSlot	201	82	Tiger Cops
1091	83	IDNSlot	201	83	Fortune Pot
1091	84	IDNSlot	201	84	Ragnarok
1091	85	IDNSlot	201	85	Sir Loin
1091	86	IDNSlot	201	86	Tales of the Piggies
1094	1	AfricanBuffalo	201	1	African Buffalo(50)
1094	2	AfricanBuffalo	201	2	African Buffalo(500)
1094	3	AfricanBuffalo	201	3	African Buffalo(5000)
1094	4	AfricanBuffalo	201	4	African Buffalo(10000)
1096	51	HacksawGaming	201	254	Stick'em
1096	52	HacksawGaming	201	73	OmNom
1096	53	HacksawGaming	201	255	Miami Multiplier
1096	54	HacksawGaming	201	256	Cubes
1096	55	HacksawGaming	201	257	Cash Compass
1096	56	HacksawGaming	201	258	The Respinners
1096	57	HacksawGaming	201	74	Chaos Crew
1096	58	HacksawGaming	201	259	Mystery Motel
1096	59	HacksawGaming	201	260	Let It Snow
1096	60	HacksawGaming	201	261	Cubes 2
1096	61	HacksawGaming	201	262	Aztec Twist
1096	62	HacksawGaming	201	263	Frutz
1096	63	HacksawGaming	201	57	Stack 'Em
1096	64	HacksawGaming	201	264	Hop'n'Pop
1096	65	HacksawGaming	201	265	Xpander
1096	66	HacksawGaming	201	266	Toshi Video Club
1096	67	HacksawGaming	201	267	Rocket Reels
1096	68	HacksawGaming	201	15	Wanted Dead or a Wild
1096	69	HacksawGaming	201	75	Cash Quest
1096	70	HacksawGaming	201	268	Tasty Treats
1096	71	HacksawGaming	201	269	Joker Bombs
1096	72	HacksawGaming	201	76	King Carrot
1096	73	HacksawGaming	201	270	Harvest Wilds
1096	74	HacksawGaming	201	271	The Bowery Boys
1096	75	HacksawGaming	201	45	Double Rainbow
1096	76	HacksawGaming	201	81	Warrior Ways
1096	77	HacksawGaming	201	55	Gladiator Legends
1096	78	HacksawGaming	201	20	Hand of Anubis
1096	79	HacksawGaming	201	82	ITERO
1096	80	HacksawGaming	201	31	Buffalo Stack'n'Sync
1096	81	HacksawGaming	201	67	Outlaws Inc.
1096	82	HacksawGaming	201	83	Born Wild
1096	83	HacksawGaming	201	33	Dork Unit
1096	84	HacksawGaming	201	84	Fruit Duel
1096	88	HacksawGaming	201	17	Time Spinners
1096	89	HacksawGaming	201	88	Forest Fortune
1096	90	HacksawGaming	201	89	Alpha Eagle
1096	91	HacksawGaming	201	90	Undead Fortune
1096	92	HacksawGaming	201	91	Break Bones
1096	93	HacksawGaming	201	58	Pug Life
1096	94	HacksawGaming	201	77	Book of Time
1096	95	HacksawGaming	201	92	Gronk's Gems
1096	96	HacksawGaming	201	37	Rotten
1096	97	HacksawGaming	201	40	RIP City
1096	98	HacksawGaming	201	93	Frank's Farm
1096	99	HacksawGaming	201	94	Bloodthirst
1096	100	HacksawGaming	201	95	Magic Piggy
1096	101	HacksawGaming	201	68	Keep 'em Cool
1096	102	HacksawGaming	201	96	Stormforged
1096	103	HacksawGaming	201	97	Fear the Dark
1096	104	HacksawGaming	201	98	Cursed Seas
1096	105	HacksawGaming	201	99	Mayan Stackways
1096	106	HacksawGaming	201	100	Temple of Torment
1096	107	HacksawGaming	201	101	Mighty Masks
1096	109	HacksawGaming	201	102	Beast Below
1096	111	HacksawGaming	201	59	Vending Machine
1096	112	HacksawGaming	201	104	Drop'em
1096	114	HacksawGaming	201	106	Ronin Stackways
1096	115	HacksawGaming	201	14	Le Bandit
1096	116	HacksawGaming	201	16	Densho
1096	119	HacksawGaming	201	60	Chaos Crew 2
1096	120	HacksawGaming	201	108	Benny The Beer
1096	122	HacksawGaming	201	110	Eye of the Panda
1096	123	HacksawGaming	201	111	Immortal Desire
1096	124	HacksawGaming	201	29	Xmas Drop
1096	126	HacksawGaming	201	113	Dark Summoning
1096	127	HacksawGaming	201	8	2 Wild 2 Die
1096	128	HacksawGaming	201	69	Feel The Beat
1096	130	HacksawGaming	201	19	Beam Boys
1096	131	HacksawGaming	201	10	Fist Of Destruction
1096	132	HacksawGaming	201	114	Dawn of Kings
1096	133	HacksawGaming	201	115	Bouncy Bombs
1096	134	HacksawGaming	201	116	Rusty & Curly
1096	135	HacksawGaming	201	117	Orb of Destiny
1096	136	HacksawGaming	201	118	Divine Drop
1096	137	HacksawGaming	201	119	Jelly Slice
1096	138	HacksawGaming	201	120	Cash Crew
1096	139	HacksawGaming	201	121	Keep'em
1096	147	HacksawGaming	201	129	Slayers Inc
1096	148	HacksawGaming	201	130	Cursed Crypt
1096	149	HacksawGaming	201	3	Ze Zeus
1096	150	HacksawGaming	201	47	Twisted Lab
1096	151	HacksawGaming	201	131	Tai the Toad
1096	152	HacksawGaming	201	13	SixSixSix
1096	155	HacksawGaming	201	46	Dragon's Domain
1096	156	HacksawGaming	201	134	Donny Dough
1096	157	HacksawGaming	201	135	Evil Eyes
1096	158	HacksawGaming	201	136	Octo Attack
1096	160	HacksawGaming	201	137	Lord Venom
1096	161	HacksawGaming	201	138	Commander of Tridents
1096	162	HacksawGaming	201	139	Sleepy Grandpa
1096	163	HacksawGaming	201	140	Fireborn
1096	164	HacksawGaming	201	141	Mafia Clash
1096	165	HacksawGaming	201	142	Merlin's Alchemy
1096	166	HacksawGaming	201	143	Piggy Cluster Hunt
1096	167	HacksawGaming	201	50	Barrel Bonanza
1096	168	HacksawGaming	201	144	Space Zoo
1096	169	HacksawGaming	201	145	Junkyard Kings
1096	170	HacksawGaming	201	146	Holy Heist
1096	171	HacksawGaming	201	147	Pickle Bandits
1096	172	HacksawGaming	201	148	Blademaster
1096	173	HacksawGaming	201	149	The Cursed King
1096	174	HacksawGaming	201	150	Wild Dojo Strike
1096	175	HacksawGaming	201	151	Shadow Strike
1096	176	HacksawGaming	201	5	Pirate Bonanza
1096	177	HacksawGaming	201	9	Le Pharaoh
1096	178	HacksawGaming	201	51	Cloud Princess
1096	179	HacksawGaming	201	152	Rise of Ymir
1096	180	HacksawGaming	201	153	Get the CHEESE
1096	181	HacksawGaming	201	154	Wings of Horus
1096	182	HacksawGaming	201	21	Duel at Dawn
1096	183	HacksawGaming	201	52	Snow Slingers
1096	184	HacksawGaming	201	35	Shaolin Master
1096	185	HacksawGaming	201	48	Donut Division
1096	186	HacksawGaming	201	61	Fire my Laser
1096	187	HacksawGaming	201	155	Klowns
1096	188	HacksawGaming	201	18	Old Gun
1096	189	HacksawGaming	201	156	Jawsome Pirates
1096	190	HacksawGaming	201	157	Shadow Treasure
1096	191	HacksawGaming	201	158	Desert Temple
1096	192	HacksawGaming	201	159	Empress of the Shadows
1096	193	HacksawGaming	201	160	Super Twins
1096	194	HacksawGaming	201	36	Clumsy Cowboys
1096	195	HacksawGaming	201	161	Lucky Multifruit
1096	196	HacksawGaming	201	162	Chicken Man
1096	197	HacksawGaming	201	163	Merlin's Mania
1096	198	HacksawGaming	201	164	Blaze Buddies
1096	199	HacksawGaming	201	165	Valhalla: Wild Winter
1096	200	HacksawGaming	201	44	Phoenix DuelReels
1096	201	HacksawGaming	201	41	Le Viking
1096	202	HacksawGaming	201	27	FRKN Bananas
1096	203	HacksawGaming	201	70	Marlin Masters
1096	204	HacksawGaming	201	166	Crystal Robot
1096	205	HacksawGaming	201	167	Coop Clash
1096	206	HacksawGaming	201	7	Hounds of Hell
1096	207	HacksawGaming	201	168	Dorks of the Deep
1096	208	HacksawGaming	201	28	Strength of Hercules
1096	209	HacksawGaming	201	34	Chocolate Rocket
1096	210	HacksawGaming	201	169	The Library
1096	211	HacksawGaming	201	170	8-Bit Quest
1096	212	HacksawGaming	201	171	Life and Death
1096	213	HacksawGaming	201	30	Wishbringer
1096	214	HacksawGaming	201	71	Fighter Pit
1096	215	HacksawGaming	201	172	Clover Club
1096	216	HacksawGaming	201	32	Infernus
1096	217	HacksawGaming	201	173	Ancient Paws
1096	218	HacksawGaming	201	174	Reign of Rome
1096	219	HacksawGaming	201	2	Rad Maxx
1096	220	HacksawGaming	201	175	Danny Dollar
1096	221	HacksawGaming	201	176	Pray for Three
1096	222	HacksawGaming	201	177	Spinman H.V.
1096	223	HacksawGaming	201	178	Spinman
1096	224	HacksawGaming	201	53	Gladius Death or Glory
1096	225	HacksawGaming	201	179	Age Of Seth
1096	226	HacksawGaming	201	180	Monkey Frenzy
1096	227	HacksawGaming	201	181	Eternal Nile
1096	228	HacksawGaming	201	182	Fury and Fortune
1096	229	HacksawGaming	201	24	Aiko and the Wind Spirit
1096	230	HacksawGaming	201	38	Ultimate Slot of America
1096	231	HacksawGaming	201	183	Booze Bash
1096	232	HacksawGaming	201	25	Le King
1096	233	HacksawGaming	201	184	Invictus
1096	234	HacksawGaming	201	185	Eye of Medusa
1096	235	HacksawGaming	201	186	Marlin Masters: The Big Haul
1096	236	HacksawGaming	201	79	Rainbow Princess
1096	237	HacksawGaming	201	1	Bullet and Bounty
1096	238	HacksawGaming	201	187	Hoot Shot the Sheriff
1096	239	HacksawGaming	201	188	Culinary Clash
1096	240	HacksawGaming	201	189	Street Knockout
1096	241	HacksawGaming	201	190	Home of Thor
1096	242	HacksawGaming	201	191	The Luxe
1096	243	HacksawGaming	201	23	Club Cabana
1096	244	HacksawGaming	201	42	Astro Rumble
1096	245	HacksawGaming	201	192	PyroFox
1096	246	HacksawGaming	201	193	Charm of the Dragon
1096	247	HacksawGaming	201	194	Sugar Park
1096	248	HacksawGaming	201	12	Le Zeus
1096	249	HacksawGaming	201	195	Stormborn
1096	250	HacksawGaming	201	22	Miami Mayhem
1096	251	HacksawGaming	201	196	Tiger Legends
1096	252	HacksawGaming	201	4	Chaos Crew 3
1096	253	HacksawGaming	201	197	Book Of Whispers
1096	254	HacksawGaming	201	6	Pirate Bonanza 2
1096	255	HacksawGaming	201	198	Gem Ghosts
1096	256	HacksawGaming	201	199	Mystery Bats
1096	257	HacksawGaming	201	200	The Wildwood Curse
1096	258	HacksawGaming	201	72	Bash Bros
1096	259	HacksawGaming	201	201	The Count
1096	260	HacksawGaming	201	202	Sun Princess
1096	261	HacksawGaming	201	203	Alchemist Wonders
1096	262	HacksawGaming	201	204	Halls of Odin
1096	263	HacksawGaming	201	205	Forbidden Fury
1096	264	HacksawGaming	201	39	Banana Farm
1096	265	HacksawGaming	201	56	Le Cowboy
1096	266	HacksawGaming	201	63	Belle the Blade Hunter
1096	267	HacksawGaming	201	206	Grinning Harvest
1096	268	HacksawGaming	201	207	The Luxe H.V.
1096	269	HacksawGaming	201	26	Steamrunners
1096	270	HacksawGaming	201	208	Neon Frames
1096	271	HacksawGaming	201	209	Godly Gains
2	28	CQ9	202	242	Jungle Party
2	29	CQ9	202	233	Mr.Bean
2	188	CQ9	202	90	Tenfold Eggs
2	258	CQ9	202	201	Mahjong Fruit
2	264	CQ9	202	236	Xoc Dia
2	268	CQ9	202	134	Thai HILO
2	269	CQ9	202	215	3 2 1Go!
2	281	CQ9	202	104	Alice Run
2	284	CQ9	202	214	Mini Roulette
2	359	CQ9	202	40	K.O. Island
2	360	CQ9	202	137	Thai Fish Prawn Crab
2	361	CQ9	202	244	Seotda
2	423	CQ9	202	229	FIFA RUSH
3	634	PragmaticPlay	202	373	Plinko+
3	643	PragmaticPlay	202	636	Spire+
3	682	PragmaticPlay	202	376	High Flyer
3	688	PragmaticPlay	202	633	Limbo+
3	706	PragmaticPlay	202	449	Chicken+
10	27	JokerGaming	202	153	Cash Or Crash
10	308	JokerGaming	202	139	Cash or Crash 2
10	309	JokerGaming	202	210	Limbo Football
10	311	JokerGaming	202	274	Mines or Cash
16	21	FunkyGames	202	116	Basketball Strike
16	187	FunkyGames	202	77	Virtual DominoQQ
16	228	FunkyGames	202	104	Midnight Robbery
16	229	FunkyGames	202	63	Plinko UFO
16	247	FunkyGames	202	107	Big Bang Boxing
16	248	FunkyGames	202	126	Easter Run
16	259	FunkyGames	202	88	PlinkoS
16	260	FunkyGames	202	54	Mines
16	268	FunkyGames	202	90	Aztec Plinko
16	269	FunkyGames	202	122	Mines or Treat
16	270	FunkyGames	202	113	Mines or Cash
16	272	FunkyGames	202	102	Mines or Gifts
16	285	FunkyGames	202	43	Mines Mini
16	286	FunkyGames	202	49	Football Strike Mini
16	290	FunkyGames	202	83	Football Mines
16	292	FunkyGames	202	103	Limbo Football
16	296	FunkyGames	202	29	Aloha! Fruityways (Megaways)
16	303	FunkyGames	202	108	Jogo Do Bicho
16	307	FunkyGames	202	60	Cash or Crash 2
16	316	FunkyGames	202	56	Chicken Love
16	317	FunkyGames	202	73	Rizmu Boys
16	321	FunkyGames	202	114	Landing Chicken
16	16010001	FunkyGames	202	118	Football Strike
16	16010002	FunkyGames	202	82	Cash Or Crash
29	333	MicroGaming	202	298	Fruit Blast
29	444	MicroGaming	202	229	Leprechaun Strike
29	459	MicroGaming	202	109	FlyX
29	549	MicroGaming	202	316	Big Button Bash
29	563	MicroGaming	202	245	Plinko Pop
29	564	MicroGaming	202	312	Dice Pop
29	565	MicroGaming	202	304	Mine Pop
35	172	PGSoft	202	164	Chicky Run
1010	51	YGR	202	98	Pinball Fun
1016	95	AFBGaming	202	96	Diamond Frenzy
1016	96	AFBGaming	202	98	Fortune Ship
1016	97	AFBGaming	202	100	Forest Dance
1018	447	PlayTech	202	399	Cash It Multiplayer Double Heat
1020	29	JiLiGaming	202	144	Dragon Treasure
1020	36	JiLiGaming	202	77	Secret Treasure
1020	43	JiLiGaming	202	126	Crazy Hunter
1020	152	JiLiGaming	202	108	Crazy Hunter2
1020	218	JiLiGaming	202	222	Cash Stack
1026	1	Rich88	202	32	Big and Small
1026	3	Rich88	202	44	Fish Shrimp Crab
1026	4	Rich88	202	103	Ladder Climbing
1026	5	Rich88	202	104	Snail Racing
1026	6	Rich88	202	94	Color Dish
1026	11	Rich88	202	93	Single Black Jack
1026	15	Rich88	202	112	Fast Snail Racing
1026	20	Rich88	202	99	Football Battle
1026	25	Rich88	202	58	PokDeng
1026	26	Rich88	202	101	Three Dice
1026	28	Rich88	202	31	Baccarat
1026	31	Rich88	202	97	FAN TAN
1026	32	Rich88	202	89	100 PokDeng
1026	38	Rich88	202	96	Bingo
1026	39	Rich88	202	37	CockFighting
1026	49	Rich88	202	70	Thai Sic Bo
1026	54	Rich88	202	71	Dragon Tiger
1026	55	Rich88	202	95	Color Game
1026	59	Rich88	202	43	Big and Small 2
1026	60	Rich88	202	98	Color Dish 2
1026	77	Rich88	202	77	Mouse Gets Fortune
1026	87	Rich88	202	53	Thai Sic Bo 2
1026	93	Rich88	202	76	Multi Mega Bingo Bonanza
1026	94	Rich88	202	100	Fortune Dice
1026	104	Rich88	202	82	100 Teen Patti
1026	117	Rich88	202	91	Garuda God
1026	128	Rich88	202	81	Aviator X
1026	135	Rich88	202	80	Aviator
1029	44	568WinGames	202	127	Dice
1029	49	568WinGames	202	9	Plinko
1029	52	568WinGames	202	187	Crash
1029	233	568WinGames	202	163	Lucky Coin
1029	235	568WinGames	202	189	Golden Clover
1029	236	568WinGames	202	201	Lucky Ocean
1029	239	568WinGames	202	204	Limbo Cat
1029	242	568WinGames	202	192	F777 Fighter
1029	262	568WinGames	202	205	Quantum X
1029	264	568WinGames	202	170	Need for X
1029	266	568WinGames	202	198	Cricket Crash
1029	320	568WinGames	202	45	Piggy Tap
1029	366	568WinGames	202	206	Party Skull
1029	367	568WinGames	202	457	Devil & Angel
1029	368	568WinGames	202	458	Diamond Crab
1029	410	568winGames	202	63	CricX
1029	413	568winGames	202	166	Football Tap
1029	431	568winGames	202	178	Chicken Plinko
1029	434	568winGames	202	203	ChiX
1042	31	KAGaming	202	204	Blast Man
1042	37	KAGaming	202	124	Darts Champion
1042	41	KAGaming	202	346	Tap Heroes
1042	42	KAGaming	202	309	Golf Master
1042	47	KAGaming	202	355	Clean House
1042	67	KAGaming	202	145	PlinkoS
1042	633	KAGaming	202	445	Christmas Wheel
1042	750	KAGaming	202	529	Dice Duels
1042	756	KAGaming	202	387	Chicken Leap
1042	761	KAGaming	202	812	Balloon Joker
1042	781	KAGaming	202	486	Frog Rocket
1042	786	KAGaming	202	814	Home Run Derby
1042	792	KAGaming	202	269	Captain's Bounty Scratch
1042	798	KAGaming	202	125	Crazy 777 Scratch
1042	804	KAGaming	202	144	Aurum Elite Scratch
1042	810	KAGaming	202	78	Chicken Quest
1045	33	MikiWorld	202	22	RngCrash&Cash
1045	36	MikiWorld	202	9	RngRocketRush
1046	8	FaChai	202	55	MONEY TREE DOZER
1046	37	FaChai	202	71	CIRCUS DOZER
1046	38	FaChai	202	64	FA CHAI DOZER
1046	39	FaChai	202	67	LIGHTNING BOMB
1046	40	FaChai	202	73	Super Color Game
1046	73	FaChai	202	75	GOGO RISE
1046	74	FaChai	202	68	MINES
1046	76	FaChai	202	72	TOWER
1050	70	BoleGaming	202	3	Chicken Crash
1050	71	BoleGaming	202	6	Towerrush
1050	72	BoleGaming	202	19	Speed Moto
1050	73	BoleGaming	202	12	Gold Plinko
1050	74	BoleGaming	202	7	Gold Miner
1050	75	BoleGaming	202	28	Knife Out
1050	76	BoleGaming	202	29	Bunny Planet
1057	105	CC88	202	49	Street Fighter V
1057	107	CC88	202	62	Pikachu Volleyball
1057	108	CC88	202	51	KOFXV
1057	109	CC88	202	57	Captain Tsubasa
1057	110	CC88	202	63	Mariokart 8
1057	112	CC88	202	38	Astronaut
1057	114	CC88	202	70	KartCrash
1057	115	CC88	202	68	RichmanCrash
1057	116	CC88	202	58	CrossyRoadCrash
1057	117	CC88	202	56	Angry Birds
1057	121	CC88	202	83	Dead or Alive 6
1057	122	CC88	202	84	TEKKEN7
1057	123	CC88	202	73	NARUTO4
1057	124	CC88	202	85	JOJO
1057	125	CC88	202	86	Jump Force
1057	126	CC88	202	74	Street Fighter 6
1057	127	CC88	202	66	DragonBallXV2
1057	128	CC88	202	87	RoosterFightingClub
1058	98	JDB	202	72	Plinko
1058	99	JDB	202	127	HILO
1058	100	JDB	202	140	GOAL
1058	101	JDB	202	132	FIREWORK BURST
1058	102	JDB	202	128	MINES
1058	103	JDB	202	125	GALAXY BURST
1058	104	JDB	202	130	JOGO DO BICHO
1058	105	JDB	202	139	CAISHEN PARTY
1058	106	JDB	202	126	LUCKY COLOR GAME
1058	107	JDB	202	67	King Of Football
1058	108	JDB	202	107	Crazy King Kong
1058	109	JDB	202	74	Super Super Fruit
1058	110	JDB	202	143	Huaguoshan Legends
1058	111	JDB	202	135	Beer Tycoon
1058	112	JDB	202	120	Birds and Animals
1058	113	JDB	202	113	Happy New Year
1058	114	JDB	202	90	Classic Mario
1058	134	JDB	202	134	Mole Crash
1058	135	JDB	202	138	Mines2
1058	136	JDB	202	136	Dice
1058	163	JDB	202	2	Aviator Extra Bet
1058	171	JDB	202	133	Cricket Burst
1058	175	JDB	202	85	Piggy Bank TapTap
1058	188	JDB	202	141	Texas Hold'em
1059	58	ClotPlay	202	76	Capy Jump
1059	62	ClotPlay	202	84	Jetpack Heist
1059	63	ClotPlay	202	73	Chicken Impassable
1059	66	ClotPlay	202	82	Pirate Treasure Mines
1059	69	ClotPlay	202	55	Ice Fishing Mines
1059	95	ClotPlay	202	70	Hoop Hustle
1059	99	ClotPlay	202	58	Wild Shot
1060	117	PegasusSlot	202	103	CHICKEN CROSS THAT ROAD
1060	119	PegasusSlot	202	107	Animal Parade
1062	88	DragoonSoft	202	120	Ladder Game
1062	89	DragoonSoft	202	111	Acey Deucey
1062	91	DragoonSoft	202	107	Golden Zuma
1062	92	DragoonSoft	202	100	Jump & Jump
1062	93	DragoonSoft	202	113	Flying Phoenix
1062	94	DragoonSoft	202	104	Crazy Orb
1062	96	DragoonSoft	202	112	Let's Enhance
1062	97	DragoonSoft	202	114	Lion's Orb
1062	98	DragoonSoft	202	105	Dragon or Crash
1062	118	DragoonSoft	202	110	Goddess or Crash
1062	119	DragoonSoft	202	106	Crazy Bartender
1062	120	DragoonSoft	202	108	Aztec Treasure
1066	20	Nextspin	202	64	Monkey Jump
1066	40	Nextspin	202	57	Donki Kong
1072	1	Spribe	202	1	Aviator
1072	3	Spribe	202	5	Goal
1072	4	Spribe	202	7	Plinko
1072	5	Spribe	202	3	Mines
1072	6	Spribe	202	6	Hi Lo
1072	9	Spribe	202	12	Hotline
1072	10	Spribe	202	11	Balloon
1072	12	Spribe	202	17	Trader
1075	26	PoggiPlay	202	15	Chicken Run
1075	28	PoggiPlay	202	26	Labu Run
1075	29	PoggiPlay	202	19	Zeus X Machina
1075	31	PoggiPlay	202	13	Chicken Curry
1075	38	PoggiPlay	202	27	Mines
1077	1	Aviatrix	202	1	Aviatrix
1077	2	Aviatrix	202	2	Aviatrix Second Chance
1081	87	Apollo	202	69	Battle World
1081	88	Apollo	202	51	Monkey Story Plus
1081	89	Apollo	202	70	Thunderbolt
1081	90	Apollo	202	71	King Derby
1089	86	RoyalSlotGaming	202	90	Crown 5PK
2	52	CQ9	203	220	Paradise
2	178	CQ9	203	124	Oneshot Fishing
2	179	CQ9	203	216	LuckyFishing
2	356	CQ9	203	224	Hero Fishing
2	389	CQ9	203	222	Onestick Fishing
2	392	CQ9	203	212	Paradise 2
16	31	FunkyGames	203	110	Narcos
16	16050001	FunkyGames	203	115	Captain Money
16	16050002	FunkyGames	203	123	Inferno Sea
1010	11	YGR	203	100	Pirates Fishing
1010	16	YGR	203	101	Insect Master
1010	17	YGR	203	102	Dragon Zuma
1010	19	YGR	203	103	Zuma's Honor
1010	29	YGR	203	99	Chill Fishing
1010	53	YGR	203	106	LongYa Fishing
1010	57	YGR	203	107	Captain Fishing
1010	65	YGR	203	108	Fortune Fishing
1010	71	YGR	203	105	Make a Killing Fishing
1010	99	YGR	203	104	Boom Fishing
1016	54	AFBGaming	203	27	Crazy Fishing
1016	99	AFBGaming	203	95	Legend Of The Deep
1018	22	PlayTech	203	16	Mega Fire Blaze: Wild Pistolero
1020	1	JiLiGaming	203	59	Royal Fishing
1020	2	JiLiGaming	203	18	Bombing Fishing
1020	3	JiLiGaming	203	20	Dinosaur Tycoon
1020	4	JiLiGaming	203	6	JackPot Fishing
1020	5	JiLiGaming	203	91	Dragon Fortune
1020	6	JiLiGaming	203	14	Mega Fishing
1020	7	JiLiGaming	203	45	Boom Legend
1020	8	JiLiGaming	203	17	Happy Fishing
1020	9	JiLiGaming	203	35	All-star Fishing
1020	111	JiLiGaming	203	39	Dinosaur Tycoon II
1020	127	JiLiGaming	203	3	Ocean King Jackpot
1020	169	JiLiGaming	203	15	Fortune King Jackpot
1020	194	JiLiGaming	203	69	Fortune Zombie
1020	211	JiLiGaming	203	61	Circus Jackpot
1020	265	Jili	203	9	Jackpot Fishing 2
1029	376	568WinGames	203	202	Inferno Ocean
1029	377	568WinGames	203	193	Captain Rich
1042	540	KAGaming	203	27	King Octopus
1042	541	KAGaming	203	1	Golden Dragon
1042	542	KAGaming	203	22	Poseidon's Secret
1042	543	KAGaming	203	3	KA Fish Hunter
1042	544	KAGaming	203	11	Air Combat 1942
1042	545	KAGaming	203	94	Space Cat
1042	546	KAGaming	203	63	Romance of the Three Kingdoms
1042	547	KAGaming	203	83	Animal Fishing
1042	548	KAGaming	203	40	Fishing Expedition
1042	549	KAGaming	203	37	Mermaid Hunter
1042	550	KAGaming	203	49	Force Of Dragon
1042	551	KAGaming	203	140	Alter World
1042	552	KAGaming	203	8	The Deep Monster
1042	553	KAGaming	203	12	Cai Shen Dao
1042	554	KAGaming	203	360	Space Cowboy
1042	555	KAGaming	203	24	4 Dragon Kings
1042	556	KAGaming	203	16	Legend of Erlang
1042	557	KAGaming	203	45	GO GO Magic Dog
1042	558	KAGaming	203	258	Undersea Battle
1042	559	KAGaming	203	780	Go Go Magic Cat
1042	560	KAGaming	203	100	Giant Fish Hunter
1042	561	KAGaming	203	273	Iron Chicken Hunter
1042	562	KAGaming	203	61	Three Headed Dragon
1042	563	KAGaming	203	548	Zombie Chicken
1042	564	KAGaming	203	781	Monster Island
1042	565	KAGaming	203	53	Mermaid World
1042	566	KAGaming	203	110	Ocean Princess
1042	567	KAGaming	203	101	Happy Food Hunter
1042	568	KAGaming	203	87	Robot Wars
1042	569	KAGaming	203	2	Mythical Beast
1042	570	KAGaming	203	46	Special OPS
1042	571	KAGaming	203	151	Hungry Shark
1042	572	KAGaming	203	442	Devil Buster
1042	573	KAGaming	203	553	Magic Witches
1042	574	KAGaming	203	170	Food Coma
1042	575	KAGaming	203	42	Undersea Treasure
1042	576	KAGaming	203	82	Ocean Star Hunting
1042	577	KAGaming	203	782	World of Lord Elf King
1042	578	KAGaming	203	288	Naughty Witches
1042	579	KAGaming	203	88	Rabbit Party
1042	580	KAGaming	203	266	Hungry Shark Cthulhu
1042	581	KAGaming	203	96	Mermaid Legend
1042	582	KAGaming	203	7	Golden Fish Hunter
1042	583	KAGaming	203	491	World of Lord Witch King
1042	584	KAGaming	203	15	No Fly Zone
1042	585	KAGaming	203	25	KA Fish Party
1042	586	KAGaming	203	129	Happy Animal Farm
1042	587	KAGaming	203	79	Monster Collector
1042	588	KAGaming	203	469	Wizard of Wild
1042	589	KAGaming	203	39	Calorie Killer
1042	590	KAGaming	203	171	Poseidon Battle
1042	591	KAGaming	203	245	Onmyoji
1042	592	KAGaming	203	75	Shark Fight
1042	593	KAGaming	203	4	Shenron Hunter
1042	594	KAGaming	203	291	Zodiac Hunting
1042	595	KAGaming	203	89	Bombing Kraken
1042	634	KAGaming	203	796	Road Hunting
1042	641	KAGaming	203	159	Dragon Palace Adventure
1042	647	KAGaming	203	36	Gangster Overlord
1042	653	KAGaming	203	28	Crazy Party
1042	659	KAGaming	203	213	Poseidon's Wrath
1042	665	KAGaming	203	199	Lucky Fish
1042	671	KAGaming	203	544	Mutant Abyss
1042	677	KAGaming	203	805	Circus Hunting
1042	683	KAGaming	203	162	Submarine Battle
1042	694	KAGaming	203	20	Deepsea Luminous
1042	695	KAGaming	203	5	Battle of Luck
1042	713	KAGaming	203	26	Dinosaur Awakening
1042	724	KAGaming	203	325	Aqua Dominion
1042	730	KAGaming	203	150	Lost Kingdom
1042	731	KAGaming	203	189	Tactical Flush
1042	737	KAGaming	203	21	Ice Dragon King
1042	743	KAGaming	203	103	Abyss Dimension
1042	749	KAGaming	203	152	Carnival of Fracture
1042	755	KAGaming	203	32	Hell Deep Sea
1042	791	KAGaming	203	134	Dark Domain Hunt
1042	797	KAGaming	203	57	Cluck Chaos
1042	803	KAGaming	203	178	Sunken Empire
1042	809	KAGaming	203	92	Squirrel Commando
1046	1	FaChai	203	22	STAR HUNTER
1046	7	FaChai	203	37	MONKEY KING FISHING
1046	16	FaChai	203	44	BAO CHUAN FISHING
1046	21	FaChai	203	31	FIERCE FISHING
1046	42	FaChai	203	59	FA CHAI FISHING
1046	67	FaChai	203	38	GODS GRANT FORTUNE
1050	27	BoleGaming	203	22	Jackpot Fishing
1058	90	JDB	203	33	Spirit Tide Legend
1058	91	JDB	203	84	Fishing Disco
1058	92	JDB	203	12	Dragon Master
1058	93	JDB	203	20	Fishing YiLuFa
1058	94	JDB	203	1	Shade Dragons Fishing
1058	95	JDB	203	6	Cai Shen Fishing
1058	96	JDB	203	46	Dragon Fishing II
1058	97	JDB	203	77	Dragon Fishing
1058	133	JDB	203	100	Fighter Fire
1058	167	JDB	203	37	Dragon of Demons
1062	1	DragoonSoft	203	19	Ocean Lord
1062	2	DragoonSoft	203	16	Let's Shoot
1062	3	DragoonSoft	203	4	3 Gods Fishing
1062	4	DragoonSoft	203	25	Dino Hunter
1062	5	DragoonSoft	203	71	Big Hammer
1062	6	DragoonSoft	203	91	Plants vs. Dinos
1062	7	DragoonSoft	203	43	Demon Conquered
1062	8	DragoonSoft	203	12	Gods Slash Fish
1062	9	DragoonSoft	203	69	Bingo Fishing
1062	10	DragoonSoft	203	65	Cat Fishing
1062	11	DragoonSoft	203	36	Ninja Fishing
1062	12	DragoonSoft	203	102	Diamond Mogul
1062	111	DragoonSoft	203	109	Fish Feeder
1066	44	Nextspin	203	65	Fishing Paradise
1079	1	Fastspin	203	66	Ocean Carnival
1079	2	Fastspin	203	52	Fishing Treasure
1079	73	Fastspin	203	75	Bounty Fishing
0	112	WanMei	204	11	WmPaiGow
2	236	CQ9	204	228	Banker Dice Bull-Bull
2	237	CQ9	204	189	Peeking Banker Bull-Bull
2	363	CQ9	204	184	Thai Pok Deng
2	377	CQ9	204	241	Funky Bingo
3	182	PragmaticPlay	204	307	Roulette
3	183	PragmaticPlay	204	647	Multihand Blackjack
3	184	PragmaticPlay	204	244	American Blackjack
3	185	PragmaticPlay	204	630	Baccarat
3	186	PragmaticPlay	204	651	Dragon Bonus Baccarat
3	187	PragmaticPlay	204	653	Dragon Tiger
5	6	BigGaming	204	61	BgRedBlack
5	13	BigGaming	204	10	BgWinThreeCards
5	14	BigGaming	204	44	BgCasinoWar
7	5	SexyGaming	204	10	SexyRBSicbo
7	7	SexyGaming	204	12	SexyThaiHiLo
10	116	JokerGaming	204	238	Lucky Wheel
10	165	JokerGaming	204	259	Virtual Baccarat
10	293	JokerGaming	204	19	Thai Hilo
10	343	JokerGaming	204	265	Baccarat Babes
10	344	JokerGaming	204	370	Basketball Strike
10	345	JokerGaming	204	271	Bau Cua
10	346	JokerGaming	204	277	Belangkai
10	347	JokerGaming	204	275	Big Bang Boxing
10	348	JokerGaming	204	276	Caribbean Saga
10	349	JokerGaming	204	371	Easter Run
10	350	JokerGaming	204	372	Fan Tan
10	351	JokerGaming	204	278	Football Fever
10	352	JokerGaming	204	284	Galaxy Attack
10	353	JokerGaming	204	290	Midnight Robbery
10	354	JokerGaming	204	373	Number Game
10	355	JokerGaming	204	293	Odds HiLo
10	356	JokerGaming	204	245	Plinko UFO
10	357	JokerGaming	204	374	Royal Tiger Baccarat
10	358	JokerGaming	204	375	Tai Xiu
10	359	JokerGaming	204	291	Thai HiLo
10	360	JokerGaming	204	279	Thunder Blackjack
10	361	JokerGaming	204	285	Thunder Dice
10	362	JokerGaming	204	286	Virtual Domino QQ
10	363	JokerGaming	204	294	Virtual Dragon Bonus Baccarat
10	364	JokerGaming	204	292	Virtual Roulette
10	365	JokerGaming	204	281	Virtual Sic Bo
10	366	JokerGaming	204	376	Virtual Tiger Baccarat
13	240	WorldMatch	204	3	Fair Roulette - Standard
13	241	WorldMatch	204	89	Fair Roulette -Pro
13	242	WorldMatch	204	98	Fair Roulette -Privee
13	243	WorldMatch	204	99	French Roulette-Standard
13	244	WorldMatch	204	100	French Roulette - Pro
13	245	WorldMatch	204	101	French Roulette -Privee
13	246	WorldMatch	204	71	American Roulette -Standard
13	247	WorldMatch	204	102	American Roulette -Pro
13	248	WorldMatch	204	103	American Roulette -Privee
14	133	SBOSlot	204	67	Minesweeper
16	35	FunkyGames	204	106	Baccarat Babes
16	36	FunkyGames	204	101	FanTan
16	37	FunkyGames	204	92	Caribbean Saga
16	81	FunkyGames	204	62	Virtual SicBo
16	82	FunkyGames	204	109	Virtual Roulette
16	83	FunkyGames	204	111	Thai HiLo
16	84	FunkyGames	204	71	Tai Xiu
16	85	FunkyGames	204	75	Bau Cua
16	86	FunkyGames	204	117	Football Fever
16	87	FunkyGames	204	112	Speed Lotto
16	140	FunkyGames	204	76	Belangkai
16	188	FunkyGames	204	129	Virtual Tiger Baccarat
16	201	FunkyGames	204	127	Royal Tiger Baccarat
16	246	FunkyGames	204	125	Thunder Blackjack
16	254	FunkyGames	204	121	Odds Hi Lo
16	255	FunkyGames	204	98	Thunder Dice
16	256	FunkyGames	204	105	Plinko Mega Win
16	258	FunkyGames	204	95	Speed Blackjack
16	320	FunkyGames	204	99	7 Up Down
16	16020001	FunkyGames	204	87	Lucky Wheel
16	16020003	FunkyGames	204	97	Virtual Baccarat
28	8	AllBet	204	5	PokDeng
28	11	AllBet	204	7	WinThreeCardsOrThreePictures
38	821	PragmaticPlayCasino	204	51	Casino Hold’em
44	1	Saba Sports	204	2	TableGame
1009	1	MPoker	204	2	Texas Hold'em
1009	2	MPoker	204	16	Banker Niu Niu
1009	3	MPoker	204	11	Golden Flower
1009	4	MPoker	204	4	Dragon Tiger
1009	5	MPoker	204	19	Blackjack
1009	6	MPoker	204	13	Baccarat
1009	7	MPoker	204	22	Hoo Hey How
1009	8	MPoker	204	25	Pok Deng
1009	9	MPoker	204	6	Gao Gae 2 Cards
1009	10	MPoker	204	9	Hilo
1009	11	MPoker	204	14	Dummy
1009	12	MPoker	204	10	Paikang
1009	13	MPoker	204	7	Domino
1009	14	MPoker	204	20	Domino Qiu Qiu
1009	15	MPoker	204	15	Crazy Paikang
1009	16	MPoker	204	3	Thai Texas Hold'em
1009	17	MPoker	204	8	Teen Patti
1009	18	MPoker	204	1	Lucky Wheel
1009	19	MPoker	204	18	Cockfighting
1009	20	MPoker	204	24	Killer13
1009	21	MPoker	204	27	Xoc Dia
1009	22	MPoker	204	23	Catte
1009	23	MPoker	204	5	Rummy
1009	24	MPoker	204	26	Fan-Tan
1009	25	MPoker	204	12	MP Pok Deng
1009	26	MPoker	204	21	MP Pokdeng Card
1009	27	MPoker	204	17	Gao Gae 3 Cards
1016	72	AFBGaming	204	92	Keno
1016	74	AFBGaming	204	101	Bull Bull
1016	78	AFBGaming	204	59	roulette
1016	98	AFBGaming	204	94	Att Poker
1018	91	PlayTech	204	478	Mega Fire Blaze: Roulette
1018	118	PlayTech	204	498	Vegas Blackjack
1018	151	PlayTech	204	148	1000 Diamond Bet Roulette
1018	159	PlayTech	204	156	Mini Roulette
1018	170	PlayTech	204	167	Blackjack Surrender
1018	171	PlayTech	204	168	7 e mezzo
1018	178	PlayTech	204	94	Super Roulette
1018	180	PlayTech	204	174	Quantum Roulette Instant Play
1018	183	PlayTech	204	177	Premium French Roulette
1018	188	PlayTech	204	108	3 Card Brag
1018	191	PlayTech	204	184	Casino Hold'Em
1018	192	PlayTech	204	185	Cashback Blackjack
1018	193	PlayTech	204	186	Premium Blackjack
1018	194	PlayTech	204	187	Free Chip Blackjack
1018	195	PlayTech	204	188	Heads Up Hold'em
1018	196	PlayTech	204	189	Mobile Blackjack
1018	198	PlayTech	204	191	Baccarat
1018	204	PlayTech	204	197	Mini Roulette
1018	205	PlayTech	204	198	Spread Bet Roulette
1018	206	PlayTech	204	199	Premium European Roulette
1018	207	PlayTech	204	200	Mobile Roulette
1018	208	PlayTech	204	201	Classic Roulette
1018	209	PlayTech	204	202	Premium American Roulette
1018	210	PlayTech	204	101	Diamond Bet Roulette
1018	311	PlayTech	204	294	Perfect Blackjack Multihand 5
1018	520	PlayTech	204	522	Blackjack Link
1018	528	PlayTech	204	529	Mega Fire Blaze Roulette
1020	64	JiLiGaming	204	227	Number King
1020	66	JiLiGaming	204	248	Poker King
1020	67	JiLiGaming	204	62	Dragon & Tiger
1020	68	JiLiGaming	204	141	iRich Bingo
1020	69	JiLiGaming	204	33	7 UP 7 DOWN
1020	70	JiLiGaming	204	239	Baccarat
1020	71	JiLiGaming	204	229	Fortune Bingo
1020	72	JiLiGaming	204	146	Sic Bo
1020	73	JiLiGaming	204	225	Super Bingo
1020	74	JiLiGaming	204	109	TeenPatti
1020	75	JiLiGaming	204	213	AK47
1020	76	JiLiGaming	204	180	Andar Bahar
1020	77	JiLiGaming	204	107	Rummy
1020	78	JiLiGaming	204	218	CallBreak
1020	79	JiLiGaming	204	205	TeenPatti Joker
1020	80	JiLiGaming	204	189	CallbreakQuick
1020	81	JiLiGaming	204	204	Teenpatti 20-20
1020	86	JiLiGaming	204	215	Bingo Carnaval
1020	87	JiLiGaming	204	197	Win Drop
1020	88	JiLiGaming	204	209	Lucky Bingo
1020	89	JiLiGaming	204	196	Jackpot Bingo
1020	90	JiLiGaming	204	250	Color Game
1020	91	JiLiGaming	204	151	Go Goal Bingo
1020	93	JiLiGaming	204	263	Tongits Go
1020	94	JiLiGaming	204	210	Ludo Quick
1020	96	JiLiGaming	204	226	Calaca Bingo
1020	98	JiLiGaming	204	214	Wheel
1020	99	JiLiGaming	204	240	Limbo
1020	101	JiLiGaming	204	244	Bingo Adventure
1020	102	JiLiGaming	204	207	HIlo
1020	103	JiLiGaming	204	173	Tower
1020	104	JiLiGaming	204	166	Mines
1020	105	JiLiGaming	204	170	Go Rush
1020	106	JiLiGaming	204	230	West Hunter Bingo
1020	107	JiLiGaming	204	163	Pappu
1020	114	JiLiGaming	204	258	Keno
1020	115	JiLiGaming	204	194	Mines Gold
1020	117	JiLiGaming	204	232	Pusoy Go
1020	121	JiLiGaming	204	252	Candyland Bingo
1020	122	JiLiGaming	204	206	Plinko
1020	131	JiLiGaming	204	245	Color Prediction
1020	132	JiLiGaming	204	181	Magic Lamp Bingo
1020	134	JiLiGaming	204	236	Blackjack
1020	135	JiLiGaming	204	262	Blackjack Lucky Ladies
1020	136	JiLiGaming	204	243	MINI FLUSH
1020	144	JiLiGaming	204	260	Jogo Do Bicho
1020	145	JiLiGaming	204	183	European Roulette
1020	146	JiLiGaming	204	241	Pearls of Bingo
1020	147	JiLiGaming	204	261	Video Poker
1020	148	JiLiGaming	204	259	Caribbean Stud Poker
1020	149	JiLiGaming	204	224	Pool Rummy
1020	151	JiLiGaming	204	264	Speed Baccarat
1020	164	JiLiGaming	204	200	Crash Cricket
1020	165	JiLiGaming	204	266	Crash Goal
1020	166	JiLiGaming	204	234	Keno Bonus Number
1020	167	JiLiGaming	204	254	Cricket Roulette
1020	168	JiLiGaming	204	191	Jhandi Munda
1020	172	JiLiGaming	204	211	Go For Champion
1020	178	JiLiGaming	204	221	Cricket War
1020	180	JiLiGaming	204	246	Crash Touchdown
1020	181	JiLiGaming	204	233	Keno Super Chance
1020	184	JiLiGaming	204	255	Keno Extra Bet
1020	189	JiLiGaming	204	199	Golden Treasure
1020	190	JiLiGaming	204	256	Color Game Extreme
1020	201	JiLiGaming	204	198	Chicken Dash
1020	202	JiLiGaming	204	177	Plinko of Mine
1020	206	JiLiGaming	204	212	Drop Ball
1020	208	JiLiGaming	204	219	Frog Dash
1020	214	JiLiGaming	204	201	Gallina Fortunata
1020	215	JiLiGaming	204	195	Golden Treasure Lightning
1020	216	JiLiGaming	204	203	Chicken Dash 10000
1020	270	JiLiGaming	204	247	Crash Trader
1025	40	PlayTech	204	8	Andar Bahar
1025	65	PlayTech	204	39	3 Card Brag
1025	66	PlayTech	204	32	Casino Hold'em
1025	67	PlayTech	204	35	Casino Stud Poker
1025	68	PlayTech	204	98	Bet on Poker
1025	102	PlayTech	204	128	Football Card Showdown Live
1026	130	Rich88	204	75	EDM Big and Small
1026	132	Rich88	204	36	Super Sic Bo 88
1026	136	Rich88	204	78	Lucky Sic Bo
1026	142	Rich88	204	87	Cyber Color Disc
1029	48	568WinGames	204	182	Single Baccarat
1029	231	568WinGames	204	186	Classic Baccarat
1029	321	568WinGames	204	207	Virtual Baccarat
1029	337	568WinGames	204	443	Royal Baccarat
1029	338	568WinGames	204	444	Royal Roulette
1029	339	568WinGames	204	445	Royal Sic Bo
1029	351	568WinGames	204	452	Keno
1029	353	568WinGames	204	194	Bull Bull
1029	375	568WinGames	204	208	Rich Domino
1029	390	568WinGames	204	188	roulette
1032	1	RelaxGaming	204	3	Roulette Nouveau
1032	2	RelaxGaming	204	151	Blackjack Neo
1033	2	KingMidas	204	5	Sic Bo
1033	4	KingMidas	204	80	Minesweeper
1033	5	KingMidas	204	72	KM Virtual Horse Racing
1033	6	KingMidas	204	11	Tai Xiu
1033	7	KingMidas	204	8	Bonus Dice
1033	8	KingMidas	204	7	Fish Prawn Crab 2
1033	9	KingMidas	204	67	Dragon Tiger 2
1033	12	KingMidas	204	74	Bai Cao
1033	14	KingMidas	204	15	Triple Chance
1033	15	KingMidas	204	55	Fan Tan Classic
1033	16	KingMidas	204	2	Thai Fish Prawn Crab
1033	17	KingMidas	204	26	32 Cards
1033	18	KingMidas	204	78	Xoc Dia Lightning
1033	19	KingMidas	204	12	Vietnam Fish Prawn Crab
1033	20	KingMidas	204	17	Colour Game
1033	21	KingMidas	204	3	Thai Hi Lo 2
1033	22	KingMidas	204	34	Dota Hi-Lo
1033	25	KingMidas	204	25	Baccarat
1033	26	KingMidas	204	32	KM Power Ball
1033	30	KingMidas	204	10	7 Up 7 Down
1033	31	KingMidas	204	4	Poker Roulette
1033	32	KingMidas	204	16	Coin Toss
1033	33	KingMidas	204	79	Fruit Roulette
1033	34	KingMidas	204	13	European Roulette
1033	35	KingMidas	204	19	Andar Bahar
1033	39	KingMidas	204	63	Belangkai 2
1033	42	KingMidas	204	64	Heist
1033	43	KingMidas	204	44	Jhandi Munda
1033	45	KingMidas	204	75	Plinko
1033	49	KingMidas	204	102	KM Virtual Animal Race
1033	52	KingMidas	204	105	Cockfighting Arena
1033	58	KingMidas	204	66	Olympus Glory
1033	59	KingMidas	204	82	Interstellar Run
1033	60	KingMidas	204	69	Elite Aviator Club
1033	68	KingMidas	204	27	Dice Duet
1033	76	KingMidas	204	81	Egyptian Mines
1033	77	KingMidas	204	42	Jogo De Bozo
1033	82	KingMidas	204	46	Burmese 6 Animals
1033	83	KingMidas	204	9	Speedy Andar Bahar
1033	85	KingMidas	204	60	Chicken Crossy
1033	86	KingMidas	204	119	Teen Patti Blitz
1033	87	KingMidas	204	41	7 Up 7 Down Rush
1033	90	KingMidas	204	70	Money Wheel Deluxe
1033	91	KingMidas	204	29	Thai Fish Prawn Crab GO!
1033	96	KingMidas	204	73	Bai Cao Mystic Four
1033	97	KingMidas	204	76	Teen Patti Versus
1033	98	KingMidas	204	61	Colour Game Mega Bonus
1033	100	KingMidas	204	65	Bai Cao Black & Red
1033	101	KingMidas	204	124	Perya Drop Ball Card
1033	102	KingMidas	204	125	Perya Roleta
1033	104	KingMidas	204	127	Perya Drop Ball Color
1033	105	KingMidas	204	62	Indonesian Animal Dice
1033	128	KingMidas	204	50	Wild Witch Sugar Bonanza
1038	52	Netent	204	162	American Roulette
1038	58	Netent	204	171	European Roulette
1038	78	Netent	204	177	Roulette Advanced™
1038	113	Netent	204	139	French Roulette
1038	120	Netent	204	148	Casino Hold'em
1038	157	Netent	204	166	Jacks or Better Double Up™
1038	163	Netent	204	153	NetEnt Blackjack Classic
1038	177	Netent	204	99	Baccarat
1041	10	93connect	204	5	THAI HILO
1041	11	93connect	204	9	2D LUCKY STRIKE
1041	12	93connect	204	14	XOC DIA
1041	13	93connect	204	1	FISH PRAWN CRAB
1041	15	93connect	204	13	BOUNTY DICE
1041	16	93connect	204	3	BELANGKAI
1041	17	93connect	204	4	NOONA SHOT
1041	18	93connect	204	20	7 UP 7 DOWN
1042	94	KAGaming	204	597	Aces and Eights
1042	165	KAGaming	204	268	Bonus Poker
1042	180	KAGaming	204	637	Lucky Video Poker
1042	452	KAGaming	204	505	Baccarat
1042	507	KAGaming	204	286	Super Video Poker
1042	642	KAGaming	204	799	French Roulette
1042	648	KAGaming	204	507	HiLo
1042	654	KAGaming	204	218	Dragon Tiger
1042	666	KAGaming	204	498	Mega Roulette
1042	672	KAGaming	204	554	Super 7
1042	707	KAGaming	204	113	Teen Patti 20-20
1042	714	KAGaming	204	41	Bau Cua
1042	723	KAGaming	204	485	Pok Deng
1042	729	KAGaming	204	560	Dragon Gate Poker
1042	732	KAGaming	204	537	Dozen Roulette
1042	738	KAGaming	204	406	Roulette Double Win
1042	744	KAGaming	204	208	Win 3 Cards
1044	98	PlayStar	204	12	Mahjong 3+_Black Limited
1045	8	MikiWorld	204	18	MikiRace
1045	9	MikiWorld	204	31	RngDice
1045	10	MikiWorld	204	20	RngMikiDice
1045	11	MikiWorld	204	13	RngRouletteSingleZero
1045	12	MikiWorld	204	5	RngMikiRoulette
1045	13	MikiWorld	204	2	RngFishPrawnCrab
1045	14	MikiWorld	204	16	RngDragonTiger
1045	15	MikiWorld	204	6	RngBaccarat
1045	16	MikiWorld	204	1	RngThaiHiLo
1045	17	MikiWorld	204	32	RngPokDeng
1045	18	MikiWorld	204	4	RngBlackJack
1045	19	MikiWorld	204	10	RngFantan
1045	20	MikiWorld	204	17	RngSedie
1045	21	MikiWorld	204	19	RngBelangkai
1045	22	MikiWorld	204	8	RngPaiKang
1045	23	MikiWorld	204	11	RngCardHilo
1045	25	MikiWorld	204	7	RngNiuNiu
1045	27	MikiWorld	204	3	RngGoldenFlower
1045	29	MikiWorld	204	15	RngAndarBahar
1045	30	MikiWorld	204	14	Rng-Belangkai2
1045	31	MikiWorld	204	23	RngFiveStarRoyal
1045	32	MikiWorld	204	21	Rng-TripleChanceRoulette
1045	37	MikiWorld	204	38	RngBaiBuu
1045	38	MikiWorld	204	12	RngPokerRoulette
1046	41	FaChai	204	74	Lucky 9
1050	1	BoleGaming	204	36	Bole Sichuan Mahjong - Bloody Fight
1050	2	BoleGaming	204	37	Bole Sichuan Mahjong -River of Blood
1050	3	BoleGaming	204	38	Bole Niu-Niu
1050	4	BoleGaming	204	32	Bole Sangong
1050	5	BoleGaming	204	39	Bole Golden Flower
1050	6	BoleGaming	204	40	Bole International Mahjong
1050	7	BoleGaming	204	24	Black Jack
1050	8	BoleGaming	204	41	Bole Guangdong Mahjong
1050	13	BoleGaming	204	33	Bole 2 Player Mahjong
1050	14	BoleGaming	204	30	Bole Tong Bi Niu-Niu
1050	15	BoleGaming	204	15	Bole Texas Hold'em Poker
1050	16	BoleGaming	204	46	Badugi
1050	17	BoleGaming	204	17	BAI CAO
1050	18	BoleGaming	204	34	Lieng
1050	19	BoleGaming	204	26	Bole Thirteen Cards
1050	21	BoleGaming	204	10	Taiwan Mahjong
1050	22	BoleGaming	204	1	Taung Paw Tar Shan Koe Mee
1050	23	BoleGaming	204	48	Bole KanPai Niu-Niu
1050	24	BoleGaming	204	49	Red and Black war
1050	25	BoleGaming	204	27	Baccarat
1050	48	BoleGaming	204	18	Bole Classic Niu-Niu
1050	49	BoleGaming	204	4	Dragon vs Tiger
1050	50	BoleGaming	204	20	Tien Gow
1050	53	BoleGaming	204	5	Fish Prawn Crab
1050	54	BoleGaming	204	23	Lightning Baccarat
1050	55	BoleGaming	204	31	Color Game
1050	56	BoleGaming	204	11	Sic Bo
1050	57	BoleGaming	204	14	7UP 7DOWN
1050	58	BoleGaming	204	16	Hundred-Player Niu Niu
1050	59	BoleGaming	204	9	Bombay Club Roulette
1050	60	BoleGaming	204	8	Classic Baccarat
1050	62	BoleGaming	204	25	Lucky Poker
1050	63	BoleGaming	204	21	Taung Paw Tar Shan Koe Mee - Mini Game
1050	67	BoleGaming	204	75	Bole Three Cards
1050	68	BoleGaming	204	76	Jackpot Golden Flower
1050	69	BoleGaming	204	2	Taung Paw Tar Shan Koe Mee -  Mini Game (Landscape)
1058	118	JDB	204	179	TONGITS RUSH
1058	119	JDB	204	180	TONGITS FIGHT
1058	120	JDB	204	181	PUSOY RUSH
1058	121	JDB	204	11	DRAGON TIGER - JOKER BONUS
1058	122	JDB	204	182	TONGITS
1058	123	JDB	204	183	PUSOY
1058	172	JDB	204	93	Teen Patti 20-20
1058	173	JDB	204	109	Andar Bahar
1058	174	JDB	204	129	Rummy
1068	70	TomHorn	204	104	European Roulette - Announced Bets
1068	71	TomHorn	204	112	French Roulette. La Partage
1068	72	TomHorn	204	1	3 Ribbon Pots
1072	2	Spribe	204	4	Dice
1072	8	Spribe	204	13	Mini Roulette
1081	75	Apollo	204	62	European Roulette (Single Player)
1081	76	Apollo	204	63	Dragon Tiger (Single Player)
1081	77	Apollo	204	49	American Blackjack
1081	78	Apollo	204	37	SicBo
1081	79	Apollo	204	53	Commission Baccarat (Single Player)
1081	80	Apollo	204	64	Commission Baccarat (Multi Player)
1081	81	Apollo	204	65	Roulette-12 (Single Player)
1081	82	Apollo	204	66	Roulette-24 (Single Player)
1081	83	Apollo	204	67	European Roulette (Multi Player)
1081	84	Apollo	204	68	Belangkai
1081	85	Apollo	204	3	Lightning Roulette (Single Player)
1081	86	Apollo	204	54	Lightning Roulette (Multi Player)
1082	14	Vgaming	204	29	Three Cards
1082	15	Vgaming	204	32	VIP Se Die
1082	16	Vgaming	204	39	Se Die War
1082	17	Vgaming	204	2	Sic Bo+
1082	19	Vgaming	204	41	VIP Baccarat
1082	20	Vgaming	204	36	Baccarat+
1082	21	Vgaming	204	42	VIP Fish Prawn Crab
1082	22	Vgaming	204	43	Blackjack
1082	23	Vgaming	204	44	Roulette
1082	24	Vgaming	204	45	Casino Hold'em Poker
1082	25	Vgaming	204	46	Texas Hold'em Poker
1082	26	Vgaming	204	33	Mega Keno
1082	27	Vgaming	204	34	Blockchain Baccarat
1082	28	Vgaming	204	22	Fruit 77
1082	29	Vgaming	204	47	Fan Tan
1082	30	Vgaming	204	30	Win Three Cards
1082	31	Vgaming	204	20	Dragon Tiger Fight
1082	32	Vgaming	204	48	Color Game
1082	33	Vgaming	204	49	Pontoon
1082	35	Vgaming	204	51	Bandar Qiu Qiu
1082	36	Vgaming	204	23	Se Die
1082	40	Vgaming	204	26	Dragon Tiger
1082	45	Vgaming	204	57	Hi-Lo
1082	46	Vgaming	204	58	Chinese Blackjack
1082	47	Vgaming	204	13	Lucky Baccarat
1082	48	Vgaming	204	12	Football Dice
1082	49	Vgaming	204	28	Se Die 3X
1082	50	Vgaming	204	21	Kara Krus
1082	51	Vgaming	204	19	Football Spin
1082	52	Vgaming	204	59	Keno Mini
1082	53	Vgaming	204	60	Keno Mini 2
1082	54	Vgaming	204	61	Keno East
1082	55	Vgaming	204	62	Keno West
1082	56	Vgaming	204	63	Keno South
1082	57	Vgaming	204	64	Keno North
1082	58	Vgaming	204	65	Mega Keno 2
1082	59	Vgaming	204	27	Big Small
1082	60	Vgaming	204	66	Turbo Big Small
1082	61	Vgaming	204	67	Turbo Odd Even
1082	62	Vgaming	204	68	Special Se Die
1082	63	Vgaming	204	69	Bitcoin Master
1082	64	Vgaming	204	24	Fish Prawn Crab
1082	65	Vgaming	204	31	Mini Se Die
1082	66	Vgaming	204	70	Mini Se Die 2
1082	67	Vgaming	204	71	Mini Se Die 3
1082	68	Vgaming	204	37	Mini Se Die 4
1082	69	Vgaming	204	35	Coin Toss
1082	70	Vgaming	204	18	Soccer Coin Toss
1083	12	NULL	204	16	Diamond Blackjack
1083	51	NULL	204	56	Wild West Spirit
3	175	PragmaticPlay	205	644	7 Piggies™ 25
3	176	PragmaticPlay	205	646	Panda Gold™ 50,000
3	177	PragmaticPlay	205	649	Queen of Gold™
3	178	PragmaticPlay	205	648	Hot Safari™ 75,000
1010	47	YGR	205	97	Scratch & Win
1018	70	PlayTech	205	103	Wild Lava Scratch
1018	71	PlayTech	205	104	Hot Gems Xtreme Scratch
1056	16	Phoenix7	205	31	CARDMASTER
1096	1	HacksawGaming	205	64	SCRATCH! Silver
1096	2	HacksawGaming	205	210	SCRATCH! Bronze
1096	3	HacksawGaming	205	211	Express 200 Scratch
1096	4	HacksawGaming	205	212	Scratchy Mini
1096	5	HacksawGaming	205	213	Scratchy
1096	6	HacksawGaming	205	214	Scratchy Big
1096	7	HacksawGaming	205	215	King Treasure
1096	8	HacksawGaming	205	216	Queen Treasure
1096	9	HacksawGaming	205	217	Prince Treasure
1096	10	HacksawGaming	205	49	Happy Scratch
1096	11	HacksawGaming	205	218	Lucky Scratch
1096	12	HacksawGaming	205	219	Dream Car Urban
1096	13	HacksawGaming	205	220	Dream Car SUV
1096	14	HacksawGaming	205	221	Dream Car Speed
1096	15	HacksawGaming	205	66	Gold Rush
1096	16	HacksawGaming	205	222	Ruby Rush
1096	17	HacksawGaming	205	223	Diamond Rush
1096	18	HacksawGaming	205	54	Lucky Shot
1096	19	HacksawGaming	205	65	Lucky Numbers x8
1096	20	HacksawGaming	205	224	Lucky Numbers x12
1096	21	HacksawGaming	205	225	Lucky Numbers x16
1096	22	HacksawGaming	205	226	Lucky Numbers x20
1096	23	HacksawGaming	205	227	It's bananas!
1096	24	HacksawGaming	205	80	Cash Vault I
1096	25	HacksawGaming	205	228	Cash Vault II
1096	26	HacksawGaming	205	229	Cut the Grass
1096	27	HacksawGaming	205	230	Shave the Beard
1096	28	HacksawGaming	205	231	Scratch'em
1096	29	HacksawGaming	205	232	Double Salary - 1 Year
1096	30	HacksawGaming	205	233	Koi Cash
1096	31	HacksawGaming	205	234	Break the Ice
1096	32	HacksawGaming	205	235	Gold Coins
1096	33	HacksawGaming	205	236	Frogs scratch
1096	34	HacksawGaming	205	237	Shave the Sheep
1096	35	HacksawGaming	205	238	Rat Riches
1096	36	HacksawGaming	205	239	Balloons
1096	37	HacksawGaming	205	240	Crazy Donuts
1096	38	HacksawGaming	205	241	Go Panda
1096	39	HacksawGaming	205	242	Cash Pool
1096	40	HacksawGaming	205	243	Cash Scratch
1096	41	HacksawGaming	205	244	LOVE is all you need
1096	42	HacksawGaming	205	245	Eggstra Cash
1096	43	HacksawGaming	205	246	Chaos Crew Scratch
1096	44	HacksawGaming	205	247	Football Scratch
1096	45	HacksawGaming	205	248	The Perfect Scratch
1096	46	HacksawGaming	205	249	Spooky Scary Scratchy
1096	47	HacksawGaming	205	250	Snow Scratcher
1096	48	HacksawGaming	205	251	Tiger Scratch
1096	49	HacksawGaming	205	252	Stack 'em Scratch
1096	50	HacksawGaming	205	253	Summer Scratch
10	261	JokerGaming	207	233	Sheng Xiao Bingo
10	367	JokerGaming	207	196	Burning Pearl Bingo
10	368	JokerGaming	207	223	Caishen Riches Bingo
10	369	JokerGaming	207	264	Chilli Hunter Bingo
10	370	JokerGaming	207	266	Cryptomania Bingo
10	371	JokerGaming	207	268	Neptune Bingo
10	372	JokerGaming	207	289	Zodiac Bingo
16	93	FunkyGames	207	120	KenoWar
16	94	FunkyGames	207	131	KenoSoccer
16	95	FunkyGames	207	130	AtomWar
16	284	FunkyGames	207	119	Meow HiLo
16	16040001	FunkyGames	207	128	Keno
16	16040002	FunkyGames	207	124	Atom
16	16040003	FunkyGames	207	70	RNGWAR
1012	1	TCGaming	207	1	TCG Vietnam Lottery Lobby
1012	2	TCGaming	207	21	TCGTURBO3D
1012	3	TCGaming	207	4	THAIGOV
1012	4	TCGaming	207	11	TCG60s3D
1012	5	TCGaming	207	8	TCG180s3D
1012	6	TCGaming	207	9	TCG300s3D
1012	7	TCGaming	207	37	An Giang
1012	8	TCGaming	207	161	Binh Dinh
1012	9	TCGaming	207	162	Binh Duong
1012	10	TCGaming	207	41	Bac Lieu
1012	11	TCGaming	207	54	Bac Ninh
1012	12	TCGaming	207	163	Binh Phuoc
1012	13	TCGaming	207	42	Binh Thuan
1012	14	TCGaming	207	164	Can Tho
1012	15	TCGaming	207	43	Daklak
1012	16	TCGaming	207	44	Da Nang
1012	17	TCGaming	207	45	Dac Nong
1012	18	TCGaming	207	46	Dong Nai
1012	19	TCGaming	207	26	Gia Lai
1012	20	TCGaming	207	27	Ho Chi Minh
1012	21	TCGaming	207	33	Hau Giang
1012	22	TCGaming	207	47	Hau Phong
1012	24	TCGaming	207	48	Khanh Hoa
1012	25	TCGaming	207	24	Kontum
1012	26	TCGaming	207	34	Ca Mau
1012	27	TCGaming	207	32	Dong Thap
1012	28	TCGaming	207	49	Lam Dong
1012	29	TCGaming	207	166	Nam Dinh
1012	30	TCGaming	207	50	Ninh Thuan
1012	31	TCGaming	207	28	Phu Yen
1012	32	TCGaming	207	29	Quang Binh
1012	33	TCGaming	207	22	Quang Ninh
1012	34	TCGaming	207	167	Quang Ngai
1012	35	TCGaming	207	55	Quang Nam
1012	36	TCGaming	207	56	Quang Tri
1012	37	TCGaming	207	35	Soc Trang
1012	38	TCGaming	207	16	Thai Binh
1012	39	TCGaming	207	25	Tien Giang
1012	40	TCGaming	207	38	Tay Ninh
1012	41	TCGaming	207	51	Thua Thien Hue
1012	42	TCGaming	207	36	Tra Vinh
1012	43	TCGaming	207	57	Vinh Long
1012	44	TCGaming	207	52	Vung Tau
1012	45	TCGaming	207	7	Hanoi North
1012	46	TCGaming	207	2	LAO Gov. lott
1012	47	TCGaming	207	5	TCG60s4D
1012	48	TCGaming	207	10	TCG180s4D
1012	49	TCGaming	207	14	TCG300s4D
1012	50	TCGaming	207	15	Lotere DMC
1012	51	TCGaming	207	19	Magnum 4D
1012	52	TCGaming	207	30	TOTO 4D
1012	53	TCGaming	207	17	Singapore 4D
1012	54	TCGaming	207	18	Taiwan 4D
1012	55	TCGaming	207	58	Hang Seng Index
1012	56	TCGaming	207	59	S&P BSE Sensex
1012	57	TCGaming	207	39	Nikkei 225
1012	59	TCGaming	207	61	FBMKLCI Index
1012	60	TCGaming	207	62	Straits Times Index
1012	61	TCGaming	207	40	SSE Composite
1012	62	TCGaming	207	63	SZSE Component
1012	63	TCGaming	207	64	SET Index
1012	64	TCGaming	207	20	Taiwan 50 Index
1012	65	TCGaming	207	65	TCG SEA Lottery Lobby
1012	66	TCGaming	207	6	TCG Chinese Lottery Lobby
1012	81	TCGaming	207	75	TXFFC
1012	82	TCGaming	207	76	TCGFFC
1012	83	TCGaming	207	77	TCGSSC
1012	84	TCGaming	207	78	JISUSSC
1012	85	TCGaming	207	79	AOZSSC
1012	86	TCGaming	207	80	CALK5
1012	87	TCGaming	207	81	TCS5FC
1012	88	TCGaming	207	82	ALNFFC
1012	89	TCGaming	207	83	TWLK5
1012	90	TCGaming	207	84	TCGWFC
1012	91	TCGaming	207	85	MMSSC
1012	92	TCGaming	207	86	YGSSC
1012	93	TCGaming	207	87	TCFFC
1012	94	TCGaming	207	88	TX3FC
1012	95	TCGaming	207	89	TX5FC
1012	96	TCGaming	207	90	TCT5FC
1012	98	TCGaming	207	92	FCSSC
1012	99	TCGaming	207	93	NZLSSC
1012	100	TCGaming	207	94	WCSSC
1012	101	TCGaming	207	95	TWBSSC
1012	102	TCGaming	207	96	GRSSC
1012	103	TCGaming	207	97	SKSSC
1012	104	TCGaming	207	98	BCSSC
1012	105	TCGaming	207	99	TCG11X5
1012	106	TCGaming	207	100	MM11X5
1012	107	TCGaming	207	101	JISU11X5
1012	108	TCGaming	207	102	TC11X5
1012	109	TCGaming	207	103	YG11X5
1012	110	TCGaming	207	104	TCG3D
1012	111	TCGaming	207	105	FC3D
1012	112	TCGaming	207	106	TCP3P5
1012	113	TCGaming	207	107	USMIDDAY3D
1012	114	TCGaming	207	108	USEVENING3D
1012	115	TCGaming	207	109	TW4D
1012	116	TCGaming	207	110	HN4D
1012	117	TCGaming	207	111	SG4D
1012	118	TCGaming	207	112	TCG4D
1012	119	TCGaming	207	113	TCGLHC
1012	120	TCGaming	207	114	JISULHC
1012	121	TCGaming	207	115	TWLHC
1012	122	TCGaming	207	116	SGTOTOLHC
1012	123	TCGaming	207	117	HK6
1012	124	TCGaming	207	118	MMLHC
1012	125	TCGaming	207	119	TCSLHC
1012	126	TCGaming	207	120	MOLHC
1012	127	TCGaming	207	121	MSGLHC
1012	129	TCGaming	207	123	TCG1FPK10
1012	130	TCGaming	207	124	AOZPK10
1012	131	TCGaming	207	125	MMPK10
1012	132	TCGaming	207	126	MOPK10
1012	133	TCGaming	207	127	TCGPK10
1012	134	TCGaming	207	128	JISUPK10
1012	135	TCGaming	207	129	YGPK10
1012	136	TCGaming	207	130	JISUGPK10
1012	137	TCGaming	207	131	TCSPK10
1012	138	TCGaming	207	132	LASPK10
1012	139	TCGaming	207	133	TCJPK10
1012	140	TCGaming	207	134	BCPK10
1012	141	TCGaming	207	135	FCPK10
1012	142	TCGaming	207	136	SKPK10
1012	143	TCGaming	207	137	WCPK10
1012	144	TCGaming	207	138	GRPK10
1012	145	TCGaming	207	139	TWBPK10
1012	146	TCGaming	207	140	NZLPK10
1012	147	TCGaming	207	141	TCG28
1012	148	TCGaming	207	142	MMPCB
1012	149	TCGaming	207	143	CAPK28
1012	150	TCGaming	207	144	TW28
1012	151	TCGaming	207	145	CA28
1012	152	TCGaming	207	146	TCL28
1012	153	TCGaming	207	147	TX28
1012	154	TCGaming	207	148	TCS28
1012	155	TCGaming	207	149	YG28
1012	156	TCGaming	207	150	GR28
1012	157	TCGaming	207	151	SK28
1012	158	TCGaming	207	152	NZL28
1012	159	TCGaming	207	153	TWPK28
1012	161	TCGaming	207	155	TCGK3
1012	162	TCGaming	207	156	TCBK3
1012	163	TCGaming	207	157	MMK3
1012	164	TCGaming	207	158	JISUK3
1012	165	TCGaming	207	159	TCSK3
1012	166	TCGaming	207	160	YGK3
1012	167	TCGaming	207	3	Win Go
1041	1	93connect	207	2	KENO
1041	2	93connect	207	10	KENO WAR
1041	3	93connect	207	8	KENO SOCCER
1041	4	93connect	207	15	ATOM
1041	5	93connect	207	17	ATOM WAR
1041	6	93connect	207	6	NUMBER GAME
1041	8	93connect	207	7	DING DONG
1041	9	93connect	207	12	THAI LOTTO
1041	24	93connect	207	16	KENO MINI
1049	1	GamePlayLottery	207	2	Keno
1049	2	GamePlayLottery	207	4	Thai Lottery
1049	3	GamePlayLottery	207	3	Fast3
1049	4	GamePlayLottery	207	1	So De
1049	5	GamePlayLottery	207	5	Sabaidee Lottery
1072	7	Spribe	207	10	Keno
1072	11	Spribe	207	19	Keno 80
1082	13	Vgaming	207	25	RNG Lottery
1082	18	Vgaming	207	40	Keno Pro Max
1092	19	IDNLive	207	21	48D
1092	22	IDNLive	207	24	6D Color
1092	25	IDNLive	207	26	24Dspin
1092	31	IDNLive	207	32	24D Jackpot
1092	38	IDNLive	207	39	12D
1092	39	IDNLive	207	40	12D Thunder
1092	43	IDNLive	207	44	5D
1092	45	IDNLive	207	46	Gong Ball
1092	46	IDNLive	207	47	Gong Ball Jitu
1092	47	IDNLive	207	48	Grandprix Number
1099	1	0	207	11	India Lotto Lobby
1099	2	0	207	12	Sthree Sakthi
1099	3	0	207	13	Dhanalekshmi
1099	4	0	207	14	Karunya Plus
1099	5	0	207	15	Suvarana Keralam
1099	6	0	207	16	Karunya
1099	7	0	207	17	Samrudhi
1099	8	0	207	18	Online Only
1099	15	0	207	25	1.5Min Car Race
1099	16	0	207	1	WinGo 1mins
1099	17	0	207	26	WinGo 3mins
1099	18	0	207	27	Dear Nagaland Lottery 1PM
1099	19	0	207	28	Dear Sikkim Lottery 6PM
1099	20	0	207	29	Dear Nagaland Lottery 8PM
1099	21	0	207	30	Dear Lottery Online Only 1PM
1099	22	0	207	31	Dear Lottery Online Only 6PM
1099	23	0	207	32	Dear Lottery Online Only 8PM
1099	24	0	207	33	BSE SENSEX Matka
1099	25	0	207	34	1Min Pune PICK3
1099	28	0	207	37	3Min Pune PICK3
1099	31	0	207	40	1Min Chennai PICK4
1099	34	0	207	43	3Min Chennai PICK4
1099	37	0	207	46	1Min Surat PICK5
1099	40	0	207	49	3Min Surat PICK5
1099	43	0	207	2	3Min Car Race
1099	44	0	207	52	TW TAIEX Matka
1099	45	0	207	53	DOW JONES Matka
1099	46	0	207	54	NASDAQ Matka
1099	47	0	207	55	10-Min Speed ??Matka
1099	48	0	207	56	4Min Speed ??Matka
1099	49	0	207	57	6-Min Speed ??Matka
1099	50	0	207	58	1Min Fast Matka
1099	51	0	207	59	3Min Fast Matka
1099	52	0	207	60	1Min Color Game
1099	53	0	207	61	3Min Color Game
1099	54	0	207	62	1 Min 7 Up 7 Down
1099	55	0	207	63	3Min 7Up7Down
1099	56	0	207	64	NIFTY 50 Matka
1099	57	0	207	65	Nifty Bank Matka
1099	58	0	207	66	BSE MIDCAP Matka
1099	59	0	207	67	BSE Smallcap Matka
1099	60	0	207	68	KERALA 3D Game
1099	61	0	207	69	KERALA 4D Game
1099	62	0	207	70	KERALA 5D Game
1099	63	0	207	71	DEAR 1PM 3D Game
1099	64	0	207	72	DEAR 1PM 4D Game
1099	65	0	207	73	DEAR 1PM 5D Game
1099	66	0	207	74	DEAR 6PM 3D Game
1099	67	0	207	75	DEAR 6PM 4D Game
1099	68	0	207	76	DEAR 6PM 5D Game
1099	69	0	207	77	DEAR 8PM 3D Game
1099	70	0	207	78	DEAR 8PM 4D Game
1099	71	0	207	79	DEAR 8PM 5D Game
1099	72	0	207	6	SHILLONG TEER
1099	73	0	207	7	1Min SHILLONG TEER ONLINE
1099	74	0	207	8	2Min SHILLONG TEER ONLINE
1099	75	0	207	9	1-Minute 2D Game
1099	76	0	207	10	3-Minute 2D Game
1099	77	0	207	3	Bhagyathara
10	310	JokerGaming	208	250	Football Mines
10	312	JokerGaming	208	269	Mines or Gifts
10	313	JokerGaming	208	270	Mines or Treat
10	314	JokerGaming	208	267	Jogo Do Bicho
10	315	JokerGaming	208	272	7 Up Down
10	316	JokerGaming	208	282	Speed Lotto
10	317	JokerGaming	208	287	Baccarat VVIP
29	596	MicroGaming	208	103	FlyX Cash Turbo
29	622	MicroGaming	208	289	SoccerX
1012	67	TCGaming	208	23	Canada BCLC
1012	68	TCGaming	208	66	Beijing Keno
1012	69	TCGaming	208	67	Greece Keno
1012	70	TCGaming	208	68	New Zealand Keno
1012	71	TCGaming	208	12	Slovakia Keno
1012	72	TCGaming	208	53	Turbo Keno
1012	73	TCGaming	208	31	Taiwan Bingo
1012	74	TCGaming	208	69	Canada WCLC
1012	75	TCGaming	208	13	TCG45SVN North
1012	76	TCGaming	208	70	SicBO Fast3
1012	77	TCGaming	208	71	Speed PK10
1012	78	TCGaming	208	72	Fish Prawn Crab
1012	79	TCGaming	208	73	Tai Xiu
1012	80	TCGaming	208	74	Xoc Dia
1019	8	YeeBet	208	9	Cock Fighter
1020	237	JiLiGaming	208	223	Super e-Sabong
1020	238	JiLiGaming	208	257	Domino Go
1020	241	JiLiGaming	208	192	Fish Prawn Crab
1020	252	JiLiGaming	208	217	Amar Akbar Anthony
1020	274	Jili	208	216	Big Small Casino Royale
1020	289	Jili	208	235	Cash Balloon
1025	148	PlayTech	208	43	Sports Blackjack 1
1025	149	PlayTech	208	44	Sports Blackjack 2
1025	150	PlayTech	208	37	Sports Roulette
1025	151	PlayTech	208	41	Sports All Bets Blackjack
1025	152	PlayTech	208	53	Football French Roulette
1026	133	Rich88	208	102	Monopoly Bingo
1029	412	568winGames	208	124	Gold of Baboon
1029	415	568winGames	208	173	Fortune Chef Panda
1029	470	568winGames	208	191	CosmoX
1029	471	568winGames	208	141	GoalX
1029	472	568winGames	208	106	ScoreX
1033	64	KingMidas	208	71	Toon Crash
1041	23	93connect	208	11	COIN MINI
1041	25	93connect	208	25	TAIXIU MINI
1042	26	KAGaming	208	119	Shock Tower
1042	78	KAGaming	208	107	Boom X
1042	89	KAGaming	208	174	Slap It
1042	90	KAGaming	208	68	Thunder Land
1042	124	KAGaming	208	549	European Roulette
1042	156	KAGaming	208	259	Penalty Kick
1042	297	KAGaming	208	551	Won Won Catching
1042	362	KAGaming	208	54	Dragon Ball
1050	66	BoleGaming	208	35	Mercedes-Benz BMW
1054	2	LambdaGaming	208	21	8BitPlinko
1054	3	LambdaGaming	208	22	8BitMan
1054	4	LambdaGaming	208	23	8Bit2048
1054	29	LambdaGaming	208	41	AVIABITMAN
1054	41	LambdaGaming	208	16	Sugar Sweets
1054	43	LambdaGaming	208	17	Star Queen
1058	115	JDB	208	131	Happy Lottery
1058	116	JDB	208	137	Gold Rooster Lottery
1058	117	JDB	208	115	Cai Shen Bingo
1059	83	ClotPlay	208	100	Soccer Plinko
1059	84	ClotPlay	208	53	Zeus Plinko Fortune
1059	88	ClotPlay	208	92	Galaxy Escape
1059	103	ClotPlay	208	50	Neko Keno
1064	24	ViaCasino	208	30	Crazy Marbles
1064	25	ViaCasino	208	31	Tornado Marbles
1070	1	WS168Cockfighting	208	1	WS168 Cockfighting
1072	13	Spribe	208	2	Pilot Chicken
1083	49	NULL	208	4	Beach Penalties
1084	36	SPlus	208	35	LIMBO
1084	39	SPlus	208	41	KENO
1084	40	SPlus	208	9	DICE
1084	41	SPlus	208	25	PLINKO
1084	42	SPlus	208	5	Seth the God King
1096	85	HacksawGaming	208	85	Mines
1096	86	HacksawGaming	208	86	Coins
1096	87	HacksawGaming	208	87	Boxes
1096	108	HacksawGaming	208	43	Plinko
1096	110	HacksawGaming	208	103	Hi-Lo
1096	113	HacksawGaming	208	105	Lines
1096	117	HacksawGaming	208	62	Wheel
1096	118	HacksawGaming	208	107	Blocks
1096	121	HacksawGaming	208	109	Colors
1096	125	HacksawGaming	208	112	Twenty-one
1096	129	HacksawGaming	208	78	Baccarat
1096	140	HacksawGaming	208	122	Plinko
1096	141	HacksawGaming	208	123	Hi-Lo
1096	142	HacksawGaming	208	124	Lines
1096	143	HacksawGaming	208	125	Wheel
1096	144	HacksawGaming	208	126	Blocks
1096	145	HacksawGaming	208	127	Colors
1096	146	HacksawGaming	208	128	Twenty-One
1096	153	HacksawGaming	208	132	Dice
1096	154	HacksawGaming	208	133	Limbo
1096	159	HacksawGaming	208	11	Speed Crash
1098	27	MikiWorldLiveCasino	208	4	BlockChain HiLo
44	0	Saba Sports	300	1	Saba Sports LOBBY
44	2	Saba Sports	300	3	Saba E-Sports
1015	0	AFB Sports	300	1	AFB Sports
1022	0	BTiSports	300	1	BTi Sports
1053	1	PandaSports	300	1	PandaSports
1080	0	LuckySports	300	1	LuckySports Lobby
1080	1	LuckySports	300	2	Soccer
1080	2	LuckySports	300	3	Tennis
1080	3	LuckySports	300	4	Cricket
1080	4	LuckySports	300	5	Aussie Rules
1080	5	LuckySports	300	6	Badminton
1080	6	LuckySports	300	7	Baseball
1080	7	LuckySports	300	8	Basketball
1080	8	LuckySports	300	9	Basketball 3X3
1080	9	LuckySports	300	10	Beach Volley
1080	10	LuckySports	300	11	Bowls
1080	11	LuckySports	300	12	Boxing
1080	12	LuckySports	300	13	Cycling
1080	13	LuckySports	300	14	Darts
1080	14	LuckySports	300	15	Field Hockey
1080	15	LuckySports	300	16	Formula 1
1080	16	LuckySports	300	17	Futsal
1080	17	LuckySports	300	18	Golf
1080	18	LuckySports	300	19	Handball
1080	19	LuckySports	300	20	Ice Hockey
1080	20	LuckySports	300	21	Kabaddi
1080	21	LuckySports	300	22	Mma
1080	22	LuckySports	300	23	Motorcycle Racing
1080	23	LuckySports	300	24	Rugby
1080	24	LuckySports	300	25	Snooker
1080	25	LuckySports	300	26	Squash
1080	26	LuckySports	300	27	Table Tennis
1080	27	LuckySports	300	28	Volleyball
1080	28	LuckySports	300	29	American Football
1086	0	APGaming	300	1	APGaming
1105	0	Predix	300	1	Predix Lobby
