id,gameId,name,platformName,gameType,imageUrl,localImage
"13479","123","Pahiyas Win's","GameZone","5","https://pub.imgscache.com/compic/428e4e22-6e83-4c12-9db2-fcdfc875448f.webp","images/GameZone__Pahiyas_Win_s__13479.webp"
"11729","sweeper","Mines","GameZone","3","https://pub.imgscache.com/compic/031a1605-2e80-4bc1-9843-48e083a6a5da.webp","images/GameZone__Mines__11729.webp"
"13148","pacquiaofortune","Pacquiao Fortune","GameZone","5","https://pub.imgscache.com/compic/29c34bbc-fa9a-46c1-b9e8-f7a48bc72500.webp","images/GameZone__Pacquiao_Fortune__13148.webp"
"11947","superace","Fortune Ace","GameZone","5","https://pub.imgscache.com/compic/44b28d73-d711-48f8-af97-4322da6b4f95.webp","images/GameZone__Fortune_Ace__11947.webp"
"12033","supergemtwo","Super Gems2","GameZone","5","https://pub.imgscache.com/compic/92f8c94c-9340-4374-be72-14e8013ae237.webp","images/GameZone__Super_Gems2__12033.webp"
"13449","101007","Super Gems","OMNIPLAY","5","https://pub.imgscache.com/compic/46b20dd8-40f8-454c-851d-a743e0217193.webp","images/OMNIPLAY__Super_Gems__13449.webp"
"12258","1492288","Pinata Wins","PG","5","https://pub.imgscache.com/compic/4c458a7e-2609-4212-8620-512d9efc291a.webp","images/PG__Pinata_Wins__12258.webp"
"11674","49","Super Ace","JILI","5","https://pub.imgscache.com/compic/6a617a9a-9749-47f2-b20b-5985b3a89581.webp","images/JILI__Super_Ace__11674.webp"
"11463","leqhceumaq6qfoug","Speed Baccarat A Live","EVOLUTION","17","https://pub.imgscache.com/compic/b817f560-cfa6-495a-818b-1a7d6522544a.webp","images/EVOLUTION__Speed_Baccarat_A_Live__11463.webp"
"12035","471","Super Ace Jackpot","JILI","5","https://pub.imgscache.com/compic/b07419fd-d384-4a3c-aff9-c94f1238d86b.webp","images/JILI__Super_Ace_Jackpot__12035.webp"
"12260","135","Wild Bounty Showdown","PG","5","https://pub.imgscache.com/compic/8544a14a-cee3-4635-9e9b-4cdfe0a26d15.webp","images/PG__Wild_Bounty_Showdown__12260.webp"
"12174","RBDG","Pinoy Drop Ball","PDB","27","https://pub.imgscache.com/compic/3e797d74-1c1c-4e41-8200-28a9f4bcba95.webp","images/PDB__Pinoy_Drop_Ball__12174.webp"
"14204","101024","Super Gems 1000","OMNIPLAY","5","https://pub.imgscache.com/compic/68788747-d4ab-4a8c-964f-6878474adcb6.webp","images/OMNIPLAY__Super_Gems_1000__14204.webp"
"13486","696","Fortune Garuda 500","JILI","5","https://pub.imgscache.com/compic/382f38fc-a2af-4d63-85f0-c1644c06d21f.webp","images/JILI__Fortune_Garuda_500__13486.webp"
"11849","403","Super Ace Deluxe","JILI","5","https://pub.imgscache.com/compic/0f6e960d-8679-487c-99c7-8bcffc6ea741.webp","images/JILI__Super_Ace_Deluxe__11849.webp"
"11627","tongits","Tongits Plus","GameZone","3","https://pub.imgscache.com/compic/d43905a8-6ffa-4829-b786-a2913e93a36b.webp","images/GameZone__Tongits_Plus__11627.webp"
"11564","G13","Color Game (live)","COLORGAME","27","https://pub.imgscache.com/compic/f5ce06e3-240b-4be6-8c89-116653e42a6a.webp","images/COLORGAME__Color_Game_live__11564.webp"
"11834","tongits_joker","Tongits Joker","GameZone","3","https://pub.imgscache.com/compic/102c36e8-b81e-4caa-9c12-1eaf19df6a30.webp","images/GameZone__Tongits_Joker__11834.webp"
"11786","300","Fortune Gems 3","JILI","5","https://pub.imgscache.com/compic/70a922e3-4bea-4e30-ae78-2d87cf1d2db5.webp","images/JILI__Fortune_Gems_3__11786.webp"
"11405","229","Mines","JILI","3","https://pub.imgscache.com/compic/2f95fba2-4804-4625-bb3d-0ce82573dd2e.webp","images/JILI__Mines__11405.webp"
"13085","22071","Sugar Bang Bang 2","FACHAI","5","https://pub.imgscache.com/compic/79af655a-1fdb-43bd-88e8-b4ad1146c2f3.webp","images/FACHAI__Sugar_Bang_Bang_2__13085.webp"
"12161","vs20sugarrushx","Sugar Rush 1000","PP","5","https://pub.imgscache.com/compic/d77cb085-87bb-4437-a70d-4d55aadd94b6.webp","images/PP__Sugar_Rush_1000__12161.webp"
"11704","RG01","Pa Pula Pa Puti","Pulaputi","27","https://pub.imgscache.com/compic/64b3829d-550f-4a9a-a6da-deaa96a833e0.webp","images/Pulaputi__Pa_Pula_Pa_Puti__11704.webp"
"13932","BT01","Pinoy Drop Ball Turbo","PDBT","30","https://pub.imgscache.com/compic/68a4ce72-7569-4d19-b959-4d9271c87ee0.webp","images/PDBT__Pinoy_Drop_Ball_Turbo__13932.webp"
"11673","103","Golden Empire","JILI","5","https://pub.imgscache.com/compic/9b85eeaf-76f5-418c-a7bd-32aa02f97d75.webp","images/JILI__Golden_Empire__11673.webp"
"11675","109","Fortune Gems","JILI","5","https://pub.imgscache.com/compic/33f5ccde-b5d6-4428-bd16-1b00a6c2106e.webp","images/JILI__Fortune_Gems__11675.webp"
"12138","vs20fruitswx","Sweet Bonanza 1000","PP","5","https://pub.imgscache.com/compic/31c521f1-7b9c-448c-801a-ac1ebda287ba.webp","images/PP__Sweet_Bonanza_1000__12138.webp"
"11703","pusoy","Pusoy Plus","GameZone","3","https://pub.imgscache.com/compic/962e6e11-37bd-4d5b-828d-2de082aa3dce.webp","images/GameZone__Pusoy_Plus__11703.webp"
"11806","223","Fortune Gems 2","JILI","5","https://pub.imgscache.com/compic/22d47863-76de-402f-9620-6342382638d2.webp","images/JILI__Fortune_Gems_2__11806.webp"
"12175","464","Fortune King Jackpot","JILI","8","https://pub.imgscache.com/compic/c34c8267-fcf3-42b2-8432-ffe46e31ae32.webp","images/JILI__Fortune_King_Jackpot__12175.webp"
"14202","22098","Super Elements 2","FACHAI","5","https://pub.imgscache.com/compic/82f9d570-4d17-4e33-b31f-c8fa040d9d2f.webp","images/FACHAI__Super_Elements_2__14202.webp"
"13086","vs20olympgold","Gates of Olympus Super Scatter","PP","5","https://pub.imgscache.com/compic/396e80b7-c0b1-4227-8ff1-fd81c15b84f5.webp","images/PP__Gates_of_Olympus_Super_Scatter__13086.webp"
"13446","vs20swbon2500","Sweet Bonanza 2500","PP","5","https://pub.imgscache.com/compic/10862939-7705-46af-afee-64dc398f5f61.webp","images/PP__Sweet_Bonanza_2500__13446.webp"
"13122","22064","Chinese New Year Moreways","FACHAI","5","https://pub.imgscache.com/compic/ac48b306-fb20-407d-b5c9-4869152cf2c9.webp","images/FACHAI__Chinese_New_Year_Moreways__13122.webp"
"11629","texas","Texas","GameZone","3","https://pub.imgscache.com/compic/9372c6b9-066c-48db-9f06-ee4dbb4ce702.webp","images/GameZone__Texas__11629.webp"
"11605","22043","Sugar Bang Bang","FACHAI","5","https://pub.imgscache.com/compic/f51c7571-a3f3-4fd3-8673-355d9d1eaede.webp","images/FACHAI__Sugar_Bang_Bang__11605.webp"
"11672","51","Money Coming","JILI","5","https://pub.imgscache.com/compic/e44565fc-0280-4203-96d5-488e7029c7e8.webp","images/JILI__Money_Coming__11672.webp"
"11443","NoCommBac0000001","No Commission Baccarat","EVOLUTION","17","https://pub.imgscache.com/compic/972f18a4-e2b7-44d8-a3b2-eff45b45e230.webp","images/EVOLUTION__No_Commission_Baccarat__11443.webp"
"11464","CrazyTime0000001","Crazy Time","EVOLUTION","17","https://pub.imgscache.com/compic/95c66a89-2e28-435c-af66-6c914db5c44e.webp","images/EVOLUTION__Crazy_Time__11464.webp"
"13471","588","3 Super Ace","JILI","5","https://pub.imgscache.com/compic/5956a299-92f0-417b-a137-a2ab76bb79bf.webp","images/JILI__3_Super_Ace__13471.webp"
"12259","1508783","Wild Ape #3258","PG","5","https://pub.imgscache.com/compic/12152bba-ae14-44fa-806c-979846f6b879.webp","images/PG__Wild_Ape_3258__12259.webp"
"14201","539","Super Ace Speed","JILI","5","https://pub.imgscache.com/compic/f762ffc2-8f19-4b20-9f9c-b59cf9901eca.webp","images/JILI__Super_Ace_Speed__14201.webp"
"11430","CrazyTime0000002","Crazy Time A","EVOLUTION","17","https://pub.imgscache.com/compic/1f5d233c-4a43-4525-8a74-3994db6c830e.webp","images/EVOLUTION__Crazy_Time_A__11430.webp"
"13550","vs20sugrushss","Sugar Rush Super Scatter","PP","5","https://pub.imgscache.com/compic/851c7b7d-7af1-4665-aecc-485036d406b8.webp","images/PP__Sugar_Rush_Super_Scatter__13550.webp"
"13062","bountyraid","Bounty Raid","GameZone","5","https://pub.imgscache.com/compic/7b5138bf-4e5b-40b2-83ee-c9ae2b3aa870.webp","images/GameZone__Bounty_Raid__13062.webp"
"11667","174","Jackpot Bingo","JILI","27","https://pub.imgscache.com/compic/71c8bd37-f10f-464a-816e-cda3436e9637.webp","images/JILI__Jackpot_Bingo__11667.webp"
"12034","289","Ocean King Jackpot","JILI","8","https://pub.imgscache.com/compic/98ecbee6-dadd-447d-8d12-57a359488526.webp","images/JILI__Ocean_King_Jackpot__12034.webp"
"13231","22092","DJ BOOM BOOM","FACHAI","5","https://pub.imgscache.com/compic/98741b27-caf6-4223-b4d4-8304b5e6d81f.webp","images/FACHAI__DJ_BOOM_BOOM__13231.webp"
"13235","22093","Sugar Bang Bang Plus","FACHAI","5","https://pub.imgscache.com/compic/56829082-ce10-42cb-84df-ff7626dfd716.webp","images/FACHAI__Sugar_Bang_Bang_Plus__13235.webp"
"12464","302","Money Coming Expand Bets","JILI","5","https://pub.imgscache.com/compic/f02be801-f67a-45a8-b710-d771de242cae.webp","images/JILI__Money_Coming_Expand_Bets__12464.webp"
"11469","DragonTiger00001","Dragon Tiger","EVOLUTION","17","https://pub.imgscache.com/compic/0f01be4b-984b-44f3-a68b-b82f91135e09.webp","images/EVOLUTION__Dragon_Tiger__11469.webp"
"11407","197","Color Game","JILI","3","https://pub.imgscache.com/compic/258615a9-eba6-4b67-9e5b-cc5159dcc88a.webp","images/JILI__Color_Game__11407.webp"
"11649","89","Lucky Neko","PG","5","https://pub.imgscache.com/compic/10a67cd7-0ebe-4ad5-94b3-c372ae493412.webp","images/PG__Lucky_Neko__11649.webp"
"11839","texasnlh","Poker Plus (Texas Plus)","GameZone","3","https://pub.imgscache.com/compic/ec433e1f-ee3c-45c3-9c1f-9572bb8b57a4.webp","images/GameZone__Poker_Plus_Texas_Plus__11839.webp"
"13136","22060","Poker Win","FACHAI","5","https://pub.imgscache.com/compic/e07d0803-3ce1-4f16-a2db-d38a62920ff8.webp","images/FACHAI__Poker_Win__13136.webp"
"13110","582","Fortune Gems Jackpot","JILI","5","https://pub.imgscache.com/compic/367a092f-1141-4058-bc82-06d56beba448.webp","images/JILI__Fortune_Gems_Jackpot__13110.webp"
"11567","0_14085","FRUITY BONANZA","JDB","5","https://pub.imgscache.com/compic/d28985d1-41d2-4e8e-bde1-c5cad63f4458.webp","images/JDB__FRUITY_BONANZA__11567.webp"
"13064","tongitsjp","Tongits JP","GameZone","3","https://pub.imgscache.com/compic/80cf0236-ac72-4007-b3d3-205cfa48ca6c.webp","images/GameZone__Tongits_JP__13064.webp"
"13089","0_15105","BingBing Magic Ace","JDB","5","https://pub.imgscache.com/compic/7c014f35-cfa0-4e2e-b44e-a69552fe7854.webp","images/JDB__BingBing_Magic_Ace__13089.webp"
"13124","pusoyjp","Pusoy JP","GameZone","3","https://pub.imgscache.com/compic/74a32608-e235-4e14-ac55-205727863dff.webp","images/GameZone__Pusoy_JP__13124.webp"
"12513","774SuperSpeedBac","Super Speed Baccarat","EVOLUTION","17","https://pub.imgscache.com/compic/d3ddd58a-08ec-4328-a26e-b1cfe98b6621.webp","images/EVOLUTION__Super_Speed_Baccarat__12513.webp"
"14035","6013","Bathala's Blessing","Spin Master","5","https://pub.imgscache.com/compic/470d4922-de16-4753-88b8-4f47d3c8cdb6.webp","images/Spin_Master__Bathala_s_Blessing__14035.webp"
"11397","32","Jackpot Fishing","JILI","8","https://pub.imgscache.com/compic/e123ca66-9d36-4c95-a520-78df7d07c2f4.webp","images/JILI__Jackpot_Fishing__11397.webp"
"11851","87","Treasures of Aztec","PG","5","https://pub.imgscache.com/compic/fb22e640-184c-4b58-adb7-6392c547d6bd.webp","images/PG__Treasures_of_Aztec__11851.webp"
"13156","557","Super Ace Pacquiao","JILI","5","https://pub.imgscache.com/compic/60d9b4eb-12f1-4bf5-9819-a16e0ea25418.webp","images/JILI__Super_Ace_Pacquiao__13156.webp"
"11668","181","Wild Ace","JILI","5","https://pub.imgscache.com/compic/ababb6a4-bde5-46a0-9b97-9034f089079a.webp","images/JILI__Wild_Ace__11668.webp"
"11376","080","Bingo Boom","EBG","27","https://pub.imgscache.com/compic/14c9d66f-bd2b-4479-b931-bda2678cc5fc.webp","images/EBG__Bingo_Boom__11376.webp"
"11665","35","Crazy777","JILI","5","https://pub.imgscache.com/compic/fe6354d6-90d4-44c0-9401-25d8828ce2a4.webp","images/JILI__Crazy777__11665.webp"
"11465","LightningTable01","Lightning Roulette","EVOLUTION","17","https://pub.imgscache.com/compic/f7970149-9e9a-401a-aa84-be8aa4fe1524.webp","images/EVOLUTION__Lightning_Roulette__11465.webp"
"11497","20","Bingo Boom vip","EBG","27","https://pub.imgscache.com/compic/c64d219f-0f03-4720-95d2-4af09fd4c6f5.webp","images/EBG__Bingo_Boom_vip__11497.webp"
"11380","77","Boxing King","JILI","5","https://pub.imgscache.com/compic/af73d0ff-9f5d-4473-b5a6-b128026ce5b1.webp","images/JILI__Boxing_King__11380.webp"
"11602","22040","Lucky Fortunes","FACHAI","5","https://pub.imgscache.com/compic/844b75d3-1394-451b-9f13-57d19d4a811f.webp","images/FACHAI__Lucky_Fortunes__11602.webp"
"12954","523","Fortune Coins","JILI","5","https://pub.imgscache.com/compic/054fad17-c567-4d07-9ab7-27d4fb7b948a.webp","images/JILI__Fortune_Coins__12954.webp"
"12407","ultraace","Ultra Ace","GameZone","5","https://pub.imgscache.com/compic/658d4c51-2c9d-492c-adde-031c510b0741.webp","images/GameZone__Ultra_Ace__12407.webp"
"13498","664","Lucky Jaguar 500","JILI","5","https://pub.imgscache.com/compic/c9debe31-072b-432f-b1a8-61ea83b67485.webp","images/JILI__Lucky_Jaguar_500__13498.webp"
"13123","FunkyTime0000001","Funky Time","EVOLUTION","17","https://pub.imgscache.com/compic/80f1449d-b2a9-4086-a275-11579a7bf91b.webp","images/EVOLUTION__Funky_Time__13123.webp"
"11790","22055","Super elements","FACHAI","5","https://pub.imgscache.com/compic/b1f07849-0c55-4cf3-882b-247f069de5ab.webp","images/FACHAI__Super_elements__11790.webp"
"13495","812","Fortune Gems Legend","JILI","5","https://pub.imgscache.com/compic/e9177ac0-1113-4b60-8b13-9822a27c8e73.webp","images/JILI__Fortune_Gems_Legend__13495.webp"
"12167","vs20starlightx","Starlight Princess 1000","PP","5","https://pub.imgscache.com/compic/513c0107-9054-4e16-9a28-794f42b5bc91.webp","images/PP__Starlight_Princess_1000__12167.webp"
"12262","104","Wild Bandito","PG","5","https://pub.imgscache.com/compic/17500f92-72f3-486e-b7a4-a79ee3f0d13d.webp","images/PG__Wild_Bandito__12262.webp"
"12799","22063","QUEEN OF INCA","FACHAI","5","https://pub.imgscache.com/compic/1a800a60-6d2a-42a0-bd40-ba68f43da214.webp","images/FACHAI__QUEEN_OF_INCA__12799.webp"
"11669","122","iRich Bingo","JILI","27","https://pub.imgscache.com/compic/f0147647-b3cf-4b20-a24b-fc1edefcaee7.webp","images/JILI__iRich_Bingo__11669.webp"
"12825","1702123","Geisha's Revenge","PG","5","https://pub.imgscache.com/compic/95abe343-893f-4061-8f14-f26ef3a85a7e.webp","images/PG__Geisha_s_Revenge__12825.webp"
"13088","31","Baccarat Deluxe","PG","3","https://pub.imgscache.com/compic/4a437397-71d0-4c65-89fd-086e11351fdc.webp","images/PG__Baccarat_Deluxe__13088.webp"
"13127","573","Fortune Coins 2","JILI","5","https://pub.imgscache.com/compic/28be429f-df83-4385-97db-58216722c4e8.webp","images/JILI__Fortune_Coins_2__13127.webp"
"13120","vs20swrbon","Sweet Rush Bonanza","PP","5","https://pub.imgscache.com/compic/993a8c78-5e61-4fdc-b543-c3afd7562f31.webp","images/PP__Sweet_Rush_Bonanza__13120.webp"
"13121","22084","Jungle Bang Bang","FACHAI","5","https://pub.imgscache.com/compic/6e9fa8d2-3654-4bc4-bc6f-f66502d19e1b.webp","images/FACHAI__Jungle_Bang_Bang__13121.webp"
"11468","MonBigBaller0001","Monopoly Big Baller","EVOLUTION","17","https://pub.imgscache.com/compic/c20f10dd-ff4b-40bc-9f7c-ec8f5e41987d.webp","images/EVOLUTION__Monopoly_Big_Baller__11468.webp"
"11742","hilo","Lucky Hilo","GameZone","3","https://pub.imgscache.com/compic/c95ad123-ada7-423e-9fcc-db1d1f2e9d1d.webp","images/GameZone__Lucky_Hilo__11742.webp"
"13134","22068","Lucky Fortunes Jackpot","FACHAI","5","https://pub.imgscache.com/compic/5894d7d1-c271-4aa1-b92d-f6b69419cc74.webp","images/FACHAI__Lucky_Fortunes_Jackpot__13134.webp"
"14205","686","Fortune Coins Unlimited Fortune ","JILI","5","https://pub.imgscache.com/compic/753222ab-28fe-457c-b1c1-6a099acbe6d5.webp","images/JILI__Fortune_Coins_Unlimited_Fortune__14205.webp"
"11678","74","Mahjong Ways 2","PG","5","https://pub.imgscache.com/compic/47a16a2c-1844-4c93-812d-7fdabea923df.webp","images/PG__Mahjong_Ways_2__11678.webp"
"13834","ndgvz5mlhfuaad6e","Speed Baccarat D","EVOLUTION","17","https://pub.imgscache.com/compic/ccd951d9-8f6c-41ca-bb8f-218e7ac37a0b.webp","images/EVOLUTION__Speed_Baccarat_D__13834.webp"
"12451","vs20gatotx","Gates of Gatot Kaca 1000","PP","5","https://pub.imgscache.com/compic/47b3493c-ada6-4133-bd2a-0b5283d93779.webp","images/PP__Gates_of_Gatot_Kaca_1000__12451.webp"
"11846","millionaire","Millionaire","GameZone","5","https://pub.imgscache.com/compic/ab25bf7f-dae3-4374-8db9-9e521774939a.webp","images/GameZone__Millionaire__11846.webp"
"11382","134","Mega Ace","JILI","5","https://pub.imgscache.com/compic/821c83f1-a541-4d52-9fe6-0c62b4eb6c31.webp","images/JILI__Mega_Ace__11382.webp"
"12932","409","Super Ace Joker","JILI","5","https://pub.imgscache.com/compic/ff22e5ba-d024-4041-9199-dca0b6b0be60.webp","images/JILI__Super_Ace_Joker__12932.webp"
"11585","22020","Chinese New Year","FACHAI","5","https://pub.imgscache.com/compic/e6ccf98b-0a88-4e59-a8b2-c79cecee0684.webp","images/FACHAI__Chinese_New_Year__11585.webp"
"12529","LightningStorm01","Lightning Storm","EVOLUTION","17","https://pub.imgscache.com/compic/4b94dedf-6885-49f8-a616-b15a8c94dda4.webp","images/EVOLUTION__Lightning_Storm__12529.webp"
"12804","0_14093","Magic Ace Wild Lock","JDB","5","https://pub.imgscache.com/compic/2348e810-6122-4912-9b78-dec1666095a1.webp","images/JDB__Magic_Ace_Wild_Lock__12804.webp"
"11842","blackjack","Black Jack","GameZone","3","https://pub.imgscache.com/compic/bf99234e-23e5-4a2d-be18-0f739f8ed203.webp","images/GameZone__Black_Jack__11842.webp"
"14114","RaceTrack0000001","Race Track","EVOLUTION","30","https://pub.imgscache.com/compic/79521ae7-6194-486c-ad33-c35680aee4fb.webp","images/EVOLUTION__Race_Track__14114.webp"
"13740","590","Clover Coins 4x4","JILI","5","https://pub.imgscache.com/compic/bfbb5376-082a-4544-bac3-405494a8599d.webp","images/JILI__Clover_Coins_4x4__13740.webp"
"14285","761","Fortune of Aztec","JILI","5","https://pub.imgscache.com/compic/9e81f642-2690-4816-b19c-d1494963edb4.webp","images/JILI__Fortune_of_Aztec__14285.webp"
"12205","1623475","Anubis Wrath","PG","5","https://pub.imgscache.com/compic/3fd15181-b321-41bd-9707-5fa9ed2efbaf.webp","images/PG__Anubis_Wrath__12205.webp"
"13477","22091","Muscle Fortune Cat","FACHAI","3","https://pub.imgscache.com/compic/7970549d-ba3d-4ad9-8878-8a8f44d7c037.webp","images/FACHAI__Muscle_Fortune_Cat__13477.webp"
"11435","puu4yfymic3reudn","Emperor Speed Baccarat A","EVOLUTION","17","https://pub.imgscache.com/compic/4c16fb94-d14a-471e-8148-a882fa02ab24.webp","images/EVOLUTION__Emperor_Speed_Baccarat_A__11435.webp"
"13896","always9baccarat1","Always 9 Baccarat","EVOLUTION","17","https://pub.imgscache.com/compic/552da923-9573-4151-b8c1-95b049af46b7.webp","images/EVOLUTION__Always_9_Baccarat__13896.webp"
"14121","aviator","Aviator","SPRIBE","8","https://pub.imgscache.com/compic/bbbb1bd1-069b-4769-94c4-0fa64139ab1b.webp","images/SPRIBE__Aviator__14121.webp"
"13492","137","Tongits 1v1","GameZone","3","https://pub.imgscache.com/compic/7e9efffd-6339-47d4-a177-785816c84666.webp","images/GameZone__Tongits_1v1__13492.webp"
"13185","2220422","Wild Bounty Pacquiao","PG","5","https://pub.imgscache.com/compic/17a7e861-f2dc-4eb9-ae13-2e96a6e81525.webp","images/PG__Wild_Bounty_Pacquiao__13185.webp"
"11823","254","Mines Gold","JILI","3","https://pub.imgscache.com/compic/ad1255e3-e84c-469a-a25c-dc6d86353632.webp","images/JILI__Mines_Gold__11823.webp"
"11395","74","Mega Fishing","JILI","8","https://pub.imgscache.com/compic/2719536f-8951-45e1-bb98-cb48fede742d.webp","images/JILI__Mega_Fishing__11395.webp"
"11630","colorgame","Color Game","GameZone","3","https://pub.imgscache.com/compic/f547f53d-b425-4bc6-91d6-40ddef44229d.webp","images/GameZone__Color_Game__11630.webp"
"13061","pharaohstreasure","Pharaoh's Treasure","GameZone","5","https://pub.imgscache.com/compic/66fb74f0-d643-4b4c-87a2-69bdfcce9720.webp","images/GameZone__Pharaoh_s_Treasure__13061.webp"
"13630","IceFishing000001","Ice Fishing","EVOLUTION","17","https://pub.imgscache.com/compic/8c209e23-1aa9-44e2-8c1b-4d6248cc3c17.webp","images/EVOLUTION__Ice_Fishing__13630.webp"
"13459","101001","Sugar Bonanza 1000","OMNIPLAY","5","https://pub.imgscache.com/compic/7041cf7f-6d0a-48bf-a6d3-3c49968f2226.webp","images/OMNIPLAY__Sugar_Bonanza_1000__13459.webp"
"11769","candyparty","Candy Rush","GameZone","5","https://pub.imgscache.com/compic/3b488767-4fa6-474f-b055-c68943890fb4.webp","images/GameZone__Candy_Rush__11769.webp"
"11403","232","Tower","JILI","3","https://pub.imgscache.com/compic/4b1b4de9-6df9-42d9-9c98-0b8308204858.webp","images/JILI__Tower__11403.webp"
"13116","0_14098","Fruity Bonanza Combo","JDB","5","https://pub.imgscache.com/compic/c677d729-5579-413e-ac38-7ee43c35e94c.webp","images/JDB__Fruity_Bonanza_Combo__13116.webp"
"12172","vs20olympx","Gates of Olympus 1000","PP","5","https://pub.imgscache.com/compic/5a4a7094-26d5-4daa-b3e5-6299bc8834da.webp","images/PP__Gates_of_Olympus_1000__12172.webp"
"13188","Supercolorgame02","Perya Super Color Game","EVOLUTION","30","https://pub.imgscache.com/compic/672d2cae-3042-4564-bf9d-9f6c1715554c.webp","images/EVOLUTION__Perya_Super_Color_Game__13188.webp"
"13472","6005","Bathala","Spin Master","5","https://pub.imgscache.com/compic/14395502-a77f-4e21-be86-e5b51c44ea4e.webp","images/Spin_Master__Bathala__13472.webp"
"11610","22049","Zeus","FACHAI","5","https://pub.imgscache.com/compic/eb5c5ff5-d9be-42f0-bc93-bcd260e74a9c.webp","images/FACHAI__Zeus__11610.webp"
"11787","22056","Egypt bonanza","FACHAI","5","https://pub.imgscache.com/compic/76d6c668-efa3-4863-a5ab-6e0e4de94a80.webp","images/FACHAI__Egypt_bonanza__11787.webp"
"11628","lucky9","Lucky9 Plus","GameZone","3","https://pub.imgscache.com/compic/fb407fbc-ef22-40fd-8770-aea52cca0263.webp","images/GameZone__Lucky9_Plus__11628.webp"
"14058","22073","Phoenix Fever Jackpot","FACHAI","5","https://pub.imgscache.com/compic/4f8a903c-5497-42dc-8acd-1315162fadb4.webp","images/FACHAI__Phoenix_Fever_Jackpot__14058.webp"
"13463","101006","Egypt's Treasure","OMNIPLAY","5","https://pub.imgscache.com/compic/c3ad0db4-a91a-43c5-98be-0a6e76b3a37c.webp","images/OMNIPLAY__Egypt_s_Treasure__13463.webp"
"13441","vs20pacmansup","Gates of Manny Super PacMan","PP","5","https://pub.imgscache.com/compic/e4b7884c-efdc-49bc-9c3c-68ccb0931b48.webp","images/PP__Gates_of_Manny_Super_PacMan__13441.webp"
"12051","3010","Joy Bingo","YB","27","https://pub.imgscache.com/compic/39044d19-500d-43dc-8e22-2ef3e96b4ef1.webp","images/YB__Joy_Bingo__12051.webp"
"13115","518","Circus Joker 4096","JILI","5","https://pub.imgscache.com/compic/5fde1bb5-2ff6-44ae-b9b4-1024de1c1787.webp","images/JILI__Circus_Joker_4096__13115.webp"
"11824","9_9014","Mines","JDB","3","https://pub.imgscache.com/compic/7b97ebdd-ef93-4c5c-a046-7e0713794067.webp","images/JDB__Mines__11824.webp"
"12578","mahjongfortune","Mahjong Fortune","GameZone","5","https://pub.imgscache.com/compic/1639d932-e1aa-44dc-9de7-b1860e048629.webp","images/GameZone__Mahjong_Fortune__12578.webp"
"13112","461","Pirate Queen 2","JILI","5","https://pub.imgscache.com/compic/27e23bf4-d0b7-4693-bfdb-d0738c2298e9.webp","images/JILI__Pirate_Queen_2__13112.webp"
"11788","22053","Legend of inca","FACHAI","5","https://pub.imgscache.com/compic/122dbb7b-f1ca-4d29-9014-1bf4925bd33e.webp","images/FACHAI__Legend_of_inca__11788.webp"
"13447","vs20payanyvol","Jelly Express","PP","5","https://pub.imgscache.com/compic/f169bb5f-97f8-47fe-9a6a-0e4b42b42afe.webp","images/PP__Jelly_Express__13447.webp"
"11652","65","Mahjong Ways","PG","5","https://pub.imgscache.com/compic/aad03cf1-fbc5-4390-b700-a1f15f8a494a.webp","images/PG__Mahjong_Ways__11652.webp"
"11603","22041","Chinese New Year 2","FACHAI","5","https://pub.imgscache.com/compic/0f58b5ff-49e2-4616-bc89-8409afb77034.webp","images/FACHAI__Chinese_New_Year_2__11603.webp"
"12243","117","Cocktail Nights","PG","5","https://pub.imgscache.com/compic/4f052101-d677-457d-aaed-0307ba899660.webp","images/PG__Cocktail_Nights__12243.webp"
"11491","148","Bingo Carnaval","JILI","27","https://pub.imgscache.com/compic/4655fc92-a13a-4222-b01a-74582b3281e8.webp","images/JILI__Bingo_Carnaval__11491.webp"
"12454","vs20procountx","Wisdom of Athena 1000","PP","5","https://pub.imgscache.com/compic/2755725f-b9b3-4089-8637-078030196820.webp","images/PP__Wisdom_of_Athena_1000__12454.webp"
"13889","PeryaSpeedBac005","Perya Speed Baccarat 5","EVOLUTION","17","https://pub.imgscache.com/compic/a9ae783b-fdb6-4e5e-a373-bc8662023444.webp","images/EVOLUTION__Perya_Speed_Baccarat_5__13889.webp"
"11641","47","Charge Buffalo","JILI","5","https://pub.imgscache.com/compic/3125ee1e-4b67-46a1-9340-93ed718ed15a.webp","images/JILI__Charge_Buffalo__11641.webp"
"13068","531","Fortune Zombie","JILI","8","https://pub.imgscache.com/compic/1b2de050-12ee-4325-8ee6-cfc71b50d619.webp","images/JILI__Fortune_Zombie__13068.webp"
"12119","3002","Open Sesame","YB","27","https://pub.imgscache.com/compic/6597b1df-3d10-4542-b5cf-43e473928ea6.webp","images/YB__Open_Sesame__12119.webp"
"13850","qgqrv4asvltnvuty","Speed Baccarat X","EVOLUTION","17","https://pub.imgscache.com/compic/3a386e36-2062-4557-b1a5-8312e659c7a8.webp","images/EVOLUTION__Speed_Baccarat_X__13850.webp"
"13741","720","Bison Fortune Coins","JILI","5","https://pub.imgscache.com/compic/6c84b03d-c2b5-49cf-9342-5f6756ab2eec.webp","images/JILI__Bison_Fortune_Coins__13741.webp"
"13753","srsp4ai6uz4sfq4z","Lotus Speed Baccarat C","EVOLUTION","17","https://pub.imgscache.com/compic/0c63fad9-b04d-411d-bece-781da0a12c78.webp","images/EVOLUTION__Lotus_Speed_Baccarat_C__13753.webp"
"11495","151","Super Bingo","JILI","27","https://pub.imgscache.com/compic/7efc2947-b5a6-4fc7-b516-aadb5b26eb73.webp","images/JILI__Super_Bingo__11495.webp"
"12049","3008","Heat Bingo","YB","27","https://pub.imgscache.com/compic/ac8bfcdc-b0e2-4e85-8e10-2b5df3136ed3.webp","images/YB__Heat_Bingo__12049.webp"
"13180","vs20starprss","Starlight Princess Super Scatter","PP","5","https://pub.imgscache.com/compic/127eb118-0845-4f15-a833-dd1b8abc6019.webp","images/PP__Starlight_Princess_Super_Scatter__13180.webp"
"13478","goldmaster","Gold Master","GameZone","3","https://pub.imgscache.com/compic/d71e191e-3220-43e2-b87d-a735dfe9582e.webp","images/GameZone__Gold_Master__13478.webp"
"12930","421","Lucky Jaguar ","JILI","5","https://pub.imgscache.com/compic/70f6c6d9-61b5-4af6-a0f3-a7e49dbdb998.webp","images/JILI__Lucky_Jaguar__12930.webp"
"12798","22057","Fortune Goddess","FACHAI","5","https://pub.imgscache.com/compic/3720cece-43e6-49bf-aa40-85549f83f790.webp","images/FACHAI__Fortune_Goddess__12798.webp"
"11421","k2oswnib7jjaaznw","Baccarat Control Squeeze","EVOLUTION","17","https://pub.imgscache.com/compic/8639208c-42f7-43eb-b5ec-d20c77d5ec93.webp","images/EVOLUTION__Baccarat_Control_Squeeze__11421.webp"
"13228","vswaysmwss","Mahjong Wins Super Scatter","PP","5","https://pub.imgscache.com/compic/5b4481da-3a5a-4510-8ec9-80384156120d.webp","images/PP__Mahjong_Wins_Super_Scatter__13228.webp"
"12525","LightningDT00001","Lightning Dragon Tiger","EVOLUTION","17","https://pub.imgscache.com/compic/f2aac146-2832-4f9b-8401-aba3a381d431.webp","images/EVOLUTION__Lightning_Dragon_Tiger__12525.webp"
"13742","101010","Wild Train","OMNIPLAY","5","https://pub.imgscache.com/compic/39c29de0-f57d-4dea-be71-c5252fa48f4a.webp","images/OMNIPLAY__Wild_Train__13742.webp"
"13843","o4kyj7tgpwqqy4m4","Speed Baccarat Q","EVOLUTION","17","https://pub.imgscache.com/compic/c7080d0e-8eae-4d59-96b1-8de142214779.webp","images/EVOLUTION__Speed_Baccarat_Q__13843.webp"
"11671","110","Ali Baba","JILI","5","https://pub.imgscache.com/compic/3b2df1a6-6b44-4414-943a-8ebb19926575.webp","images/JILI__Ali_Baba__11671.webp"
"11843","piggytap","Piggy Tap","GameZone","3","https://pub.imgscache.com/compic/a07b6e00-cb40-4c03-af5d-fae31172a9c2.webp","images/GameZone__Piggy_Tap__11843.webp"
"13898","tp4ym5gypupqblmi","Super Speed Baccarat A","EVOLUTION","17","https://pub.imgscache.com/compic/ca22d647-4f6e-48cb-8811-126f870293e4.webp","images/EVOLUTION__Super_Speed_Baccarat_A__13898.webp"
"11681","0_14061","Maya Gold Crazy","JDB","5","https://pub.imgscache.com/compic/8e76104e-9224-44b3-a3dd-bfb8e029bda3.webp","images/JDB__Maya_Gold_Crazy__11681.webp"
"12457","supergemthree","Super Gems3","GameZone","5","https://pub.imgscache.com/compic/8ace1253-658f-4a8d-bf97-c284ce7429e2.webp","images/GameZone__Super_Gems3__12457.webp"
"13221","736","Jackpot Fishing 2","JILI","8","https://pub.imgscache.com/compic/74adc39b-1308-4520-8bc9-0f0d132ea709.webp","images/JILI__Jackpot_Fishing_2__13221.webp"
"11354","rng-rt-european0","First Person Roulette","EVOLUTION","17","https://pub.imgscache.com/compic/9ce4aad1-5c56-4649-b7b4-4936e9e1e2ab.webp","images/EVOLUTION__First_Person_Roulette__11354.webp"
"12933","1799745","Mr. Treasure’s Fortune","PG","5","https://pub.imgscache.com/compic/66d21f5a-6f6f-4d09-b702-e24fe9c4dfd1.webp","images/PG__Mr._Treasure_s_Fortune__12933.webp"
"13987","106002","Sugar Pop","OMNIPLAY","5","https://pub.imgscache.com/compic/92782039-639e-4be6-9026-c5df4427414a.webp","images/OMNIPLAY__Sugar_Pop__13987.webp"
"13500","404","Baccarat 2","PP","17","https://pub.imgscache.com/compic/8ce15020-793b-434a-843d-2304fbc699a9.webp","images/PP__Baccarat_2__13500.webp"
"13113","424","Golden Empire 2","JILI","5","https://pub.imgscache.com/compic/f79a8bb6-abc2-49a7-9eee-e42423f24529.webp","images/JILI__Golden_Empire_2__13113.webp"
"14203","101023","Goal Rush","OMNIPLAY","5","https://pub.imgscache.com/compic/011a86be-7eda-4af1-a0ff-56ff2c8bef0e.webp","images/OMNIPLAY__Goal_Rush__14203.webp"
"13230","560","Fortune Gems Pacquiao","JILI","5","https://pub.imgscache.com/compic/66c2203c-79ce-4857-930a-10a33a25166c.webp","images/JILI__Fortune_Gems_Pacquiao__13230.webp"
"14041","586","Party Ape","JILI","5","https://pub.imgscache.com/compic/3927368e-c356-4485-9855-275eea2fd1e1.webp","images/JILI__Party_Ape__14041.webp"
"12230","130","Lucky Piggy","PG","5","https://pub.imgscache.com/compic/184822ef-a11b-47dc-bcec-bfa9b1c4cd1c.webp","images/PG__Lucky_Piggy__12230.webp"
"13109","pumpkincash","Pumpkin Cash","GameZone","5","https://pub.imgscache.com/compic/2fb727b3-9cce-445a-9b9f-abaded452200.webp","images/GameZone__Pumpkin_Cash__13109.webp"
"11608","22047","Golden Genie","FACHAI","5","https://pub.imgscache.com/compic/312ec334-914d-4be6-8eb5-f4448a18a690.webp","images/FACHAI__Golden_Genie__11608.webp"
"11406","233","Hilo","JILI","3","https://pub.imgscache.com/compic/31ebbc87-0417-426e-8252-de10a13ee63b.webp","images/JILI__Hilo__11406.webp"
"13067","1049","Magical Alchemist","YB","5","https://pub.imgscache.com/compic/023cef68-b255-4216-91df-d476cc99bc51.webp","images/YB__Magical_Alchemist__13067.webp"
"13628","tzxc3b8v2nqqq0pj","Perya Speed Baccarat10","EVOLUTION","17","https://pub.imgscache.com/compic/4553611d-590b-4fc5-9c5e-93bbd91b7eb2.webp","images/EVOLUTION__Perya_Speed_Baccarat10__13628.webp"
"12226","1340277","Asgardian Rising","PG","5","https://pub.imgscache.com/compic/4c6a7768-5c75-412e-aa3d-0797fb7b8fcc.webp","images/PG__Asgardian_Rising__12226.webp"
"12963","084","Maya Golden City4","YGR","5","https://pub.imgscache.com/compic/d9e635d2-2723-481d-9347-2f8bdc1af366.webp","images/YGR__Maya_Golden_City4__12963.webp"
"11409","152","Baccarat","JILI","3","https://pub.imgscache.com/compic/043a7c62-c85a-4ae3-a9a1-2d0f2ffba4d8.webp","images/JILI__Baccarat__11409.webp"
"12120","3003","Bingo Bingo","YB","27","https://pub.imgscache.com/compic/3493ec46-425f-460a-8176-92be15cf2f72.webp","images/YB__Bingo_Bingo__12120.webp"
"13751","pv2y4kmsanvdvwgy","Lotus Speed Baccarat A","EVOLUTION","17","https://pub.imgscache.com/compic/a52990e6-18d2-4c6d-adde-540eb38fac0d.webp","images/EVOLUTION__Lotus_Speed_Baccarat_A__13751.webp"
"11580","21008","Star Hunter","FACHAI","8","https://pub.imgscache.com/compic/e4b33eed-a649-40b4-9141-5e90a51ca1ca.webp","images/FACHAI__Star_Hunter__11580.webp"
"13461","101003","Lucky Ace","OMNIPLAY","5","https://pub.imgscache.com/compic/a7b28bb4-afe0-4707-8a37-ce641171e8fc.webp","images/OMNIPLAY__Lucky_Ace__13461.webp"
"11583","22018","Night Market","FACHAI","5","https://pub.imgscache.com/compic/452177a2-b9c9-4d74-8d40-45656985f034.webp","images/FACHAI__Night_Market__11583.webp"
"12931","379","Money Pot ","JILI","5","https://pub.imgscache.com/compic/aad73ee1-426f-4c98-956c-49458af3b0bb.webp","images/JILI__Money_Pot__12931.webp"
"11454","lkcbrbdckjxajdol","Speed Roulette","EVOLUTION","17","https://pub.imgscache.com/compic/2b96378e-f27d-4f32-a927-edbf18df0323.webp","images/EVOLUTION__Speed_Roulette__11454.webp"
"11835","updown","7UP DOWN","GameZone","3","https://pub.imgscache.com/compic/b5502034-5e93-41fb-8438-a24348fab884.webp","images/GameZone__7UP_DOWN__11835.webp"
"12797","22066","Roma Gladiatrix","FACHAI","5","https://pub.imgscache.com/compic/25978a28-4a55-46a7-ba87-37c7fb8aaae1.webp","images/FACHAI__Roma_Gladiatrix__12797.webp"
"12116","1039","Sugar Crush","YB","5","https://pub.imgscache.com/compic/4579ee14-47d0-4a13-8e87-7961ee993e53.webp","images/YB__Sugar_Crush__12116.webp"
"11447","vctlz20yfnmp1ylr","Roulette","EVOLUTION","17","https://pub.imgscache.com/compic/5d71c244-b5a7-4597-abf6-3595bec02140.webp","images/EVOLUTION__Roulette__11447.webp"
"11428","o7347okwaeasvy2y","Blackjack VIP 1","EVOLUTION","17","https://pub.imgscache.com/compic/5548a208-7a1d-4876-96d3-d7a9467d280c.webp","images/EVOLUTION__Blackjack_VIP_1__11428.webp"
"13118","1051","Dragon Gems Wheel","YB","5","https://pub.imgscache.com/compic/32ac0830-d27c-4f24-bf64-b2be2613dab2.webp","images/YB__Dragon_Gems_Wheel__13118.webp"
"13476","667","Circus Jackpot","JILI","8","https://pub.imgscache.com/compic/e58bd6d0-584c-423c-9b44-83c787c0e97f.webp","images/JILI__Circus_Jackpot__13476.webp"
"11593","22029","Cowboys","FACHAI","5","https://pub.imgscache.com/compic/12e21909-b960-4a8b-bd16-14f5ad9ca9fd.webp","images/FACHAI__Cowboys__11593.webp"
"13066","1048","PIRATE LEGENDS","YB","5","https://pub.imgscache.com/compic/4bc8f95a-6dd3-41e8-937f-0b1493f2641d.webp","images/YB__PIRATE_LEGENDS__13066.webp"
"13739","vs20candyia","Candy Rush","PP","5","https://pub.imgscache.com/compic/a748502d-4ab6-4034-9833-6bea17be29f7.webp","images/PP__Candy_Rush__13739.webp"
"12521","RedDoorRoulette1","Red Door Roulette","EVOLUTION","17","https://pub.imgscache.com/compic/bea71212-9cdc-4a45-96a4-9168be933e36.webp","images/EVOLUTION__Red_Door_Roulette__12521.webp"
"11448","SalPrivBac000001","Salon Prive Baccarat A","EVOLUTION","17","https://pub.imgscache.com/compic/b142747f-5d11-45c4-8c4b-2060e7d22b76.webp","images/EVOLUTION__Salon_Prive_Baccarat_A__11448.webp"
"11566","7_7003","Cai Shen Fishing","JDB","8","https://pub.imgscache.com/compic/1738b2b8-cc11-412f-b8bd-128f4a9afbf2.webp","images/JDB__Cai_Shen_Fishing__11566.webp"
"11639","0_14077","Trump Card","JDB","5","https://pub.imgscache.com/compic/0c9f69d6-dced-447e-a8c8-02566c5be9f3.webp","images/JDB__Trump_Card__11639.webp"
"12173","vs20fruitsw","Sweet Bonanza","PP","5","https://pub.imgscache.com/compic/f347aa10-3011-42be-aae6-2eabacacde73.webp","images/PP__Sweet_Bonanza__12173.webp"
"11344","rngbaccarat00000","First Person Baccarat","EVOLUTION","17","https://pub.imgscache.com/compic/1477baf6-867f-4749-b0eb-5b55a82a2beb.webp","images/EVOLUTION__First_Person_Baccarat__11344.webp"
"13846","qgonc7t4ucdiel4o","Speed Baccarat T","EVOLUTION","17","https://pub.imgscache.com/compic/53c66652-6720-4570-a52f-287ea74c5e13.webp","images/EVOLUTION__Speed_Baccarat_T__13846.webp"
"13065","vs20gtsofhades","Gates of Hades","PP","5","https://pub.imgscache.com/compic/784c5ce8-f178-45c9-b1e8-80f4d1581836.webp","images/PP__Gates_of_Hades__13065.webp"
"13847","qgqrhfvsvltnueqf","Speed Baccarat U","EVOLUTION","17","https://pub.imgscache.com/compic/7d67f6e9-7f29-4d4c-ac2f-da3ef0dd2646.webp","images/EVOLUTION__Speed_Baccarat_U__13847.webp"
"13234","vswaysfortsup","Fortune Ace Super Scatter","PP","5","https://pub.imgscache.com/compic/a10b19b0-23bd-4390-bf37-6c8e8580e752.webp","images/PP__Fortune_Ace_Super_Scatter__13234.webp"
"11638","0_14045","Super Niubi Deluxe","JDB","5","https://pub.imgscache.com/compic/4e4b340a-1dc3-4ad6-a3d7-b5be073a84cd.webp","images/JDB__Super_Niubi_Deluxe__11638.webp"
"11777","9","War Of Dragons","JILI","5","https://pub.imgscache.com/compic/d94e8aee-925e-435e-91ea-f8f2a88c00c2.webp","images/JILI__War_Of_Dragons__11777.webp"
"12170","vs20sugarrush","Sugar Rush","PP","5","https://pub.imgscache.com/compic/2d912377-d0d5-42a9-871c-ef4ebba2d090.webp","images/PP__Sugar_Rush__12170.webp"
"13114","504","Crazy777 2","JILI","5","https://pub.imgscache.com/compic/ee29b5cf-c961-4f57-a84e-afabbab4f29b.webp","images/JILI__Crazy777_2__13114.webp"
"13117","1047","Light of Apollo","YB","5","https://pub.imgscache.com/compic/888667ab-6d84-4666-9602-e3896f63cc10.webp","images/YB__Light_of_Apollo__13117.webp"
"11475","LightningDice001","Lightning Dice","EVOLUTION","17","https://pub.imgscache.com/compic/f63387e9-b411-4bf2-9094-c7fbfbfa2e75.webp","images/EVOLUTION__Lightning_Dice__11475.webp"
"11433","puu47n7mic3rfd7y","Emperor Dragon Tiger","EVOLUTION","17","https://pub.imgscache.com/compic/1278dd08-fb28-4ac2-a3b5-d4d6ddae8e34.webp","images/EVOLUTION__Emperor_Dragon_Tiger__11433.webp"
"10672","BlackJack3H","Blackjack 3 Hand","HBN","3","https://pub.imgscache.com/compic/2c4cd2af-e9d4-4374-a64a-606a7607e883.webp","images/HBN__Blackjack_3_Hand__10672.webp"
"13494","593","Devil Fire Twins","JILI","5","https://pub.imgscache.com/compic/179c9d23-a89a-4886-b9a4-9ad7ed7adf4e.webp","images/JILI__Devil_Fire_Twins__13494.webp"
"12031","tongits_quick","Tongits Quick","GameZone","3","https://pub.imgscache.com/compic/422c0253-a21a-4c66-bb9b-f7cba344910f.webp","images/GameZone__Tongits_Quick__12031.webp"
"12202","1671262","Gemstones Gold","PG","5","https://pub.imgscache.com/compic/160021d6-1cb8-4b25-bb69-bb4771eca29e.webp","images/PG__Gemstones_Gold__12202.webp"
"11470","SuperSicBo000001","Super Sic Bo","EVOLUTION","17","https://pub.imgscache.com/compic/f99c85d9-3223-415c-a1a2-02577b51526d.webp","images/EVOLUTION__Super_Sic_Bo__11470.webp"
"13892","PeryaSpeedBac008","Perya Speed Baccarat 8","EVOLUTION","17","https://pub.imgscache.com/compic/9f6f608f-3640-47ac-944d-8726cb370c13.webp","images/EVOLUTION__Perya_Speed_Baccarat_8__13892.webp"
"11650","75","Ganesha Fortune","PG","5","https://pub.imgscache.com/compic/e7d0dce5-380a-495e-9f5e-0c450f05d137.webp","images/PG__Ganesha_Fortune__11650.webp"
"13157","751","Boxing King Pacquiao","JILI","5","https://pub.imgscache.com/compic/8df6e68a-0634-4ea2-8cff-c7d8a8a5d590.webp","images/JILI__Boxing_King_Pacquiao__13157.webp"
"11789","22054","Night market 2","FACHAI","5","https://pub.imgscache.com/compic/ee91664f-c3d6-4c7b-8126-72f2bcc2b8dc.webp","images/FACHAI__Night_market_2__11789.webp"
"12827","1815268","Oishi Delights","PG","5","https://pub.imgscache.com/compic/9ea46750-922d-4fe0-8116-d92f91cd1934.webp","images/PG__Oishi_Delights__12827.webp"
"13629","tzxd9y6k1sqqqztk","Perya Speed Baccarat11","EVOLUTION","17","https://pub.imgscache.com/compic/cadc42ee-bce1-45da-a81a-536b26dd2d69.webp","images/EVOLUTION__Perya_Speed_Baccarat11__13629.webp"
"13232","605","Jackpot Joker Fever","JILI","5","https://pub.imgscache.com/compic/3e2a7983-27e0-4e12-ab59-a3887ab05b1a.webp","images/JILI__Jackpot_Joker_Fever__13232.webp"
"11467","Monopoly00000001","Monopoly Live","EVOLUTION","17","https://pub.imgscache.com/compic/4f85a637-ba3d-4b3e-99b1-9f79362a2fb7.webp","images/EVOLUTION__Monopoly_Live__11467.webp"
"11601","22039","Robin Hood","FACHAI","5","https://pub.imgscache.com/compic/0600c050-5207-4764-964b-f3650c44612a.webp","images/FACHAI__Robin_Hood__11601.webp"
"12028","rocket","Crash","GameZone","3","https://pub.imgscache.com/compic/4efa4e43-11c6-4888-9e30-757383dca62f.webp","images/GameZone__Crash__12028.webp"
"11350","rng-lbaccarat000","First Person Lightning Baccarat","EVOLUTION","17","https://pub.imgscache.com/compic/c58e289f-6d01-4d51-97de-ab39a0de1767.webp","images/EVOLUTION__First_Person_Lightning_Baccarat__11350.webp"
"11743","sicbo","Sicbo Plus","GameZone","3","https://pub.imgscache.com/compic/0546b97d-4cdf-4d65-be51-417c53eb381a.webp","images/GameZone__Sicbo_Plus__11743.webp"
"13462","101004","Golden Treasure","OMNIPLAY","5","https://pub.imgscache.com/compic/c74c33b6-c10e-40ce-b8da-b9d48ffa75af.webp","images/OMNIPLAY__Golden_Treasure__13462.webp"
"11785","301","Jackpot Joker","JILI","5","https://pub.imgscache.com/compic/06f64191-f3a1-482d-aa47-31ce3bf4b20e.webp","images/JILI__Jackpot_Joker__11785.webp"
"11462","XxxtremeLigh0001","XXXtreme Lightning Roulette","EVOLUTION","17","https://pub.imgscache.com/compic/83d432f6-9068-4688-9e25-2bd6bc383b9c.webp","images/EVOLUTION__XXXtreme_Lightning_Roulette__11462.webp"
"12261","106","Ways of the Qilin","PG","5","https://pub.imgscache.com/compic/c781384f-d34a-42b0-ac7d-3e5b60cf1aed.webp","images/PG__Ways_of_the_Qilin__12261.webp"
"13754","pezjou3ltf6hvzjk","Thai Speed Baccarat A","EVOLUTION","17","https://pub.imgscache.com/compic/d0e9c89a-0e15-4af3-810a-b38fddac82c3.webp","images/EVOLUTION__Thai_Speed_Baccarat_A__13754.webp"
"13852","qsf65xtoyvbqoaop","Speed Baccarat 1","EVOLUTION","17","https://pub.imgscache.com/compic/7c6fd21b-d581-4a65-afef-a7857c07945e.webp","images/EVOLUTION__Speed_Baccarat_1__13852.webp"
"11845","supergem","Super Gems","GameZone","5","https://pub.imgscache.com/compic/7643da27-11f9-470d-b37a-17ff0d8c8d88.webp","images/GameZone__Super_Gems__11845.webp"
"13986","bubblegum-robo","Bubblegum & Robo","PNS","5","https://pub.imgscache.com/compic/2ff1779c-6a65-43c4-ae1b-25a3e9bb80dc.webp","images/PNS__Bubblegum_Robo__13986.webp"
"13497","tzx7z0xq9mqqq4ri","Perya Speed Baccarat9","EVOLUTION","17","https://pub.imgscache.com/compic/dc480c4c-c921-46b8-bf2f-28aec4aa8450.webp","images/EVOLUTION__Perya_Speed_Baccarat9__13497.webp"
"13632","tpc8m4zqk9ddd2a7","PD Classic Blackjack 2","EVOLUTION","17","https://pub.imgscache.com/compic/c3e4c3c5-5212-46b0-ac80-002ff3892a57.webp","images/EVOLUTION__PD_Classic_Blackjack_2__13632.webp"
"13135","0_14100","Koi Trio","JDB","5","https://pub.imgscache.com/compic/6b9ba3bc-3d4f-4241-acd2-7bff214805ed.webp","images/JDB__Koi_Trio__13135.webp"
"11599","22037","Grand Blue","FACHAI","5","https://pub.imgscache.com/compic/6765a78d-0555-4446-bfe5-fc9dacf48c63.webp","images/FACHAI__Grand_Blue__11599.webp"
"12916","1046","DRAGON GEMS","YB","5","https://pub.imgscache.com/compic/0257d7d7-f39e-4cc2-ba69-2d89d28f56f7.webp","images/YB__DRAGON_GEMS__12916.webp"
"12221","1402846","Midas Fortune","PG","5","https://pub.imgscache.com/compic/53d96d81-c0e3-455f-a5bb-5d660f8f5c64.webp","images/PG__Midas_Fortune__12221.webp"
"12117","1041","Crazy Money","YB","5","https://pub.imgscache.com/compic/b68d447e-ad92-43b0-be6a-86edf3931a50.webp","images/YB__Crazy_Money__12117.webp"
"11440","7x0b1tgh7agmf6hv","Immersive Roulette","EVOLUTION","17","https://pub.imgscache.com/compic/f2582eba-ef18-4b69-8eb5-0b2c2926e794.webp","images/EVOLUTION__Immersive_Roulette__11440.webp"
"12200","1695365","Fortune Dragon","PG","5","https://pub.imgscache.com/compic/bb9748a5-7e95-4397-a061-7d763c911a04.webp","images/PG__Fortune_Dragon__12200.webp"
"13475","536","Lucky Jaguar 2","JILI","5","https://pub.imgscache.com/compic/37f50339-f470-4855-86ad-1354ba9b8b4c.webp","images/JILI__Lucky_Jaguar_2__13475.webp"
"11051","208","Money Tree","CQ9","5","https://pub.imgscache.com/compic/620ce0b2-ab39-45db-aab0-87c64905dedb.webp","images/CQ9__Money_Tree__11051.webp"
"12053","3007","Money Bingo","YB","27","https://pub.imgscache.com/compic/abb2a8cb-22eb-4d6f-aa34-da2dd3b7c9de.webp","images/YB__Money_Bingo__12053.webp"
"13090","543","Money Coming 2","JILI","5","https://pub.imgscache.com/compic/e347e00f-715b-4ee2-b5e5-2bbd2de00394.webp","images/JILI__Money_Coming_2__13090.webp"
"13460","101002","Money Boost","OMNIPLAY","5","https://pub.imgscache.com/compic/40c36108-58da-4fea-8bfc-c00917de44d5.webp","images/OMNIPLAY__Money_Boost__13460.webp"
"11455","SpeedBlackjack01","Speed VIP Blackjack A","EVOLUTION","17","https://pub.imgscache.com/compic/d5ea7517-d3b0-44b8-98d4-d82e362fd3ca.webp","images/EVOLUTION__Speed_VIP_Blackjack_A__11455.webp"
"13464","101008","Candy Blast 1000","OMNIPLAY","5","https://pub.imgscache.com/compic/c28cff58-d5fb-417b-807c-4d37b2e54491.webp","images/OMNIPLAY__Candy_Blast_1000__13464.webp"
"13881","Always8baccarat0","Always 8 Baccarat","EVOLUTION","17","https://pub.imgscache.com/compic/07c59c56-06af-457a-ac82-96ed96c7a90f.webp","images/EVOLUTION__Always_8_Baccarat__13881.webp"
"13835","ndgv45bghfuaaebf","Speed Baccarat E","EVOLUTION","17","https://pub.imgscache.com/compic/78224dfa-ddb4-4e8a-8f6e-e5e477f889f7.webp","images/EVOLUTION__Speed_Baccarat_E__13835.webp"
"12816","vs25checaishen","Chests of Cai Shen","PP","5","https://pub.imgscache.com/compic/24874b2f-4958-4039-a3ef-8f93d849d065.webp","images/PP__Chests_of_Cai_Shen__12816.webp"
"13192","S5G-H5-99947","Wild Bounty","5G","5","https://pub.imgscache.com/compic/7874c60c-d52d-4ff0-9f2c-ea89258b07b6.webp","images/5G__Wild_Bounty__13192.webp"
"11581","22016","Golden Panther","FACHAI","5","https://pub.imgscache.com/compic/a56e3442-31f6-473a-8d14-d068b5743a4c.webp","images/FACHAI__Golden_Panther__11581.webp"
"12957","vs20portals","Fire Portals","PP","5","https://pub.imgscache.com/compic/fc98b927-e2b0-458c-b953-4416dc0de9ff.webp","images/PP__Fire_Portals__12957.webp"
"12566","11289","BlackJack","galaxsys","3","https://pub.imgscache.com/compic/3eea1e39-dc06-417d-83a8-98d08ad39b4e.webp","images/galaxsys__BlackJack__12566.webp"
"11422","zixzea8nrf1675oh","Baccarat Squeeze","EVOLUTION","17","https://pub.imgscache.com/compic/54ce8555-8db2-4d05-8a44-5d9aa958bd3d.webp","images/EVOLUTION__Baccarat_Squeeze__11422.webp"
"13206","3012","Super 30 Bingo","YB","27","https://pub.imgscache.com/compic/da5e39f9-638b-4b5c-9479-9496a27e01b9.webp","images/YB__Super_30_Bingo__13206.webp"
"13814","rdefcn4sffgo39l7","Blackjack Diamond VIP","EVOLUTION","17","https://pub.imgscache.com/compic/bece46ab-08d1-4abf-aa38-fc7a9a4eecae.webp","images/EVOLUTION__Blackjack_Diamond_VIP__13814.webp"
"13030","fbrol;fbrol_fireblazerol","Mega Fire Blaze Roulette Live","PT","17","https://pub.imgscache.com/compic/54d17e7b-f748-441f-9940-bb0e879be72e.webp","images/PT__Mega_Fire_Blaze_Roulette_Live__13030.webp"
"12199","1717688","Mystic Potion","PG","5","https://pub.imgscache.com/compic/acad3b89-2c43-431b-87c9-9af40914ff93.webp","images/PG__Mystic_Potion__12199.webp"
"12569","grandace","Grand Ace","GameZone","5","https://pub.imgscache.com/compic/c8d4d063-e2a3-4d02-8934-1679ba23dc60.webp","images/GameZone__Grand_Ace__12569.webp"
"12467","399","3 Coin Treasures","JILI","5","https://pub.imgscache.com/compic/09566552-44ca-4284-b3ac-a55c1c060856.webp","images/JILI__3_Coin_Treasures__12467.webp"
"11399","20","Bombing Fishing","JILI","8","https://pub.imgscache.com/compic/81fa9957-3cd0-4fde-8111-13ca6f710fa2.webp","images/JILI__Bombing_Fishing__11399.webp"
"13496","VPCQS33","Treasures Of Aztec 2","CQ9","5","https://pub.imgscache.com/compic/76c29067-47f4-4d78-a04f-684520258ecc.webp","images/CQ9__Treasures_Of_Aztec_2__13496.webp"
"13178","529","Joker Coins","JILI","5","https://pub.imgscache.com/compic/51046a4e-4922-4195-91e8-b3e0a6a86919.webp","images/JILI__Joker_Coins__13178.webp"
"13755","suropcmnbqpabwko","Thai Speed Baccarat B","EVOLUTION","17","https://pub.imgscache.com/compic/76bafaae-7a90-4df5-a3c6-c921d64af5a6.webp","images/EVOLUTION__Thai_Speed_Baccarat_B__13755.webp"
"13609","450","Indonesia Speed Baccarat 1","PP","17","https://pub.imgscache.com/compic/a1fdc4a6-644f-40ae-8431-f5cc16ca6d9a.webp","images/PP__Indonesia_Speed_Baccarat_1__13609.webp"
"11609","22048","Crazy Buffalo","FACHAI","5","https://pub.imgscache.com/compic/b8932218-67c2-4d53-9c69-b89d86e3b45f.webp","images/FACHAI__Crazy_Buffalo__11609.webp"
"12057","3006","Beasty Bingo","YB","27","https://pub.imgscache.com/compic/f12b578a-a1c8-4e3f-a174-7fd007fd8a82.webp","images/YB__Beasty_Bingo__12057.webp"
"12213","1543462","Fortune Rabbit","PG","5","https://pub.imgscache.com/compic/fe162209-9a1b-46ae-b3a6-fd4c8ab63acb.webp","images/PG__Fortune_Rabbit__12213.webp"
"11828","27009","Mines","FACHAI","3","https://pub.imgscache.com/compic/fa6e56a4-9f56-4858-becb-e22318ac7621.webp","images/FACHAI__Mines__11828.webp"
"11696","98","Fortune Ox","PG","5","https://pub.imgscache.com/compic/03d54ec9-052a-447d-beda-d03bd7236701.webp","images/PG__Fortune_Ox__11696.webp"
"11575","EB03","Bingo Hoop","EBG","27","https://pub.imgscache.com/compic/29a73e46-1d75-4025-a8ec-0dca0a764d19.webp","images/EBG__Bingo_Hoop__11575.webp"
"11844","baccarat","Baccarat","GameZone","3","https://pub.imgscache.com/compic/be7ccfc7-a34b-443a-aa1d-97250a6815ed.webp","images/GameZone__Baccarat__11844.webp"
"12879","077","Cash Maker","YGR","5","https://pub.imgscache.com/compic/296d2cb8-0a0c-4dd2-8e83-3965419feb20.webp","images/YGR__Cash_Maker__12879.webp"
"13444","126","Chicken Go","GameZone","3","https://pub.imgscache.com/compic/f97c3280-2faa-426f-a622-9cedc6ee0c33.webp","images/GameZone__Chicken_Go__13444.webp"
"11471","mrfykemt5slanyi5","Infinite Blackjack","EVOLUTION","17","https://pub.imgscache.com/compic/cd465790-6195-4264-b429-dfb64fd7791b.webp","images/EVOLUTION__Infinite_Blackjack__11471.webp"
"10525","53","The Great Icescape","PG","5","https://pub.imgscache.com/compic/57ac7d27-16e4-4464-85c7-84801017089c.webp","images/PG__The_Great_Icescape__10525.webp"
"13624","toxp9w3a6tdddn6m","Perya Classic Blackjack6","EVOLUTION","17","https://pub.imgscache.com/compic/d2109e68-9a81-4cc9-91c5-ff0ada034723.webp","images/EVOLUTION__Perya_Classic_Blackjack6__13624.webp"
"11783","259","Charge Buffalo Ascent","JILI","5","https://pub.imgscache.com/compic/472aaecc-f566-472a-a077-3b68a7ea2196.webp","images/JILI__Charge_Buffalo_Ascent__11783.webp"
"14296","140","Museo Yaman","GameZone","5","https://pub.imgscache.com/compic/8125c5a0-fa86-4cc1-8817-d50a4e211127.webp","images/GameZone__Museo_Yaman__14296.webp"
"11631","MB02","Bingo Bite","GINTO","27","https://pub.imgscache.com/compic/a06c72e9-eb1b-49e7-a6bc-a4bef69a99b5.webp","images/GINTO__Bingo_Bite__11631.webp"
"14177","vs10bbdoubled","Big Bass Vegas Double Down Deluxe","PP","5","https://pub.imgscache.com/compic/71bfd8bc-c3ea-4bfc-a245-fe5a185fe9ba.webp","images/PP__Big_Bass_Vegas_Double_Down_Deluxe__14177.webp"
"13499","1059","Mega Bandit","YB","5","https://pub.imgscache.com/compic/3af55237-1811-424c-acb3-588257a48be3.webp","images/YB__Mega_Bandit__13499.webp"
"11488","1513328","Super Golf Drive","PG","5","https://pub.imgscache.com/compic/d15e5013-aa6a-4bf8-9509-2950048dc8e0.webp","images/PG__Super_Golf_Drive__11488.webp"
"12445","vs20sugarcoins","Viking Forge","PP","5","https://pub.imgscache.com/compic/844efbee-c1fd-4469-96f8-531e9dca08fd.webp","images/PP__Viking_Forge__12445.webp"
"12829","1666445","Chocolate Deluxe","PG","5","https://pub.imgscache.com/compic/88e7a0b5-b256-4071-a9d2-f5c51ab8657a.webp","images/PG__Chocolate_Deluxe__12829.webp"
"11807","21","Fa Fa Fa","JILI","5","https://pub.imgscache.com/compic/bcbf90fe-d187-4033-874f-d8042cea9514.webp","images/JILI__Fa_Fa_Fa__11807.webp"
"12113","1032","Royal Ace","YB","5","https://pub.imgscache.com/compic/68340332-6cdc-4466-aeb9-a8f9ef66ab49.webp","images/YB__Royal_Ace__12113.webp"
"14115","MarbleRace000001","Marble Race","EVOLUTION","30","https://pub.imgscache.com/compic/4c611ce9-1a34-483f-9caa-d3a72fdedb8d.webp","images/EVOLUTION__Marble_Race__14115.webp"
"13445","1065","Sexy Joker Deluxe","YB","5","https://pub.imgscache.com/compic/ce868c68-7df6-4f64-912a-a9891293bb45.webp","images/YB__Sexy_Joker_Deluxe__13445.webp"
"12059","3009","Lightning Bingo","YB","27","https://pub.imgscache.com/compic/1e4924a5-7f35-45fa-a58c-8f6bd91b7767.webp","images/YB__Lightning_Bingo__12059.webp"
"11663","79","Dreams of Macau","PG","5","https://pub.imgscache.com/compic/33e1350c-f6a5-4e51-883f-c9eaf282c3e2.webp","images/PG__Dreams_of_Macau__11663.webp"
"11836","dragonvstiger","Dragon&Tiger","GameZone","3","https://pub.imgscache.com/compic/d81b119c-99b1-499d-bdd0-5618a98b92c4.webp","images/GameZone__Dragon_Tiger__11836.webp"
"12212","1555350","Forge of Wealth","PG","5","https://pub.imgscache.com/compic/c3b9986b-5cc9-442c-9d55-356199c5ab4d.webp","images/PG__Forge_of_Wealth__12212.webp"
"11702","0_14055","Kong","JDB","5","https://pub.imgscache.com/compic/8244a8e0-5b34-4104-90a1-c4eb48a215f3.webp","images/JDB__Kong__11702.webp"
"13983","1_129","Wild Joker","TPG","5","https://pub.imgscache.com/compic/bdb881b4-5f7f-4e09-8956-d4f1c03eeaf9.webp","images/TPG__Wild_Joker__13983.webp"
"12432","vswaysmegareel","Pompeii Megareels Megaways","PP","5","https://pub.imgscache.com/compic/cc44f84e-abf0-49a3-9e35-872ff55302c8.webp","images/PP__Pompeii_Megareels_Megaways__12432.webp"
"13746","puu43e6c5uvrfikr","Emperor Speed Baccarat B","EVOLUTION","17","https://pub.imgscache.com/compic/6d9c9356-f427-4f13-8646-5dae196f92b0.webp","images/EVOLUTION__Emperor_Speed_Baccarat_B__13746.webp"
"12497","SalPrivBac000013","Salon Privé Baccarat M","EVOLUTION","17","https://pub.imgscache.com/compic/0a58cf42-45fd-48ec-8d3d-8690475acdd4.webp","images/EVOLUTION__Salon_Priv_Baccarat_M__12497.webp"
"13458","100010","Fu Lu Ju","OMNIPLAY","5","https://pub.imgscache.com/compic/be929783-191c-4440-b474-615998995254.webp","images/OMNIPLAY__Fu_Lu_Ju__13458.webp"
"13222","546","Mines Grand","JILI","3","https://pub.imgscache.com/compic/54b61f8c-fd5f-421b-b7c6-767b4a91f67a.webp","images/JILI__Mines_Grand__13222.webp"
"11651","57","Dragon Hatch","PG","5","https://pub.imgscache.com/compic/8adb00ac-7ec5-4594-abf1-a3861e2b195a.webp","images/PG__Dragon_Hatch__11651.webp"
"13182","485","3 Coin Wild Horse","JILI","5","https://pub.imgscache.com/compic/3dac8525-d35d-4cfc-b423-03f6657ca00a.webp","images/JILI__3_Coin_Wild_Horse__13182.webp"
"12576","gigaace","Giga Ace","GameZone","5","https://pub.imgscache.com/compic/fc746695-74b2-493d-b20e-cf22be972561.webp","images/GameZone__Giga_Ace__12576.webp"
"13845","o4kymodby2fa2c7g","Speed Baccarat S","EVOLUTION","17","https://pub.imgscache.com/compic/b1962140-e899-45c3-8e5b-44ddff8262d8.webp","images/EVOLUTION__Speed_Baccarat_S__13845.webp"
"13069","71","Boom Legend","JILI","8","https://pub.imgscache.com/compic/ab0ec6b7-f789-4948-b9f0-0240af49febb.webp","images/JILI__Boom_Legend__13069.webp"
"12220","1418544","Bakery Bonanza","PG","5","https://pub.imgscache.com/compic/b2144109-7896-4ce8-bd90-9c5f5f9b8eb1.webp","images/PG__Bakery_Bonanza__12220.webp"
"11419","01rb77cq1gtenhmo","Auto-Roulette VIP","EVOLUTION","17","https://pub.imgscache.com/compic/25b5755f-0d0d-4169-a399-bafd482c6e4b.webp","images/EVOLUTION__Auto-Roulette_VIP__11419.webp"
"13087","vs20swbonsup","Sweet Bonanza super scatter","PP","5","https://pub.imgscache.com/compic/4deb1cbb-7f17-475e-b03f-01e851901427.webp","images/PP__Sweet_Bonanza_super_scatter__13087.webp"
"12658","AT01","OneShotfishing","CQ9","8","https://pub.imgscache.com/compic/ce8546ba-796a-4498-8e46-7a337590257f.webp","images/CQ9__OneShotfishing__12658.webp"
"11494","150","Lucky Bingo","JILI","27","https://pub.imgscache.com/compic/577aa1e7-2a2c-47f5-8ea4-1e38128c10f9.webp","images/JILI__Lucky_Bingo__11494.webp"
"11568","7_7004","Five Dragons Fishing","JDB","8","https://pub.imgscache.com/compic/96411091-781c-4ea6-82e2-f52934cf6650.webp","images/JDB__Five_Dragons_Fishing__11568.webp"
"10547","92","Thai River Wonders","PG","5","https://pub.imgscache.com/compic/6534f219-b820-4829-ab2c-67a29bb91b39.webp","images/PG__Thai_River_Wonders__10547.webp"
"12446","vs20saiman","Saiyan Mania","PP","5","https://pub.imgscache.com/compic/56c8372f-67fd-453a-8ec4-0af59ed77d5a.webp","images/PP__Saiyan_Mania__12446.webp"
"12193","22061","Lucky Fortunes 3X3","FACHAI","5","https://pub.imgscache.com/compic/5e095d17-bbd5-410a-add8-6d387c9a58e6.webp","images/FACHAI__Lucky_Fortunes_3X3__12193.webp"
"11479","FreeBet000000001","Infinite Free Bet Blackjack","EVOLUTION","17","https://pub.imgscache.com/compic/af52490e-fea3-4c27-88dc-5ec90111fa8f.webp","images/EVOLUTION__Infinite_Free_Bet_Blackjack__11479.webp"
"11473","BacBo00000000001","Bac Bo","EVOLUTION","17","https://pub.imgscache.com/compic/49851c0a-bf89-494c-ae55-614433dc3e49.webp","images/EVOLUTION__Bac_Bo__11473.webp"
"11427","gkmq0o2hryjyqu30","Blackjack Silver A","EVOLUTION","17","https://pub.imgscache.com/compic/7f204125-51c0-4b0f-8209-84f6d2e56e16.webp","images/EVOLUTION__Blackjack_Silver_A__11427.webp"
"12465","191","Golden Temple","JILI","5","https://pub.imgscache.com/compic/d359f338-91f4-4394-91a9-edbf27ea28e5.webp","images/JILI__Golden_Temple__12465.webp"
"14212","801","Mega Wheel","PP","17","https://pub.imgscache.com/compic/3011ef58-0340-46a2-95b8-e8e33d649763.webp","images/PP__Mega_Wheel__14212.webp"
"13063","goldtrain","Gold Train","GameZone","5","https://pub.imgscache.com/compic/d04f089a-d92c-41f6-8a8a-f86a93ad12bc.webp","images/GameZone__Gold_Train__13063.webp"
"13128","495","Boxing King Title Match","JILI","5","https://pub.imgscache.com/compic/a85b9b18-8499-489e-8648-f3ee6d66a319.webp","images/JILI__Boxing_King_Title_Match__13128.webp"
"12472","0_14091","Piggy Bank","JDB","5","https://pub.imgscache.com/compic/7aac303a-3ea0-48fb-8b61-dd5d0df164fc.webp","images/JDB__Piggy_Bank__12472.webp"
"11410","125","Sic Bo","JILI","3","https://pub.imgscache.com/compic/0afd0cb9-a0ff-4c80-982d-4a687aeb8255.webp","images/JILI__Sic_Bo__11410.webp"
"13076","10","Triple Mint","ReelX","5","https://pub.imgscache.com/compic/6e374391-f299-4371-a879-6bd404394b43.webp","images/ReelX__Triple_Mint__13076.webp"
"13900","tzx4afwq7bqqq3ul","Perya Speed Baccarat 12","EVOLUTION","17","https://pub.imgscache.com/compic/1db38399-c4d3-4db9-b6f3-2c71cfc6855a.webp","images/EVOLUTION__Perya_Speed_Baccarat_12__13900.webp"
"11711","PSS-ON-00112","Super Win","PLAYSTAR","5","https://pub.imgscache.com/compic/2569e569-3577-428b-a894-aebe7a841f81.webp","images/PLAYSTAR__Super_Win__11711.webp"
"13159","26","Buzzy Bee-Ingo","ReelX","5","https://pub.imgscache.com/compic/8980a4ce-0a19-452e-8ddc-40a6f8ebdcbb.webp","images/ReelX__Buzzy_Bee-Ingo__13159.webp"
"13164","217","Magic Lamp Bingo","JILI","27","https://pub.imgscache.com/compic/9714d8a6-ca5a-452c-8483-91e2c06f653b.webp","images/JILI__Magic_Lamp_Bingo__13164.webp"
"12545","439","Super Ace Scratch","JILI","3","https://pub.imgscache.com/compic/3da93310-3e4f-4e38-89b4-92aff2e770e2.webp","images/JILI__Super_Ace_Scratch__12545.webp"
"11396","82","Happy Fishing","JILI","8","https://pub.imgscache.com/compic/501feec6-7701-4ae9-a89d-ea486073a2ce.webp","images/JILI__Happy_Fishing__11396.webp"
"13901","tzxs8n2c0hqqq6am","Perya Speed Baccarat 13","EVOLUTION","17","https://pub.imgscache.com/compic/d3f25c7c-1afd-4de0-8f42-d5a0040a37fa.webp","images/EVOLUTION__Perya_Speed_Baccarat_13__13901.webp"
"12139","vswayslions","5 Lions Megaways","PP","5","https://pub.imgscache.com/compic/c340fd1c-8d46-4635-b099-77e0f3bd0cd9.webp","images/PP__5_Lions_Megaways__12139.webp"
"12234","126","Fortune Tiger","PG","5","https://pub.imgscache.com/compic/e6387587-a25d-4599-b995-476cd4ffea69.webp","images/PG__Fortune_Tiger__12234.webp"
"11485","212","Dinosaur Tycoon II","JILI","8","https://pub.imgscache.com/compic/2c2d5a03-0dc7-493e-ba53-228eb9a10c1a.webp","images/JILI__Dinosaur_Tycoon_II__11485.webp"
"12920","1_116","God of Wealth","TPG","5","https://pub.imgscache.com/compic/dc7a3fae-cb4a-4174-9f19-436d14e90f92.webp","images/TPG__God_of_Wealth__12920.webp"
"13126","460","3 Charge Buffalo","JILI","5","https://pub.imgscache.com/compic/cb666609-ce5a-4152-ac23-a1e62489c2eb.webp","images/JILI__3_Charge_Buffalo__13126.webp"
"13473","slot006","Bakunawa 2","Spin Master","5","https://pub.imgscache.com/compic/fabbaf4f-f29a-4dc8-8a76-dbf5195dab55.webp","images/Spin_Master__Bakunawa_2__13473.webp"
"13851","qsf63ownyvbqnz33","Speed Baccarat Z","EVOLUTION","17","https://pub.imgscache.com/compic/8aa7bc35-f72b-4c63-b66a-586bda8d5897.webp","images/EVOLUTION__Speed_Baccarat_Z__13851.webp"
"14154","394","Sweet Magic","JILI","5","https://pub.imgscache.com/compic/21a94ad7-f9f5-4d3c-97ea-67a86b516a24.webp","images/JILI__Sweet_Magic__14154.webp"
"14230","vs20olgatssc","Gates Of Gatot Kaca Super Scatter","PP","5","https://pub.imgscache.com/compic/a5c10993-c544-4825-8721-0e36fdf47f56.webp","images/PP__Gates_Of_Gatot_Kaca_Super_Scatter__14230.webp"
"11535","1_102","Fortune Tiger","TPG","5","https://pub.imgscache.com/compic/7036aba5-1775-497f-bde9-e3cf9504cacb.webp","images/TPG__Fortune_Tiger__11535.webp"
"12165","vs20sbxmas","Sweet Bonanza Xmas","PP","5","https://pub.imgscache.com/compic/00e5af9f-3cf2-406b-8397-61f6a2a6d517.webp","images/PP__Sweet_Bonanza_Xmas__12165.webp"
"11476","CrazyCoinFlip001","Crazy Coin Flip","EVOLUTION","17","https://pub.imgscache.com/compic/1cb59eec-e80c-44b6-98c6-bfe908a252e8.webp","images/EVOLUTION__Crazy_Coin_Flip__11476.webp"
"13077","11","Wealthy Firecrackers","ReelX","5","https://pub.imgscache.com/compic/e00a515b-c449-4d11-97fa-7ce5416025ce.webp","images/ReelX__Wealthy_Firecrackers__13077.webp"
"13073","7","Fortune Maya","ReelX","5","https://pub.imgscache.com/compic/7b2a098c-3c51-46c8-aad8-23a92a2dcef5.webp","images/ReelX__Fortune_Maya__13073.webp"
"11818","209","Aztec Priestess","JILI","5","https://pub.imgscache.com/compic/678d465b-5feb-47f1-997e-36caa52634a1.webp","images/JILI__Aztec_Priestess__11818.webp"
"11670","144","Jili Caishen","JILI","5","https://pub.imgscache.com/compic/9bb6848e-a052-4be5-bb68-8e6fd5f11a5f.webp","images/JILI__Jili_Caishen__11670.webp"
"12579","epicace","Epic Ace","GameZone","5","https://pub.imgscache.com/compic/7a7c5a30-e38d-4559-af27-8f1aa1fa675c.webp","images/GameZone__Epic_Ace__12579.webp"
"12433","vs20dugems","Hot Pepper","PP","5","https://pub.imgscache.com/compic/69b7aee4-b39c-4351-bcd7-4df46079e3e2.webp","images/PP__Hot_Pepper__12433.webp"
"13626","toxk4m9q7xddd2a8","Perya Classic Blackjack8","EVOLUTION","17","https://pub.imgscache.com/compic/edf32410-17f7-40a3-8e50-ba509239aa23.webp","images/EVOLUTION__Perya_Classic_Blackjack8__13626.webp"
"13780","nbjetztthawanhey","Blackjack VIP 45","EVOLUTION","17","https://pub.imgscache.com/compic/67c873f7-075b-4c56-9ec7-af17cca21237.webp","images/EVOLUTION__Blackjack_VIP_45__13780.webp"
"12155","vs20candyblitz","Candy Blitz","PP","5","https://pub.imgscache.com/compic/9da0e9d5-c0fe-46b4-8eec-1632b74ef464.webp","images/PP__Candy_Blitz__12155.webp"
"13625","toxj6x8f2qdddk7a","Perya Classic Blackjack7","EVOLUTION","17","https://pub.imgscache.com/compic/10a8a1ac-137d-4b31-be6f-160636cd6e90.webp","images/EVOLUTION__Perya_Classic_Blackjack7__13625.webp"
"13075","9","Golden Tour","ReelX","5","https://pub.imgscache.com/compic/771fab87-1236-49f0-b593-88cfc926abdc.webp","images/ReelX__Golden_Tour__13075.webp"
"12186","0_14092","Dragon Soar-Hyper Wild","JDB","5","https://pub.imgscache.com/compic/5aa90c93-a105-4e81-ba82-ae4c0dde1dac.webp","images/JDB__Dragon_Soar-Hyper_Wild__12186.webp"
"13782","nkyivihc2jpbw4uy","Blackjack VIP 47","EVOLUTION","17","https://pub.imgscache.com/compic/d9a201eb-7d79-4f22-aafa-b249d0f46437.webp","images/EVOLUTION__Blackjack_VIP_47__13782.webp"
"12406","lucky777","Lucky 777","GameZone","5","https://pub.imgscache.com/compic/c23dd750-a12f-4bde-80e7-5631c326d602.webp","images/GameZone__Lucky_777__12406.webp"
"12408","fortunecoming","Fortune Coming","GameZone","5","https://pub.imgscache.com/compic/9d5940ad-b094-49f2-8f75-c3a33e107738.webp","images/GameZone__Fortune_Coming__12408.webp"
"13920","375","Poseidon","JILI","5","https://pub.imgscache.com/compic/9488ec91-ae11-4b50-8183-296fc18b1130.webp","images/JILI__Poseidon__13920.webp"
"11596","22032","Magic Beans","FACHAI","5","https://pub.imgscache.com/compic/9129e294-0b3f-4a8e-ab45-8a5204492ccf.webp","images/FACHAI__Magic_Beans__11596.webp"
"13906","Empgwbaccarat001","Emperor Golden Wealth Baccarat","EVOLUTION","17","https://pub.imgscache.com/compic/5a63c2c3-5897-4774-b1e3-2cebda80318b.webp","images/EVOLUTION__Emperor_Golden_Wealth_Baccarat__13906.webp"
"13227","1897678","Dragon's Treasure Quest","PG","5","https://pub.imgscache.com/compic/21d49679-98fc-43fa-8f6d-0db4d004121a.webp","images/PG__Dragon_s_Treasure_Quest__13227.webp"
"14054","1052","Dragon Gems Super Buy","YB","5","https://pub.imgscache.com/compic/3ccf1e72-68f5-4c29-a14a-89f4614a1510.webp","images/YB__Dragon_Gems_Super_Buy__14054.webp"
"12647","075","Maya Golden City3","YGR","5","https://pub.imgscache.com/compic/1f888e05-92e2-488f-89c0-2bb9b3313bf3.webp","images/YGR__Maya_Golden_City3__12647.webp"
"11803","183","Golden Joker","JILI","5","https://pub.imgscache.com/compic/0166c184-d23f-4c53-8c91-c77075b33c82.webp","images/JILI__Golden_Joker__11803.webp"
"11597","22034","Gold Rush","FACHAI","5","https://pub.imgscache.com/compic/a6df5b6f-fd72-49b1-82dc-4c156aada28e.webp","images/FACHAI__Gold_Rush__11597.webp"
"13091","VPCQS28","Mahjong Wilds","CQ9","5","https://pub.imgscache.com/compic/3c53a845-0f86-48d8-a02c-e5b4228256d9.webp","images/CQ9__Mahjong_Wilds__13091.webp"
"11388","27","Seven Seven Seven","JILI","5","https://pub.imgscache.com/compic/ce5cc49e-ae44-49d5-8429-105c3eb4cafb.webp","images/JILI__Seven_Seven_Seven__11388.webp"
"11685","45","Golden Bank","JILI","5","https://pub.imgscache.com/compic/48a50ea2-f36a-4b4b-8367-0b2c9b4fb952.webp","images/JILI__Golden_Bank__11685.webp"
"13777","s63nx2mpdomgjagb","Blackjack VIP 42","EVOLUTION","17","https://pub.imgscache.com/compic/8a9648a1-dc44-47e4-94a0-252c9d25d083.webp","images/EVOLUTION__Blackjack_VIP_42__13777.webp"
"13190","22072","Phoenix Fever","FACHAI","5","https://pub.imgscache.com/compic/2985581b-51c5-4132-8e4f-fba78d91fefd.webp","images/FACHAI__Phoenix_Fever__13190.webp"
"14124","6002","Color Game","Spin Master","30","https://pub.imgscache.com/compic/7eacc428-5503-47e5-8e89-10b7793c1e38.webp","images/Spin_Master__Color_Game__14124.webp"
"12171","vs20olympgate","Gates of Olympus","PP","5","https://pub.imgscache.com/compic/3506e44a-44d5-43d3-a836-08d8a15b0f46.webp","images/PP__Gates_of_Olympus__12171.webp"
"11398","119","All star Fishing","JILI","8","https://pub.imgscache.com/compic/51acd563-3a43-41f6-b98a-2f18cb73233a.webp","images/JILI__All_star_Fishing__11398.webp"
"12050","4002","Diamond Mines","YB","3","https://pub.imgscache.com/compic/4a8ab715-1be2-4725-8179-649c9f25c0f2.webp","images/YB__Diamond_Mines__12050.webp"
"11612","22051","Fortune Egg","FACHAI","5","https://pub.imgscache.com/compic/b56354b3-ff31-489f-baa2-66f42c7b18a1.webp","images/FACHAI__Fortune_Egg__11612.webp"
"13633","tpc0fjr7xwdddq9c","PD Classic Blackjack 3","EVOLUTION","17","https://pub.imgscache.com/compic/bbf6acb7-bdda-4d20-8cf2-a605a88252b7.webp","images/EVOLUTION__PD_Classic_Blackjack_3__13633.webp"
"11408","124","7up7down","JILI","3","https://pub.imgscache.com/compic/8384a072-8104-403d-a7a9-817ea10088db.webp","images/JILI__7up7down__11408.webp"
"11653","0_14065","Blossom of Wealth","JDB","5","https://pub.imgscache.com/compic/81afdacc-0934-454d-964e-dc21f3445422.webp","images/JDB__Blossom_of_Wealth__11653.webp"
"11661","SG5LuckyLions","5 Lucky Lions","HBN","5","https://pub.imgscache.com/compic/f6fa509a-8d0b-4314-8813-2953d74263dd.webp","images/HBN__5_Lucky_Lions__11661.webp"
"13572","403","Speed Baccarat 2","PP","17","https://pub.imgscache.com/compic/76bb67f0-a5a1-4d45-8620-705641e0a095.webp","images/PP__Speed_Baccarat_2__13572.webp"
"12240","120","The Queen's Banquet","PG","5","https://pub.imgscache.com/compic/b8ff6bba-9f02-4cc6-9fcb-4b15e0e2a0d9.webp","images/PG__The_Queen_s_Banquet__12240.webp"
"13743","135","Triple Wheel Spin","GameZone","3","https://pub.imgscache.com/compic/f05de635-5b0a-461f-805e-4ac48e0dcba1.webp","images/GameZone__Triple_Wheel_Spin__13743.webp"
"11412","179","Win Drop","JILI","3","https://pub.imgscache.com/compic/7a040548-59cb-4bc0-9b3c-936b4c3f756a.webp","images/JILI__Win_Drop__11412.webp"
"11636","0_14080","Elemental Link Fire","JDB","5","https://pub.imgscache.com/compic/e4043575-3dc8-4662-8d8c-aa5c35fe5cdb.webp","images/JDB__Elemental_Link_Fire__11636.webp"
"11794","100","Super Rich","JILI","5","https://pub.imgscache.com/compic/48bd9433-127b-417d-9abe-c393eeff6c18.webp","images/JILI__Super_Rich__11794.webp"
"13155","17","Fortune Firecrackers","ReelX","5","https://pub.imgscache.com/compic/50a94439-7859-4291-ae42-18369b39d8cb.webp","images/ReelX__Fortune_Firecrackers__13155.webp"
"12469","420","Crazy Hunter 2","JILI","3","https://pub.imgscache.com/compic/d7f3d4c3-1920-402a-9ca8-9711930679b9.webp","images/JILI__Crazy_Hunter_2__12469.webp"
"13567","430","Speed Baccarat 9","PP","17","https://pub.imgscache.com/compic/c3281746-5281-4a01-b3fe-87a6abba2e64.webp","images/PP__Speed_Baccarat_9__13567.webp"
"11771","18_23","Enchanted Garden","RTG","5","https://pub.imgscache.com/compic/38ccd777-315a-432b-ac0f-ef10f2cfda19.webp","images/RTG__Enchanted_Garden__11771.webp"
"11617","27007","Super Color Game","FACHAI","3","https://pub.imgscache.com/compic/611b219d-e59a-47a0-ba10-49e6ebc0c81c.webp","images/FACHAI__Super_Color_Game__11617.webp"
"11587","22022","Fortune Koi","FACHAI","5","https://pub.imgscache.com/compic/31d9e6c8-fc7e-4a36-b3ab-15c6050ee3d5.webp","images/FACHAI__Fortune_Koi__11587.webp"
"12166","vs20starlight","Starlight Princess","PP","5","https://pub.imgscache.com/compic/2c6552db-cde0-4659-bfa2-386970185d52.webp","images/PP__Starlight_Princess__12166.webp"
"12526","InstantSSB000001","Speed Super Sic Bo","EVOLUTION","17","https://pub.imgscache.com/compic/eece169e-f8b1-407f-bcf0-3b3d8d788c95.webp","images/EVOLUTION__Speed_Super_Sic_Bo__12526.webp"
"14138","1903012","Grimms' Bounty: Hansel & Gretel","PG","5","https://pub.imgscache.com/compic/f8ae5f0e-8028-4080-b6c6-e29998f7e971.webp","images/PG__Grimms_Bounty_Hansel_Gretel__14138.webp"
"12709","201078","Wanted Dead or a Wild","HACKSAW","5","https://pub.imgscache.com/compic/3c8ebc43-74b4-46e6-923e-4b357bba2dd1.webp","images/HACKSAW__Wanted_Dead_or_a_Wild__12709.webp"
"13040","bjl;bjl_soireepriveebj","Soirée Privée Blackjack","PT","17","https://pub.imgscache.com/compic/e5f3432e-a0fb-4144-af88-e8a879578000.webp","images/PT__Soir_e_Priv_e_Blackjack__13040.webp"
"12052","4001","Crazy Color","YB","27","https://pub.imgscache.com/compic/5917bbda-e2c0-4af9-b60f-33382fcf9d42.webp","images/YB__Crazy_Color__12052.webp"
"12689","201276","Le Bandit","HACKSAW","5","https://pub.imgscache.com/compic/d7f427f6-1034-4e67-b800-053b0d51f896.webp","images/HACKSAW__Le_Bandit__12689.webp"
"13095","fortunateebisu","Fortunate Ebisu","GameZone","5","https://pub.imgscache.com/compic/d2c4eb62-69e6-409c-bb02-d19bfc7eface.webp","images/GameZone__Fortunate_Ebisu__13095.webp"
"11492","149","Calaca Bingo","JILI","27","https://pub.imgscache.com/compic/6f101833-da8f-4f47-aaf9-51521f9faf5f.webp","images/JILI__Calaca_Bingo__11492.webp"
"13183","583","Cash Coin","JILI","5","https://pub.imgscache.com/compic/3839fab8-0b80-4749-8dad-0d46ef8cd95d.webp","images/JILI__Cash_Coin__13183.webp"
"13842","ovu5eja74ccmyoiq","Speed Baccarat N","EVOLUTION","17","https://pub.imgscache.com/compic/8570f475-83c7-4acc-9d34-74b0289b5534.webp","images/EVOLUTION__Speed_Baccarat_N__13842.webp"
"12925","9_9017","HILO","JDB","3","https://pub.imgscache.com/compic/839a5c4f-f1eb-4e46-81c0-d377fa93f158.webp","images/JDB__HILO__12925.webp"
"13796","o735hfcqauecwjxp","Blackjack VIP 8","EVOLUTION","17","https://pub.imgscache.com/compic/0c016644-6783-423a-ba6e-c0fca30d836f.webp","images/EVOLUTION__Blackjack_VIP_8__13796.webp"
"11838","candycandy","Candy Craze","GameZone","5","https://pub.imgscache.com/compic/a88f7d71-4951-493b-bee4-a3959b5d7c59.webp","images/GameZone__Candy_Craze__11838.webp"
"11688","100","Candy Bonanza","PG","5","https://pub.imgscache.com/compic/a81917cb-bbe7-45e8-aa46-d99ab5c979fe.webp","images/PG__Candy_Bonanza__11688.webp"
"14065","tankeddx10000000","Tanked","NLC","5","https://pub.imgscache.com/compic/fd9471a7-2e25-49c7-88bf-88f579bc0a06.webp","images/NLC__Tanked__14065.webp"
"11792","27008","GoGo Rise","FACHAI","3","https://pub.imgscache.com/compic/1bacd5e7-db5b-43c0-bf3a-adfbbc3c007e.webp","images/FACHAI__GoGo_Rise__11792.webp"
"11781","258","Devil Fire 2","JILI","5","https://pub.imgscache.com/compic/ceee2280-a3ae-4790-9938-75ac97a6e9e2.webp","images/JILI__Devil_Fire_2__11781.webp"
"12824","1879752","Fortune Snake","PG","5","https://pub.imgscache.com/compic/9cc99516-2891-41f8-853c-2a635ec0838c.webp","images/PG__Fortune_Snake__12824.webp"
"12997","gpas_lbmcc_pop","Lucky Bass: Mega Cash Collect","PT","5","https://pub.imgscache.com/compic/0754489a-aab6-4dad-97b9-b284c7a2f247.webp","images/PT__Lucky_Bass_Mega_Cash_Collect__12997.webp"
"12209","1580541","Mafia Mayhem","PG","5","https://pub.imgscache.com/compic/d2734968-83ae-4d9c-ac5b-7225e9544708.webp","images/PG__Mafia_Mayhem__12209.webp"
"14152","142","Goal In Between","GameZone","30","https://pub.imgscache.com/compic/d1edc29e-8565-4562-bf54-5c5aa8c5114f.webp","images/GameZone__Goal_In_Between__14152.webp"
"14171","597","Supernova","JILI","5","https://pub.imgscache.com/compic/7875067e-b1a0-492a-977f-03df4fabadf6.webp","images/JILI__Supernova__14171.webp"
"11950","PSS-ON-00151","Athena-Lucky Spread","PLAYSTAR","5","https://pub.imgscache.com/compic/04b93a97-94dc-482d-93b7-6fc74b029902.webp","images/PLAYSTAR__Athena-Lucky_Spread__11950.webp"
"11594","22030","Luxury Golden Panther","FACHAI","5","https://pub.imgscache.com/compic/2c7daead-3681-4adf-9f6e-49aadcce2ce0.webp","images/FACHAI__Luxury_Golden_Panther__11594.webp"
"12416","vswaysmadame","Madame Destiny Megaways","PP","5","https://pub.imgscache.com/compic/afb05416-d9d3-4eac-bf76-c783fa05593a.webp","images/PP__Madame_Destiny_Megaways__12416.webp"
"12681","201335","Fist Of Destruction","HACKSAW","5","https://pub.imgscache.com/compic/ab57a36b-f4b5-4c7f-aa10-681cf709f567.webp","images/HACKSAW__Fist_Of_Destruction__12681.webp"
"13179","596","3 Mummy Treasures","JILI","5","https://pub.imgscache.com/compic/93a20627-202d-4f1f-aeec-de9265e913c8.webp","images/JILI__3_Mummy_Treasures__13179.webp"
"11598","22036","Rich Man","FACHAI","5","https://pub.imgscache.com/compic/815b423f-29f3-4d4a-8fe0-c274ec6d8084.webp","images/FACHAI__Rich_Man__11598.webp"
"11657","30","Bubble Beauty","JILI","5","https://pub.imgscache.com/compic/148dc11f-de76-44b1-83b6-c35a37adc379.webp","images/JILI__Bubble_Beauty__11657.webp"
"13133","22067","Treasures Of Odin","FACHAI","5","https://pub.imgscache.com/compic/5612c975-c5ef-40bd-8c36-b8b1c5d859a0.webp","images/FACHAI__Treasures_Of_Odin__13133.webp"
"14025","201561","Le King","HACKSAW","5","https://pub.imgscache.com/compic/3b779a45-eb52-4b99-a82d-1692c0b22acd.webp","images/HACKSAW__Le_King__14025.webp"
"13236","402","Speed Baccarat 1","PP","17","https://pub.imgscache.com/compic/5d6ce0db-4f8a-4c36-8bc6-f80431cb4c63.webp","images/PP__Speed_Baccarat_1__13236.webp"
"12257","1635221","Zombie Outbreak","PG","5","https://pub.imgscache.com/compic/0d97cc16-9a56-4c91-b91d-bf21f7ce6f91.webp","images/PG__Zombie_Outbreak__12257.webp"
"13039","bjl;bjl_soiree500","Soirée Elite VIP Blackjack","PT","17","https://pub.imgscache.com/compic/3342631e-3676-4e53-a1bc-66dd8ed32f54.webp","images/PT__Soir_e_Elite_VIP_Blackjack__13039.webp"
"13224","130","Hilo+","GameZone","3","https://pub.imgscache.com/compic/eb4640f8-9d08-458d-8aea-fb70ba750045.webp","images/GameZone__Hilo__13224.webp"
"13648","abwl;abwl_wonderland","Adventure Beyond Wonderland Live","PT","17","https://pub.imgscache.com/compic/0ab8725e-0ad2-4e39-bf5c-5fd0ead27b4e.webp","images/PT__Adventure_Beyond_Wonderland_Live__13648.webp"
"13074","8","Cash Maker","ReelX","5","https://pub.imgscache.com/compic/ccd343c8-5838-4960-a3f7-fb2623bda83f.webp","images/ReelX__Cash_Maker__13074.webp"
"12056","3005","Bingo Bonanza","YB","27","https://pub.imgscache.com/compic/ba626a3c-f1d3-4c4e-bfff-0c6572bbb74a.webp","images/YB__Bingo_Bonanza__12056.webp"
"11710","PSS-ON-00127","Super Awesome","PLAYSTAR","5","https://pub.imgscache.com/compic/8931cf5b-58e6-422f-96bb-5f706f3a7d99.webp","images/PLAYSTAR__Super_Awesome__11710.webp"
"11385","92","Crazy Hunter","JILI","3","https://pub.imgscache.com/compic/d61f89c2-cb36-42a6-bfb1-cc54c2f9689c.webp","images/JILI__Crazy_Hunter__11385.webp"
"12252","103","Crypto Gold","PG","5","https://pub.imgscache.com/compic/7bb2f0a0-b336-4bb7-9c9a-f718249bc6ee.webp","images/PG__Crypto_Gold__12252.webp"
"12158","vs20clustwild","Sticky Bees","PP","5","https://pub.imgscache.com/compic/69d318ba-65a3-42b8-bbbc-cf2693da7c0c.webp","images/PP__Sticky_Bees__12158.webp"
"13493","623","Coin of Lightning","JILI","5","https://pub.imgscache.com/compic/a02cf59b-96c6-4957-a4d2-43fa26dc7549.webp","images/JILI__Coin_of_Lightning__13493.webp"
"13147","mannypunch","Manny Punch","GameZone","3","https://pub.imgscache.com/compic/f6562ede-ea79-42e7-95dc-91f8f82ad914.webp","images/GameZone__Manny_Punch__13147.webp"
"12248","110","Jurassic Kingdom","PG","5","https://pub.imgscache.com/compic/b22ed606-f2a3-49c3-92d0-35ba3c3095c8.webp","images/PG__Jurassic_Kingdom__12248.webp"
"13474","581","20 Blazing Clover","JILI","5","https://pub.imgscache.com/compic/a5c1be6d-213f-4587-8de4-01e967406b3a.webp","images/JILI__20_Blazing_Clover__13474.webp"
"12646","071","Maya Golden City 2","YGR","5","https://pub.imgscache.com/compic/3d2dc5cd-7316-4fac-a42d-c0166fde032b.webp","images/YGR__Maya_Golden_City_2__12646.webp"
"11606","22045","Merge Magic","FACHAI","5","https://pub.imgscache.com/compic/61a914ad-2003-44d5-a4f4-af8a9c806803.webp","images/FACHAI__Merge_Magic__11606.webp"
"13481","541","Money Pot Deluxe","JILI","5","https://pub.imgscache.com/compic/d406f25d-2692-4a56-ba51-255e0dcee922.webp","images/JILI__Money_Pot_Deluxe__13481.webp"
"11472","TopCard000000001","Football Studio","EVOLUTION","17","https://pub.imgscache.com/compic/245d8553-a03f-4d3e-8e74-f2199054ea86.webp","images/EVOLUTION__Football_Studio__11472.webp"
"11800","91","Lucky Coming","JILI","5","https://pub.imgscache.com/compic/aa130c16-9eb7-4be8-aef8-c9e3cf2a05ec.webp","images/JILI__Lucky_Coming__11800.webp"
"13184","463","3 LUCKY LION","JILI","5","https://pub.imgscache.com/compic/3cab0cd4-8ed9-474b-a3d5-01a64257d794.webp","images/JILI__3_LUCKY_LION__13184.webp"
"11604","22042","Treasure Raiders","FACHAI","5","https://pub.imgscache.com/compic/f65005cd-0a75-4abd-a429-7a8e48d8c475.webp","images/FACHAI__Treasure_Raiders__11604.webp"
"11404","224","Go Rush","JILI","3","https://pub.imgscache.com/compic/263575a8-2cf8-474b-8971-295cddd06f6c.webp","images/JILI__Go_Rush__11404.webp"
"12971","095","Cash Maker 2","YGR","5","https://pub.imgscache.com/compic/5c802c76-e7ab-4735-8385-2613032ca991.webp","images/YGR__Cash_Maker_2__12971.webp"
"11698","83","Wild Fireworks","PG","5","https://pub.imgscache.com/compic/232b6ca5-7ef2-4387-995d-cfcc1d5795e7.webp","images/PG__Wild_Fireworks__11698.webp"
"13150","goldendragon","Golden Dragon","GameZone","5","https://pub.imgscache.com/compic/07c21910-a7a8-4fe5-8277-298b6def728c.webp","images/GameZone__Golden_Dragon__13150.webp"
"13908","436","China Festival","BNG","5","https://pub.imgscache.com/compic/71c66f27-a59d-438a-8cc7-462aa98634ed.webp","images/BNG__China_Festival__13908.webp"
"11791","21009","Gods grant fortune","FACHAI","8","https://pub.imgscache.com/compic/14020b85-7a2b-4701-9673-6a7fe952628c.webp","images/FACHAI__Gods_grant_fortune__11791.webp"
"13129","PSS-ON-00166","Super Gems","PLAYSTAR","5","https://pub.imgscache.com/compic/febe013e-74c3-4bcd-88cf-82e178bcd8b1.webp","images/PLAYSTAR__Super_Gems__13129.webp"
"11434","pv5q45yjhasyt46y","Emperor Roulette","EVOLUTION","17","https://pub.imgscache.com/compic/9b8e94f3-e345-4bc0-8e21-ae331da67b92.webp","images/EVOLUTION__Emperor_Roulette__11434.webp"
"10764","0_8002","Flirting Scholar Tang","JDB","5","https://pub.imgscache.com/compic/571f743b-dd65-4d1e-ad08-545669271dca.webp","images/JDB__Flirting_Scholar_Tang__10764.webp"
"11613","27001","Money Tree Dozer","FACHAI","5","https://pub.imgscache.com/compic/201a0bae-6f1f-4054-922f-dc0922b8e3dc.webp","images/FACHAI__Money_Tree_Dozer__11613.webp"
"10776","0_8020","Open Sesame","JDB","5","https://pub.imgscache.com/compic/3e3baddc-da09-4d59-9889-27d1a9556b83.webp","images/JDB__Open_Sesame__10776.webp"
"12690","201454","Le Pharaoh","HACKSAW","5","https://pub.imgscache.com/compic/361885cb-1c9a-4e5a-bf34-b51590f311c2.webp","images/HACKSAW__Le_Pharaoh__12690.webp"
"13071","5","Super mahjong","ReelX","5","https://pub.imgscache.com/compic/ba979396-aeee-45d5-97c3-f2b766e7dc82.webp","images/ReelX__Super_mahjong__13071.webp"
"11418","48z5pjps3ntvqc1b","Auto-Roulette","EVOLUTION","17","https://pub.imgscache.com/compic/52a5bb7b-e7f3-40a3-bde3-42652cfbfa14.webp","images/EVOLUTION__Auto-Roulette__11418.webp"
"12471","180","Legacy of Egypt","JILI","5","https://pub.imgscache.com/compic/2e6a9324-43f4-4824-b3ee-df1622594472.webp","images/JILI__Legacy_of_Egypt__12471.webp"
"13466","102003","Luxury Jewelry","OMNIPLAY","5","https://pub.imgscache.com/compic/698bedb9-f11e-4d94-b154-0f6e8bd36fd4.webp","images/OMNIPLAY__Luxury_Jewelry__13466.webp"
"11458","THBTable00000001","Texas Hold'em Bonus Poker","EVOLUTION","3","https://pub.imgscache.com/compic/1625294b-ae19-4472-847f-a967ff7c5e2a.webp","images/EVOLUTION__Texas_Hold_em_Bonus_Poker__11458.webp"
"14155","472","3 Coin Treasures 2","JILI","5","https://pub.imgscache.com/compic/9e45faf1-7c88-425c-b9e0-b9fc1a3cb807.webp","images/JILI__3_Coin_Treasures_2__14155.webp"
"13448","100001","Power Dragon","OMNIPLAY","5","https://pub.imgscache.com/compic/d65c554e-f0a6-4366-aaef-82f454a1c2ba.webp","images/OMNIPLAY__Power_Dragon__13448.webp"
"11706","777strike0000000","777 Strike","REDTIGER","5","https://pub.imgscache.com/compic/dd90412e-acc3-4a2a-a18b-2faf4b1b7ddd.webp","images/REDTIGER__777_Strike__11706.webp"
"11394","139","Fortune Bingo","JILI","27","https://pub.imgscache.com/compic/259921e5-2ff4-4b50-b3ef-35a66e25303a.webp","images/JILI__Fortune_Bingo__11394.webp"
"14200","vswaysbandit","Bandit Megaways","PP","5","https://pub.imgscache.com/compic/7a160637-2b1d-43bd-8493-5a9084d2e285.webp","images/PP__Bandit_Megaways__14200.webp"
"13917","385","Coin UP : Lightning","BNG","5","https://pub.imgscache.com/compic/297fe7af-25b9-4c8e-9baf-211c0773886c.webp","images/BNG__Coin_UP_Lightning__13917.webp"
"12520","rngXXXtremeLB001","First Person XXXtreme Lightning Baccarat","EVOLUTION","17","https://pub.imgscache.com/compic/10f7de28-6204-453e-a557-82172766ee49.webp","images/EVOLUTION__First_Person_XXXtreme_Lightning_Baccarat__12520.webp"
"11482","MOWDream00000001","Dream Catcher","EVOLUTION","17","https://pub.imgscache.com/compic/ef8a45e4-29ee-4b2e-9130-f5a1f8cbba0a.webp","images/EVOLUTION__Dream_Catcher__11482.webp"
"13107","luckywineglass","Lucky Winegalss","GameZone","5","https://pub.imgscache.com/compic/32f6e7a8-eb26-415a-8f1f-e5fb2bf650d6.webp","images/GameZone__Lucky_Winegalss__13107.webp"
"11420","oytmvb9m1zysmc44","Baccarat A","EVOLUTION","17","https://pub.imgscache.com/compic/250241f0-16fe-4589-98ec-6fe55c9e7c35.webp","images/EVOLUTION__Baccarat_A__11420.webp"
"13488","42","Dinosaur Tycoon","JILI","3","https://pub.imgscache.com/compic/67292d71-75a3-47d0-a077-acdbec5f95be.webp","images/JILI__Dinosaur_Tycoon__13488.webp"
"12118","3001","Win Cai Shen","YB","5","https://pub.imgscache.com/compic/4a4f3d4b-dd3f-4f83-9d89-f1e850dbe13d.webp","images/YB__Win_Cai_Shen__12118.webp"
"13149","EB04","Pacman's Bingo Boom","EBG","21","https://pub.imgscache.com/compic/656371f1-4972-478e-8bf7-e17b8dba975e.webp","images/EBG__Pacman_s_Bingo_Boom__13149.webp"
"11487","1432733","Mystical Spirits","PG","5","https://pub.imgscache.com/compic/d5efa79f-e26f-4022-9d7f-bd80ed079b61.webp","images/PG__Mystical_Spirits__11487.webp"
"13207","107","Cash Maker 3","YGR","5","https://pub.imgscache.com/compic/d5fb7639-4e6f-4a1f-99f5-4aedf31fa6d5.webp","images/YGR__Cash_Maker_3__13207.webp"
"12698","201209","RIP City","HACKSAW","5","https://pub.imgscache.com/compic/9896ad66-e664-468a-87b5-9dd7ee699870.webp","images/HACKSAW__RIP_City__12698.webp"
"13238","0_14103","Voyage of Cryo Gunner X-Lock","JDB","5","https://pub.imgscache.com/compic/b4f819dd-ae11-4532-8868-a6bf8a82091e.webp","images/JDB__Voyage_of_Cryo_Gunner_X-Lock__13238.webp"
"12542","PSS-ON-00157","Piggy Master","PLAYSTAR","5","https://pub.imgscache.com/compic/ce3fb995-534d-41b8-9d69-ba60943c03f6.webp","images/PLAYSTAR__Piggy_Master__12542.webp"
"14036","zhumeng006","Diwata Mayari","Spin Master","5","https://pub.imgscache.com/compic/862388e5-f7b3-4b82-aff5-2fc5cbe73b5c.webp","images/Spin_Master__Diwata_Mayari__14036.webp"
"11496","173","West Hunter Bingo","JILI","27","https://pub.imgscache.com/compic/cc029e1e-aeba-474e-8150-3f9ec994466b.webp","images/JILI__West_Hunter_Bingo__11496.webp"
"13937","9_9104","Para Po","JDB","3","https://pub.imgscache.com/compic/76e25c30-e6f3-4bb6-b392-665ffe32e326.webp","images/JDB__Para_Po__13937.webp"
"12203","1655268","Tsar Treasures","PG","5","https://pub.imgscache.com/compic/ea5c32de-39b7-4f41-8818-2882f9789e32.webp","images/PG__Tsar_Treasures__12203.webp"
"11859","0_14086","Open Sesame Mega","JDB","5","https://pub.imgscache.com/compic/9a7afc10-8dd7-4263-a5b0-d1b9cbad06a7.webp","images/JDB__Open_Sesame_Mega__11859.webp"
"13810","qfyxgwwsrcfe5lq3","Blackjack VIP 27","EVOLUTION","17","https://pub.imgscache.com/compic/c73ab401-f6bd-4e9d-a5ca-653a423d5c21.webp","images/EVOLUTION__Blackjack_VIP_27__13810.webp"
"11524","1_73","888 Fortunes","TPG","5","https://pub.imgscache.com/compic/9646df01-3a01-4a6a-828c-8957d176ded0.webp","images/TPG__888_Fortunes__11524.webp"
"12493","ESpeedBJ00000010","Evo Speed Blackjack 10","EVOLUTION","17","https://pub.imgscache.com/compic/1871b5f7-2d8f-4b33-89a3-ff26976acff8.webp","images/EVOLUTION__Evo_Speed_Blackjack_10__12493.webp"
"11576","21003","Monkey King Fishing","FACHAI","8","https://pub.imgscache.com/compic/8433dd49-2932-4372-99de-ea673a492d9e.webp","images/FACHAI__Monkey_King_Fishing__11576.webp"
"13562","1101","Sweet Bonanza Candyland","PP","17","https://pub.imgscache.com/compic/f1abf42e-bf15-4c41-9ec8-12d97154b56a.webp","images/PP__Sweet_Bonanza_Candyland__13562.webp"
"11749","SGMysticFortuneDeluxe","Mystic Fortune Deluxe","HBN","5","https://pub.imgscache.com/compic/6f5c4b3e-b413-4ec0-8d34-d035ab966c25.webp","images/HBN__Mystic_Fortune_Deluxe__11749.webp"
"12201","1682240","Cash Mania","PG","5","https://pub.imgscache.com/compic/43f06dea-3ef2-46fc-9550-a21cfe9c2909.webp","images/PG__Cash_Mania__12201.webp"
"13452","100004","Golden Horse Treasure","OMNIPLAY","5","https://pub.imgscache.com/compic/2f8ba11c-5c58-4230-a6a9-54f9635c644b.webp","images/OMNIPLAY__Golden_Horse_Treasure__13452.webp"
"14037","slot008","Tikbalang","Spin Master","5","https://pub.imgscache.com/compic/2c03157b-a8c5-4630-97c2-826bf426b098.webp","images/Spin_Master__Tikbalang__14037.webp"
"12235","125","Butterfly Blossom","PG","5","https://pub.imgscache.com/compic/70787b27-20da-48bb-b4c3-6934cd70aa6e.webp","images/PG__Butterfly_Blossom__12235.webp"
"11347","rng-dragontiger0","First Person Dragon Tiger","EVOLUTION","17","https://pub.imgscache.com/compic/2184e2c6-4be7-4799-b683-5cc19d174bc2.webp","images/EVOLUTION__First_Person_Dragon_Tiger__11347.webp"
"13151","phoenixvertical","Phoenix","GameZone","5","https://pub.imgscache.com/compic/8f361b87-889d-4ca0-83fa-5de610a755bc.webp","images/GameZone__Phoenix__13151.webp"
"12255","95","Majestic Treasures","PG","5","https://pub.imgscache.com/compic/9b4b6e6e-dd5f-4e0e-a86a-09e633638294.webp","images/PG__Majestic_Treasures__12255.webp"
"13096","candyburst","Candy Burst","GameZone","5","https://pub.imgscache.com/compic/b7a4e321-bdea-4727-a508-06b222036721.webp","images/GameZone__Candy_Burst__13096.webp"
"11441","ImperialQuest001","Imperial Quest","EVOLUTION","17","https://pub.imgscache.com/compic/ddbcc0a2-42b8-4af1-bab3-47e58d4c1bbc.webp","images/EVOLUTION__Imperial_Quest__11441.webp"
"13905","tzx8vq1b6xqqq4gq","Perya Speed Baccarat 17","EVOLUTION","17","https://pub.imgscache.com/compic/be197941-63e1-44e2-8bc0-f77debb34d2e.webp","images/EVOLUTION__Perya_Speed_Baccarat_17__13905.webp"
"12114","1037","Golden Aztec Mega","YB","5","https://pub.imgscache.com/compic/548ed361-c3ce-413c-8ee4-efbf27c14d73.webp","images/YB__Golden_Aztec_Mega__12114.webp"
"11660","SGEgyptianDreamsDeluxe","Egyptian Dreams Deluxe","HBN","5","https://pub.imgscache.com/compic/e3ecd6e9-6c07-4304-9714-0bac56cd770c.webp","images/HBN__Egyptian_Dreams_Deluxe__11660.webp"
"14185","vswaysmjwl2","Mummy’s Jewels 100","PP","5","https://pub.imgscache.com/compic/01a13f9d-cc66-4de1-822e-9777cbd418bc.webp","images/PP__Mummy_s_Jewels_100__14185.webp"
"14182","vs20olympgcl","Fortune of Olympus","PP","5","https://pub.imgscache.com/compic/161a6522-80af-4a1b-bb8c-23ff21085800.webp","images/PP__Fortune_of_Olympus__14182.webp"
"12263","PGS_1760238","Yakuza Honor","PG","5","https://pub.imgscache.com/compic/7c83a68f-68b1-43dd-8551-a17b75f31ce0.webp","images/PG__Yakuza_Honor__12263.webp"
"13145","0_14099","Pop Pop Candy 1000 ","JDB","5","https://pub.imgscache.com/compic/fc5b92cb-acf1-4f88-81dc-b43b3e6e5e7f.webp","images/JDB__Pop_Pop_Candy_1000__13145.webp"
"13191","22075","Sword Of King","FACHAI","5","https://pub.imgscache.com/compic/e2518940-4ebb-4e72-9d02-99f8ef7ea72f.webp","images/FACHAI__Sword_Of_King__13191.webp"
"12215","1489936","Ultimate Striker","PG","5","https://pub.imgscache.com/compic/ffde87c9-9802-4cfd-b906-e72d6b0c7684.webp","images/PG__Ultimate_Striker__12215.webp"
"13015","bjl;bjl_colombiabj","Colombia Blackjack","PT","17","https://pub.imgscache.com/compic/629bb8d7-95c8-497f-b0c3-77cb4f426432.webp","images/PT__Colombia_Blackjack__13015.webp"
"13429","410154","Wild West Trueways","BGAMING","5","https://pub.imgscache.com/compic/a552956f-ca87-43c9-bcfa-346c39f604a6.webp","images/BGAMING__Wild_West_Trueways__13429.webp"
"11755","SGLanternLuck","Lantern Luck","HBN","5","https://pub.imgscache.com/compic/752eb379-4864-4a3e-8a5b-db6514fe9a2f.webp","images/HBN__Lantern_Luck__11755.webp"
"14284","101011","Sugar Kaboom","OMNIPLAY","5","https://pub.imgscache.com/compic/58262096-7abf-481b-a387-57eb797e2c97.webp","images/OMNIPLAY__Sugar_Kaboom__14284.webp"
"11460","UTHTable00000001","Ultimate Texas Hold'em","EVOLUTION","3","https://pub.imgscache.com/compic/4b619c5c-d86b-4bcb-abba-15c0312f24a4.webp","images/EVOLUTION__Ultimate_Texas_Hold_em__11460.webp"
"12818","vs20olympxmas","Gates of Olympus Xmas 1000","PP","5","https://pub.imgscache.com/compic/ffc9db49-aa69-4893-89bf-b72bca54633e.webp","images/PP__Gates_of_Olympus_Xmas_1000__12818.webp"
"13914","302","Lady Fortune","BNG","5","https://pub.imgscache.com/compic/0e9773a7-d89a-44dc-b967-57de3e9adc28.webp","images/BNG__Lady_Fortune__13914.webp"
"13801","pdk52e3rey6upyie","Blackjack VIP 13","EVOLUTION","17","https://pub.imgscache.com/compic/c712bdf1-a8e1-4ac5-9675-1ebfd5f7f4bf.webp","images/EVOLUTION__Blackjack_VIP_13__13801.webp"
"11686","102","RomaX","JILI","5","https://pub.imgscache.com/compic/1506976e-dba3-40df-846d-57c684c7bc65.webp","images/JILI__RomaX__11686.webp"
"11459","n5emwq5c5dwepwam","Three card poker","EVOLUTION","17","https://pub.imgscache.com/compic/772dcfe0-f149-43bc-825d-fda675632bed.webp","images/EVOLUTION__Three_card_poker__11459.webp"
"13907","287","Boom! Boom! Gold!","BNG","5","https://pub.imgscache.com/compic/7b235e3b-82f4-42e3-a02b-5706bc6908bc.webp","images/BNG__Boom_Boom_Gold__13907.webp"
"13601","459","Korean Speed Baccarat 3","PP","17","https://pub.imgscache.com/compic/594ba329-41a9-49ce-a343-f68246b81359.webp","images/PP__Korean_Speed_Baccarat_3__13601.webp"
"13621","411","Baccarat 5","PP","17","https://pub.imgscache.com/compic/e4f1c4ec-90c0-4c3c-b4b6-8f4f230476e9.webp","images/PP__Baccarat_5__13621.webp"
"14055","1053","Fortune X Ace","YB","5","https://pub.imgscache.com/compic/95147188-3b85-415e-b405-516631f08559.webp","images/YB__Fortune_X_Ace__14055.webp"
"11898","5","Hot Chilli","JILI","5","https://pub.imgscache.com/compic/fa13bcd2-0a40-481d-9722-3ff70951b9c6.webp","images/JILI__Hot_Chilli__11898.webp"
"12151","vswaysbufking","Buffalo King Megaways","PP","5","https://pub.imgscache.com/compic/6cc11b06-ecdf-44db-aed6-72cc000b34a8.webp","images/PP__Buffalo_King_Megaways__12151.webp"
"12236","124","Battleground Royale","PG","5","https://pub.imgscache.com/compic/3613a312-fedd-48b3-bb54-cf9857eb749d.webp","images/PG__Battleground_Royale__12236.webp"
"11697","84","Queen of Bounty","PG","5","https://pub.imgscache.com/compic/16af8d45-d3b2-4e77-85ae-c60ad05899f7.webp","images/PG__Queen_of_Bounty__11697.webp"
"11830","9_9021","Mines2","JDB","3","https://pub.imgscache.com/compic/d101cc8c-08aa-43e3-a9ea-fac9badd4431.webp","images/JDB__Mines2__11830.webp"
"11477","HoldemTable00001","Casino Hold'em","EVOLUTION","17","https://pub.imgscache.com/compic/23c6db29-f1fa-43ee-9bd3-d36feac6bad2.webp","images/EVOLUTION__Casino_Hold_em__11477.webp"
"14178","vs20clustcol","Sweet Kingdom","PP","5","https://pub.imgscache.com/compic/096fa500-838d-46f1-9c6c-66d9b4cdecb3.webp","images/PP__Sweet_Kingdom__14178.webp"
"11532","1_61","Dragon Dynasty","TPG","5","https://pub.imgscache.com/compic/8c234b01-c172-4cf2-a3c3-cf1be807d3f3.webp","images/TPG__Dragon_Dynasty__11532.webp"
"12219","1420892","Rave Party Fever","PG","5","https://pub.imgscache.com/compic/b32fbc70-bb6f-46bc-b9bc-8cdc4699ddb5.webp","images/PG__Rave_Party_Fever__12219.webp"
"13880","SpeedBlackjack18","Speed VIP Blackjack R","EVOLUTION","17","https://pub.imgscache.com/compic/eb39d2fb-7ccb-4b79-bd05-3e034f9e2aff.webp","images/EVOLUTION__Speed_VIP_Blackjack_R__13880.webp"
"13101","4","Candy777 Turbo","ReelX","5","https://pub.imgscache.com/compic/a81888b8-494c-4cce-a214-84f6d10b8a3a.webp","images/ReelX__Candy777_Turbo__13101.webp"
"13167","BonusBingo","Bonus Bingo","GEMH","27","https://pub.imgscache.com/compic/23e1b590-2f47-484c-b7a5-81aa65a8b1a4.webp","images/GEMH__Bonus_Bingo__13167.webp"
"13098","19","Fortune Ball","ReelX","5","https://pub.imgscache.com/compic/ac6f02a8-7c7b-4329-a4b4-5c5ae27d7c62.webp","images/ReelX__Fortune_Ball__13098.webp"
"13561","451","Thai Speed Baccarat 1","PP","17","https://pub.imgscache.com/compic/b35b40bd-f1fd-4b69-b972-934decef7280.webp","images/PP__Thai_Speed_Baccarat_1__13561.webp"
"11684","16","Jungle King","JILI","5","https://pub.imgscache.com/compic/3cdf349c-3c1b-4313-98d0-45add2f53bcf.webp","images/JILI__Jungle_King__11684.webp"
"14060","22080","Catla'S Money Machine","FACHAI","5","https://pub.imgscache.com/compic/0596673e-96cd-4fbe-8d6f-067292b126be.webp","images/FACHAI__Catla_S_Money_Machine__14060.webp"
"11857","303","Fortune Monkey","JILI","5","https://pub.imgscache.com/compic/7eb3a477-6e7c-4004-b0a1-230508c852fa.webp","images/JILI__Fortune_Monkey__11857.webp"
"14077","106","Maya Golden City 7","YGR","5","https://pub.imgscache.com/compic/6cfa1cdf-719f-4f59-af11-25073148a50b.webp","images/YGR__Maya_Golden_City_7__14077.webp"
"13647","ubal;bal_superspeedbac","Super Speed Baccarat","PT","17","https://pub.imgscache.com/compic/e7120ab3-87a2-4eee-aada-69fd2bde2c98.webp","images/PT__Super_Speed_Baccarat__13647.webp"
"12459","crazyace","Crazy Ace","GameZone","5","https://pub.imgscache.com/compic/60f93e2e-214b-44e8-b0de-7cf803127c59.webp","images/GameZone__Crazy_Ace__12459.webp"
"14057","410214","Classic Multihand Blackjack","BGAMING","3","https://pub.imgscache.com/compic/b92865b0-3785-4b06-b0cd-8aac9a11fc5e.webp","images/BGAMING__Classic_Multihand_Blackjack__14057.webp"
"11797","101","Medusa","JILI","5","https://pub.imgscache.com/compic/2882bdc1-4742-4e06-9d2c-184e0997e3bf.webp","images/JILI__Medusa__11797.webp"
"11808","172","Elf Bingo","JILI","5","https://pub.imgscache.com/compic/6bd79121-85c2-4d8e-97e2-39d91d67bc0a.webp","images/JILI__Elf_Bingo__11808.webp"
"11579","21007","Fa Chai Fishing","FACHAI","8","https://pub.imgscache.com/compic/2e23e555-a71f-4230-9be0-bea43a9c6891.webp","images/FACHAI__Fa_Chai_Fishing__11579.webp"
"11761","SGLaughingBuddha","Laughing Buddha","HBN","5","https://pub.imgscache.com/compic/1ee4e0fb-cb97-4211-9e09-e1c7f22e647c.webp","images/HBN__Laughing_Buddha__11761.webp"
"12106","1017","Rolling Fortune","YB","5","https://pub.imgscache.com/compic/1d8527a5-43dc-48cf-a095-a15654363890.webp","images/YB__Rolling_Fortune__12106.webp"
"12935","streetfighting","Street Fighting","GameZone","5","https://pub.imgscache.com/compic/caf8ea83-ecbc-4a37-ade5-1314dbd49897.webp","images/GameZone__Street_Fighting__12935.webp"
"11861","0_14079","Moneybags Man 2","JDB","5","https://pub.imgscache.com/compic/b7a57f25-2357-4a58-9861-d506499c58f2.webp","images/JDB__Moneybags_Man_2__11861.webp"
"13390","410085","Lucky Dama Muerta","BGAMING","5","https://pub.imgscache.com/compic/92c2a0bf-66f5-4496-a18b-34df4d1eb8c6.webp","images/BGAMING__Lucky_Dama_Muerta__13390.webp"
"12571","romanarena","Roman Arena","GameZone","5","https://pub.imgscache.com/compic/1179d3bc-bca5-4cb0-b3ed-f216495a92ed.webp","images/GameZone__Roman_Arena__12571.webp"
"11620","10","Speed Baccarat","EEZE1","17","https://pub.imgscache.com/compic/1a132f43-9b67-4ecc-b0f7-6b5974c30144.webp","images/EEZE1__Speed_Baccarat__11620.webp"
"10978","zeuslightningpow","Zeus Lightning Power Reels","REDTIGER","5","https://pub.imgscache.com/compic/5d2bd163-b020-496d-a08f-9628050a2ab7.webp","images/REDTIGER__Zeus_Lightning_Power_Reels__10978.webp"
"13571","414","Speed Baccarat 5","PP","17","https://pub.imgscache.com/compic/f49deceb-d118-41d2-99f8-d465d42e9510.webp","images/PP__Speed_Baccarat_5__13571.webp"
"11815","23","Candy Baby","JILI","5","https://pub.imgscache.com/compic/1d1e2149-063a-4aa9-8fa9-9961e6985106.webp","images/JILI__Candy_Baby__11815.webp"
"12915","PSS-ON-00159","Horde 2 Winter","PLAYSTAR","5","https://pub.imgscache.com/compic/cb629d7b-19e6-4454-8666-5e28683f5a0d.webp","images/PLAYSTAR__Horde_2_Winter__12915.webp"
"12447","vs20rujakbnz","Rujak Bonanza","PP","5","https://pub.imgscache.com/compic/f54af966-b38a-4c37-b5f1-16b6be2687fb.webp","images/PP__Rujak_Bonanza__12447.webp"
"13988","KYS-H5-99991","Golden Legend","5G","5","https://pub.imgscache.com/compic/45802f3d-e00c-4ae3-896a-cdfd369a35cd.webp","images/5G__Golden_Legend__13988.webp"
"11569","7_7005","Fishing YiLuFa","JDB","8","https://pub.imgscache.com/compic/4aebcebd-3f1c-4365-8b01-ae7877c1e656.webp","images/JDB__Fishing_YiLuFa__11569.webp"
"12857","378","Golden Bank 2","JILI","5","https://pub.imgscache.com/compic/0ef14ecf-e796-43b3-b25e-b86939433588.webp","images/JILI__Golden_Bank_2__12857.webp"
"11751","SGNineTails","Nine Tails","HBN","5","https://pub.imgscache.com/compic/e18260dc-0818-4497-b1c1-62c78ac3a740.webp","images/HBN__Nine_Tails__11751.webp"
"13453","100005","Power Lion","OMNIPLAY","5","https://pub.imgscache.com/compic/5c244705-8d0a-4fb9-8d08-ddbf06b9fd92.webp","images/OMNIPLAY__Power_Lion__13453.webp"
"14129","1755623","Museum Mystery","PG","5","https://pub.imgscache.com/compic/cd46573b-692a-4ed0-a634-fad99137028a.webp","images/PG__Museum_Mystery__14129.webp"
"13996","VPCQS29","Mahjong Wilds 2","CQ9","5"," https://pub.imgscache.com/compic/ba87f459-60a6-4343-b525-5896eb2f5aae.webp","images/CQ9__Mahjong_Wilds_2__13996.webp"
"11700","SGHotHotFruit","Hot Hot Fruit","HBN","5","https://pub.imgscache.com/compic/6cfd7502-6c8c-4a1d-aee5-7e7effc3461c.webp","images/HBN__Hot_Hot_Fruit__11700.webp"
"13991","S5G-H5-99958","Sugar High5","5G","5","https://pub.imgscache.com/compic/c00d5e2d-4c97-423f-b4ba-18879ea71650.webp","images/5G__Sugar_High5__13991.webp"
"13161","18","Pula Puti Flash","ReelX","3","https://pub.imgscache.com/compic/143cdacd-6381-46e3-ac05-8b27a724d5dd.webp","images/ReelX__Pula_Puti_Flash__13161.webp"
"11062","AT05","LuckyFishing","CQ9","8","https://pub.imgscache.com/compic/6c3f7791-21d3-499b-a4bb-d20595a7df26.webp","images/CQ9__LuckyFishing__11062.webp"
"11386","2","Chin Shi Huang","JILI","5","https://pub.imgscache.com/compic/e79f118a-fbf3-4be0-a7fc-4eb4e3977b9a.webp","images/JILI__Chin_Shi_Huang__11386.webp"
"13811","oqicznoauwbl46am","Blackjack VIP Alpha","EVOLUTION","17","https://pub.imgscache.com/compic/76d79bf1-dc6d-4856-a55f-1b987b4a8ba7.webp","images/EVOLUTION__Blackjack_VIP_Alpha__13811.webp"
"10524","48","Double Fortune","PG","5","https://pub.imgscache.com/compic/5d77d2a8-1f89-484e-a22e-2ba447781c5d.webp","images/PG__Double_Fortune__10524.webp"
"13047","ubal;bal_baccarat1","Sports Baccarat","PT","17","https://pub.imgscache.com/compic/a3b4d289-e7f6-4700-a76a-df5e5cb1c85c.webp","images/PT__Sports_Baccarat__13047.webp"
"13913","396","Hot Fire Fruits","BNG","5","https://pub.imgscache.com/compic/8a53aabe-ee25-422a-90ee-3b1f359d42d1.webp","images/BNG__Hot_Fire_Fruits__13913.webp"
"13789","oa7fpshyqfueqxuj","Blackjack VIP 54","EVOLUTION","17","https://pub.imgscache.com/compic/f9e88581-718c-43d0-a2e2-e840fb1ea5b4.webp","images/EVOLUTION__Blackjack_VIP_54__13789.webp"
"12490","ESpeedBJ00000006","Evo Speed Blackjack 6","EVOLUTION","17","https://pub.imgscache.com/compic/74a85af5-73d1-4644-a9a2-ff049ce99830.webp","images/EVOLUTION__Evo_Speed_Blackjack_6__12490.webp"
"13860","ps3uijuskfe2f3cj","Speed VIP Blackjack G","EVOLUTION","17","https://pub.imgscache.com/compic/15f261a9-01de-402f-ae4f-5342cb4b2272.webp","images/EVOLUTION__Speed_VIP_Blackjack_G__13860.webp"
"12638","017","Insect Master","YGR","8","https://pub.imgscache.com/compic/f017f9eb-9982-484b-8a0a-445bce1085a3.webp","images/YGR__Insect_Master__12638.webp"
"11486","235","Limbo","JILI","3","https://pub.imgscache.com/compic/f81c2940-5c37-4079-891b-91c9e93436da.webp","images/JILI__Limbo__11486.webp"
"13437","zhumeng004","Lam-Ang","Spin Master","5","https://pub.imgscache.com/compic/f7d57b50-7a8b-4ac6-87d5-0d902d55ee47.webp","images/Spin_Master__Lam-Ang__13437.webp"
"12533","PSS-ON-00156","For The Horde","PLAYSTAR","5","https://pub.imgscache.com/compic/476a2ff3-454f-40e3-9fd6-990513f4cc0e.webp","images/PLAYSTAR__For_The_Horde__12533.webp"
"11383","85","Pharaoh Treasure","JILI","5","https://pub.imgscache.com/compic/2f446251-f889-4400-9592-62e5a7bce808.webp","images/JILI__Pharaoh_Treasure__11383.webp"
"13695","KingOfDragon","King Of Dragon","KA GAMING","5","https://pub.imgscache.com/compic/d01e2e44-886b-4e8c-9eb1-4f89fcd24b05.webp","images/KA_GAMING__King_Of_Dragon__13695.webp"
"12238","122","Garuda Gems","PG","5","https://pub.imgscache.com/compic/f552f48b-c1a0-4d82-99a2-ac22b2c2933a.webp","images/PG__Garuda_Gems__12238.webp"
"12866","GB14","Funky Bingo","CQ9","27","https://pub.imgscache.com/compic/9dd83789-8b38-4710-9bd2-d03d2273f119.webp","images/CQ9__Funky_Bingo__12866.webp"
"13804","pdk54i3vey6up3dg","Blackjack VIP 16","EVOLUTION","17","https://pub.imgscache.com/compic/d5a1c519-e59f-418e-928f-7a8677894414.webp","images/EVOLUTION__Blackjack_VIP_16__13804.webp"
"13762","60i0lcfx5wkkv3sy","Baccarat B","EVOLUTION","17","https://pub.imgscache.com/compic/9e9b0cf1-463f-4a32-ac36-e9dd7814cc68.webp","images/EVOLUTION__Baccarat_B__13762.webp"
"13239","0_14104","Voyage of Daring Queen X-Lock","JDB","5","https://pub.imgscache.com/compic/5391d3f9-c46b-4e73-a13f-32f17dcc60a9.webp","images/JDB__Voyage_of_Daring_Queen_X-Lock__13239.webp"
"13081","atlantistreasure","Atlantis Treasure","GameZone","5","https://pub.imgscache.com/compic/73ed1a7b-0a64-4a33-896e-c27b5bb2b88b.webp","images/GameZone__Atlantis_Treasure__13081.webp"
"12210","1572362","Gladiator's Glory","PG","5","https://pub.imgscache.com/compic/53364cfc-2847-48fe-bbcf-058d62e1eaee.webp","images/PG__Gladiator_s_Glory__12210.webp"
"14059","22069","Buffalo Ways","FACHAI","5","https://pub.imgscache.com/compic/1a85c49c-ed53-40e9-9bb2-c00d02a5b5ae.webp","images/FACHAI__Buffalo_Ways__14059.webp"
"11632","IR01","Bingo Aqua","AQUA","27","https://pub.imgscache.com/compic/427fe0eb-bc46-4bb0-a089-ac291819ce6a.webp","images/AQUA__Bingo_Aqua__11632.webp"
"13166","BingBingBingo","Bing Bing Bingo","GEMH","27","https://pub.imgscache.com/compic/ba64fda2-9680-43e2-8694-b7804ee67200.webp","images/GEMH__Bing_Bing_Bingo__13166.webp"
"11658","76","Party Night","JILI","5","https://pub.imgscache.com/compic/772956d8-3d72-493a-a2c0-dcdfae15bcee.webp","images/JILI__Party_Night__11658.webp"
"11662","SGWildTrucks","Wild Trucks","HBN","5","https://pub.imgscache.com/compic/63732937-4496-4115-b32b-cf3cda6a90e6.webp","images/HBN__Wild_Trucks__11662.webp"
"10671","CaribbeanStud","Caribbean Stud","HBN","3","https://pub.imgscache.com/compic/2a38e28f-4a54-4db9-b006-fcf2a7bd3535.webp","images/HBN__Caribbean_Stud__10671.webp"
"11349","rng-gwbaccarat00","First Person Golden Wealth Baccarat","EVOLUTION","17","https://pub.imgscache.com/compic/e541a1eb-ae67-46cc-9e3a-1fbeea6407d4.webp","images/EVOLUTION__First_Person_Golden_Wealth_Baccarat__11349.webp"
"12856","307","Treasure Quest","JILI","5","https://pub.imgscache.com/compic/917fb187-cee4-4a5b-91c5-7801be78d6a6.webp","images/JILI__Treasure_Quest__12856.webp"
"10533","68","Fortune Mouse","PG","5","https://pub.imgscache.com/compic/458dabc4-cd37-46e6-9c89-3610a0d61e5d.webp","images/PG__Fortune_Mouse__10533.webp"
"12673","201126","Buffalo Stack'n'Sync","HACKSAW","5","https://pub.imgscache.com/compic/8be66fc5-8cbd-43fc-a94f-de2a5b9c4f86.webp","images/HACKSAW__Buffalo_Stack_n_Sync__12673.webp"
"13938","parthenonr200000","Parthenon: Quest for Immortality","NETENT","5","https://pub.imgscache.com/compic/614ab9d9-8d7d-4ca1-919b-c4b2589f89f2.webp","images/NETENT__Parthenon_Quest_for_Immortality__13938.webp"
"12854","392","Coin Tree","JILI","5","https://pub.imgscache.com/compic/8a0eced3-c889-4590-ae72-3ecb1f0e1f51.webp","images/JILI__Coin_Tree__12854.webp"
"12808","treasurebowl","TreasureBowl","GameZone","5","https://pub.imgscache.com/compic/9c3cef3f-fbbc-42de-8c44-598f3187da87.webp","images/GameZone__TreasureBowl__12808.webp"
"14094","StandAloneMines","Mines","GEMH","8","https://pub.imgscache.com/compic/0d0f7e8d-7ac3-4df2-80b6-051ca90e2e84.webp","images/GEMH__Mines__14094.webp"
"14161","114","European Roulette","JILI","17","https://pub.imgscache.com/compic/580afad5-8b41-4c25-af15-f138252ae282.webp","images/JILI__European_Roulette__14161.webp"
"13240","1","Royal Fishing","JILI","8","https://pub.imgscache.com/compic/1f1ee15b-71d9-422b-9919-f71da7f5c22e.webp","images/JILI__Royal_Fishing__13240.webp"
"14135","90","Secrets of Cleopatra","PG","5","https://pub.imgscache.com/compic/3adfa2ad-8cb4-4a75-a424-613eea16e93a.webp","images/PG__Secrets_of_Cleopatra__14135.webp"
"12548","436","Fortune Roulette","JILI","3","https://pub.imgscache.com/compic/dfb3d3f8-4c12-44f6-a825-3cbf1f633343.webp","images/JILI__Fortune_Roulette__12548.webp"
"12517","rng-rt-xxxtreme1","First person XXXtreme Lightning Roulette","EVOLUTION","17","https://pub.imgscache.com/compic/1c2a50dc-e9f0-456e-946c-c0f53c3b6e52.webp","images/EVOLUTION__First_person_XXXtreme_Lightning_Roulette__12517.webp"
"13083","fortunesblessing","Fortunes Blessing","GameZone","5","https://pub.imgscache.com/compic/a9c115d2-80ab-421f-80ee-a8e94aa6cf59.webp","images/GameZone__Fortunes_Blessing__13083.webp"
"13686","GoldenBull","Golden Bull","KA GAMING","5","https://pub.imgscache.com/compic/9c3fbcee-c0d3-49f1-8965-d242a2e5a3e7.webp","images/KA_GAMING__Golden_Bull__13686.webp"
"13981","1_122","Rise Of Thunder 1888X","TPG","5","https://pub.imgscache.com/compic/87d93be2-7f4a-4af3-abce-bda55181dd1b.webp","images/TPG__Rise_Of_Thunder_1888X__13981.webp"
"13341","410011","Aztec Clusters","BGAMING","5","https://pub.imgscache.com/compic/b2636ea0-3778-43af-9ade-e7626fbd7cf1.webp","images/BGAMING__Aztec_Clusters__13341.webp"
"11050","206","Sweet POP","CQ9","5","https://pub.imgscache.com/compic/77958f3b-8e34-4cb7-84ee-99296ddd42bf.webp","images/CQ9__Sweet_POP__11050.webp"
"10975","wingsofra0000000","Wings of Ra","REDTIGER","5","https://pub.imgscache.com/compic/21b36fa7-fe62-490e-8360-a16bb32631a1.webp","images/REDTIGER__Wings_of_Ra__10975.webp"
"13995","S5G-H5-99948","LABUBY","5G","5","https://pub.imgscache.com/compic/07014cfe-2149-46e9-9692-8366d43a313f.webp","images/5G__LABUBY__13995.webp"
"13559","224","Turkish Roulette","PP","17","https://pub.imgscache.com/compic/eaeb6499-369a-411e-82a6-4bc3d72150e5.webp","images/PP__Turkish_Roulette__13559.webp"
"12473","0_14036","Super Niubi","JDB","5","https://pub.imgscache.com/compic/49e15be6-8c25-47fb-81fd-adcb665f5e26.webp","images/JDB__Super_Niubi__12473.webp"
"13757","9_9024","Piggy Bank Taptap","JDB","3","https://pub.imgscache.com/compic/456da05f-7303-4816-832a-cdcd829388de.webp","images/JDB__Piggy_Bank_Taptap__13757.webp"
"11770","18_51","T-Rex","RTG","5","https://pub.imgscache.com/compic/9f5788e3-3bd9-4db9-8aeb-28a5e4d7828a.webp","images/RTG__T-Rex__11770.webp"
"13195","219","Blackjack","JILI","3","https://pub.imgscache.com/compic/b4415ea2-a89c-4e90-b0ad-85e073c8b077.webp","images/JILI__Blackjack__13195.webp"
"12143","vs20pistols","Wild West Duels","PP","5","https://pub.imgscache.com/compic/79ccc4e8-11bc-4c3e-ba7a-cf513a0550cf.webp","images/PP__Wild_West_Duels__12143.webp"
"13855","SpeedBlackjack02","Speed VIP Blackjack B","EVOLUTION","17","https://pub.imgscache.com/compic/71a3d820-4ce4-424a-b784-2d027670f963.webp","images/EVOLUTION__Speed_VIP_Blackjack_B__13855.webp"
"12917","1042","ROYAL HUNTER","YB","5","https://pub.imgscache.com/compic/743be5bf-9fe0-4e07-9e64-c3a7380d9946.webp","images/YB__ROYAL_HUNTER__12917.webp"
"13229","vs20candybltz2","Candy Blitz Bombs","PP","5","https://pub.imgscache.com/compic/b9254f69-c659-4ae0-ab87-d843280c106a.webp","images/PP__Candy_Blitz_Bombs__13229.webp"
"10596","SGTheKoiGate","Koi Gate","HBN","5","https://pub.imgscache.com/compic/69e4d5df-9706-44f7-a10a-5b27a0e8fa2b.webp","images/HBN__Koi_Gate__10596.webp"
"11952","PSS-ON-00149","Lucky Ace","PLAYSTAR","5","https://pub.imgscache.com/compic/2da7b98a-36bb-410f-b970-72e4f620b464.webp","images/PLAYSTAR__Lucky_Ace__11952.webp"
"12153","vs20cjcluster","Candy Jar Clusters","PP","5","https://pub.imgscache.com/compic/fcb9f7a6-2d3b-4e88-be6a-d73fae0ea8b4.webp","images/PP__Candy_Jar_Clusters__12153.webp"
"11762","SGTaikoBeats","Taiko Beats","HBN","5","https://pub.imgscache.com/compic/3e3bd3db-8556-4bb0-ab9d-e2de8005a536.webp","images/HBN__Taiko_Beats__11762.webp"
"12419","vs20fparty2","Fruit Party 2","PP","5","https://pub.imgscache.com/compic/6dc0b0c7-11ee-4cda-a4f3-5d611b2cfe20.webp","images/PP__Fruit_Party_2__12419.webp"
"11694","Baccarat3HZC","American Baccarat Zero Commission","HBN","3","https://pub.imgscache.com/compic/17b85017-2520-4fd6-94aa-07912586db0c.webp","images/HBN__American_Baccarat_Zero_Commission__11694.webp"
"12516","PTBaccarat000001","Prosperity Tree Baccarat","EVOLUTION","17","https://pub.imgscache.com/compic/acebccad-6198-4660-87f8-b47037566a9f.webp","images/EVOLUTION__Prosperity_Tree_Baccarat__12516.webp"
"12208","1594259","Safari Wilds","PG","5","https://pub.imgscache.com/compic/4b4997d4-a21d-45b9-a460-1635d1e35c30.webp","images/PG__Safari_Wilds__12208.webp"
"13587","206","Roulette Macao","PP","17","https://pub.imgscache.com/compic/04d76943-b9fd-45bc-ab5e-2fe145c1452a.webp","images/PP__Roulette_Macao__13587.webp"
"14120","mines","Mines","SPRIBE","8","https://pub.imgscache.com/compic/b8a05378-95f6-4bc5-ac2a-0738ea056bbd.webp","images/SPRIBE__Mines__14120.webp"
"12148","vswayshammthor","Power of Thor Megaways","PP","5","https://pub.imgscache.com/compic/7c9f94b8-c9d7-4789-bd56-71294e7f7d9d.webp","images/PP__Power_of_Thor_Megaways__12148.webp"
"13863","p2f25gsom2tmwmpn","Speed VIP Blackjack J","EVOLUTION","17","https://pub.imgscache.com/compic/5e266536-5a73-4d8f-ba81-5d8e4baa6e6e.webp","images/EVOLUTION__Speed_VIP_Blackjack_J__13863.webp"
"12809","godoffortune","God of Fortune","GameZone","5","https://pub.imgscache.com/compic/05f09fc8-3904-4b24-9bd9-955b1e2aaa0a.webp","images/GameZone__God_of_Fortune__12809.webp"
"13800","pdk5zo7cey6upxlm","Blackjack VIP 12","EVOLUTION","17","https://pub.imgscache.com/compic/f38ceac1-c987-4b33-b7d0-d9536ebf12b0.webp","images/EVOLUTION__Blackjack_VIP_12__13800.webp"
"13048","ubal;nc_bal_baccarat1","Sports Baccarat NC","PT","17","https://pub.imgscache.com/compic/97e33afb-95b4-4866-94fa-757993da3afb.webp","images/PT__Sports_Baccarat_NC__13048.webp"
"11480","FanTan0000000001","Fan Tan","EVOLUTION","17","https://pub.imgscache.com/compic/29c19176-0c63-4a65-8b6e-b20ee7aabe99.webp","images/EVOLUTION__Fan_Tan__11480.webp"
"14157","376","Shōgun","JILI","5","https://pub.imgscache.com/compic/9ac3e8b6-6044-4dd5-a7ee-898b79193e5d.webp","images/JILI__Sh_gun__14157.webp"
"12187","0_14088","Magic Ace","JDB","5","https://pub.imgscache.com/compic/7c3cf68e-5844-4b46-a2a6-a3fc8c23760d.webp","images/JDB__Magic_Ace__12187.webp"
"13596","442","Mega Baccarat","PP","17","https://pub.imgscache.com/compic/bb4b2ac5-8b80-4bdb-b77f-835c0d265b08.webp","images/PP__Mega_Baccarat__13596.webp"
"12060","3011","EZ Bingo","YB","27","https://pub.imgscache.com/compic/a8b18857-3363-462e-afe8-49f14ee94e05.webp","images/YB__EZ_Bingo__12060.webp"
"12437","vs20midas","The Hand of Midas","PP","5","https://pub.imgscache.com/compic/dfb13b1b-2b58-4a9d-96eb-846bc404bfbb.webp","images/PP__The_Hand_of_Midas__12437.webp"
"13602","449","Korean Speed Baccarat 2","PP","17","https://pub.imgscache.com/compic/01346751-32c4-45c8-a3d1-abcdb9de34e0.webp","images/PP__Korean_Speed_Baccarat_2__13602.webp"
"14079","068","Fortune Fishing","YGR","8","https://pub.imgscache.com/compic/9ceead9a-7a45-4907-b143-c8f1066c4343.webp","images/YGR__Fortune_Fishing__14079.webp"
"12214","1529867","Ninja Racoon Frenzy","PG","5","https://pub.imgscache.com/compic/fb2439c0-d954-47f3-bce7-d94985bc67fc.webp","images/PG__Ninja_Racoon_Frenzy__12214.webp"
"10526","50","Journey to the Wealth","PG","5","https://pub.imgscache.com/compic/1ac7a398-e913-48cc-8170-916690989d04.webp","images/PG__Journey_to_the_Wealth__10526.webp"
"14078","097","Maya Golden City 6","YGR","5","https://pub.imgscache.com/compic/5df49f96-8949-4c72-97e8-4cf51272c6fb.webp","images/YGR__Maya_Golden_City_6__14078.webp"
"12189","0_14090","Wealthway","JDB","5","https://pub.imgscache.com/compic/98e90a90-30ef-4506-9761-3937a512f01d.webp","images/JDB__Wealthway__12189.webp"
"13158","25","Mummy Diamond","ReelX","5","https://pub.imgscache.com/compic/49c19e7c-a219-4ac0-9541-49b800afa8fc.webp","images/ReelX__Mummy_Diamond__13158.webp"
"13859","ps3uhj7gteskex37","Speed VIP Blackjack F","EVOLUTION","17","https://pub.imgscache.com/compic/c473c8e3-4c22-408e-82a0-cef5000a0aae.webp","images/EVOLUTION__Speed_VIP_Blackjack_F__13859.webp"
"10763","0_8001","Lucky dragons","JDB","5","https://pub.imgscache.com/compic/8239c9a6-573e-452d-be5e-cd7fe0349b55.webp","images/JDB__Lucky_dragons__10763.webp"
"13795","o735ggd5iwsswcz7","Blackjack VIP 7","EVOLUTION","17","https://pub.imgscache.com/compic/1153e1e2-52b7-45bd-8c9f-b7acf94fb9ff.webp","images/EVOLUTION__Blackjack_VIP_7__13795.webp"
"12636","030","Chill Fishing","YGR","8","https://pub.imgscache.com/compic/50c64836-dee1-4c32-b828-eae8d7799175.webp","images/YGR__Chill_Fishing__12636.webp"
"13774","o3d9tx3u8kd0yawc","Blackjack VIP 39","EVOLUTION","17","https://pub.imgscache.com/compic/262a0b93-1b32-4f41-9ff6-0439c4fbe60d.webp","images/EVOLUTION__Blackjack_VIP_39__13774.webp"
"13456","100008","Legendary WuKong","OMNIPLAY","5","https://pub.imgscache.com/compic/aab6df50-d440-4446-8ae2-9a23c4bb5e58.webp","images/OMNIPLAY__Legendary_WuKong__13456.webp"
"13807","p2f2ootrm2tmvk6h","Blackjack VIP 22","EVOLUTION","17","https://pub.imgscache.com/compic/d31466db-d740-41a6-95de-66a1052b2eab.webp","images/EVOLUTION__Blackjack_VIP_22__13807.webp"
"13237","0_14102","Voyage of Blast Raider X-Lock","JDB","5","https://pub.imgscache.com/compic/17835102-9c3c-4888-bc45-b13b6d429b09.webp","images/JDB__Voyage_of_Blast_Raider_X-Lock__13237.webp"
"13146","0_14101","Ragnarok : Thor VS Loki","JDB","5","https://pub.imgscache.com/compic/1c0c8cb4-1923-45db-8daf-f7f20864f173.webp","images/JDB__Ragnarok_Thor_VS_Loki__13146.webp"
"13786","nveq66tfmn6n4moi","Blackjack VIP 51","EVOLUTION","17","https://pub.imgscache.com/compic/f23cf877-00ca-4292-89ea-4054b3dbe105.webp","images/EVOLUTION__Blackjack_VIP_51__13786.webp"
"11557","1_67","Lucky Fortunes","TPG","5","https://pub.imgscache.com/compic/98d04969-521d-4ddd-9455-8ab92ed6b519.webp","images/TPG__Lucky_Fortunes__11557.webp"
"12434","vs20multiup","Wheel O' Gold","PP","5","https://pub.imgscache.com/compic/978ea66c-c479-4c50-9ae1-ee42031f8f71.webp","images/PP__Wheel_O_Gold__12434.webp"
"12413","vs20farmfest","Barn Festival","PP","5","https://pub.imgscache.com/compic/7ba1fc17-5d41-4a0b-817d-7c2f0b964a4e.webp","images/PP__Barn_Festival__12413.webp"
"11862","0_14041","Mjolnir","JDB","5","https://pub.imgscache.com/compic/7320225e-d05e-4637-914f-19fe1dc6fdcd.webp","images/JDB__Mjolnir__11862.webp"
"12156","vswaysstampede","Fire Stampede","PP","5","https://pub.imgscache.com/compic/0283be02-52d7-4359-a36e-4b64baeb669a.webp","images/PP__Fire_Stampede__12156.webp"
"13894","SuperSpeedDT0001","Super Speed Dragon Tiger","EVOLUTION","17","https://pub.imgscache.com/compic/8f068d52-2cd8-4aa7-8b29-773cd11ca754.webp","images/EVOLUTION__Super_Speed_Dragon_Tiger__13894.webp"
"13241","60","Dragon Fortune","JILI","8","https://pub.imgscache.com/compic/9a2d267a-a899-4c7f-b6ac-8985e2fc6ed1.webp","images/JILI__Dragon_Fortune__13241.webp"
"12518","rng-ptbaccarat01","First Person Prosperity Tree Baccarat","EVOLUTION","17","https://pub.imgscache.com/compic/bcdc2a59-1fe2-4a9c-9213-def2acd05b7f.webp","images/EVOLUTION__First_Person_Prosperity_Tree_Baccarat__12518.webp"
"13607","489","Japanese Speed Baccarat 2","PP","17","https://pub.imgscache.com/compic/47c6830c-8a1f-4e9a-a9aa-2b29e830e3c1.webp","images/PP__Japanese_Speed_Baccarat_2__13607.webp"
"13620","413","Baccarat 6","PP","17","https://pub.imgscache.com/compic/c14050db-2551-4e35-8a51-b91cfc404cbe.webp","images/PP__Baccarat_6__13620.webp"
"13465","101009","Fortune Mahjong","OMNIPLAY","5","https://pub.imgscache.com/compic/3180879b-4730-4483-b826-a44e4293e889.webp","images/OMNIPLAY__Fortune_Mahjong__13465.webp"
"11782","214","King Arthur","JILI","5","https://pub.imgscache.com/compic/92e7989f-8190-4e5d-9742-a19ae3778d6a.webp","images/JILI__King_Arthur__11782.webp"
"14132","1827457","Doomsday Rampage","PG","5","https://pub.imgscache.com/compic/bcfdd6f9-c33a-48e6-9140-225f244cb55b.webp","images/PG__Doomsday_Rampage__14132.webp"
"13778","lnofn2yl756qaezm","Blackjack VIP 43","EVOLUTION","17","https://pub.imgscache.com/compic/695bd611-df20-402f-aadc-3dc2da8ddbd0.webp","images/EVOLUTION__Blackjack_VIP_43__13778.webp"
"10773","0_8017","New Year","JDB","5","https://pub.imgscache.com/compic/82d8bacb-2c7b-44ad-ba17-0bb53f6d52c0.webp","images/JDB__New_Year__10773.webp"
"11633","MB03","Bingo Pharaoh","GINTO","27","https://pub.imgscache.com/compic/9627db23-1cc4-40c7-b649-22320a706699.webp","images/GINTO__Bingo_Pharaoh__11633.webp"
"12429","vs20wildparty","3 Buzzing Wilds","PP","5","https://pub.imgscache.com/compic/65e21a2f-4d84-4cb5-8805-2876d72f7597.webp","images/PP__3_Buzzing_Wilds__12429.webp"
"12764","201236","Temple of Torment","HACKSAW","5","https://pub.imgscache.com/compic/21dcf1c1-fc48-4e2d-bee9-3ba6786b9b31.webp","images/HACKSAW__Temple_of_Torment__12764.webp"
"12111","1026","Golden Aztec","YB","5","https://pub.imgscache.com/compic/ac72bcd5-2e43-45e1-a24c-139e83bd4b39.webp","images/YB__Golden_Aztec__12111.webp"
"12222","1397455","Fruity Candy","PG","5","https://pub.imgscache.com/compic/52d3fd6b-07b3-455b-8e08-aee08670ee2c.webp","images/PG__Fruity_Candy__12222.webp"
"13080","14","Sweety Little Bears","ReelX","5","https://pub.imgscache.com/compic/d844b1a6-2a66-4a50-be5c-0d3005c2d021.webp","images/ReelX__Sweety_Little_Bears__13080.webp"
"11682","9_9010","LUCKY COLOR GAME","JDB","3","https://pub.imgscache.com/compic/216f1e3d-13d2-4302-8b59-a9b1bc8ce4e9.webp","images/JDB__LUCKY_COLOR_GAME__11682.webp"
"12817","vswaysaztec","Aztec Gems Megaways","PP","5","https://pub.imgscache.com/compic/277d1e71-b7c4-4f0d-bf41-95ceecc9c6d4.webp","images/PP__Aztec_Gems_Megaways__12817.webp"
"13791","o735cjzyaeasv4o6","Blackjack VIP 3","EVOLUTION","17","https://pub.imgscache.com/compic/0304dfdf-52fd-423c-9856-07bc98eddae7.webp","images/EVOLUTION__Blackjack_VIP_3__13791.webp"
"11578","21006","Fierce Fishing","FACHAI","8","https://pub.imgscache.com/compic/eca2c2bc-8ccc-4c82-a38b-cffcd73b7b24.webp","images/FACHAI__Fierce_Fishing__11578.webp"
"12441","vs20muertos","Muertos Multiplier Megaways","PP","5","https://pub.imgscache.com/compic/ff5212c7-5d65-491c-8483-581bb6024d77.webp","images/PP__Muertos_Multiplier_Megaways__12441.webp"
"12144","vs20cleocatra","Cleocatra","PP","5","https://pub.imgscache.com/compic/cbb39fca-b758-40f9-8820-5578a1a5ed2c.webp","images/PP__Cleocatra__12144.webp"
"12791","KYS-H5-99996","Mahjong Ways 3+","5G","5","https://pub.imgscache.com/compic/0c0d0383-6c1d-4272-8f65-f144547ecd20.webp","images/5G__Mahjong_Ways_3__12791.webp"
"13799","pdk5yzyfjkgepoml","Blackjack VIP 11","EVOLUTION","17","https://pub.imgscache.com/compic/eb7c45f8-6e98-47bf-a1bb-1b78e9b77fe3.webp","images/EVOLUTION__Blackjack_VIP_11__13799.webp"
"13057","bjl;bjl_soireebj1","Blackjack Soirée 1","PT","17","https://pub.imgscache.com/compic/7bd18958-ef77-414f-ae41-0106a67d22ca.webp","images/PT__Blackjack_Soir_e_1__13057.webp"
"13886","PeryaSpeedBac002","Perya Speed Baccarat 2","EVOLUTION","17","https://pub.imgscache.com/compic/4f8083b1-1e6c-46bc-ac0d-1897e95c4fba.webp","images/EVOLUTION__Perya_Speed_Baccarat_2__13886.webp"
"11699","PSS-ON-00141","mahjong ways3","PLAYSTAR","5","https://pub.imgscache.com/compic/2d6e7f75-bdd1-4ced-951a-85f5c1c11f03.webp","images/PLAYSTAR__mahjong_ways3__11699.webp"
"13766","qlrc3fq3v7p6awm4","Blackjack Silver C","EVOLUTION","17","https://pub.imgscache.com/compic/657fe6cc-3da9-48a4-8cfd-adcca000e5d4.webp","images/EVOLUTION__Blackjack_Silver_C__13766.webp"
"11793","198","Sweet Land","JILI","5","https://pub.imgscache.com/compic/d9416624-0068-4644-9c6d-169ac2dc7ba0.webp","images/JILI__Sweet_Land__11793.webp"
"13233","1064","Sugar Chef","YB","5","https://pub.imgscache.com/compic/42b2bfea-d75f-4354-93f7-8fe03d2ecc03.webp","images/YB__Sugar_Chef__13233.webp"
"13785","nsxqpyiol2nzcz6t","Blackjack VIP 50","EVOLUTION","17","https://pub.imgscache.com/compic/b31c423f-400e-4b67-bacb-8a5e5e5fd40e.webp","images/EVOLUTION__Blackjack_VIP_50__13785.webp"
"14159","324","Nightfall Hunting","JILI","5","https://pub.imgscache.com/compic/0157b92c-3e2e-4962-abee-07c6a0b302ee.webp","images/JILI__Nightfall_Hunting__14159.webp"
"13935","0_14096","Lucky Elephant X-Huge","JDB","5","https://pub.imgscache.com/compic/f3cc0fcb-31f6-44bc-838b-bce04f5ea03c.webp","images/JDB__Lucky_Elephant_X-Huge__13935.webp"
"13108","pirateship","Pirate Ship","GameZone","5","https://pub.imgscache.com/compic/244dd129-d5ad-4ad9-a8ba-676664193908.webp","images/GameZone__Pirate_Ship__13108.webp"
"11445","peekbaccarat0001","Peek Baccarat","EVOLUTION","17","https://pub.imgscache.com/compic/44d6d998-4b31-42f6-8a06-56ebd3630989.webp","images/EVOLUTION__Peek_Baccarat__11445.webp"
"13092","0_14097","Fishin' Fever X-Huge","JDB","5","https://pub.imgscache.com/compic/3271d88a-3a02-4be0-bd61-3da9ae1bcebc.webp","images/JDB__Fishin_Fever_X-Huge__13092.webp"
"12758","201394","Slayers Inc","HACKSAW","5","https://pub.imgscache.com/compic/af3c2fff-0805-4c7e-bbf9-8d17133fe49b.webp","images/HACKSAW__Slayers_Inc__12758.webp"
"14046","zhumeng005","Bakunawa","Spin Master","5","https://pub.imgscache.com/compic/e95eab72-c637-4253-bd47-66b0f4c6f8b8.webp","images/Spin_Master__Bakunawa__14046.webp"
"14096","StandAloneMinesGR","Mines Gold Rush","GEMH","8","https://pub.imgscache.com/compic/1aa1404d-b8b0-4276-852a-c67e34f4ec9b.webp","images/GEMH__Mines_Gold_Rush__14096.webp"
"13078","12","King of Rock","ReelX","5","https://pub.imgscache.com/compic/4a59168c-a1b2-4280-8ab9-a0d0c3e45cee.webp","images/ReelX__King_of_Rock__13078.webp"
"14039","zhumeng002","Malakas At Maganda","Spin Master","5","https://pub.imgscache.com/compic/2a45ba39-93e6-47dc-9482-5253a2f7673a.webp","images/Spin_Master__Malakas_At_Maganda__14039.webp"
"12693","201416","Octo Attack","HACKSAW","5","https://pub.imgscache.com/compic/ee7476cd-27e3-4e46-bc1e-77e110996eb3.webp","images/HACKSAW__Octo_Attack__12693.webp"
"13079","13","Demon Lock Matador toro","ReelX","5","https://pub.imgscache.com/compic/b67b2aa8-0359-4176-ac61-9a14dd122c2f.webp","images/ReelX__Demon_Lock_Matador_toro__13079.webp"
"12468","299","Potion Wizard","JILI","5","https://pub.imgscache.com/compic/6caa0566-0d2a-47f3-a129-cacabc138b8f.webp","images/JILI__Potion_Wizard__12468.webp"
"10792","0_8049","Flirting Scholar Tang II","JDB","5","https://pub.imgscache.com/compic/20ee3811-2aa3-4298-8a84-a9936e61ac6f.webp","images/JDB__Flirting_Scholar_Tang_II__10792.webp"
"13803","pdk53n4bjkgepr5u","Blackjack VIP 15","EVOLUTION","17","https://pub.imgscache.com/compic/a3bfdd59-110c-4441-b4f6-86ba82224c54.webp","images/EVOLUTION__Blackjack_VIP_15__13803.webp"
"12943","S5G-H5-99966","Pichu Pichu","5G","5","https://pub.imgscache.com/compic/f630c8fd-a6df-4ee6-b562-bb39b7ffefc1.webp","images/5G__Pichu_Pichu__12943.webp"
"12551","34139","Crasher","galaxsys","3","https://pub.imgscache.com/compic/c035cd9f-682a-43ee-8adc-0c407f896065.webp","images/galaxsys__Crasher__12551.webp"
"13781","nkyiswhd2jpbw4i4","Blackjack VIP 46","EVOLUTION","17","https://pub.imgscache.com/compic/2a5e57ef-a048-410b-8d83-66b64122f646.webp","images/EVOLUTION__Blackjack_VIP_46__13781.webp"
"13909","377","Fishin’ Bear","BNG","5","https://pub.imgscache.com/compic/6a599d3a-32af-40fe-93ab-b7e349b36286.webp","images/BNG__Fishin_Bear__13909.webp"
"13940","bountyraid200000","Bounty Raid 2","REDTIGER","5","https://pub.imgscache.com/compic/e23696e3-3e52-43a6-b3f5-29bbcd5ef37b.webp","images/REDTIGER__Bounty_Raid_2__13940.webp"
"11415","k37tle5hfceqacik","Auto Lightning Roulette","EVOLUTION","17","https://pub.imgscache.com/compic/f87f741a-5e37-4164-bf90-c11e8e18705e.webp","images/EVOLUTION__Auto_Lightning_Roulette__11415.webp"
"12462","264","Egypt's Glow","JILI","5","https://pub.imgscache.com/compic/6c536d5f-1fc5-4b67-8bb6-6ec9340fa3d6.webp","images/JILI__Egypt_s_Glow__12462.webp"
"13593","2101","Mega Sic Bac","PP","17","https://pub.imgscache.com/compic/7ebff7f2-0e87-42b1-9703-1da5a019c1b8.webp","images/PP__Mega_Sic_Bac__13593.webp"
"12229","132","Wild Coaster","PG","5","https://pub.imgscache.com/compic/4b23af9b-eaea-441c-9ecf-5adc8b9289fa.webp","images/PG__Wild_Coaster__12229.webp"
"12425","vswaysfuryodin","Fury of Odin Megaways","PP","5","https://pub.imgscache.com/compic/6141eaff-c4c4-4e49-82d1-e65d9686a8ca.webp","images/PP__Fury_of_Odin_Megaways__12425.webp"
"14134","1865521","Dead Man's Riches","PG","5","https://pub.imgscache.com/compic/f4090ea9-156a-4e59-ab43-6061b0fe9dbb.webp","images/PG__Dead_Man_s_Riches__14134.webp"
"13868","rctfyut2btsmfyyt","Blackjack VIP 30","EVOLUTION","17","https://pub.imgscache.com/compic/9cdb115b-daa0-45de-bcc9-63720d536871.webp","images/EVOLUTION__Blackjack_VIP_30__13868.webp"
"12722","201292","Chaos Crew 2","HACKSAW","5","https://pub.imgscache.com/compic/b7c02c0a-7b2f-44d5-a30c-458141a66e88.webp","images/HACKSAW__Chaos_Crew_2__12722.webp"
"12491","ESpeedBJ00000007","Evo Speed Blackjack 7","EVOLUTION","17","https://pub.imgscache.com/compic/263055dd-5eb2-4623-ac52-145b130d137c.webp","images/EVOLUTION__Evo_Speed_Blackjack_7__12491.webp"
"13974","1_119","Dragons Legacy","TPG","5","https://pub.imgscache.com/compic/0f21ce12-681a-4a68-bede-e6a001f77ece.webp","images/TPG__Dragons_Legacy__13974.webp"
"13170","OdinBingo","Odin Bingo","GEMH","27","https://pub.imgscache.com/compic/e218d86a-5f35-48f9-96c0-fd4e353fac33.webp","images/GEMH__Odin_Bingo__13170.webp"
"11389","33","Fortune Pig","JILI","5","https://pub.imgscache.com/compic/4de0119d-8f0c-43b9-b08c-c5ae4f0d567d.webp","images/JILI__Fortune_Pig__11389.webp"
"12872","051","100x Lions 7","YGR","5","https://pub.imgscache.com/compic/5c17f754-124c-4264-ad5d-e78a2a4b7b97.webp","images/YGR__100x_Lions_7__12872.webp"
"13773","l5aug44hhzr3qvxs","Blackjack VIP 38","EVOLUTION","17","https://pub.imgscache.com/compic/4402a16d-9193-464e-8a79-5d8bdad56e07.webp","images/EVOLUTION__Blackjack_VIP_38__13773.webp"
"14187","vs20clspwrndg","Sweet Powernudge","PP","5","https://pub.imgscache.com/compic/863096be-678d-42be-bc80-e5738ba28b80.webp","images/PP__Sweet_Powernudge__14187.webp"
"12781","KYS-H5-99982","Gems Miner","5G","5","https://pub.imgscache.com/compic/e751b26c-6a3d-48c2-bf0a-429c11cd2d4a.webp","images/5G__Gems_Miner__12781.webp"
"10610","SGFaCaiShen","Fa Cai Shen","HBN","5","https://pub.imgscache.com/compic/f63e8304-c132-4b3e-8d90-1c09f9d9fa41.webp","images/HBN__Fa_Cai_Shen__10610.webp"
"14116","supercolorgame01","Super Color Game","EVOLUTION","30","https://pub.imgscache.com/compic/b47d975b-95e1-4d7d-84f8-938d01c1abab.webp","images/EVOLUTION__Super_Color_Game__14116.webp"
"12247","112","Oriental Prosperity","PG","5","https://pub.imgscache.com/compic/900bc38e-ce63-45eb-a0d8-e191bb624e7b.webp","images/PG__Oriental_Prosperity__12247.webp"
"11619","11","Classic Baccarat","EEZE1","17","https://pub.imgscache.com/compic/3e16e871-7831-4cd1-905d-f220d49379aa.webp","images/EEZE1__Classic_Baccarat__11619.webp"
"12741","201122","ITERO","HACKSAW","5","https://pub.imgscache.com/compic/656ea610-405e-4cb4-a6e4-98b845439c9d.webp","images/HACKSAW__ITERO__12741.webp"
"12102","1013","Rolling 7","YB","5","https://pub.imgscache.com/compic/98a100b5-3a78-48fb-930d-3452f2895ad6.webp","images/YB__Rolling_7__12102.webp"
"10579","SGHappiestChristmasTree","Happiest Christmas Tree","HBN","5","https://pub.imgscache.com/compic/2e186a1a-0235-484d-b460-3f58c4b37f8f.webp","images/HBN__Happiest_Christmas_Tree__10579.webp"
"12011","PSS-ON-00051","Halloween","PLAYSTAR","5","https://pub.imgscache.com/compic/ded3d1d8-7296-48e9-8bde-df11a94b28e6.webp","images/PLAYSTAR__Halloween__12011.webp"
"11584","22019","Panda Dragon Boat","FACHAI","5","https://pub.imgscache.com/compic/89d64ad0-2d18-4cb0-8905-ea7c376fc902.webp","images/FACHAI__Panda_Dragon_Boat__11584.webp"
"13130","PSS-ON-00163","Necromancer•Sha","PLAYSTAR","5","https://pub.imgscache.com/compic/ecdcf35e-1fb1-4944-87f6-21e531f5a4da.webp","images/PLAYSTAR__Necromancer_Sha__13130.webp"
"11767","SGLegendaryBeasts","Legendary Beasts","HBN","5","https://pub.imgscache.com/compic/b20603d5-0a01-483c-a015-5f5ab8551807.webp","images/HBN__Legendary_Beasts__11767.webp"
"13435","zhumeng008","Mangkukulam","Spin Master","5","https://pub.imgscache.com/compic/0cec0001-fb5e-4f48-92f9-7e9d86fb37ba.webp","images/Spin_Master__Mangkukulam__13435.webp"
"12760","201065","Stack 'Em","HACKSAW","5","https://pub.imgscache.com/compic/59b9afb2-8cc1-4226-98fb-91060fdad3aa.webp","images/HACKSAW__Stack_Em__12760.webp"
"13100","3","Candy777","ReelX","5","https://pub.imgscache.com/compic/2ebc8a5f-fe1e-41d5-8aa4-42c1e95d7fba.webp","images/ReelX__Candy777__13100.webp"
"12152","vswaysdogs","The Dog House Megaways","PP","5","https://pub.imgscache.com/compic/10420c91-ab5b-43a2-bab0-e7e543ae2b48.webp","images/PP__The_Dog_House_Megaways__12152.webp"
"12635","060","Captain Fishing","YGR","8","https://pub.imgscache.com/compic/c691c5d5-d7aa-4e0c-961e-ce3cb71c02ba.webp","images/YGR__Captain_Fishing__12635.webp"
"12734","201329","Feel The Beat","HACKSAW","5","https://pub.imgscache.com/compic/5fd01781-2367-4c0c-a09e-7ef42c4a5481.webp","images/HACKSAW__Feel_The_Beat__12734.webp"
"12232","128","Legend of Perseus","PG","5","https://pub.imgscache.com/compic/76735d72-fbfa-4f13-8c0f-ae73fa444701.webp","images/PG__Legend_of_Perseus__12232.webp"
"11805","6","Fortune Tree","JILI","5","https://pub.imgscache.com/compic/48ed7890-c498-4fda-90be-0342ef24e7f8.webp","images/JILI__Fortune_Tree__11805.webp"
"12194","22058","Fortune Money Boom","FACHAI","5","https://pub.imgscache.com/compic/0287c07a-275d-4855-9e7d-50f12de13582.webp","images/FACHAI__Fortune_Money_Boom__12194.webp"
"13393","410072","Lucky Farm Bonanza","BGAMING","5","https://pub.imgscache.com/compic/edad84db-c344-4701-844c-d26993104f7b.webp","images/BGAMING__Lucky_Farm_Bonanza__13393.webp"
"13942","pinatasandponies","Pinatas & Ponies","REDTIGER","5","https://pub.imgscache.com/compic/e1013743-651f-4afe-ae23-805f49088011.webp","images/REDTIGER__Pinatas_Ponies__13942.webp"
"13893","PeryaLightnRo001","Perya Lightning Roulette","EVOLUTION","17","https://pub.imgscache.com/compic/45242c36-2c08-4b92-9485-1f523918fcd4.webp","images/EVOLUTION__Perya_Lightning_Roulette__13893.webp"
"12487","ESpeedBJ00000003","Evo Speed Blackjack 3","EVOLUTION","17","https://pub.imgscache.com/compic/7da271ad-0f3f-4c8d-abc1-c3d1bf6efaef.webp","images/EVOLUTION__Evo_Speed_Blackjack_3__12487.webp"
"12251","105","Heist Stakes","PG","5","https://pub.imgscache.com/compic/70ecd003-785b-4ed6-b535-ed569152794f.webp","images/PG__Heist_Stakes__12251.webp"
"13617","436","Baccarat 9","PP","17","https://pub.imgscache.com/compic/3831daff-790b-4c76-9746-bac8b2b65aeb.webp","images/PP__Baccarat_9__13617.webp"
"14131","1881268","Knockout Riches","PG","5","https://pub.imgscache.com/compic/8dbc8733-9bb1-4ab8-93fd-1df9753e5324.webp","images/PG__Knockout_Riches__14131.webp"
"13972","1_109","Aztec Empire","TPG","5","https://pub.imgscache.com/compic/311e5558-0a4c-4b25-af1b-aa12e7236988.webp","images/TPG__Aztec_Empire__13972.webp"
"13793","o735efxfaeasv666","Blackjack VIP 5","EVOLUTION","17","https://pub.imgscache.com/compic/648f3576-4a12-41bc-8c07-509a69c819d5.webp","images/EVOLUTION__Blackjack_VIP_5__13793.webp"
"12692","201212","Magic Piggy","HACKSAW","5","https://pub.imgscache.com/compic/0a2f2c4c-2d17-46e5-bae7-21f910c4dfc2.webp","images/HACKSAW__Magic_Piggy__12692.webp"
"13578","421f","Speed Baccarat 12","PP","17","https://pub.imgscache.com/compic/cb1ce4a1-68c0-4401-88a2-649a2fd47f9a.webp","images/PP__Speed_Baccarat_12__13578.webp"
"12702","201404","SixSixSix","HACKSAW","5","https://pub.imgscache.com/compic/b6c50b34-6091-443c-8f6b-ae6ecf389110.webp","images/HACKSAW__SixSixSix__12702.webp"
"12738","201114","Gladiator Legends","HACKSAW","5","https://pub.imgscache.com/compic/92e841c8-5412-4282-9c6f-04450f5d9aaf.webp","images/HACKSAW__Gladiator_Legends__12738.webp"
"12675","201455","Cloud Princess","HACKSAW","5","https://pub.imgscache.com/compic/3f5f532e-1278-4e9a-bd04-c26f6e20f5e3.webp","images/HACKSAW__Cloud_Princess__12675.webp"
"12481","vs20laughluck","Happy fortune","PP","5","https://pub.imgscache.com/compic/cfd1ce94-66c0-4aa0-8eda-f1e2dc7e5d89.webp","images/PP__Happy_fortune__12481.webp"
"11392","78","Secret Treasure","JILI","5","https://pub.imgscache.com/compic/6b590f05-73ce-4e23-9ca8-f3965d4725a4.webp","images/JILI__Secret_Treasure__11392.webp"
"13916","278","Super Sticky Piggy","BNG","5","https://pub.imgscache.com/compic/1c7c10fe-69a8-4fc4-b20e-b281155a650c.webp","images/BNG__Super_Sticky_Piggy__13916.webp"
"13165","216","Candyland Bingo","JILI","27","https://pub.imgscache.com/compic/4663ac21-9b39-4258-b6d6-33ff9b8606cc.webp","images/JILI__Candyland_Bingo__13165.webp"
"11814","40","Crazy FaFaFa","JILI","5","https://pub.imgscache.com/compic/e521231b-fbda-4aad-9f2a-3adaa12836d2.webp","images/JILI__Crazy_FaFaFa__11814.webp"
"10516","37","Santa's Gift Rush","PG","5","https://pub.imgscache.com/compic/efc4eec9-3b98-4d2b-8732-a028e3504e3e.webp","images/PG__Santa_s_Gift_Rush__10516.webp"
"11734","milkshakexxr94f1","Milkshake XXXtreme","NETENT","5","https://pub.imgscache.com/compic/19589fad-ee2f-4c79-adf2-6d73dd97567b.webp","images/NETENT__Milkshake_XXXtreme__11734.webp"
"13439","7_7010","Dragon of Demons","JDB","3","https://pub.imgscache.com/compic/fa44a2a0-c3ff-41d5-be0a-372c5b93bcbc.webp","images/JDB__Dragon_of_Demons__13439.webp"
"13455","100007","Imperial Legend","OMNIPLAY","5","https://pub.imgscache.com/compic/206684de-3631-4298-8dab-e4785b1a55ce.webp","images/OMNIPLAY__Imperial_Legend__13455.webp"
"13787","bciewncrf5ijneys","Blackjack VIP 52","EVOLUTION","17","https://pub.imgscache.com/compic/94700a14-0aa6-4275-b86c-2fb8922013e9.webp","images/EVOLUTION__Blackjack_VIP_52__13787.webp"
"10552","86","Galactic Gems","PG","5","https://pub.imgscache.com/compic/bd85c044-f7d0-4ac9-b350-1607f1d99d71.webp","images/PG__Galactic_Gems__10552.webp"
"11446","PowerInfiniteBJ1","Power Blackjack","EVOLUTION","17","https://pub.imgscache.com/compic/21a0e807-2ca1-4338-a3bf-740cf861b2ca.webp","images/EVOLUTION__Power_Blackjack__11446.webp"
"12249","108","Buffalo Win","PG","5","https://pub.imgscache.com/compic/c0b02566-3270-491f-b710-6a5b1aac97b8.webp","images/PG__Buffalo_Win__12249.webp"
"13969","1_108","Lucky Toad","TPG","5","https://pub.imgscache.com/compic/19fef662-2127-4a7f-b7c6-b82d18623d64.webp","images/TPG__Lucky_Toad__13969.webp"
"11623","40","Sic Bo","EEZE1","17","https://pub.imgscache.com/compic/fc791d8a-3f3d-45eb-b226-85a3a5654037.webp","images/EEZE1__Sic_Bo__11623.webp"
"14180","vswayscashconv","Running Sushi","PP","5","https://pub.imgscache.com/compic/77ee10a3-5a07-4a22-bad2-df860dd40dff.webp","images/PP__Running_Sushi__14180.webp"
"13933","0_14095","Fortune Jewel","JDB","5","https://pub.imgscache.com/compic/5dd2848d-74d1-482d-9ae4-676302e12366.webp","images/JDB__Fortune_Jewel__13933.webp"
"11969","PSS-ON-00106","Wu Xia","PLAYSTAR","5","https://pub.imgscache.com/compic/885c4833-8e6a-405a-bc47-47012ab44a9d.webp","images/PLAYSTAR__Wu_Xia__11969.webp"
"14125","479","Color Game Extreme","JILI","30","https://pub.imgscache.com/compic/9a62c440-7e2e-4b57-8f1d-96da93596388.webp","images/JILI__Color_Game_Extreme__14125.webp"
"12121","2001","Ocean Phoenix","YB","8","https://pub.imgscache.com/compic/c8b74e13-188f-44d8-afda-8f62dc18fc1e.webp","images/YB__Ocean_Phoenix__12121.webp"
"13575","427b","Speed Baccarat 15","PP","17","https://pub.imgscache.com/compic/3a8a35cd-a925-4918-bbf5-c0e7c9b19311.webp","images/PP__Speed_Baccarat_15__13575.webp"
"14170","526","10 Sparkling Crown","JILI","5","https://pub.imgscache.com/compic/9f71e94c-5c21-476c-97e8-0c625b9f6580.webp","images/JILI__10_Sparkling_Crown__14170.webp"
"13871","rpju2x53mruw4otv","Blackjack VIP 33","EVOLUTION","17","https://pub.imgscache.com/compic/edcf519a-a311-48cf-ac7e-3cbc6e88f128.webp","images/EVOLUTION__Blackjack_VIP_33__13871.webp"
"13911","301","Grab the Gold!","BNG","5","https://pub.imgscache.com/compic/f11266c0-7b6d-4495-aa05-9101d5e8c1fd.webp","images/BNG__Grab_the_Gold__13911.webp"
"11764","SGSojuBomb","Soju Bomb","HBN","5","https://pub.imgscache.com/compic/41de5d48-834c-4361-a952-3fc96e36287e.webp","images/HBN__Soju_Bomb__11764.webp"
"11523","1_75","8 Dragons","TPG","5","https://pub.imgscache.com/compic/6a1cde33-3c24-4e8b-b289-c4581e6f3af4.webp","images/TPG__8_Dragons__11523.webp"
"11779","208","Trial of Phoenix","JILI","5","https://pub.imgscache.com/compic/7420bf90-5ff3-4b41-b3ba-3a42c0626d32.webp","images/JILI__Trial_of_Phoenix__11779.webp"
"12244","115","Supermarket Spree","PG","5","https://pub.imgscache.com/compic/5ba127f4-2f74-432c-ab08-3b572e8b0d3a.webp","images/PG__Supermarket_Spree__12244.webp"
"11709","PSS-ON-00147","Treasures Of Aztec Z","PLAYSTAR","5","https://pub.imgscache.com/compic/8c32b71e-c79c-40a4-8063-c965a263b929.webp","images/PLAYSTAR__Treasures_Of_Aztec_Z__11709.webp"
"11809","46","Dragon Treasure","JILI","5","https://pub.imgscache.com/compic/77875760-d0c6-45aa-a293-88079d6f45a5.webp","images/JILI__Dragon_Treasure__11809.webp"
"14081","080","Frenzy Money","YGR","5","https://pub.imgscache.com/compic/dbd3e4f0-f9ed-46f6-9c39-c3a3fe976c4a.webp","images/YGR__Frenzy_Money__14081.webp"
"13918","288","Egypt Fire Hold and Win","BNG","5","https://pub.imgscache.com/compic/cc893497-aa8a-44eb-951e-97051abc938e.webp","images/BNG__Egypt_Fire_Hold_and_Win__13918.webp"
"11775","226","Witches Night","JILI","5","https://pub.imgscache.com/compic/642d4d44-3874-4aa6-a99d-7433261ce45a.webp","images/JILI__Witches_Night__11775.webp"
"11478","InstantRo0000001","Instant Roulette","EVOLUTION","17","https://pub.imgscache.com/compic/e78aa59d-2fdf-4331-a35d-d68193a2c74f.webp","images/EVOLUTION__Instant_Roulette__11478.webp"
"11595","22031","War Of The Universe","FACHAI","5","https://pub.imgscache.com/compic/8cbd2dc2-e443-46bf-a4c2-9e962a5ac3cb.webp","images/FACHAI__War_Of_The_Universe__11595.webp"
"11680","0_14063","BigThreeDragons","JDB","5","https://pub.imgscache.com/compic/9f530ebd-0852-468e-8c1c-ec060e71c985.webp","images/JDB__BigThreeDragons__11680.webp"
"13631","tpc4727ijhddd7p2","PD Classic Blackjack 1","EVOLUTION","17","https://pub.imgscache.com/compic/3a2f816e-d5ed-407b-b29a-74672a8a8199.webp","images/EVOLUTION__PD_Classic_Blackjack_1__13631.webp"
"11413","113","Poker King","JILI","3","https://pub.imgscache.com/compic/074a63db-c62d-480f-a361-371b44b8e743.webp","images/JILI__Poker_King__11413.webp"
"12700","201208","Rotten","HACKSAW","5","https://pub.imgscache.com/compic/0c329710-e809-4a98-ad94-7453643efdf9.webp","images/HACKSAW__Rotten__12700.webp"
"12708","201171","Undead Fortune","HACKSAW","5","https://pub.imgscache.com/compic/64b59ea5-2977-4078-84d0-ebdcdd232a45.webp","images/HACKSAW__Undead_Fortune__12708.webp"
"13598","477","Korean Speed Baccarat 6","PP","17","https://pub.imgscache.com/compic/96f87a9c-0fc0-431c-86b7-006442ea6b96.webp","images/PP__Korean_Speed_Baccarat_6__13598.webp"
"10530","59","Ninja vs Samurai","PG","5","https://pub.imgscache.com/compic/252cbd91-1401-47bd-bbbb-6e310e35b1be.webp","images/PG__Ninja_vs_Samurai__10530.webp"
"13884","fireballrou00001","Fireball Roulette","EVOLUTION","17","https://pub.imgscache.com/compic/00becc89-84e4-4154-8bbb-f3bfa278e886.webp","images/EVOLUTION__Fireball_Roulette__13884.webp"
"12640","070","Make a Killing Fishing","YGR","8","https://pub.imgscache.com/compic/0b63ad39-d77d-4627-8d93-18433757fb54.webp","images/YGR__Make_a_Killing_Fishing__12640.webp"
"12913","22065","Boxing Riches","FACHAI","5","https://pub.imgscache.com/compic/d0b64959-8707-408b-b10b-212437b985f8.webp","images/FACHAI__Boxing_Riches__12913.webp"
"13094","spacetreasure","Space Treasure","GameZone","5","https://pub.imgscache.com/compic/b7bb83f6-8b34-4cce-b9b7-804138d65e53.webp","images/GameZone__Space_Treasure__13094.webp"
"11863","238","Bangla Beauty","JILI","5","https://pub.imgscache.com/compic/01409cd2-f0d7-48dc-b4e3-9fdd9f2552ef.webp","images/JILI__Bangla_Beauty__11863.webp"
"13775","psm2um7k4da8zwc2","Blackjack VIP 40","EVOLUTION","17","https://pub.imgscache.com/compic/9cccc0da-d95b-49e7-afc6-0b897b17cc0c.webp","images/EVOLUTION__Blackjack_VIP_40__13775.webp"
"12570","wildbuffalo","Wild Buffalo","GameZone","5","https://pub.imgscache.com/compic/30485bc1-9853-4ed9-aa0d-8ca68608abc4.webp","images/GameZone__Wild_Buffalo__12570.webp"
"12729","201138","Dork Unit","HACKSAW","5","https://pub.imgscache.com/compic/9cab908a-26b3-4243-abe8-7f178c0a75d1.webp","images/HACKSAW__Dork_Unit__12729.webp"
"13984","PSS-ON-00137","Feature Buy・Super Powerful","PLAYSTAR","5","https://pub.imgscache.com/compic/3df7c696-20bb-46cf-be84-ca8680fa9572.webp","images/PLAYSTAR__Feature_Buy_Super_Powerful__13984.webp"
"13215","gpas_pandabz_pop","Panda Blitz","PT","5","https://pub.imgscache.com/compic/74ef7558-a337-4a4c-9b65-200d6f2c8595.webp","images/PT__Panda_Blitz__13215.webp"
"14153","Color_Game","Color Game","KM","8","https://pub.imgscache.com/compic/7dd338e6-8c10-4468-929c-c1d0724d453f.webp","images/KM__Color_Game__14153.webp"
"11390","145","Neko Fortune","JILI","5","https://pub.imgscache.com/compic/3e49848a-37f8-4416-9787-5af392dcbb22.webp","images/JILI__Neko_Fortune__11390.webp"
"13758","7nyiaws9tgqrzaz3","Football Studio Roulette","EVOLUTION","17","https://pub.imgscache.com/compic/b87d010b-2bff-438f-adb3-52c4918fefa7.webp","images/EVOLUTION__Football_Studio_Roulette__13758.webp"
"11712","PSS-ON-00025","777","PLAYSTAR","5","https://pub.imgscache.com/compic/a0eb8718-68b6-4cff-a639-2bc1831ebb27.webp","images/PLAYSTAR__777__11712.webp"
"11647","bountyraid000000","Bounty Raid","REDTIGER","5","https://pub.imgscache.com/compic/df5e7065-8ff4-4152-90fa-cca9b7626571.webp","images/REDTIGER__Bounty_Raid__11647.webp"
"13470","106001","Super Chess","OMNIPLAY","5","https://pub.imgscache.com/compic/c0f75a01-6fcd-45cd-a0e8-b23a46b5024e.webp","images/OMNIPLAY__Super_Chess__13470.webp"
"11728","tower","Tower","GameZone","3","https://pub.imgscache.com/compic/9f6e7b35-2b12-4a52-8585-a29045935b62.webp","images/GameZone__Tower__11728.webp"
"12672","201347","Bouncy Bombs","HACKSAW","5","https://pub.imgscache.com/compic/dec95ca1-eff8-4ce4-a2a3-e75de40352d6.webp","images/HACKSAW__Bouncy_Bombs__12672.webp"
"13105","minesmagic","Mines Magic","GameZone","3","https://pub.imgscache.com/compic/14cbe101-effd-4633-8ca2-948d14b92d07.webp","images/GameZone__Mines_Magic__13105.webp"
"12146","vs5aztecgems","Aztec Gems","PP","5","https://pub.imgscache.com/compic/7bbde79e-c0e7-4c94-b5d1-159f7b64f368.webp","images/PP__Aztec_Gems__12146.webp"
"12430","vs20bigdawgs","The Big Dawgs","PP","5","https://pub.imgscache.com/compic/ab05b647-56b2-4f4a-9d60-0bbeb5a2687f.webp","images/PP__The_Big_Dawgs__12430.webp"
"13181","598","Lucky Macaw","JILI","5","https://pub.imgscache.com/compic/d36ad54e-b0df-40ca-adca-f12ada567377.webp","images/JILI__Lucky_Macaw__13181.webp"
"11754","SGLuckyDurian","Lucky Durian","HBN","5","https://pub.imgscache.com/compic/9c8c4314-f4ff-41d7-b1f9-1668a6daedc1.webp","images/HBN__Lucky_Durian__11754.webp"
"12751","201240","Mighty Masks","HACKSAW","5","https://pub.imgscache.com/compic/464397ec-1fa4-4d16-a7fd-39127d104d12.webp","images/HACKSAW__Mighty_Masks__12751.webp"
"11967","PSS-ON-00108","Rat Of Wealth","PLAYSTAR","5","https://pub.imgscache.com/compic/a48fafe1-045a-47e8-9099-1022599c01cd.webp","images/PLAYSTAR__Rat_Of_Wealth__11967.webp"
"13982","1_126","Rise Of Hellfire","TPG","5","https://pub.imgscache.com/compic/76a54169-e963-48a9-802c-f850b97b5fbd.webp","images/TPG__Rise_Of_Hellfire__13982.webp"
"14062","fireintheole2dx1","Fire In The Hole 2","NLC","5","https://pub.imgscache.com/compic/6fe8ede9-4fcb-459e-a7de-2b25a97272a7.webp","images/NLC__Fire_In_The_Hole_2__14062.webp"
"12959","092","Greek Mythology","YGR","5","https://pub.imgscache.com/compic/31a763e9-82a7-43e3-8fa9-0c3035513b69.webp","images/YGR__Greek_Mythology__12959.webp"
"12115","1038","Super Egypt","YB","5","https://pub.imgscache.com/compic/f924b346-6320-4ccd-b47a-1b2ceb2d0b47.webp","images/YB__Super_Egypt__12115.webp"
"14158","372","3 Pot Dragons","JILI","5","https://pub.imgscache.com/compic/831861a5-bdf1-43ba-81b7-73a81708402d.webp","images/JILI__3_Pot_Dragons__14158.webp"
"12657","GO02","Hero Fishing","CQ9","8","https://pub.imgscache.com/compic/82508395-3958-4e50-b567-e54e05b50f73.webp","images/CQ9__Hero_Fishing__12657.webp"
"14133","42","Ganesha Gold","PG","5","https://pub.imgscache.com/compic/ec71a473-b752-493e-acbd-0c51060906ab.webp","images/PG__Ganesha_Gold__14133.webp"
"13214","gpas_oink_pop","Oink Oink Oink","PT","5","https://pub.imgscache.com/compic/31a6df94-5ea6-4507-96a8-c151d4debf98.webp","images/PT__Oink_Oink_Oink__13214.webp"
"13638","mdkqijp3dctrhnuv","Salon Privé Roulette","EVOLUTION","17","https://pub.imgscache.com/compic/2978d5eb-0fa1-417d-a337-39bd7dbf8644.webp","images/EVOLUTION__Salon_Priv_Roulette__13638.webp"
"12922","9_9013","Galaxy Burst","JDB","3","https://pub.imgscache.com/compic/d3f9d75e-02fb-489e-883e-856a430d93a1.webp","images/JDB__Galaxy_Burst__12922.webp"
"11574","7_7007","Fishing Disco","JDB","8","https://pub.imgscache.com/compic/d8751894-2670-45a6-8a9d-572bea9ce855.webp","images/JDB__Fishing_Disco__11574.webp"
"14139","1929177","Kraken Gold Rush","PG","5","https://pub.imgscache.com/compic/eed38d03-7860-43c1-b26f-bc936084e51d.webp","images/PG__Kraken_Gold_Rush__14139.webp"
"13103","448","Rapid Gems 777","JILI","5","https://pub.imgscache.com/compic/df0f10c6-966a-464b-a41e-c9e8a6d56d63.webp","images/JILI__Rapid_Gems_777__13103.webp"
"13997","128","Wheel Money","CQ9","5","https://pub.imgscache.com/compic/90a5dd00-cb6f-49fe-86dc-cdc0ac25f135.webp","images/CQ9__Wheel_Money__13997.webp"
"13912","441","Hawaii Riches","BNG","5","https://pub.imgscache.com/compic/3afe48db-618c-463a-b366-698ed9989ed4.webp","images/BNG__Hawaii_Riches__13912.webp"
"10828","4squad0000000000","4Squad","REDTIGER","5","https://pub.imgscache.com/compic/49f5f629-858f-4004-ba8f-48be487ba89a.webp","images/REDTIGER__4Squad__10828.webp"
"14038","slot002","Sugar Frenzy","Spin Master","5","https://pub.imgscache.com/compic/c38f0812-6acf-4ad1-b3a2-a532401783de.webp","images/Spin_Master__Sugar_Frenzy__14038.webp"
"11778","106","TWIN WINS","JILI","5","https://pub.imgscache.com/compic/78f98239-6be4-46e5-a689-d81a1620a124.webp","images/JILI__TWIN_WINS__11778.webp"
"11707","bloodsuckersj0r3","Blood Suckers","NETENT","5","https://pub.imgscache.com/compic/4e231bd5-ad38-42ce-af28-e1d5ebd762d9.webp","images/NETENT__Blood_Suckers__11707.webp"
"11763","SGTukTukThailand","Tuk Tuk Thailand","HBN","5","https://pub.imgscache.com/compic/e0798176-6996-4f3c-ab32-4010da621add.webp","images/HBN__Tuk_Tuk_Thailand__11763.webp"
"11804","4","God Of Martial","JILI","5","https://pub.imgscache.com/compic/ed49bb5c-37e1-4741-9bf5-46f4d344ce0d.webp","images/JILI__God_Of_Martial__11804.webp"
"13583","1601","Snakes & Ladders Live","PP","17","https://pub.imgscache.com/compic/54ba1374-f181-4871-b408-baa3c0fc088a.webp","images/PP__Snakes_Ladders_Live__13583.webp"
"10677","TGThreeCardPoker","Three Card Poker","HBN","3","https://pub.imgscache.com/compic/f0017f9f-69b4-4e68-a927-131cec257b1f.webp","images/HBN__Three_Card_Poker__10677.webp"
"11351","LightningSbj0001","Lightning Blackjack","EVOLUTION","17","https://pub.imgscache.com/compic/1d4b776c-c0fb-455b-8495-2f14f85da0a4.webp","images/EVOLUTION__Lightning_Blackjack__11351.webp"
"13779","m6mfsirtb7eafn5c","Blackjack VIP 44","EVOLUTION","17","https://pub.imgscache.com/compic/d50ac4a1-7383-4c3d-a361-a1461a5c066d.webp","images/EVOLUTION__Blackjack_VIP_44__13779.webp"
"12855","377","Safari Mystery","JILI","5","https://pub.imgscache.com/compic/2bc83088-0b04-4ae1-8819-280658b63c6e.webp","images/JILI__Safari_Mystery__12855.webp"
"14008","158","Black Wukong","CQ9","5","https://pub.imgscache.com/compic/87c33075-2b41-4432-8857-777d09afda62.webp","images/CQ9__Black_Wukong__14008.webp"
"13050","dtl;dtl_dragontiger","Dragon Tiger","PT","17","https://pub.imgscache.com/compic/c22631cd-6449-4c6c-8bf0-96a203fec0b6.webp","images/PT__Dragon_Tiger__13050.webp"
"13857","SpeedBlackjack04","Speed VIP Blackjack D","EVOLUTION","17","https://pub.imgscache.com/compic/a97a47f1-7bf1-457b-aa6b-df1bdf6d59a5.webp","images/EVOLUTION__Speed_VIP_Blackjack_D__13857.webp"
"13576","405","Speed Baccarat 14","PP","17","https://pub.imgscache.com/compic/0db701e2-3d22-4e2a-9d36-e5eeb9ae95e5.webp","images/PP__Speed_Baccarat_14__13576.webp"
"10539","69","Bikini Paradise","PG","5","https://pub.imgscache.com/compic/da280e0e-0f4a-4aa9-8683-8956b6c313e0.webp","images/PG__Bikini_Paradise__10539.webp"
"14160","204","Color Prediction","JILI","8","https://pub.imgscache.com/compic/c0fdcb08-60b5-4df8-87e3-d2e2d4672846.webp","images/JILI__Color_Prediction__14160.webp"
"13797","pdk5xfrkjkgepmlq","Blackjack VIP 9","EVOLUTION","17","https://pub.imgscache.com/compic/46f099a1-e75f-468b-a20d-fce5a51d577b.webp","images/EVOLUTION__Blackjack_VIP_9__13797.webp"
"14181","vs1masterjoker","Master Joker","PP","5","https://pub.imgscache.com/compic/4acfc276-060c-47bf-91b1-98c7df3ed902.webp","images/PP__Master_Joker__14181.webp"
"14172","626","Golden Treasure Lightning","JILI","8","https://pub.imgscache.com/compic/d56a3eff-16b0-4f78-945b-167a6c187766.webp","images/JILI__Golden_Treasure_Lightning__14172.webp"
"14048","zhumeng003","Ibong Adarna","Spin Master","5","https://pub.imgscache.com/compic/62dd2c43-5b1b-480c-b3a3-d019559daf6d.webp","images/Spin_Master__Ibong_Adarna__14048.webp"
"11968","PSS-ON-00107","Super Boom","PLAYSTAR","5","https://pub.imgscache.com/compic/2def1a98-192f-4b7c-8a92-3d277192c449.webp","images/PLAYSTAR__Super_Boom__11968.webp"
"12239","121","Destiny of Sun & Moon","PG","5","https://pub.imgscache.com/compic/7413df18-b956-4539-9c25-912591b29058.webp","images/PG__Destiny_of_Sun_Moon__12239.webp"
"14184","vs20bchprty","Wild Beach Party","PP","5","https://pub.imgscache.com/compic/d8e1987d-2189-4817-94b7-d3bb25dbf6e7.webp","images/PP__Wild_Beach_Party__14184.webp"
"13482","547","3 Coin Golden Ox","JILI","5","https://pub.imgscache.com/compic/2269cca7-e2bd-45e8-8e5e-704aee1b9c31.webp","images/JILI__3_Coin_Golden_Ox__13482.webp"
"13883","easybj0000000001","Easy Blackjack","EVOLUTION","17","https://pub.imgscache.com/compic/9a07e81c-4b5d-4b9d-b8e8-d6af21a519fe.webp","images/EVOLUTION__Easy_Blackjack__13883.webp"
"10923","piggyrichesmegaw","Piggy Riches Megaways","REDTIGER","5","https://pub.imgscache.com/compic/bd6a5dd6-c970-4380-968e-94705cee2201.webp","images/REDTIGER__Piggy_Riches_Megaways__10923.webp"
"12101","1012","Fa Fa Dragon","YB","5","https://pub.imgscache.com/compic/2d46af06-9c37-44e1-b636-95484795cdaf.webp","images/YB__Fa_Fa_Dragon__12101.webp"
"13565","205","Speed Roulette 2","PP","17","https://pub.imgscache.com/compic/9211e32d-398e-4b34-9417-1e0815bcfec2.webp","images/PP__Speed_Roulette_2__13565.webp"
"14069","xwayshoarder2dx1","Xways Hoarder 2","NLC","5","https://pub.imgscache.com/compic/22b5b5e4-76c2-47ef-96c7-613858f9dd7c.webp","images/NLC__Xways_Hoarder_2__14069.webp"
"12077","37237","Turbo Mines","galaxsys","3","https://pub.imgscache.com/compic/7de42d94-8e8f-405c-b944-97e7d7344ad5.webp","images/galaxsys__Turbo_Mines__12077.webp"
"12414","vswaysrockblst","Rocket Blast Megaways","PP","5","https://pub.imgscache.com/compic/26b68074-7faa-450c-a460-4fda2713d8f0.webp","images/PP__Rocket_Blast_Megaways__12414.webp"
"13765","9f4xhuhdd005xlbl","Blackjack Silver B","EVOLUTION","17","https://pub.imgscache.com/compic/2f0801e4-c44c-467c-b52c-4561a3cc78ea.webp","images/EVOLUTION__Blackjack_Silver_B__13765.webp"
"12887","028","Fortune Lucky 7","YGR","5","https://pub.imgscache.com/compic/08eaafb1-51aa-4c4b-8b09-ac35687e87f9.webp","images/YGR__Fortune_Lucky_7__12887.webp"
"11615","27003","Fa Chai Dozer","FACHAI","5","https://pub.imgscache.com/compic/42e0ed09-8567-4497-836a-3e2ad142600c.webp","images/FACHAI__Fa_Chai_Dozer__11615.webp"
"13223","236","Wheel","JILI","3","https://pub.imgscache.com/compic/e03dc111-8d09-49bf-b115-2e9ab79c6e46.webp","images/JILI__Wheel__13223.webp"
"12550","469","Crash Cricket","JILI","3","https://pub.imgscache.com/compic/c155804c-36db-495b-9a70-6748ac69a571.webp","images/JILI__Crash_Cricket__12550.webp"
"12412","vs4096magician","Magician's Secrets","PP","5","https://pub.imgscache.com/compic/9517f531-23a5-44b3-9d3b-56a9e1fd80a3.webp","images/PP__Magician_s_Secrets__12412.webp"
"11588","22023","Da Le Men","FACHAI","5","https://pub.imgscache.com/compic/226644bc-a126-4079-846d-37e456a28af5.webp","images/FACHAI__Da_Le_Men__11588.webp"
"13805","ps3t7j4ykfe2fhdw","Blackjack VIP 17","EVOLUTION","17","https://pub.imgscache.com/compic/79fce305-fef1-4dc6-8151-4f87a936859b.webp","images/EVOLUTION__Blackjack_VIP_17__13805.webp"
"12695","201130","Outlaws Inc.","HACKSAW","5","https://pub.imgscache.com/compic/10a9da0a-79b5-4ab1-b8d5-bb12ca5794c9.webp","images/HACKSAW__Outlaws_Inc.__12695.webp"
"13577","438f","Speed Baccarat 13","PP","17","https://pub.imgscache.com/compic/9ed905cf-53ee-4642-9cf9-7cac69bc4fb8.webp","images/PP__Speed_Baccarat_13__13577.webp"
"12960","090","Maya Golden City5","YGR","5","https://pub.imgscache.com/compic/41af1831-6ebe-4624-a430-c18126f2745a.webp","images/YGR__Maya_Golden_City5__12960.webp"
"13072","6","Endless Fortune","ReelX","5","https://pub.imgscache.com/compic/1d0d4ddb-48e3-43c0-978c-8066c416e0ee.webp","images/ReelX__Endless_Fortune__13072.webp"
"11692","0_8047","Winning Mask II","JDB","5","https://pub.imgscache.com/compic/0914d406-8d53-4d91-aba3-3f45a3a0afd2.webp","images/JDB__Winning_Mask_II__11692.webp"
"13468","105004","Jin Shi Na Fu","OMNIPLAY","5","https://pub.imgscache.com/compic/b5e61a6a-220f-43ac-837b-ca0a8f36cfd5.webp","images/OMNIPLAY__Jin_Shi_Na_Fu__13468.webp"
"12810","beheadeddx100000","Beheaded","NLC","5","https://pub.imgscache.com/compic/6b2375b6-20b8-4b37-8845-7986c2ef6b16.webp","images/NLC__Beheaded__12810.webp"
"14061","mental2dx1000000","Mental II","NLC","5","https://pub.imgscache.com/compic/de3fd0d7-c2cd-4c1b-a159-2346f968c63e.webp","images/NLC__Mental_II__14061.webp"
"11618","28001","Lucky 9","FACHAI","3","https://pub.imgscache.com/compic/fb6b788a-94a6-4460-bed6-5c3792872c87.webp","images/FACHAI__Lucky_9__11618.webp"
"13434","6007","Zuma's Treasure","Spin Master","5","https://pub.imgscache.com/compic/9e05b3b5-5309-458d-8d62-7c85276c93e4.webp","images/Spin_Master__Zuma_s_Treasure__13434.webp"
"11573","7_7006","Dragon Master","JDB","8","https://pub.imgscache.com/compic/a7d3fe94-7a9d-484b-91af-e2252269511d.webp","images/JDB__Dragon_Master__11573.webp"
"14066","kennethmutdiedx1","Kenneth Must Die","NLC","5","https://pub.imgscache.com/compic/a2821897-1d6f-42cd-a124-90c00e8fd5a9.webp","images/NLC__Kenneth_Must_Die__14066.webp"
"12449","vs20pbonanza","Pyramid Bonanza","PP","5","https://pub.imgscache.com/compic/d7f0b2ba-e11c-41b2-9ff3-c987a83889ea.webp","images/PP__Pyramid_Bonanza__12449.webp"
"14167","604","Drop Ball","JILI","30","https://pub.imgscache.com/compic/3c12f65e-ff40-4b04-9ace-996d6f8b2fc2.webp","images/JILI__Drop_Ball__14167.webp"
"14023","GO05","Onestick Fishing","CQ9","8","https://pub.imgscache.com/compic/34458fc4-a0b1-4505-9c43-33f8a9d933e3.webp","images/CQ9__Onestick_Fishing__14023.webp"
"11904","PSS-ON-00154","Super Lucky","PLAYSTAR","5","https://pub.imgscache.com/compic/81a0b04f-90aa-4895-bbd4-d6517aef3f1d.webp","images/PLAYSTAR__Super_Lucky__11904.webp"
"13687","GoldenDragon","Golden Dragon","KA GAMING","8","https://pub.imgscache.com/compic/6d6cf019-a56a-443d-9a5c-d5a1106af20d.webp","images/KA_GAMING__Golden_Dragon__13687.webp"
"11810","193","Devil Fire","JILI","5","https://pub.imgscache.com/compic/66d17a7c-8346-4c30-a40c-0f9ed912483f.webp","images/JILI__Devil_Fire__11810.webp"
"13084","goldminer","Gold Miner","GameZone","5","https://pub.imgscache.com/compic/212e9d7e-fc39-424d-bed0-1061dd2e3ab5.webp","images/GameZone__Gold_Miner__13084.webp"
"13198","gpas_goldhit3_pop","Gold Hit: Dragon Bonanza","PT","5","https://pub.imgscache.com/compic/70d2c9fe-bf8c-4d65-9620-5b492ed27d7d.webp","images/PT__Gold_Hit_Dragon_Bonanza__13198.webp"
"12498","SalPrivBac000014","Salon Privé Baccarat N","EVOLUTION","17","https://pub.imgscache.com/compic/2b410bc8-1b92-4b8f-9453-527a756628d8.webp","images/EVOLUTION__Salon_Priv_Baccarat_N__12498.webp"
"11690","18_172","Enchanted Garden II","RTG","5","https://pub.imgscache.com/compic/f5393776-d8f8-41b8-916e-f80474cf960f.webp","images/RTG__Enchanted_Garden_II__11690.webp"
"13099","2","Slot777","ReelX","5","https://pub.imgscache.com/compic/9767108b-2c1d-4be8-aa5f-7b2c8f22d725.webp","images/ReelX__Slot777__13099.webp"
"13867","q6wo6fjprnlhuf36","Blackjack VIP 28","EVOLUTION","17","https://pub.imgscache.com/compic/2c620403-7fec-4351-83b1-4ea64b0449ce.webp","images/EVOLUTION__Blackjack_VIP_28__13867.webp"
"14045","zhumeng007","Kapre","Spin Master","5","https://pub.imgscache.com/compic/020d525d-469d-4e28-84c1-7c4316724208.webp","images/Spin_Master__Kapre__14045.webp"
"12099","1010","Magic Lamp","YB","5","https://pub.imgscache.com/compic/dcf62803-46a1-4f97-b055-1b847dbb2ddc.webp","images/YB__Magic_Lamp__12099.webp"
"13934","7_7009","Spirit Tide Legend","JDB","8","https://pub.imgscache.com/compic/ac626fac-8f47-410c-abd3-2fea1f76720c.webp","images/JDB__Spirit_Tide_Legend__13934.webp"
"13436","slot013","Mayon's Blessing","Spin Master","5","https://pub.imgscache.com/compic/3a38bfbe-485c-443c-a082-8404deb29c6f.webp","images/Spin_Master__Mayon_s_Blessing__13436.webp"
"13992","S5G-H5-99943","Mega Ace","5G","5","https://pub.imgscache.com/compic/1b45ca0a-a1f2-4c1a-b412-019ba564975b.webp","images/5G__Mega_Ace__13992.webp"
"12546","262","Speed Baccarat","JILI","3","https://pub.imgscache.com/compic/53cd476f-63bd-4ff5-ba04-c98fc98e91c8.webp","images/JILI__Speed_Baccarat__12546.webp"
"10551","97","Jack Frost's Winter","PG","5","https://pub.imgscache.com/compic/b9a55f7c-dcce-443e-a3cf-b2db3fcdd4ff.webp","images/PG__Jack_Frost_s_Winter__10551.webp"
"14047","zhumeng001","Maria Makiling","Spin Master","5","https://pub.imgscache.com/compic/d37526ba-afaf-4ea3-966d-064a47d439bb.webp","images/Spin_Master__Maria_Makiling__14047.webp"
"12225","1368367","Alchemy Gold","PG","5","https://pub.imgscache.com/compic/752e22a9-49da-44dd-972c-5510dde204d7.webp","images/PG__Alchemy_Gold__12225.webp"
"14050","6003","Super Color","Spin Master","5","https://pub.imgscache.com/compic/4e1e782c-e42b-4156-a1ae-0d7ad42f7f29.webp","images/Spin_Master__Super_Color__14050.webp"
"11966","PSS-ON-00110","Master Haha","PLAYSTAR","5","https://pub.imgscache.com/compic/9ef8cb4f-cd72-48c2-b939-eb783e3dc8a1.webp","images/PLAYSTAR__Master_Haha__11966.webp"
"12768","201174","Book of Time","HACKSAW","5","https://pub.imgscache.com/compic/da632455-c8bc-4a30-bf86-88c4054fe645.webp","images/HACKSAW__Book_of_Time__12768.webp"
"12415","vs40infwild","Infective Wild","PP","5","https://pub.imgscache.com/compic/d281e740-5099-45b2-ad30-22dc0a90f930.webp","images/PP__Infective_Wild__12415.webp"
"10510","28","Hotpot","PG","5","https://pub.imgscache.com/compic/cdf43697-1a94-4976-8f32-1a4568c93a67.webp","images/PG__Hotpot__10510.webp"
"12727","201280","Densho","HACKSAW","5","https://pub.imgscache.com/compic/97e3553c-2c19-429d-a9c2-923323dabce2.webp","images/HACKSAW__Densho__12727.webp"
"11621","12","Multi Baccarat","EEZE1","17","https://pub.imgscache.com/compic/23f8e2b3-a022-44e0-9fe8-6dae1235fc90.webp","images/EEZE1__Multi_Baccarat__11621.webp"
"10765","0_8003","Winning Mask","JDB","5","https://pub.imgscache.com/compic/75296aa4-1555-4f22-b6fa-84ef8ffff8d9.webp","images/JDB__Winning_Mask__10765.webp"
"12918","1040","Lucky Meow","YB","5","https://pub.imgscache.com/compic/2532effd-0533-4605-af8f-49b32ecc95be.webp","images/YB__Lucky_Meow__12918.webp"
"11907","bloodandsadowdx1","Blood & Shadow","NLC","5","https://pub.imgscache.com/compic/e6c4626a-43b8-4f1f-b8c6-d11bca0f7b1a.webp","images/NLC__Blood_Shadow__11907.webp"
"11414","111","Number King","JILI","3","https://pub.imgscache.com/compic/4a63f165-bd9e-47a2-a68e-0d6c9b454993.webp","images/JILI__Number_King__11414.webp"
"11752","SGProst","Prost!","HBN","5","https://pub.imgscache.com/compic/9a7ec78a-e15c-40ad-bc4c-6e95b3c1cbc7.webp","images/HBN__Prost__11752.webp"
"13342","410079","Aztec Magic Bonanza","BGAMING","5","https://pub.imgscache.com/compic/57199076-c857-4d75-9854-43f035b8eb43.webp","images/BGAMING__Aztec_Magic_Bonanza__13342.webp"
"13635","PeryaRo000000001","Perya Roulette","EVOLUTION","17","https://pub.imgscache.com/compic/aadc8cad-858c-45ea-b3a6-a881eda09b80.webp","images/EVOLUTION__Perya_Roulette__13635.webp"
"13627","toxa8f2w0jdddr9c","Perya Classic Blackjack9","EVOLUTION","17","https://pub.imgscache.com/compic/04a90397-be27-4cb9-9bfa-83ca87e4f842.webp","images/EVOLUTION__Perya_Classic_Blackjack9__13627.webp"
"10519","41","Symbols of Egypt","PG","5","https://pub.imgscache.com/compic/9c1893cc-8427-44b1-9114-d993c9a41380.webp","images/PG__Symbols_of_Egypt__10519.webp"
"14163","220","Blackjack Lucky Ladies","JILI","17","https://pub.imgscache.com/compic/ecb7c97d-ba6e-4734-af3e-819484837f2c.webp","images/JILI__Blackjack_Lucky_Ladies__14163.webp"
"13014","ccrol;ccrol_cashcollect","Cash Collect Roulette Live","PT","17","https://pub.imgscache.com/compic/4dab7d7f-d80b-4655-bca6-b5eabe2afd38.webp","images/PT__Cash_Collect_Roulette_Live__13014.webp"
"12655","76","WonWonWon","CQ9","5","https://pub.imgscache.com/compic/5b49f4c9-82de-4a22-946d-83e3a00af4a6.webp","images/CQ9__WonWonWon__12655.webp"
"13457","100009","Fortune Panda","OMNIPLAY","5","https://pub.imgscache.com/compic/db126718-3702-4043-9b9e-15c574b06e22.webp","images/OMNIPLAY__Fortune_Panda__13457.webp"
"14064","homeoftheravedx1","Home Of The Brave","NLC","5","https://pub.imgscache.com/compic/20996897-8bd0-4ef9-82dc-f03a799a5e1c.webp","images/NLC__Home_Of_The_Brave__14064.webp"
"11586","22021","Pong Pong Hu","FACHAI","5","https://pub.imgscache.com/compic/0eeb9963-ee6a-4cb1-9601-a97190bfca8f.webp","images/FACHAI__Pong_Pong_Hu__11586.webp"
"11061","AB3","Paradise","CQ9","8","https://pub.imgscache.com/compic/95f746cf-83b0-4d4d-bed6-212681a01bdf.webp","images/CQ9__Paradise__11061.webp"
"12663","GB13","Football Fever M","CQ9","5","https://pub.imgscache.com/compic/cc538453-14ec-44bf-beb4-87c62be207bc.webp","images/CQ9__Football_Fever_M__12663.webp"
"11431","doasaloon0000001","Dead or Alive: Saloon","EVOLUTION","17","https://pub.imgscache.com/compic/3d64b65e-1276-4803-92ac-25a071509684.webp","images/EVOLUTION__Dead_or_Alive_Saloon__11431.webp"
"11993","bountyhuntersdx1","Bounty Hunters xNudge","NLC","5","https://pub.imgscache.com/compic/f5f512f2-a4ed-4377-b952-6c06d8a0c85e.webp","images/NLC__Bounty_Hunters_xNudge__11993.webp"
"10768","0_8006","FormosaBear","JDB","5","https://pub.imgscache.com/compic/c8078305-2613-43f0-8a0b-efabdaa877b0.webp","images/JDB__FormosaBear__10768.webp"
"11012","113","Flying Cai Shen","CQ9","5","https://pub.imgscache.com/compic/70f5fd28-7462-418d-a114-af80b045d5c6.webp","images/CQ9__Flying_Cai_Shen__11012.webp"
"14174","690","Chicken Dash","JILI","8","https://pub.imgscache.com/compic/854563ad-e036-4c38-ac03-c0b5cc3b6cd2.webp","images/JILI__Chicken_Dash__14174.webp"
"12898","062","Maya Golden City","YGR","5","https://pub.imgscache.com/compic/49aa40f4-26d1-4f83-884e-ee6d76e31264.webp","images/YGR__Maya_Golden_City__12898.webp"
"12641","012","Pirates Fishing","YGR","8","https://pub.imgscache.com/compic/bebf58c0-26a7-4cdd-8d3a-ebccc7b6d70f.webp","images/YGR__Pirates_Fishing__12641.webp"
"11922","folsomprisondx10","Folsom Prison","NLC","5","https://pub.imgscache.com/compic/b67ed566-8bed-4284-a5b4-2bac0bd1198c.webp","images/NLC__Folsom_Prison__11922.webp"
"13605","213","Korean Roulette","PP","17","https://pub.imgscache.com/compic/6b20dfc4-f099-403b-9bd8-684a7c4f5b85.webp","images/PP__Korean_Roulette__13605.webp"
"10499","6","Medusa II","PG","5","https://pub.imgscache.com/compic/438be040-7ea8-46e8-87cc-a1596b849b86.webp","images/PG__Medusa_II__10499.webp"
"11429","CSPTable00000001","Caribbean Stud Poker","EVOLUTION","17","https://pub.imgscache.com/compic/7e490107-d123-4797-b54b-d510bbb4b9aa.webp","images/EVOLUTION__Caribbean_Stud_Poker__11429.webp"
"12147","vs20doghouse","The Dog House","PP","5","https://pub.imgscache.com/compic/e72efdb6-5306-4c7b-9332-798f69048536.webp","images/PP__The_Dog_House__12147.webp"
"13946","caishen168000000","Cai Shen 168","REDTIGER","5","https://pub.imgscache.com/compic/c57a2a96-503e-400d-b042-8b45b53acbae.webp","images/REDTIGER__Cai_Shen_168__13946.webp"
"12787","KYS-H5-99983","King’S Realm","5G","5","https://pub.imgscache.com/compic/2f7b5469-f788-4a37-b1e2-8556d9811b25.webp","images/5G__King_S_Realm__12787.webp"
"14191","vs10jnmntzma","Jane Hunter and the Mask of Montezuma","PP","5","https://pub.imgscache.com/compic/ba478196-2635-4f1e-962c-5e1c0d67a3c7.webp","images/PP__Jane_Hunter_and_the_Mask_of_Montezuma__14191.webp"
"13784","oa7fvyaiqfueq5ob","Blackjack VIP 49","EVOLUTION","17","https://pub.imgscache.com/compic/13520286-4ac6-4466-9e84-d9cf3ad6a44d.webp","images/EVOLUTION__Blackjack_VIP_49__13784.webp"
"11030","160","Fa Cai Shen2","CQ9","5","https://pub.imgscache.com/compic/0feae1e1-70cb-412a-809d-96aca7c73abf.webp","images/CQ9__Fa_Cai_Shen2__11030.webp"
"11739","bustersboesr94f1","Buster's Bones","NETENT","5","https://pub.imgscache.com/compic/06313411-2e37-4b0b-a884-f61d5d25c8bc.webp","images/NETENT__Buster_s_Bones__11739.webp"
"12524","CrazyPachinko001","Crazy Pachinko","EVOLUTION","17","https://pub.imgscache.com/compic/98d72463-246b-4ced-bf53-c4b0d1319afa.webp","images/EVOLUTION__Crazy_Pachinko__12524.webp"
"12873","036","10x Diamond 7","YGR","5","https://pub.imgscache.com/compic/db6d33c3-2565-402d-8f88-b28a484e489b.webp","images/YGR__10x_Diamond_7__12873.webp"
"12660","219","King Kong Shake","CQ9","5","https://pub.imgscache.com/compic/4afb0473-5448-4e2c-940f-a573f35fd897.webp","images/CQ9__King_Kong_Shake__12660.webp"
"13980","1_1100003","Civilization Of Bull Bull","TPG","5","https://pub.imgscache.com/compic/0f3bc13d-af42-4d6b-a3e3-3bff880ce80b.webp","images/TPG__Civilization_Of_Bull_Bull__13980.webp"
"13106","luckyspirits","Lucky Sprits","GameZone","5","https://pub.imgscache.com/compic/0560113e-7bf7-416f-8520-018519151227.webp","images/GameZone__Lucky_Sprits__13106.webp"
"12250","107","Legendary Monkey King","PG","5","https://pub.imgscache.com/compic/bd03e237-1c83-4d09-99da-2a2c7f6f3c12.webp","images/PG__Legendary_Monkey_King__12250.webp"
"13915","444","Rocket Wins","BNG","5","https://pub.imgscache.com/compic/5481b2a5-91fc-4658-8256-893ec99cf6cb.webp","images/BNG__Rocket_Wins__13915.webp"
"11735","letitburnr94f101","Let It Burn","NETENT","5","https://pub.imgscache.com/compic/e97f7935-2351-4395-acc9-b3ae907b825a.webp","images/NETENT__Let_It_Burn__11735.webp"
"13024","bjl;bjl_grandbjl","Grand Blackjack","PT","17","https://pub.imgscache.com/compic/5a1e6449-13d3-46e0-9cfd-4b222da76fb1.webp","images/PT__Grand_Blackjack__13024.webp"
"13656","CaiShenDao","Cai Shen Dao","KA GAMING","8","https://pub.imgscache.com/compic/86210082-dfe4-409c-bd60-5a24b5538347.webp","images/KA_GAMING__Cai_Shen_Dao__13656.webp"
"14029","201514","Strength of Hercules","HACKSAW","5","https://pub.imgscache.com/compic/344391ae-0ecc-4d18-b8aa-76c3f05b00a2.webp","images/HACKSAW__Strength_of_Hercules__14029.webp"
"12014","PSS-ON-00065","Super Rich","PLAYSTAR","5","https://pub.imgscache.com/compic/04780045-1866-4c34-b56b-812e41530700.webp","images/PLAYSTAR__Super_Rich__12014.webp"
"10500","26","Tree of Fortune","PG","5","https://pub.imgscache.com/compic/12442763-b073-44e9-b9a0-5675cc7068a9.webp","images/PG__Tree_of_Fortune__10500.webp"
"13208","gpas_goldh4_pop","Gold Hit & Link: JP Bacon & Co","PT","5","https://pub.imgscache.com/compic/83949f7b-4823-4516-9b4f-0dd3db564f8c.webp","images/PT__Gold_Hit_Link_JP_Bacon_Co__13208.webp"
"12015","PSS-ON-00067","Dragon Boat Festival","PLAYSTAR","5","https://pub.imgscache.com/compic/12dd2a73-866a-4f63-9f90-7b3dff4c54cf.webp","images/PLAYSTAR__Dragon_Boat_Festival__12015.webp"
"11992","xwayshoarderdx10","xWays Hoarder xSplit","NLC","5","https://pub.imgscache.com/compic/66741ac9-fe51-4af0-a327-6293e9287810.webp","images/NLC__xWays_Hoarder_xSplit__11992.webp"
"11795","136","Samba","JILI","5","https://pub.imgscache.com/compic/389e5fdd-8753-475e-835d-25bb6a9394b1.webp","images/JILI__Samba__11795.webp"
"13082","arcaneegypt","Arcane Egypt","GameZone","5","https://pub.imgscache.com/compic/0209694a-c210-4165-9bc2-1b96995ed340.webp","images/GameZone__Arcane_Egypt__13082.webp"
"12157","vs20bnnzdice","Sweet Bonanza Dice","PP","5","https://pub.imgscache.com/compic/8f173486-7e74-42a0-8096-742460fe61e1.webp","images/PP__Sweet_Bonanza_Dice__12157.webp"
"12794","KYS-H5-99986","Opera Panda","5G","5","https://pub.imgscache.com/compic/f6487dc4-ab9f-451b-95f5-b3c73457d01f.webp","images/5G__Opera_Panda__12794.webp"
"11416","DHPTable00000001","2 Hand Casino Hold'em","EVOLUTION","17","https://pub.imgscache.com/compic/9a45d6c2-5c76-4a22-9ca4-cbb4ad234acd.webp","images/EVOLUTION__2_Hand_Casino_Hold_em__11416.webp"
"12204","PGS_1648578","Shark Bounty","PG","5","https://pub.imgscache.com/compic/88e6d495-05d9-4ac7-8416-e42c412982cf.webp","images/PG__Shark_Bounty__12204.webp"
"13696","LaTomatina","La Tomatina","KA GAMING","5","https://pub.imgscache.com/compic/eda7bab4-4a14-4ec8-8263-c6bb97c3ed4d.webp","images/KA_GAMING__La_Tomatina__13696.webp"
"11561","1_70","TPG 777","TPG","5","https://pub.imgscache.com/compic/47866cc4-dd74-4558-a31f-ca3e7e872220.webp","images/TPG__TPG_777__11561.webp"
"11391","130","Thor X","JILI","5","https://pub.imgscache.com/compic/3c83f5a2-8dc6-46f0-bb46-7b81733d8059.webp","images/JILI__Thor_X__11391.webp"
"12784","KYS-H5-99994","God Of Fortune 2","5G","5","https://pub.imgscache.com/compic/84873b8a-a54a-4197-8c24-ebf6be85ee37.webp","images/5G__God_Of_Fortune_2__12784.webp"
"12812","deadwoodripdx100","Deadwood R.I.P","NLC","5","https://pub.imgscache.com/compic/90024bb7-1ba5-42de-8fa1-3ed55cd4338b.webp","images/NLC__Deadwood_R.I.P__12812.webp"
"10820","fruitshopawaysr3","Fruit Shop Megaways","NETENT","5","https://pub.imgscache.com/compic/218f283e-1a8e-48e8-a147-a01d14105727.webp","images/NETENT__Fruit_Shop_Megaways__10820.webp"
"11393","36","Bao boon chin","JILI","5","https://pub.imgscache.com/compic/5a5957f8-4d68-4b38-9399-8e51e378d72d.webp","images/JILI__Bao_boon_chin__11393.webp"
"13622","422f","Baccarat 3","PP","17","https://pub.imgscache.com/compic/b7c61e69-e004-4fe7-aac9-de730fa539a6.webp","images/PP__Baccarat_3__13622.webp"
"12026","PSS-ON-00101","Challenge · Fu Lu Shou Xi","PLAYSTAR","5","https://pub.imgscache.com/compic/255771c0-5f0e-40e0-893c-0a1ae19e157d.webp","images/PLAYSTAR__Challenge_Fu_Lu_Shou_Xi__12026.webp"
"11921","fireintheholedx1","Fire in the hole xBomb","NLC","5","https://pub.imgscache.com/compic/cd3cda28-32bf-4d2c-bb87-a4530891680b.webp","images/NLC__Fire_in_the_hole_xBomb__11921.webp"
"13936","7_7008","Fighter Fire","JDB","8","https://pub.imgscache.com/compic/2927ecb6-7e1a-4f7c-a163-44213f766168.webp","images/JDB__Fighter_Fire__13936.webp"
"11493","178","Go Goal BIngo","JILI","27","https://pub.imgscache.com/compic/c0e2976e-c49d-4c69-a244-06f9afb5acd4.webp","images/JILI__Go_Goal_BIngo__11493.webp"
"13450","100002","Power Fortune","OMNIPLAY","5","https://pub.imgscache.com/compic/824ddc34-74f2-4121-ab7c-3e00bf73a3df.webp","images/OMNIPLAY__Power_Fortune__13450.webp"
"12006","PSS-ON-00029","Glorious Kingdom","PLAYSTAR","5","https://pub.imgscache.com/compic/fa4b6206-fd4e-479b-9fb1-689da4474758.webp","images/PLAYSTAR__Glorious_Kingdom__12006.webp"
"13613","483","Chinese Speed Baccarat 3","PP","17","https://pub.imgscache.com/compic/0dc99adc-d7ee-45dd-a712-b380bb28288b.webp","images/PP__Chinese_Speed_Baccarat_3__13613.webp"
"12802","dreamdestiny0000","Dream Destiny","REDTIGER","5","https://pub.imgscache.com/compic/bf9aae38-99db-4cae-9927-882c244620cc.webp","images/REDTIGER__Dream_Destiny__12802.webp"
"12107","1018","Golden Bunny","YB","5","https://pub.imgscache.com/compic/30db95d5-cada-46be-b60f-103b0c710485.webp","images/YB__Golden_Bunny__12107.webp"
"14194","vs20mesmult","Yeti Quest","PP","5","https://pub.imgscache.com/compic/744062c4-3164-458e-b7fc-27fad6442755.webp","images/PP__Yeti_Quest__14194.webp"
"14186","vs10runes","Gates of Valhalla","PP","5","https://pub.imgscache.com/compic/d3dfaa94-c532-478a-8002-76e4b55847a4.webp","images/PP__Gates_of_Valhalla__14186.webp"
"12149","vs20kraken","Release the Kraken","PP","5","https://pub.imgscache.com/compic/accc895b-9c14-4f3b-ae67-f3b177cf97c6.webp","images/PP__Release_the_Kraken__12149.webp"
"12724","201396","Cursed Crypt","HACKSAW","5","https://pub.imgscache.com/compic/dfa692ad-121a-49ce-9309-03f89349e786.webp","images/HACKSAW__Cursed_Crypt__12724.webp"
"12100","1011","Gladiator","YB","5","https://pub.imgscache.com/compic/38145031-82c6-4f3d-854d-f0d4e47c3127.webp","images/YB__Gladiator__12100.webp"
"12774","201060","Mystery Motel","HACKSAW","5","https://pub.imgscache.com/compic/df90f137-699b-49b7-b1cf-2b9ca796e20a.webp","images/HACKSAW__Mystery_Motel__12774.webp"
"14095","StandAloneHilo","Hilo","GEMH","8","https://pub.imgscache.com/compic/fba301e4-5c5b-42de-b749-ad423d551234.webp","images/GEMH__Hilo__14095.webp"
"12644","057","Fish Prawn Crab","YGR","5","https://pub.imgscache.com/compic/7cdafea6-fd90-4c40-9098-f7059dd43179.webp","images/YGR__Fish_Prawn_Crab__12644.webp"
"11801","116","Happy Taxi","JILI","5","https://pub.imgscache.com/compic/6483a170-5a5f-4de5-9096-6a7613f74df7.webp","images/JILI__Happy_Taxi__11801.webp"
"12160","vs20sugrux","Sugar Rush Xmas","PP","5","https://pub.imgscache.com/compic/b0f8f541-843a-4ac5-bdbf-3faf8bd03cb3.webp","images/PP__Sugar_Rush_Xmas__12160.webp"
"14274","ubjl;ubjl_unlimitedbj","Live Unlimited Blackjack","PT","17","https://pub.imgscache.com/compic/4a7900d2-8276-4da8-b28c-75a0234543fb.webp","images/PT__Live_Unlimited_Blackjack__14274.webp"
"11931","infectious5dx100","Infectious 5 xWays","NLC","5","https://pub.imgscache.com/compic/b16b06cb-8e50-46f2-b365-71e8c8c1cae1.webp","images/NLC__Infectious_5_xWays__11931.webp"
"14087","087","Go Neko","YGR","5","https://pub.imgscache.com/compic/d4ebc4c1-2d7d-4308-8fd5-4ee690d11d5c.webp","images/YGR__Go_Neko__14087.webp"
"13614","482","Chinese Speed Baccarat 2","PP","17","https://pub.imgscache.com/compic/30339fc4-8d01-4776-ba0a-e509b813c994.webp","images/PP__Chinese_Speed_Baccarat_2__13614.webp"
"12005","PSS-ON-00028","Athena","PLAYSTAR","5","https://pub.imgscache.com/compic/cd98d252-2fdb-47fc-9b84-923da441f352.webp","images/PLAYSTAR__Athena__12005.webp"
"12012","PSS-ON-00054","Rich & Happy","PLAYSTAR","5","https://pub.imgscache.com/compic/293c6767-595c-404a-9706-56604ca77d94.webp","images/PLAYSTAR__Rich_Happy__12012.webp"
"10937","regalstreak00000","Regal Streak","REDTIGER","5","https://pub.imgscache.com/compic/a2406bff-58e5-4277-ac7e-deb4944a0dfe.webp","images/REDTIGER__Regal_Streak__10937.webp"
"14049","slot005","Boxing King","Spin Master","5","https://pub.imgscache.com/compic/86cbd14b-1992-464d-bf27-a80414f46d6d.webp","images/Spin_Master__Boxing_King__14049.webp"
"10545","85","Genie's 3 Wishes","PG","5","https://pub.imgscache.com/compic/a88a68a4-5984-4aba-90ee-0aa7ddf94f92.webp","images/PG__Genie_s_3_Wishes__10545.webp"
"12108","1019","Fortune Cat","YB","5","https://pub.imgscache.com/compic/19a893c1-b359-477c-bec9-fb0c7d08dba9.webp","images/YB__Fortune_Cat__12108.webp"
"11773","43","XiYangYang","JILI","5","https://pub.imgscache.com/compic/180b2700-d549-4d4a-9d2d-387458e12585.webp","images/JILI__XiYangYang__11773.webp"
"13976","1_118","Candy Pop","TPG","5","https://pub.imgscache.com/compic/8240d328-333c-40fa-ad43-201a4077a4b6.webp","images/TPG__Candy_Pop__13976.webp"
"12897","063","MahJong God","YGR","5","https://pub.imgscache.com/compic/daa4e0a8-51e0-4f55-a687-f344f6494382.webp","images/YGR__MahJong_God__12897.webp"
"13688","GoldenFishHunter","Golden Fish Hunter","KA GAMING","8","https://pub.imgscache.com/compic/ed2593cd-d32b-40e8-9f03-54b7d7337a99.webp","images/KA_GAMING__Golden_Fish_Hunter__13688.webp"
"13569","431","Speed Baccarat 7","PP","17","https://pub.imgscache.com/compic/57d17a10-ea6a-469a-89e2-6e4fb87efcf1.webp","images/PP__Speed_Baccarat_7__13569.webp"
"13102","gpas_gtdemon_pop","Gold Trio: Lil Demon","PT","5","https://pub.imgscache.com/compic/b8dbc521-1581-45cc-98f4-ccf66ccd3cea.webp","images/PT__Gold_Trio_Lil_Demon__13102.webp"
"12680","201304","Eye of the Panda","HACKSAW","5","https://pub.imgscache.com/compic/9fb00789-0516-4fec-932c-88a269a74b61.webp","images/HACKSAW__Eye_of_the_Panda__12680.webp"
"13553","225","Auto Roulette","PP","17","https://pub.imgscache.com/compic/048796e3-0454-4043-8318-c4909e1b61ae.webp","images/PP__Auto_Roulette__13553.webp"
"10767","0_8005","The Liama Adventure","JDB","5","https://pub.imgscache.com/compic/d84db42e-4497-4ca6-b92c-f09b2b091dca.webp","images/JDB__The_Liama_Adventure__10767.webp"
"13558","1501","Vegas Ball Bonanza","PP","17","https://pub.imgscache.com/compic/07f0b72b-cd48-4e1b-a361-0a6a0164cdcb.webp","images/PP__Vegas_Ball_Bonanza__13558.webp"
"12796","KYS-H5-99987","Treasures Of Egypt","5G","5","https://pub.imgscache.com/compic/cc9d8a04-108c-475e-ad48-6b95bf733c93.webp","images/5G__Treasures_Of_Egypt__12796.webp"
"13526","mutagenes","Mutagenes","PNS","5","https://pub.imgscache.com/compic/f2398f1e-2aa3-4e3d-9693-8a1e87b0932a.webp","images/PNS__Mutagenes__13526.webp"
"14222","vs10bbbnz1000","Big Bass Bonanza 1000","PP","5","https://pub.imgscache.com/compic/3061d2df-7315-4e3f-bb72-be5deefde3d2.webp","images/PP__Big_Bass_Bonanza_1000__14222.webp"
"11891","redhotbbq0000000","Red Hot BBQ","REDTIGER","5","https://pub.imgscache.com/compic/a06411dc-a4e1-4b4c-a1cf-ae9ad30187e6.webp","images/REDTIGER__Red_Hot_BBQ__11891.webp"
"10497","3","Fortune Gods","PG","5","https://pub.imgscache.com/compic/11028d71-9eb7-49b7-a58a-8db4f9ee2940.webp","images/PG__Fortune_Gods__10497.webp"
"13443","120","Super Color Game","GameZone","3","https://pub.imgscache.com/compic/1280de23-72ef-4f7f-9f45-d1951d3df19c.webp","images/GameZone__Super_Color_Game__13443.webp"
"12000","PSS-ON-00014","Lucky Panda","PLAYSTAR","5","https://pub.imgscache.com/compic/d8da281b-244b-405b-b379-4b9d4d9bbc89.webp","images/PLAYSTAR__Lucky_Panda__12000.webp"
"11045","197","Dragon’s Treasure","CQ9","5","https://pub.imgscache.com/compic/a731fd9c-ea51-4720-b631-6b948049575f.webp","images/CQ9__Dragon_s_Treasure__11045.webp"
"12231","129","Win Win Fish Prawn Crab","PG","5","https://pub.imgscache.com/compic/ad701a36-792f-4be3-9127-783f43cb57f4.webp","images/PG__Win_Win_Fish_Prawn_Crab__12231.webp"
"11353","RngMegaBall00001","First Person Mega Ball","EVOLUTION","17","https://pub.imgscache.com/compic/2e655de4-a399-4651-a020-7ddeeaa111e6.webp","images/EVOLUTION__First_Person_Mega_Ball__11353.webp"
"12642","020","Zuma's Honor","YGR","3","https://pub.imgscache.com/compic/4b433bfa-a099-43b3-bb05-64fc1ae2434d.webp","images/YGR__Zuma_s_Honor__12642.webp"
"13058","bjl;bjl_persoireebj1","Blackjack Soirée Gold 1","PT","17","https://pub.imgscache.com/compic/6abb8fec-85f6-4913-a5ba-686eac580567.webp","images/PT__Blackjack_Soir_e_Gold_1__13058.webp"
"12687","201308","Immortal Desire","HACKSAW","5","https://pub.imgscache.com/compic/5a847086-b697-466e-88dc-eb4fc29300fa.webp","images/HACKSAW__Immortal_Desire__12687.webp"
"12440","vswaysfirewmw","Blazing Wilds Megaways","PP","5","https://pub.imgscache.com/compic/1afbfa6c-8418-4c47-a360-da690c5b2b89.webp","images/PP__Blazing_Wilds_Megaways__12440.webp"
"13985","PSS-ON-00135","Feature Buy・Golden Pig","PLAYSTAR","5","https://pub.imgscache.com/compic/5306cba8-dd9b-4d2c-88aa-f18ffa89e6a3.webp","images/PLAYSTAR__Feature_Buy_Golden_Pig__13985.webp"
"11826","242","Plinko","JILI","3","https://pub.imgscache.com/compic/e02e61dd-7d49-4b7e-a10a-f67d73ab4da3.webp","images/JILI__Plinko__11826.webp"
"12418","vs50jfmulthold","Juicy Fruits Multihold","PP","5","https://pub.imgscache.com/compic/752cd65d-8d98-4cec-b411-97283c1b7eb4.webp","images/PP__Juicy_Fruits_Multihold__12418.webp"
"12662","225","Mr. Miser","CQ9","5","https://pub.imgscache.com/compic/c26f4a9b-236d-4f2c-b0e7-69b5133c1f6d.webp","images/CQ9__Mr._Miser__12662.webp"
"10581","SGJump","Jump!","HBN","5","https://pub.imgscache.com/compic/2f1d3921-fd7d-4147-9076-d8874fee14c8.webp","images/HBN__Jump__10581.webp"
"12903","033","Piggy Bank","YGR","5","https://pub.imgscache.com/compic/aa85b9cb-ce53-41b0-b909-20a05232877b.webp","images/YGR__Piggy_Bank__12903.webp"
"13012","bjl;bjl_blackjackitalianovip","Blackjack Italiano VIP","PT","17","https://pub.imgscache.com/compic/7fadcb53-4176-4696-8581-e0141667bec0.webp","images/PT__Blackjack_Italiano_VIP__13012.webp"
"14044","slot001","Crystal Rush","Spin Master","5","https://pub.imgscache.com/compic/23ff57ee-319f-420b-bba5-001baec1b0c9.webp","images/Spin_Master__Crystal_Rush__14044.webp"
"14142","Minesweeper","Minesweeper","KM","8","https://pub.imgscache.com/compic/0e87e767-f5b4-4bcd-9e77-f6cad18c1675.webp","images/KM__Minesweeper__14142.webp"
"11642","18_286","Egyptian Gold","RTG","5","https://pub.imgscache.com/compic/b025e077-37bc-4887-ba1e-69d371123889.webp","images/RTG__Egyptian_Gold__11642.webp"
"12455","vswaysfltdrgny","Floating Dragon New Year Festival Ultra Megaways","PP","5","https://pub.imgscache.com/compic/72edfcb4-2f24-425d-b6a5-83d8d1411cde.webp","images/PP__Floating_Dragon_New_Year_Festival_Ultra_Megaways__12455.webp"
"12955","422","Fruity Wheel","JILI","5","https://pub.imgscache.com/compic/c0572878-2f70-4f57-9e2c-196c8325a01e.webp","images/JILI__Fruity_Wheel__12955.webp"
"11436","ExChEpicSpins001","Extra Chilli Epic Spins","EVOLUTION","17","https://pub.imgscache.com/compic/b2aff5d7-5b70-4e67-929d-32eac9b3b2eb.webp","images/EVOLUTION__Extra_Chilli_Epic_Spins__11436.webp"
"12253","102","Mermaid Riches","PG","5","https://pub.imgscache.com/compic/d0e45390-37e9-4437-aa80-fdd46ec49cce.webp","images/PG__Mermaid_Riches__12253.webp"
"13225","127","Blackjack Multihand","GameZone","3","https://pub.imgscache.com/compic/98204c70-935e-4eee-917e-45432b0689e8.webp","images/GameZone__Blackjack_Multihand__13225.webp"
"12956","374","Lucky Doggy","JILI","5","https://pub.imgscache.com/compic/91726a07-050b-431c-8796-9ea6ea754e6d.webp","images/JILI__Lucky_Doggy__12956.webp"
"13023","ubal;nc_bal_grandbaccarat","Grand Baccarat NC","PT","17","https://pub.imgscache.com/compic/6dcb0ed4-9a6f-4796-8879-b50230c4cc0c.webp","images/PT__Grand_Baccarat_NC__13023.webp"
"12486","ESpeedBJ00000002","Evo Speed Blackjack 2","EVOLUTION","17","https://pub.imgscache.com/compic/6628e19a-52aa-45e2-9d49-b4eccfd20284.webp","images/EVOLUTION__Evo_Speed_Blackjack_2__12486.webp"
"11616","27005","Lightning Bomb","FACHAI","5","https://pub.imgscache.com/compic/d30827b1-541d-4db5-aef8-473afa738a7d.webp","images/FACHAI__Lightning_Bomb__11616.webp"
"11962","PSS-ON-00116","Burlesque 2","PLAYSTAR","5","https://pub.imgscache.com/compic/839e63fd-e219-4fae-b072-9d2dbef76b2e.webp","images/PLAYSTAR__Burlesque_2__11962.webp"
"14126","Perya_Roleta","Perya Roleta","KM","30","https://pub.imgscache.com/compic/884f3cd5-26b1-42a6-ad33-012748703d31.webp","images/KM__Perya_Roleta__14126.webp"
"13971","1_117","Wealth of Tiger","TPG","5","https://pub.imgscache.com/compic/c3e7a6d7-7f9a-4f11-851a-29358edc6db9.webp","images/TPG__Wealth_of_Tiger__13971.webp"
"11926","harlequindx10000","Harlequin Carnival","NLC","5","https://pub.imgscache.com/compic/dc49c8b5-1754-414f-916c-9491e25db956.webp","images/NLC__Harlequin_Carnival__11926.webp"
"13042","sbjl;sbjl_peruspeedbj1","Speed Blackjack 1","PT","17","https://pub.imgscache.com/compic/94a026d4-b1fc-4219-be51-0355854cdea4.webp","images/PT__Speed_Blackjack_1__13042.webp"
"12743","201090","Joker Bombs","HACKSAW","5","https://pub.imgscache.com/compic/dc578233-11f9-4585-bd9a-1af3c10d69d4.webp","images/HACKSAW__Joker_Bombs__12743.webp"
"10549","58","Vampire's Charm","PG","5","https://pub.imgscache.com/compic/243237a9-dab1-4659-83d2-cfd8fdcc61de.webp","images/PG__Vampire_s_Charm__10549.webp"
"12685","201207","Gronk's Gems","HACKSAW","5","https://pub.imgscache.com/compic/c99b9c63-93fd-4b93-b3ec-97b0d846a1fb.webp","images/HACKSAW__Gronk_s_Gems__12685.webp"
"11747","SGMarvelousFurlongs","Marvelous Furlongs","HBN","5","https://pub.imgscache.com/compic/f3a741e6-05ad-4abf-a2ba-5c09d60a652b.webp","images/HBN__Marvelous_Furlongs__11747.webp"
"13579","424f","Speed Baccarat 11","PP","17","https://pub.imgscache.com/compic/578506e3-4766-4112-9655-56f83e860198.webp","images/PP__Speed_Baccarat_11__13579.webp"
"10614","SGGalacticCash","Galactic Cash","HBN","5","https://pub.imgscache.com/compic/f1f898e2-0e90-4c29-9e05-cd30998bd118.webp","images/HBN__Galactic_Cash__10614.webp"
"12191","27010","Tower","FACHAI","3","https://pub.imgscache.com/compic/258cea37-5905-4423-bc95-1036993c63c9.webp","images/FACHAI__Tower__12191.webp"
"14136","1935269","Diner Frenzy Spins","PG","5","https://pub.imgscache.com/compic/a571a015-28eb-4a19-95d7-730b8050e5ff.webp","images/PG__Diner_Frenzy_Spins__14136.webp"
"14165","427","Thai Hilo","JILI","8","https://pub.imgscache.com/compic/8c210f24-52c4-4abd-9fff-3a6d711bc3e9.webp","images/JILI__Thai_Hilo__14165.webp"
"11799","108","Magic Lamp","JILI","5","https://pub.imgscache.com/compic/0e721a9a-6e82-41f5-907b-f1a62693700b.webp","images/JILI__Magic_Lamp__11799.webp"
"14141","Coin_Toss","Coin Toss","KM","8","https://pub.imgscache.com/compic/5ea67511-fb8c-4c3f-ab13-e7ae5d92c659.webp","images/KM__Coin_Toss__14141.webp"
"11961","PSS-ON-00119","Lucky Poker 2","PLAYSTAR","5","https://pub.imgscache.com/compic/0a726222-70f7-47f5-8823-031c9ee4f402.webp","images/PLAYSTAR__Lucky_Poker_2__11961.webp"
"13168","CaribbeanBingo","Caribbean Bingo","GEMH","27","https://pub.imgscache.com/compic/57c61308-dd5b-480f-b679-280a8b44ccc2.webp","images/GEMH__Caribbean_Bingo__13168.webp"
"14052","slot003","Star Fruits 777","Spin Master","5","https://pub.imgscache.com/compic/aa6e981a-a6c2-46ec-932a-a2fa60ec29ec.webp","images/Spin_Master__Star_Fruits_777__14052.webp"
"11825","9_9018","Plinko","JDB","3","https://pub.imgscache.com/compic/e08e6e10-1a4c-486f-bdd8-187f6660d3aa.webp","images/JDB__Plinko__11825.webp"
"13945","peggysweets00000","Peggy Sweets","REDTIGER","5","https://pub.imgscache.com/compic/ded1c8cd-d149-4b10-8701-0fbdcb3f1038.webp","images/REDTIGER__Peggy_Sweets__13945.webp"
"12241","119","Spirited Wonders","PG","5","https://pub.imgscache.com/compic/f6493aa7-58e3-466b-a19f-852b47f88b95.webp","images/PG__Spirited_Wonders__12241.webp"
"11802","58","Golden Queen","JILI","5","https://pub.imgscache.com/compic/8d3b890b-9556-417f-bd1d-70d52add7386.webp","images/JILI__Golden_Queen__11802.webp"
"11614","27002","Circus Dozer","FACHAI","5","https://pub.imgscache.com/compic/b43e0ec1-f37e-44a3-b003-e26136d001b3.webp","images/FACHAI__Circus_Dozer__11614.webp"
"12939","S5G-H5-99962","Kung Fu Leopard","5G","5","https://pub.imgscache.com/compic/e0afb5ec-5863-4f55-af69-04611ff6cf0f.webp","images/5G__Kung_Fu_Leopard__12939.webp"
"10953","thorsvengeance00","Thor's vengeance","REDTIGER","5","https://pub.imgscache.com/compic/dd1e371f-a64f-4ec3-af21-891085c5e075.webp","images/REDTIGER__Thor_s_vengeance__10953.webp"
"11910","buffalohunterdx1","Buffalo Hunter","NLC","5","https://pub.imgscache.com/compic/35105fd5-4b8e-4d01-92b5-523b33bccbff.webp","images/NLC__Buffalo_Hunter__11910.webp"
"14188","vs20chickdrop","Chicken Drop","PP","5","https://pub.imgscache.com/compic/632a01ee-4201-4ef1-9e40-8741a83f67db.webp","images/PP__Chicken_Drop__14188.webp"
"10736","1_68","Blessing Mouse","TPG","5","https://pub.imgscache.com/compic/aca3d418-a881-4208-9103-7208c3c8aba3.webp","images/TPG__Blessing_Mouse__10736.webp"
"11766","SGRainbowmania","Rainbowmania","HBN","5","https://pub.imgscache.com/compic/7e8d3432-52df-482f-93f3-29305fd652db.webp","images/HBN__Rainbowmania__11766.webp"
"11965","PSS-ON-00111","Da Fu Gui","PLAYSTAR","5","https://pub.imgscache.com/compic/a27debd8-5d49-4a2e-958b-fe53ffe27d8b.webp","images/PLAYSTAR__Da_Fu_Gui__11965.webp"
"12423","vswaysyumyum","Yum Yum Powerways","PP","5","https://pub.imgscache.com/compic/a07751ef-7a86-49a7-b39c-696ec9ed2be1.webp","images/PP__Yum_Yum_Powerways__12423.webp"
"13189","22070","Cyber God Of Fortune⁺","FACHAI","5","https://pub.imgscache.com/compic/94f14dc2-0614-4bdc-ab0d-7108c37cc5fc.webp","images/FACHAI__Cyber_God_Of_Fortune__13189.webp"
"12752","201351","Orb of Destiny","HACKSAW","5","https://pub.imgscache.com/compic/352d37de-07b2-4af7-a6f5-1bda78fce683.webp","images/HACKSAW__Orb_of_Destiny__12752.webp"
"11995","djpsychodx100000","DJ Psycho","NLC","5","https://pub.imgscache.com/compic/7cdb433e-6995-4d9a-a3ba-1753f4d66092.webp","images/NLC__DJ_Psycho__11995.webp"
"14003","VPCQS09","Crazy Crazy 2","CQ9","5","https://pub.imgscache.com/compic/cbff09a3-0a2e-464c-ab26-d7282f3529ca.webp","images/CQ9__Crazy_Crazy_2__14003.webp"
"12528","BalloonRace00001","balloon race","EVOLUTION","17","https://pub.imgscache.com/compic/bdb590f2-3338-4a12-92ef-da3afe011188.webp","images/EVOLUTION__balloon_race__12528.webp"
"13422","410181","Wild Card Gang","BGAMING","5","https://pub.imgscache.com/compic/6b15858f-e6cf-4127-88a5-24c295066222.webp","images/BGAMING__Wild_Card_Gang__13422.webp"
"13715","PoseidonSecret","Poseidon's Secret","KA GAMING","8","https://pub.imgscache.com/compic/d7c49eb2-8322-4675-825d-34cf0f4df0b7.webp","images/KA_GAMING__Poseidon_s_Secret__13715.webp"
"12823","1_1100011","Fortune Lions","TPG","5","https://pub.imgscache.com/compic/787f495c-a6a1-430c-91fa-5394d4e094f8.webp","images/TPG__Fortune_Lions__12823.webp"
"12795","KYS-H5-99989","Supreme Ace","5G","5","https://pub.imgscache.com/compic/b6ad8440-db82-4430-a361-415474e99ea6.webp","images/5G__Supreme_Ace__12795.webp"
"13606","490","Japanese Speed Baccarat 3","PP","17","https://pub.imgscache.com/compic/13c47861-8c50-4981-98d4-49a71beb0860.webp","images/PP__Japanese_Speed_Baccarat_3__13606.webp"
"11677","SGWealthInn","Wealth Inn","HBN","5","https://pub.imgscache.com/compic/e58743f6-e6e5-4850-b032-dafa3e4fecc6.webp","images/HBN__Wealth_Inn__11677.webp"
"14173","613","Mines Cricket","JILI","8","https://pub.imgscache.com/compic/39552ee1-adf0-466a-9a5c-f6285f16d7fb.webp","images/JILI__Mines_Cricket__14173.webp"
"13001","gpas_reelstrk_pop","Triple Money Jackpot","PT","5","https://pub.imgscache.com/compic/1023ab44-b9cf-46b2-83df-733c9bca1dae.webp","images/PT__Triple_Money_Jackpot__13001.webp"
"12436","vs1600drago","Drago - Jewels of Fortune","PP","5","https://pub.imgscache.com/compic/fec4d1e8-f4d8-40da-98d6-a377f0d7f8f7.webp","images/PP__Drago_-_Jewels_of_Fortune__12436.webp"
"10825","starburstr400000","Starburst","NETENT","5","https://pub.imgscache.com/compic/abd6e707-1a7f-4ebc-8439-58f29c956497.webp","images/NETENT__Starburst__10825.webp"
"10761","1_84","Golden Ox","TPG","5","https://pub.imgscache.com/compic/0b691f31-856f-44c4-bb50-8e4dcc268aaf.webp","images/TPG__Golden_Ox__10761.webp"
"12568","37238","Bingo Star","galaxsys","21","https://pub.imgscache.com/compic/a5b9aac9-4461-48d9-84cb-29062ba7fcf7.webp","images/galaxsys__Bingo_Star__12568.webp"
"13451","100003","Fortune Treasure","OMNIPLAY","5","https://pub.imgscache.com/compic/139e16e5-c2d5-4028-8e30-addf3db791a4.webp","images/OMNIPLAY__Fortune_Treasure__13451.webp"
"13671","FashionBones","Fashion Bones","KA GAMING","5","https://pub.imgscache.com/compic/c1adb6ff-9cb8-4827-94bd-84f834f6b173.webp","images/KA_GAMING__Fashion_Bones__13671.webp"
"13589","227","Roulette Azure","PP","17","https://pub.imgscache.com/compic/63ba8c75-456f-445f-948f-363565209b74.webp","images/PP__Roulette_Azure__13589.webp"
"13612","1001","Dragon Tiger","PP","17","https://pub.imgscache.com/compic/4f27cd4f-04dc-437f-994c-533bd10407e2.webp","images/PP__Dragon_Tiger__13612.webp"
"13600","460","Korean Speed Baccarat 4","PP","17","https://pub.imgscache.com/compic/524c9a8f-d02c-45f3-af68-804bbcc18154.webp","images/PP__Korean_Speed_Baccarat_4__13600.webp"
"12962","085","R!CH","YGR","5","https://pub.imgscache.com/compic/31309d2d-4e6d-44c8-91e4-a86ec500a000.webp","images/YGR__R_CH__12962.webp"
"13357","410040","Dice Bonanza","BGAMING","5","https://pub.imgscache.com/compic/fdfddcfb-dbd3-45d7-bdda-cc5f177892f1.webp","images/BGAMING__Dice_Bonanza__13357.webp"
"13573","439","Speed Baccarat 17","PP","17","https://pub.imgscache.com/compic/0b7796e2-6599-4eb3-a4e9-8009abdc83f4.webp","images/PP__Speed_Baccarat_17__13573.webp"
"13416","410053","Sweet Rush Megaways","BGAMING","5","https://pub.imgscache.com/compic/52f23f19-e610-41f2-a5c4-4a48375adc30.webp","images/BGAMING__Sweet_Rush_Megaways__13416.webp"
"11928","hotnudgedx100000","Hot Nudge","NLC","5","https://pub.imgscache.com/compic/72bc8fa9-5a9f-4b7a-9b8b-2c4a6a1d2c3e.webp","images/NLC__Hot_Nudge__11928.webp"
"12995","gpas_ccluck_pop","Leprechaun's Luck: Cash Collect","PT","5","https://pub.imgscache.com/compic/ea33c7ca-aebe-46b1-9ecd-8c09829e5793.webp","images/PT__Leprechaun_s_Luck_Cash_Collect__12995.webp"
"10801","0_14021","Rolling In Money","JDB","5","https://pub.imgscache.com/compic/0a48b3f2-0c85-4e95-a69d-5fdedfd45ade.webp","images/JDB__Rolling_In_Money__10801.webp"
"12601","goldmegawaysv100","Gold Megaways","BTG","5","https://pub.imgscache.com/compic/5fea3428-9631-443d-a2cd-d385d64df283.webp","images/BTG__Gold_Megaways__12601.webp"
"10576","SGLuckyLucky","Lucky Lucky","HBN","5","https://pub.imgscache.com/compic/307f3a17-60e2-44ce-ad42-24f31b9ff064.webp","images/HBN__Lucky_Lucky__10576.webp"
"12477","0_14027","Lucky Seven","JDB","5","https://pub.imgscache.com/compic/9c32b123-c565-4855-89f2-09d24aba5e10.webp","images/JDB__Lucky_Seven__12477.webp"
"13675","FiveFortuneGods","Five Fortune Gods","KA GAMING","5","https://pub.imgscache.com/compic/8ece7c48-11f5-4d4c-8e5d-b0d24a67c5c3.webp","images/KA_GAMING__Five_Fortune_Gods__13675.webp"
"12921","9_9015","Firework Burst","JDB","3","https://pub.imgscache.com/compic/91e4491d-8d3f-44a3-9187-12698f3f6397.webp","images/JDB__Firework_Burst__12921.webp"
"14226","vs12trpcnhour","Club Tropicana - Happy Hour","PP","5","https://pub.imgscache.com/compic/5083bfe9-1ed6-4d57-9301-5e4697b71899.webp","images/PP__Club_Tropicana_-_Happy_Hour__14226.webp"
"12159","vs40wildwest","Wild West Gold","PP","5","https://pub.imgscache.com/compic/044f1950-872b-485c-8ec1-a4c367ed7af1.webp","images/PP__Wild_West_Gold__12159.webp"
"11738","crabtrapr94f1000","Crab Trap","NETENT","5","https://pub.imgscache.com/compic/60a718c6-5fe8-4c28-802b-d6ccc8061afe.webp","images/NETENT__Crab_Trap__11738.webp"
"14072","ugliestcatchdx10","Ugliest Catch","NLC","5","https://pub.imgscache.com/compic/39feb5e5-7738-480e-872e-d09943f03128.webp","images/NLC__Ugliest_Catch__14072.webp"
"13511","dig-it","Dig It","PNS","5","https://pub.imgscache.com/compic/3098bf99-7f91-4d94-8ed4-e9af42ee4669.webp","images/PNS__Dig_It__13511.webp"
"11774","146","World Cup","JILI","5","https://pub.imgscache.com/compic/e21bcfd9-42d3-4c11-b9b1-2f8a5cfdce8b.webp","images/JILI__World_Cup__11774.webp"
"14245","vswaysasiatrzn","Triple Pot Gold","PP","5","https://pub.imgscache.com/compic/3d669ab0-1da0-4078-a5f7-e3ada08a6836.webp","images/PP__Triple_Pot_Gold__14245.webp"
"11387","17","Shanghai Beauty","JILI","5","https://pub.imgscache.com/compic/43169b78-a181-4a37-9c85-00d10a54c48a.webp","images/JILI__Shanghai_Beauty__11387.webp"
"11624","30","Roulette","EEZE1","17","https://pub.imgscache.com/compic/2fb42337-8926-4d0d-bdcf-5af4d44e6c7c.webp","images/EEZE1__Roulette__11624.webp"
"13856","SpeedBlackjack03","Speed VIP Blackjack C","EVOLUTION","17","https://pub.imgscache.com/compic/6a2b62d7-36da-4de2-92b3-5cec7687ab26.webp","images/EVOLUTION__Speed_VIP_Blackjack_C__13856.webp"
"10857","dragonslckdeluxe","Dragon's Luck Deluxe","REDTIGER","5","https://pub.imgscache.com/compic/2e18d12a-35f2-46ef-bbd7-6b4ac11f9007.webp","images/REDTIGER__Dragon_s_Luck_Deluxe__10857.webp"
"12470","263","The Pig House","JILI","5","https://pub.imgscache.com/compic/464ac262-b3b0-4bcc-83ce-7730f4ec3f8a.webp","images/JILI__The_Pig_House__12470.webp"
"10859","dynamiteriches00","Dynamite Riches","REDTIGER","5","https://pub.imgscache.com/compic/15593604-f88a-476b-a038-575cae90f00d.webp","images/REDTIGER__Dynamite_Riches__10859.webp"
"12793","KYS-H5-99992","Master Of Gold Miner 2","5G","5","https://pub.imgscache.com/compic/f58fc4c4-8365-425b-b193-a4aa9e6793f6.webp","images/5G__Master_Of_Gold_Miner_2__12793.webp"
"11505","18_347","Fortunes of Olympus","RTG","5","https://pub.imgscache.com/compic/a930d0c4-6d5a-4ce2-b7af-48803c7b7fd5.webp","images/RTG__Fortunes_of_Olympus__11505.webp"
"13503","barbarossa","Barbarossa","PNS","5","https://pub.imgscache.com/compic/6f2c71c4-9f96-44c6-b76b-bd8d00bd5c54.webp","images/PNS__Barbarossa__13503.webp"
"13645","qrol;rol_quantumroulette","Quantum Roulette","PT","17","https://pub.imgscache.com/compic/394d92ae-66ba-4a98-b991-abf3c30c0f17.webp","images/PT__Quantum_Roulette__13645.webp"
"11990","warriorgryarddx1","Warrior Graveyard xNudge","NLC","5","https://pub.imgscache.com/compic/eab18c4f-3f24-49d4-9254-ab996ea7923e.webp","images/NLC__Warrior_Graveyard_xNudge__11990.webp"
"11718","PSS-ON-00005","India Treasure","PLAYSTAR","5","https://pub.imgscache.com/compic/39377451-2307-4aae-9f6d-3702e1f85353.webp","images/PLAYSTAR__India_Treasure__11718.webp"
"11716","PSS-ON-00070","Alchemy","PLAYSTAR","5","https://pub.imgscache.com/compic/857f4520-cac4-44c3-909b-7dd9c2d35222.webp","images/PLAYSTAR__Alchemy__11716.webp"
"14005","105","Jumping mobile","CQ9","5","https://pub.imgscache.com/compic/59aa056a-9b53-4e6f-8aa9-490287b5f131.webp","images/CQ9__Jumping_mobile__14005.webp"
"12728","201353","Divine Drop","HACKSAW","5","https://pub.imgscache.com/compic/42574a39-bb6b-4c93-b4ef-50e825d63652.webp","images/HACKSAW__Divine_Drop__12728.webp"
"13376","410013","God Of Wealth Hold And Win","BGAMING","5","https://pub.imgscache.com/compic/8e911b80-8e61-4b37-b295-93714880d9f9.webp","images/BGAMING__God_Of_Wealth_Hold_And_Win__13376.webp"
"11417","AmericanTable001","American Roulette","EVOLUTION","17","https://pub.imgscache.com/compic/f47120ab-4d98-41ce-aad8-709dafb38437.webp","images/EVOLUTION__American_Roulette__11417.webp"
"11713","PSS-ON-00009","Madame Caroline","PLAYSTAR","5","https://pub.imgscache.com/compic/4a7a5de2-2e42-43af-af9f-f623f94e9aee.webp","images/PLAYSTAR__Madame_Caroline__11713.webp"
"10612","SGGoldRush","Gold Rush","HBN","5","https://pub.imgscache.com/compic/7f23a583-f69f-4ccd-b7bb-5ae1b481a34c.webp","images/HBN__Gold_Rush__10612.webp"
"10550","88","Jewels of Prosperity","PG","5","https://pub.imgscache.com/compic/3042af57-045e-4a40-b9b3-78db3e40e8a3.webp","images/PG__Jewels_of_Prosperity__10550.webp"
"11689","18_176","Nova 7s","RTG","5","https://pub.imgscache.com/compic/7f95b259-dc5f-4bb6-84a8-279db9448172.webp","images/RTG__Nova_7s__11689.webp"
"10509","18","Hood vs Wolf","PG","5","https://pub.imgscache.com/compic/3050d36a-f38f-4096-bde8-35d9fcd4c111.webp","images/PG__Hood_vs_Wolf__10509.webp"
"13197","gpas_dreef_pop","Dolphin Reef","PT","5","https://pub.imgscache.com/compic/9db54943-85bf-428a-956e-54bf0ddff317.webp","images/PT__Dolphin_Reef__13197.webp"
"12786","KYS-H5-99981","Hammer Of Vulcan","5G","5","https://pub.imgscache.com/compic/75047764-0a9f-4142-a5d7-665fbfe33899.webp","images/5G__Hammer_Of_Vulcan__12786.webp"
"12881","042","Cleopatra","YGR","5","https://pub.imgscache.com/compic/b3636420-c3e5-48b7-9333-3879f352d8b8.webp","images/YGR__Cleopatra__12881.webp"
"11484","177","Bingo Adventure","JILI","27","https://pub.imgscache.com/compic/55915d76-dd7f-405a-a910-579f8ac33ec2.webp","images/JILI__Bingo_Adventure__11484.webp"
"11001","81","Treasure Island","CQ9","5","https://pub.imgscache.com/compic/205df515-ae98-499a-8dec-dc36e16da8ed.webp","images/CQ9__Treasure_Island__11001.webp"
"11590","22026","Hot Pot Party","FACHAI","5","https://pub.imgscache.com/compic/5e4f0cbc-a645-421d-9e5f-6c8e25335f09.webp","images/FACHAI__Hot_Pot_Party__11590.webp"
"13485","505","3 Witch's Lamp","JILI","5","https://pub.imgscache.com/compic/d4c2bba4-aaed-4df2-8009-2799ae2d2d5c.webp","images/JILI__3_Witch_s_Lamp__13485.webp"
"13132","PSS-ON-00160","Go Clash","PLAYSTAR","5","https://pub.imgscache.com/compic/d39d8bc2-a969-4766-9336-4fd415d764f8.webp","images/PLAYSTAR__Go_Clash__13132.webp"
"12592","cyberslotersv194","Cyberslot Megaclusters","BTG","5","https://pub.imgscache.com/compic/f4826623-3318-4090-ab0f-1d276a830641.webp","images/BTG__Cyberslot_Megaclusters__12592.webp"
"14140","Baccarat","Baccarat","KM","17","https://pub.imgscache.com/compic/2ba1e5d3-67a2-434d-9436-7ee09e27f745.webp","images/KM__Baccarat__14140.webp"
"11765","SGDragonTigerGate","Dragon Tiger Gate","HBN","5","https://pub.imgscache.com/compic/7c930ba2-2a4d-45f7-b176-4a4c7018b35a.webp","images/HBN__Dragon_Tiger_Gate__11765.webp"
"14051","slot007","Jeepney Rush","Spin Master","5","https://pub.imgscache.com/compic/6ce0dfb1-3f78-4c81-946f-1a7c34842542.webp","images/Spin_Master__Jeepney_Rush__14051.webp"
"14169","423","Bikini Lady","JILI","5","https://pub.imgscache.com/compic/b864bc93-75c9-498e-ba7f-b213c1ffefce.webp","images/JILI__Bikini_Lady__14169.webp"
"13369","410078","Clover Bonanza","BGAMING","5","https://pub.imgscache.com/compic/747431c4-fb80-40fd-9f37-cf7c92655ac8.webp","images/BGAMING__Clover_Bonanza__13369.webp"
"11666","PSS-ON-00146","mahjong ways3+","PLAYSTAR","5","https://pub.imgscache.com/compic/2f5030ee-91a6-45f1-9314-01bdec044a66.webp","images/PLAYSTAR__mahjong_ways3__11666.webp"
"13171","LostRuins","Lost Ruins","GEMH","27","https://pub.imgscache.com/compic/9d5a6847-55ad-4bf9-a206-8285c8ca0ac2.webp","images/GEMH__Lost_Ruins__13171.webp"
"14117","1_82","Ancient Dragons","TPG","5","https://pub.imgscache.com/compic/60167d3d-7613-4564-9755-9cd5e4a6c733.webp","images/TPG__Ancient_Dragons__14117.webp"
"12140","vswaysrhino","Great Rhino Megaways","PP","5","https://pub.imgscache.com/compic/744abb3c-259e-4930-8ba7-4d8a300bd543.webp","images/PP__Great_Rhino_Megaways__12140.webp"
"11920","evilgoblinsdx100","Evil Goblins xBomb","NLC","5","https://pub.imgscache.com/compic/19ded574-0c99-4c70-b035-9e2ecc370e1d.webp","images/NLC__Evil_Goblins_xBomb__11920.webp"
"14100","StandAloneMinesCL","Mines Classic","GEMH","8","https://pub.imgscache.com/compic/ac724982-3fa6-4dd2-9580-9122dfd63eb1.webp","images/GEMH__Mines_Classic__14100.webp"
"12775","201168","Time Spinners","HACKSAW","5","https://pub.imgscache.com/compic/fc81b9b7-6a59-45c3-87d4-0f0859de32c3.webp","images/HACKSAW__Time_Spinners__12775.webp"
"12617","pandamoneyv19400","Panda Money","BTG","5","https://pub.imgscache.com/compic/bacd8940-60be-40c5-b039-c8a70bf00af7.webp","images/BTG__Panda_Money__12617.webp"
"13160","21","Sweet Lollipop Reels","ReelX","5","https://pub.imgscache.com/compic/8d7a6791-3dd0-4c8f-af4f-893c4347ec62.webp","images/ReelX__Sweet_Lollipop_Reels__13160.webp"
"12574","majorace","Major Ace","GameZone","5","https://pub.imgscache.com/compic/a9bfa0f3-80d3-424e-be17-d3ecc7905416.webp","images/GameZone__Major_Ace__12574.webp"
"14148","Coin_Pusher","Coin Pusher","KM","8","https://pub.imgscache.com/compic/c487e3a2-a639-410a-8e7b-af075621b3a3.webp","images/KM__Coin_Pusher__14148.webp"
"11856","171","Sin City","JILI","5","https://pub.imgscache.com/compic/e005c5db-cc94-4884-8125-887cc2a0ee46.webp","images/JILI__Sin_City__11856.webp"
"11986","tombstoneripdx10","Tombstone RIP","NLC","5","https://pub.imgscache.com/compic/7a0d387a-e649-4894-bf58-a65de154bf76.webp","images/NLC__Tombstone_RIP__11986.webp"
"12602","goldencatchv1950","Golden Catch","BTG","5","https://pub.imgscache.com/compic/978c0b8c-307f-4870-a936-aecf3c2c7361.webp","images/BTG__Golden_Catch__12602.webp"
"12909","040","Super More Cash 7 II","YGR","5","https://pub.imgscache.com/compic/55c1891f-f9db-4a85-9085-c7342f63bba1.webp","images/YGR__Super_More_Cash_7_II__12909.webp"
"13564","433","Super 8 Baccarat","PP","17","https://pub.imgscache.com/compic/bf6cd65b-bc9b-434d-a5a7-3b696df5bdec.webp","images/PP__Super_8_Baccarat__13564.webp"
"12772","201066","Hop'n'Pop","HACKSAW","5","https://pub.imgscache.com/compic/7f070c96-9732-403c-a22a-a1b7f137ef97.webp","images/HACKSAW__Hop_n_Pop__12772.webp"
"13970","1_105","Super Star","TPG","5","https://pub.imgscache.com/compic/01313831-5549-45a9-9783-94f2ab7c3cc6.webp","images/TPG__Super_Star__13970.webp"
"12438","vs10firestrike2","Fire Strike 2","PP","5","https://pub.imgscache.com/compic/eb4b015a-f508-4510-902b-74b4a42af9b6.webp","images/PP__Fire_Strike_2__12438.webp"
"12027","PSS-ON-00102","Golden Week","PLAYSTAR","5","https://pub.imgscache.com/compic/3a902921-bc0b-4fb5-889c-3de79fb57575.webp","images/PLAYSTAR__Golden_Week__12027.webp"
"13941","wolfkin000000000","Wolfkin","REDTIGER","5","https://pub.imgscache.com/compic/036531ed-691d-4010-bba4-beed5e68c60d.webp","images/REDTIGER__Wolfkin__13941.webp"
"10498","24","Win Win Won","PG","5","https://pub.imgscache.com/compic/b2cfe6fa-0a3a-49f9-a03b-cd6013ee1e95.webp","images/PG__Win_Win_Won__10498.webp"
"12649","025","Super Fire 7","YGR","5","https://pub.imgscache.com/compic/d75807eb-05d5-4af3-900b-a08258bc4e44.webp","images/YGR__Super_Fire_7__12649.webp"
"12878","044","Candy Xmas","YGR","5","https://pub.imgscache.com/compic/7728c827-ef9e-4f6b-849c-1ccd8cd4857e.webp","images/YGR__Candy_Xmas__12878.webp"
"13764","jhs44mm0v3fi3aux","Blackjack C","EVOLUTION","17","https://pub.imgscache.com/compic/eedcf123-2ee5-4618-a059-d269abdec8c7.webp","images/EVOLUTION__Blackjack_C__13764.webp"
"11016","121","RaveJump2 M","CQ9","5","https://pub.imgscache.com/compic/34182779-a3ac-41f1-9d8d-c33efd78c7db.webp","images/CQ9__RaveJump2_M__11016.webp"
"14097","StandAloneLuckyHilo","Lucky Hilo","GEMH","8","https://pub.imgscache.com/compic/00036acf-b48a-479b-8622-d2c1fecf1e79.webp","images/GEMH__Lucky_Hilo__14097.webp"
"12969","086","Wealth Potion","YGR","5","https://pub.imgscache.com/compic/ac194a0d-8117-4e94-ae5b-0c41aaa49cb0.webp","images/YGR__Wealth_Potion__12969.webp"
"11010","109","Rave Jump mobile","CQ9","5","https://pub.imgscache.com/compic/596156ec-3b0f-408b-b33a-d80416130300.webp","images/CQ9__Rave_Jump_mobile__11010.webp"
"13597","211","Lucky 6 Roulette","PP","17","https://pub.imgscache.com/compic/2428e7b7-89f8-4c3c-96c9-1bcbe75bf7ce.webp","images/PP__Lucky_6_Roulette__13597.webp"
"12605","kingmakerdedv194","Kingmaker Fully Loaded","BTG","5","https://pub.imgscache.com/compic/9986c493-0f68-41e7-ac8c-ac5c69ae5a70.webp","images/BTG__Kingmaker_Fully_Loaded__12605.webp"
"11546","1_60","King of Seven","TPG","5","https://pub.imgscache.com/compic/e51cff44-35d3-4524-ba6e-a1943137000f.webp","images/TPG__King_of_Seven__11546.webp"
"12544","PSS-ON-00155","Pyramid Of Flames","PLAYSTAR","5","https://pub.imgscache.com/compic/ef64e3c2-3d92-409e-9839-fad075612cb9.webp","images/PLAYSTAR__Pyramid_Of_Flames__12544.webp"
"13590","233","Romanian Roulette","PP","17","https://pub.imgscache.com/compic/f4b38ed6-49d6-4196-9041-ef7322594f80.webp","images/PP__Romanian_Roulette__13590.webp"
"13423","410071","Wild Cash","BGAMING","5","https://pub.imgscache.com/compic/e4f2a0ce-429d-456c-9780-b96d580547c2.webp","images/BGAMING__Wild_Cash__13423.webp"
"11964","PSS-ON-00114","Fish Prawn Crab","PLAYSTAR","5","https://pub.imgscache.com/compic/deb9797d-dfdb-440e-8211-4228de5176f0.webp","images/PLAYSTAR__Fish_Prawn_Crab__11964.webp"
"10784","0_8028","Lucky Miner","JDB","5","https://pub.imgscache.com/compic/969713a7-6e8b-4141-91ba-6aa79fcce710.webp","images/JDB__Lucky_Miner__10784.webp"
"11022","135","Gu Gu Gu M","CQ9","5","https://pub.imgscache.com/compic/220a1c4d-fcf5-4712-9ad9-3841f20c8f7c.webp","images/CQ9__Gu_Gu_Gu_M__11022.webp"
"10514","36","Prosperity Lion","PG","5","https://pub.imgscache.com/compic/33c4a484-63ad-4f4d-a30c-a3cc0f359315.webp","images/PG__Prosperity_Lion__10514.webp"
"12421","vs10bbextreme","Big Bass Amazon Xtreme","PP","5","https://pub.imgscache.com/compic/4bfc3eee-7eef-4cbe-bd9a-8dab018a4886.webp","images/PP__Big_Bass_Amazon_Xtreme__12421.webp"
"12970","096","GOLDEN PHARAOH","YGR","5","https://pub.imgscache.com/compic/5327e650-461c-478a-a6cf-e4da5a8df6f4.webp","images/YGR__GOLDEN_PHARAOH__12970.webp"
"11717","PSS-ON-00105","Challenge・Golden Pig","PLAYSTAR","5","https://pub.imgscache.com/compic/740c808c-cba5-4f87-a281-5666da746dcd.webp","images/PLAYSTAR__Challenge_Golden_Pig__11717.webp"
"13392","410174","Lucky Ducky","BGAMING","5","https://pub.imgscache.com/compic/feb60fde-c247-4326-ba65-e64a01141697.webp","images/BGAMING__Lucky_Ducky__13392.webp"
"11457","teenpattitable01","Teen Patti","EVOLUTION","17","https://pub.imgscache.com/compic/15430fcd-a854-4e24-8a5c-8286cfe7de2c.webp","images/EVOLUTION__Teen_Patti__11457.webp"
"12417","vs50juicyfr","Juicy Fruits","PP","5","https://pub.imgscache.com/compic/3cbbb986-d79b-46d0-a864-a6420f8320ff.webp","images/PP__Juicy_Fruits__12417.webp"
"11956","PSS-ON-00132","Crazy 777","PLAYSTAR","5","https://pub.imgscache.com/compic/bb5b1575-530a-4ad8-9eb4-7cbc0cf4131e.webp","images/PLAYSTAR__Crazy_777__11956.webp"
"10621","SGBikiniIsland","Bikini Island","HBN","5","https://pub.imgscache.com/compic/c3847f99-5613-46bb-bc61-7764b3500313.webp","images/HBN__Bikini_Island__10621.webp"
"12527","lightningsb00001","Lightning Sic Bo","EVOLUTION","17","https://pub.imgscache.com/compic/88630544-668f-4f5b-8500-81329bb041d7.webp","images/EVOLUTION__Lightning_Sic_Bo__12527.webp"
"10879","goldenleprechaun","Golden Leprechaun Megaways","REDTIGER","5","https://pub.imgscache.com/compic/d3835280-70ea-4f9d-8aa3-66ebbd49510f.webp","images/REDTIGER__Golden_Leprechaun_Megaways__10879.webp"
"10611","SGBombsAway","Bombs Away","HBN","5","https://pub.imgscache.com/compic/a4cdbb5f-f704-4a76-a747-278f1f4fe034.webp","images/HBN__Bombs_Away__10611.webp"
"14147","Dota_Hi-Lo","Dota Hi-Lo","KM","8","https://pub.imgscache.com/compic/4bb5e77f-2877-4699-a147-73e51ea1777a.webp","images/KM__Dota_Hi-Lo__14147.webp"
"14127","Perya_Drop_Ball_Color","Perya Dropball color","KM","30","https://pub.imgscache.com/compic/1248550b-4ed7-4f7d-bcf9-ee32180b4a2c.webp","images/KM__Perya_Dropball_color__14127.webp"
"12068","5236","Hilo","galaxsys","3","https://pub.imgscache.com/compic/e2897fdd-0bdc-46fa-89bc-2c85fef717bb.webp","images/galaxsys__Hilo__12068.webp"
"11664","73","Egypt's Book of Mystery","PG","5","https://pub.imgscache.com/compic/029367ee-fef3-478f-ac55-a44231b34cb3.webp","images/PG__Egypt_s_Book_of_Mystery__11664.webp"
"13529","potion-power","Potion Power","PNS","5","https://pub.imgscache.com/compic/7c649a6b-68f1-4a61-b6e0-ed4695acec49.webp","images/PNS__Potion_Power__13529.webp"
"12485","ESpeedBJ00000001","Evo Speed Blackjack 1","EVOLUTION","17","https://pub.imgscache.com/compic/ae6c7105-c1ab-46c7-b3ab-35f9d8caf2f8.webp","images/EVOLUTION__Evo_Speed_Blackjack_1__12485.webp"
"13768","gazgtkid9h1b0dn9","Blackjack Silver E","EVOLUTION","17","https://pub.imgscache.com/compic/d3177697-f40c-4c16-b403-cc248481c1f3.webp","images/EVOLUTION__Blackjack_Silver_E__13768.webp"
"14086","102","Boom Fishing","YGR","8","https://pub.imgscache.com/compic/187c706b-e4f9-46b7-80c4-236e093af05b.webp","images/YGR__Boom_Fishing__14086.webp"
"12902","067","Night of Millionaire","YGR","5","https://pub.imgscache.com/compic/3851ea48-16ca-444d-ba79-0b964f57b53f.webp","images/YGR__Night_of_Millionaire__12902.webp"
"11812","225","Cricket King 18","JILI","5","https://pub.imgscache.com/compic/5dbbc9bb-1f36-4113-9fe5-33371c1768ba.webp","images/JILI__Cricket_King_18__11812.webp"
"11827","261","Crash Bonus","JILI","3","https://pub.imgscache.com/compic/ff3248fa-32f6-47ec-85a0-50bcd4fe8493.webp","images/JILI__Crash_Bonus__11827.webp"
"13570","415","Speed Baccarat 6","PP","17","https://pub.imgscache.com/compic/f2fe0d82-36e3-422d-98e7-0678eb4e5560.webp","images/PP__Speed_Baccarat_6__13570.webp"
"10798","0_14018","Daji","JDB","5","https://pub.imgscache.com/compic/41dad0d0-b9bd-4dc6-850d-09e22fd76409.webp","images/JDB__Daji__10798.webp"
"11960","PSS-ON-00123","Golden Zongzi","PLAYSTAR","5","https://pub.imgscache.com/compic/a28b748f-4ec7-4e2e-a5c1-e1c791690874.webp","images/PLAYSTAR__Golden_Zongzi__11960.webp"
"14246","vswaysvlcgds","Volcano Goddess","PP","5","https://pub.imgscache.com/compic/846d4ccc-5c06-400a-8218-70d0ca9d57c0.webp","images/PP__Volcano_Goddess__14246.webp"
"12584","bigbadbisonv1000","Big Bad Bison","BTG","5","https://pub.imgscache.com/compic/1491f59a-191c-473b-a4d9-352d94a241a8.webp","images/BTG__Big_Bad_Bison__12584.webp"
"13125","PSS-ON-00165","Hiyas Gems","PLAYSTAR","5","https://pub.imgscache.com/compic/ac6c5e42-bdea-42b3-b958-f16c5b402512.webp","images/PLAYSTAR__Hiyas_Gems__13125.webp"
"13783","nsxqkywul2nzcwwh","Blackjack VIP 48","EVOLUTION","17","https://pub.imgscache.com/compic/3d3746b1-df7e-4f99-8e2b-65cb52561a54.webp","images/EVOLUTION__Blackjack_VIP_48__13783.webp"
"10670","CaribbeanHoldem","Caribbean Hold'Em","HBN","3","https://pub.imgscache.com/compic/7b65cd5e-cb92-48f5-8444-cf8ea4e597ac.webp","images/HBN__Caribbean_Hold_Em__10670.webp"
"13367","410158","Fortuna Trueways","BGAMING","5","https://pub.imgscache.com/compic/2ffbea8e-75f3-41f5-85f8-994323b68115.webp","images/BGAMING__Fortuna_Trueways__13367.webp"
"12967","093","Lucky Star2","YGR","5","https://pub.imgscache.com/compic/c6e63a9d-de88-46ce-8376-f4e3464bbc02.webp","images/YGR__Lucky_Star2__12967.webp"
"10986","12","TreasureHouse","CQ9","5","https://pub.imgscache.com/compic/eb79b7fc-16e1-4e5a-81cd-30e63529baf0.webp","images/CQ9__TreasureHouse__10986.webp"
"11973","punktoiletdx1000","Punk Toilet","NLC","5","https://pub.imgscache.com/compic/3bbc2bbb-8843-451e-be3c-a51dc8337680.webp","images/NLC__Punk_Toilet__11973.webp"
"10731","67","Golden Eggs","CQ9","5","https://pub.imgscache.com/compic/da785ec7-9a56-475c-b1b3-53bb3e6b3794.webp","images/CQ9__Golden_Eggs__10731.webp"
"13433","slot004","Hoops Legends","Spin Master","5","https://pub.imgscache.com/compic/35a73d07-0c74-4d9d-abe6-ccbb8b4a05d6.webp","images/Spin_Master__Hoops_Legends__13433.webp"
"13585","221","Russian Roulette","PP","17","https://pub.imgscache.com/compic/ee8a83a4-5a7e-4287-819a-a24071023225.webp","images/PP__Russian_Roulette__13585.webp"
"10939","riostars00000000","Rio Stars","REDTIGER","5","https://pub.imgscache.com/compic/28f1953e-30c0-4cd3-b348-ffe5f569d287.webp","images/REDTIGER__Rio_Stars__10939.webp"
"10538","70","Candy Burst","PG","5","https://pub.imgscache.com/compic/0a65033e-cae0-486b-b46c-978c3a2dba64.webp","images/PG__Candy_Burst__10538.webp"
"11870","19","HotSpin","CQ9","5","https://pub.imgscache.com/compic/420657e9-ed44-4f29-a2bb-b46a0c2e8a59.webp","images/CQ9__HotSpin__11870.webp"
"13584","711a","Sic Bo","PP","17","https://pub.imgscache.com/compic/ed6bccaa-c039-4275-b42f-27e56884fc74.webp","images/PP__Sic_Bo__13584.webp"
"12463","240","Party Star","JILI","5","https://pub.imgscache.com/compic/44460518-0979-4f7b-ae53-828175675464.webp","images/JILI__Party_Star__12463.webp"
"13410","410045","Savage Buffalo Spirit","BGAMING","5","https://pub.imgscache.com/compic/b9cd0605-4392-4954-a9c6-e21091d31ddd.webp","images/BGAMING__Savage_Buffalo_Spirit__13410.webp"
"10779","0_8023","Olympian Temple","JDB","5","https://pub.imgscache.com/compic/51c3218e-3ab8-4686-a385-3cebfe70ecf6.webp","images/JDB__Olympian_Temple__10779.webp"
"11816","87","Book of Gold","JILI","5","https://pub.imgscache.com/compic/d1831e9e-4400-48e9-bf0d-3810b29cae76.webp","images/JILI__Book_of_Gold__11816.webp"
"13692","IrishCoins","Irish Coins Lock 2 Spin","KA GAMING","5","https://pub.imgscache.com/compic/09694b8e-870d-4078-a9f2-7c7858c2588a.webp","images/KA_GAMING__Irish_Coins_Lock_2_Spin__13692.webp"
"10680","TGDragonTiger","Dragon Tiger","HBN","3","https://pub.imgscache.com/compic/92f74b95-a9c4-47fb-a9fc-0cc16bf209d1.webp","images/HBN__Dragon_Tiger__10680.webp"
"11039","185","Dragon Ball","CQ9","5","https://pub.imgscache.com/compic/a6232201-6593-41cb-8097-671c7653d449.webp","images/CQ9__Dragon_Ball__11039.webp"
"13345","410062","Beer Bonanza","BGAMING","5","https://pub.imgscache.com/compic/8837f20a-b0c4-4ae5-8b11-f3ce3c8b54e7.webp","images/BGAMING__Beer_Bonanza__13345.webp"
"10564","SGHeySushi","Hey Sushi","HBN","5","https://pub.imgscache.com/compic/fe55785f-7daf-44d0-ac30-d5a3a27ee8bd.webp","images/HBN__Hey_Sushi__10564.webp"
"13426","410042","Wild Chicago","BGAMING","5","https://pub.imgscache.com/compic/f9e7c9f6-cd09-4c20-b089-15370345e45b.webp","images/BGAMING__Wild_Chicago__13426.webp"
"13387","410039","Luck & Magic","BGAMING","5","https://pub.imgscache.com/compic/6bc88365-a75f-4f26-9d3a-a12c465c97d3.webp","images/BGAMING__Luck_Magic__13387.webp"
"11731","twinspinextr94f1","Twin Spin XXXtreme","NETENT","5","https://pub.imgscache.com/compic/f11db49a-6562-4784-a104-651f2c3a6d39.webp","images/NETENT__Twin_Spin_XXXtreme__11731.webp"
"13097","15","Reel Sugar Frenzy","ReelX","5","https://pub.imgscache.com/compic/7b5d4e7d-dce1-4f47-be03-a00f0b87944f.webp","images/ReelX__Reel_Sugar_Frenzy__13097.webp"
"14088","101","Loong Fa Le","YGR","5","https://pub.imgscache.com/compic/a26ad212-cddf-4873-baaa-587c627487cf.webp","images/YGR__Loong_Fa_Le__14088.webp"
"10844","cirquedelafortun","Cirque de la Fortune","REDTIGER","5","https://pub.imgscache.com/compic/3e85a531-201a-4337-92ee-0c0971e7422c.webp","images/REDTIGER__Cirque_de_la_Fortune__10844.webp"
"10518","39","Piggy Gold","PG","5","https://pub.imgscache.com/compic/9d59051a-7518-4509-a475-05fb5f7f5f9f.webp","images/PG__Piggy_Gold__10518.webp"
"11975","roadragedx100000","Road Rage","NLC","5","https://pub.imgscache.com/compic/0c56deb7-c495-4e40-9198-2a21e7255055.webp","images/NLC__Road_Rage__11975.webp"
"11178","18_268","Diamond Fiesta","RTG","5","https://pub.imgscache.com/compic/6f755129-d2e5-4568-a2e7-9a4e9762f88a.webp","images/RTG__Diamond_Fiesta__11178.webp"
"10934","reelkeeper000000","Reel Keeper","REDTIGER","5","https://pub.imgscache.com/compic/a9738188-04fb-4b7a-927e-40ac30cb9f04.webp","images/REDTIGER__Reel_Keeper__10934.webp"
"12439","vs10cowgold","Cowboys Gold","PP","5","https://pub.imgscache.com/compic/d9d66798-868e-4d8c-aefd-7a769e47cf23.webp","images/PP__Cowboys_Gold__12439.webp"
"14229","vs10fingerlfs","Finger Lick'N Free Spins","PP","5","https://pub.imgscache.com/compic/ea69b8d2-271c-4bf8-ab28-59fe826ed2d5.webp","images/PP__Finger_Lick_N_Free_Spins__14229.webp"
"12017","PSS-ON-00083","My Lord","PLAYSTAR","5","https://pub.imgscache.com/compic/aaed828d-2aa9-4e90-b5b4-e32e3175d0c1.webp","images/PLAYSTAR__My_Lord__12017.webp"
"13959","gpas_uace_pop","Ultra Ace","PT","5","https://pub.imgscache.com/compic/9736c147-f443-4910-b4d4-9436d294b661.webp","images/PT__Ultra_Ace__13959.webp"
"13383","410073","Joker Queen","BGAMING","5","https://pub.imgscache.com/compic/e246a8c0-45e7-4583-b910-102d6e03aebd.webp","images/BGAMING__Joker_Queen__13383.webp"
"11944","pearlharbordx100","Pearl Harbor","NLC","5","https://pub.imgscache.com/compic/770ed0a5-b3c7-431a-b43e-9e5192680e3b.webp","images/NLC__Pearl_Harbor__11944.webp"
"11892","reelkeeperpowerr","Reel Keeper Power Reels","REDTIGER","5","https://pub.imgscache.com/compic/9aa49b5d-4849-4717-b1ab-3af1cb56d529.webp","images/REDTIGER__Reel_Keeper_Power_Reels__11892.webp"
"11150","18_225","Lucha Libre 2","RTG","5","https://pub.imgscache.com/compic/12af4647-95dd-4e88-98ac-92c9c8bfa29b.webp","images/RTG__Lucha_Libre_2__11150.webp"
"14130","1834850","Jack the Giant Hunter","PG","5","https://pub.imgscache.com/compic/e9981a59-06fb-465d-9acf-e8c0817cd902.webp","images/PG__Jack_the_Giant_Hunter__14130.webp"
"13636","War0000000000001","War","EVOLUTION","17","https://pub.imgscache.com/compic/5ef25cb8-19a8-40f6-bf20-87ceb62b5f5f.webp","images/EVOLUTION__War__13636.webp"
"11832","9_9019","Dice","JDB","3","https://pub.imgscache.com/compic/8f89a997-87d0-4090-9d9d-6e5eeb8d4f66.webp","images/JDB__Dice__11832.webp"
"12877","048","Bank Robbery","YGR","5","https://pub.imgscache.com/compic/6f009825-307b-4a0a-977c-b65b55d9a0b5.webp","images/YGR__Bank_Robbery__12877.webp"
"12565","34554","Roulette X","galaxsys","3","https://pub.imgscache.com/compic/8c95d696-3a70-4f31-b764-6b9846a8c352.webp","images/galaxsys__Roulette_X__12565.webp"
"13950","intherabbithole0","In the Rabbit Hole","REDTIGER","5","https://pub.imgscache.com/compic/1f0097c7-8a46-4424-86cb-2846fe531fa7.webp","images/REDTIGER__In_the_Rabbit_Hole__13950.webp"
"11911","bushidowaysdx100","Bushido Ways xNudge","NLC","5","https://pub.imgscache.com/compic/6baa543f-58ee-40f9-b8a2-a38468eeb3c8.webp","images/NLC__Bushido_Ways_xNudge__11911.webp"
"11768","SGNaughtyWukong","Naughty Wukong","HBN","5","https://pub.imgscache.com/compic/582fbf01-13cc-48e9-bcd4-c0c6e66ddfef.webp","images/HBN__Naughty_Wukong__11768.webp"
"11932","karendx100000000","Karen Maneater","NLC","5","https://pub.imgscache.com/compic/7c58e3db-f0fa-4fc5-9008-b8fdb72315a3.webp","images/NLC__Karen_Maneater__11932.webp"
"13340","410157","Aviamasters","BGAMING","3","https://pub.imgscache.com/compic/42456cdb-3ebe-4bfe-8d1d-af5ae332a674.webp","images/BGAMING__Aviamasters__13340.webp"
"14176","253","Video Poker","JILI","8","https://pub.imgscache.com/compic/92cd55ca-5106-4100-a817-0fabbe2f2532.webp","images/JILI__Video_Poker__14176.webp"
"10575","SGNuwa","Nuwa","HBN","5","https://pub.imgscache.com/compic/008ebca0-8bec-4a5d-a1e1-42f7ad4a3a15.webp","images/HBN__Nuwa__10575.webp"
"13380","410061","Halloween Bonanza","BGAMING","5","https://pub.imgscache.com/compic/cb0ae143-df81-47e2-a926-6629177a18f9.webp","images/BGAMING__Halloween_Bonanza__13380.webp"
"12598","fireworksaysv194","Fireworks Megaways","BTG","5","https://pub.imgscache.com/compic/12eaa6b3-e096-4908-abbf-eb1d6e45204d.webp","images/BTG__Fireworks_Megaways__12598.webp"
"12549","407","Crash Goal","JILI","3","https://pub.imgscache.com/compic/20c9209c-3f9e-4b50-8655-6725b033cc4c.webp","images/JILI__Crash_Goal__12549.webp"
"13220","gpas_pstrike_pop","Power Zones: Pyramid Valley","PT","5","https://pub.imgscache.com/compic/82f71075-8ef0-4f94-91d0-094c08e95609.webp","images/PT__Power_Zones_Pyramid_Valley__13220.webp"
"10597","SGFireRooster","Fire Rooster","HBN","5","https://pub.imgscache.com/compic/889d1853-49c9-48da-b1aa-80a202907400.webp","images/HBN__Fire_Rooster__10597.webp"
"11745","SGReturnToTheFeature","Return To The Feature","HBN","5","https://pub.imgscache.com/compic/6255f332-8550-4978-bd16-038cda812109.webp","images/HBN__Return_To_The_Feature__11745.webp"
"14071","stockholmromedx1","Stockholm Syndrome","NLC","5","https://pub.imgscache.com/compic/85e2c762-2b31-46ab-81ef-dcc7364d7c92.webp","images/NLC__Stockholm_Syndrome__14071.webp"
"12891","076","Golden Bay Sands","YGR","5","https://pub.imgscache.com/compic/707d3eda-b10c-4a80-b9f0-ccb23c8d50d7.webp","images/YGR__Golden_Bay_Sands__12891.webp"
"12766","201058","The Respinners","HACKSAW","5","https://pub.imgscache.com/compic/0ae9953c-884c-4710-8e84-530d56d0fe94.webp","images/HACKSAW__The_Respinners__12766.webp"
"13727","SuperEnergy","Super Energy","KA GAMING","5","https://pub.imgscache.com/compic/0d7e3f4b-b72e-42a9-8d92-81405904e48f.webp","images/KA_GAMING__Super_Energy__13727.webp"
"10874","gemsgonewildpowe","Gems Gone Wild Power Reels","REDTIGER","5","https://pub.imgscache.com/compic/ea3556ff-7540-459a-9dab-e93a50723a97.webp","images/REDTIGER__Gems_Gone_Wild_Power_Reels__10874.webp"
"12767","201067","Xpander","HACKSAW","5","https://pub.imgscache.com/compic/f4cd8734-6c88-42b4-bee0-5cbcd62850d7.webp","images/HACKSAW__Xpander__12767.webp"
"13199","gpas_elady_pop","Fire Blaze: Eternal Lady","PT","5","https://pub.imgscache.com/compic/065bcc17-6dda-4d38-a52d-abd8996be563.webp","images/PT__Fire_Blaze_Eternal_Lady__13199.webp"
"12937","1_1100019","Black Myth: Wukong 3","TPG","5","https://pub.imgscache.com/compic/2048f056-37f0-4347-82e0-7c968207f064.webp","images/TPG__Black_Myth_Wukong_3__12937.webp"
"12010","PSS-ON-00047","Elephant","PLAYSTAR","5","https://pub.imgscache.com/compic/a6d2ca3a-e223-480c-a02d-23f277cee5e0.webp","images/PLAYSTAR__Elephant__12010.webp"
"14143","Poker_Roulette","Poker Roulette","KM","8","https://pub.imgscache.com/compic/0be8157b-15b2-481c-a355-971ad9cc7644.webp","images/KM__Poker_Roulette__14143.webp"
"10536","67","Shaolin Soccer","PG","5","https://pub.imgscache.com/compic/b502914b-6f30-48ef-a9f1-fc8eb7e7902d.webp","images/PG__Shaolin_Soccer__10536.webp"
"13813","oqidcfpsuwbl5cqd","Blackjack VIP Gamma","EVOLUTION","17","https://pub.imgscache.com/compic/67fa0ce1-04af-46a9-bc73-0719a1fcc383.webp","images/EVOLUTION__Blackjack_VIP_Gamma__13813.webp"
"13677","FortuneGanesha","Fortune Ganesha","KA GAMING","5","https://pub.imgscache.com/compic/ac1bc975-fab5-4f06-9f71-fc524ec319a9.webp","images/KA_GAMING__Fortune_Ganesha__13677.webp"
"13619","425","Baccarat 7","PP","17","https://pub.imgscache.com/compic/50f61583-796b-41a0-a0ba-aefcb4129049.webp","images/PP__Baccarat_7__13619.webp"
"13703","Mexicaliente","Mexicaliente","KA GAMING","5","https://pub.imgscache.com/compic/fbe53dec-acb7-46ab-bb55-f72c08959e7f.webp","images/KA_GAMING__Mexicaliente__13703.webp"
"11501","18_309","Count Cashtacular","RTG","5","https://pub.imgscache.com/compic/2afb8d40-c95f-4a87-a538-d1727c81d8da.webp","images/RTG__Count_Cashtacular__11501.webp"
"11373","18_295","Sparky 7","RTG","5","https://pub.imgscache.com/compic/12d08edf-aad3-4c16-aea2-1481c7111970.webp","images/RTG__Sparky_7__11373.webp"
"14067","sanquentin2dx100","San Quentin 2: Death Row","NLC","5","https://pub.imgscache.com/compic/0f138221-658d-4b0e-a47e-5c5d18a40799.webp","images/NLC__San_Quentin_2_Death_Row__14067.webp"
"14223","vs10bbbbrnd","Big Bass Boxing Bonus Round","PP","5","https://pub.imgscache.com/compic/8e3d71ac-38e0-44f1-a397-03284e66b077.webp","images/PP__Big_Bass_Boxing_Bonus_Round__14223.webp"
"13978","1_104","Lucky 7","TPG","5","https://pub.imgscache.com/compic/b5093381-f688-4e9a-9ec0-3e9d692a6b83.webp","images/TPG__Lucky_7__13978.webp"
"12769","201172","Break Bones","HACKSAW","5","https://pub.imgscache.com/compic/ea132f26-785f-4a31-82c1-c6100e8764ea.webp","images/HACKSAW__Break_Bones__12769.webp"
"10532","63","Dragon Tiger Luck","PG","5","https://pub.imgscache.com/compic/294c0329-e9f3-456b-aa96-c4a88ddb1635.webp","images/PG__Dragon_Tiger_Luck__10532.webp"
"13610","222","German Roulette","PP","17","https://pub.imgscache.com/compic/09736ab9-f5bf-4ba4-bbd3-112e140fd038.webp","images/PP__German_Roulette__13610.webp"
"10531","64","Muay Thai Champion","PG","5","https://pub.imgscache.com/compic/9bfaf4a8-71e6-4f6d-861a-b1fd32ba5224.webp","images/PG__Muay_Thai_Champion__10531.webp"
"14027","201524","Life and Death","HACKSAW","5","https://pub.imgscache.com/compic/3525f27d-d298-449d-8f73-a9f7301a3f96.webp","images/HACKSAW__Life_and_Death__14027.webp"
"12443","vswaysultrcoin","Cowboy Coins","PP","5","https://pub.imgscache.com/compic/086c1571-b870-49c2-abc4-ea5b09cb7cbf.webp","images/PP__Cowboy_Coins__12443.webp"
"13419","410149","Train To Rio Grande","BGAMING","5","https://pub.imgscache.com/compic/f9ce4f6e-de24-45ec-af0d-bd2c8748884f.webp","images/BGAMING__Train_To_Rio_Grande__13419.webp"
"10603","SGSuperTwister","Super Twister","HBN","5","https://pub.imgscache.com/compic/5e3b5b06-7ffd-473d-ac66-b77347f58d2b.webp","images/HBN__Super_Twister__10603.webp"
"13432","slot009","Kanto Feast","Spin Master","5","https://pub.imgscache.com/compic/c3c95248-5f02-4f22-81ec-ea8a5beed436.webp","images/Spin_Master__Kanto_Feast__13432.webp"
"13554","401","Baccarat 1","PP","17","https://pub.imgscache.com/compic/ead56d8c-48b3-4c14-886f-4b42572690a7.webp","images/PP__Baccarat_1__13554.webp"
"12993","gpas_rwizard_pop","Fire Blaze: Red Wizard","PT","5","https://pub.imgscache.com/compic/de22b728-d102-4deb-8a16-a9a24912ddc5.webp","images/PT__Fire_Blaze_Red_Wizard__12993.webp"
"13919","315","Little Farm Hold and Win","BNG","5","https://pub.imgscache.com/compic/b9c55aac-2c8d-4468-a7c5-2bc48807a2d2.webp","images/BNG__Little_Farm_Hold_and_Win__13919.webp"
"14291","880159","Pumpkin Smash","YGG","5","https://pub.imgscache.com/compic/f255b66d-059b-494a-bfe4-1a0ddf1026f5.webp","images/YGG__Pumpkin_Smash__14291.webp"
"13652","BonusMania","Bonus Mania","KA GAMING","5","https://pub.imgscache.com/compic/711da564-7375-4133-b061-51f68352902f.webp","images/KA_GAMING__Bonus_Mania__13652.webp"
"11132","18_188","Fucanglong","RTG","5","https://pub.imgscache.com/compic/cd769401-24f3-4f9a-a8f9-bb2f86bec37b.webp","images/RTG__Fucanglong__11132.webp"
"14102","StandAloneMinesRaider","Mines Raider","GEMH","8","https://pub.imgscache.com/compic/e85a98b1-9e28-4b32-97bc-0f70df12407e.webp","images/GEMH__Mines_Raider__14102.webp"
"11504","18_325","Doragon's Gems","RTG","5","https://pub.imgscache.com/compic/5f386cce-e9ce-4cd4-9eb8-4a7f0a637065.webp","images/RTG__Doragon_s_Gems__11504.webp"
"10617","SGAllForOne","All For One","HBN","5","https://pub.imgscache.com/compic/5ef246b7-3590-42b1-8ee9-d0313c278a67.webp","images/HBN__All_For_One__10617.webp"
"12610","millionairev1950","Millionaire Megaways","BTG","5","https://pub.imgscache.com/compic/b53349ea-a245-49cb-befd-5115a42ccd76.webp","images/BTG__Millionaire_Megaways__12610.webp"
"14070","punkrocker200000","Punk Rocker 2","NLC","5","https://pub.imgscache.com/compic/56a2b814-36b8-4204-b154-ec40f69e2de3.webp","images/NLC__Punk_Rocker_2__14070.webp"
"10962","vaultofanubis000","Vault of Anubis","REDTIGER","5","https://pub.imgscache.com/compic/8c20d7fa-0b03-4b27-93c6-ae6723ffcb48.webp","images/REDTIGER__Vault_of_Anubis__10962.webp"
"14098","StandAloneMinesNE","Mines Neon","GEMH","8","https://pub.imgscache.com/compic/158ece5e-2f89-46ba-9742-599ce71c66a5.webp","images/GEMH__Mines_Neon__14098.webp"
"12907","045","Rich Mahjong 2","YGR","5","https://pub.imgscache.com/compic/27c99e92-56a8-4342-9209-89fa32b5a4b4.webp","images/YGR__Rich_Mahjong_2__12907.webp"
"11757","SGMightyMedusa","Mighty Medusa","HBN","5","https://pub.imgscache.com/compic/dc920713-8d42-442e-9a27-6d841649efa7.webp","images/HBN__Mighty_Medusa__11757.webp"
"13186","PSS-ON-00171","Mahjong Origin","PLAYSTAR","5","https://pub.imgscache.com/compic/9ebf615b-451d-4e73-bfbf-885d69042433.webp","images/PLAYSTAR__Mahjong_Origin__13186.webp"
"12739","201098","Harvest Wilds","HACKSAW","5","https://pub.imgscache.com/compic/878d8b0e-2a07-4fc6-9cdd-3d459ef5809b.webp","images/HACKSAW__Harvest_Wilds__12739.webp"
"13204","gpas_squeen_pop","Fire Blaze: Sky Queen","PT","5","https://pub.imgscache.com/compic/8cdb32be-7d75-45b7-9562-32d46c288ac5.webp","images/PT__Fire_Blaze_Sky_Queen__13204.webp"
"13812","oqic5sqbt25322zm","Blackjack VIP Beta","EVOLUTION","17","https://pub.imgscache.com/compic/31a59f24-dde7-4f88-8414-a3a638ced125.webp","images/EVOLUTION__Blackjack_VIP_Beta__13812.webp"
"14000","VPCQS04","Super Power Bank","CQ9","5","https://pub.imgscache.com/compic/ca2148e1-6f3e-476f-89d1-a1d7f8b5b61f.webp","images/CQ9__Super_Power_Bank__14000.webp"
"12926","1850016","Incan Wonders","PG","5","https://pub.imgscache.com/compic/cb3e05ac-7692-409a-aca7-b719a5409c07.webp","images/PG__Incan_Wonders__12926.webp"
"11914","dasxbootdx100000","Das xBoot","NLC","5","https://pub.imgscache.com/compic/8bf6f606-a658-4398-89ba-b569410d1f92.webp","images/NLC__Das_xBoot__11914.webp"
"11865","gemsinfernomegaw","Gems Inferno Megaways™","REDTIGER","5","https://pub.imgscache.com/compic/4819d8c9-2a77-44d7-9f79-7179f26b695d.webp","images/REDTIGER__Gems_Inferno_Megaways__11865.webp"
"13541","thunderhawk","Thunderhawk","PNS","5","https://pub.imgscache.com/compic/4c328841-3cf9-4f55-ad3a-eb4de2fc53ea.webp","images/PNS__Thunderhawk__13541.webp"
"12559","38081","Maestro","galaxsys","3","https://pub.imgscache.com/compic/349ab408-1ad9-48f2-a494-2c5d1364da31.webp","images/galaxsys__Maestro__12559.webp"
"13709","MythicalBeast","Mythical Beast","KA GAMING","8","https://pub.imgscache.com/compic/9a4fd948-5c32-4e62-9881-9493ee4bc24e.webp","images/KA_GAMING__Mythical_Beast__13709.webp"
"11736","jackandbeanr94f1","Jack and the Beanstalk Remastered","NETENT","5","https://pub.imgscache.com/compic/843651b4-276d-41b4-b726-5ce66c1d77a5.webp","images/NETENT__Jack_and_the_Beanstalk_Remastered__11736.webp"
"11676","74","TreasureBowl","CQ9","5","https://pub.imgscache.com/compic/cdb57983-f6b0-4676-ad4e-4c7fc1f3fcdc.webp","images/CQ9__TreasureBowl__11676.webp"
"14146","Plinko","Plinko","KM","8","https://pub.imgscache.com/compic/e309b260-b812-408f-b767-3688cf34869f.webp","images/KM__Plinko__14146.webp"
"13373","410019","Gemza","BGAMING","5","https://pub.imgscache.com/compic/11ad9ed4-d241-4f97-a18f-52be1d615cd8.webp","images/BGAMING__Gemza__13373.webp"
"12634","wildunicornsv100","Wild Unicorns","BTG","5","https://pub.imgscache.com/compic/d1d8ea7f-cd67-4188-babc-f8158d7ae7c3.webp","images/BTG__Wild_Unicorns__12634.webp"
"13344","410041","Beast Band","BGAMING","5","https://pub.imgscache.com/compic/59a478a6-6d89-4c35-b1d7-eb7037089050.webp","images/BGAMING__Beast_Band__13344.webp"
"12227","1338274","Totem Wonders","PG","5","https://pub.imgscache.com/compic/341a0b31-011c-48d0-ac7c-795bce74ce88.webp","images/PG__Totem_Wonders__12227.webp"
"12018","PSS-ON-00085","Aurora Wolf","PLAYSTAR","5","https://pub.imgscache.com/compic/699ebd6c-b866-4bd9-95d0-2ef19fe1742c.webp","images/PLAYSTAR__Aurora_Wolf__12018.webp"
"11432","DoubleBallRou001","Double Ball Roulette","EVOLUTION","17","https://pub.imgscache.com/compic/1a43c2a0-42eb-4b34-9eff-a9afd4f91f6c.webp","images/EVOLUTION__Double_Ball_Roulette__11432.webp"
"10605","SGArcaneElements","Arcane Elements","HBN","5","https://pub.imgscache.com/compic/d1f04350-edd0-4057-8378-692025369873.webp","images/HBN__Arcane_Elements__10605.webp"
"11850","londontube000000","London Tube","REDTIGER","5","https://pub.imgscache.com/compic/439fbe78-6680-4579-a439-ed58006d6433.webp","images/REDTIGER__London_Tube__11850.webp"
"12652","GB15","Hero of the 3 Kingdoms - Cao Cao","CQ9","5","https://pub.imgscache.com/compic/e66979f3-7417-44ae-83d4-ced9007ff3b5.webp","images/CQ9__Hero_of_the_3_Kingdoms_-_Cao_Cao__12652.webp"
"11841","andar","Andar Bahar","GameZone","3","https://pub.imgscache.com/compic/a7ee407c-55bf-4149-9d38-4a496758dd69.webp","images/GameZone__Andar_Bahar__11841.webp"
"11035","180","Gu Gu Gu 3","CQ9","5","https://pub.imgscache.com/compic/6d0a7d56-2d66-42c8-b4ac-0cb267c208b5.webp","images/CQ9__Gu_Gu_Gu_3__11035.webp"
"11002","83","Fire Queen","CQ9","5","https://pub.imgscache.com/compic/f025bfe3-9f7a-4a63-8ed6-b10722c54e19.webp","images/CQ9__Fire_Queen__11002.webp"
"14084","098","Dinosaur Egg 2","YGR","5","https://pub.imgscache.com/compic/021512b9-1c4a-4029-b2ae-a85713d71014.webp","images/YGR__Dinosaur_Egg_2__14084.webp"
"11020","131","Fa Cai Shen M","CQ9","5","https://pub.imgscache.com/compic/35028b4f-ff85-4ace-93ba-0dc88648d6ce.webp","images/CQ9__Fa_Cai_Shen_M__11020.webp"
"13348","410034","Bone Bonanza","BGAMING","5","https://pub.imgscache.com/compic/ef0b4a26-6ff0-4c28-8617-318085747174.webp","images/BGAMING__Bone_Bonanza__13348.webp"
"11160","18_237","Gods of Nature","RTG","5","https://pub.imgscache.com/compic/caa94bdf-9eff-4d3b-96d9-3b7082eea696.webp","images/RTG__Gods_of_Nature__11160.webp"
"11930","immortalfuitsdx1","Immortal Fruits","NLC","5","https://pub.imgscache.com/compic/afc818b8-cd9e-4a22-afd9-532bd0d596b1.webp","images/NLC__Immortal_Fruits__11930.webp"
"12183","theracev19500000","The Race","BTG","5","https://pub.imgscache.com/compic/3da30ec9-c908-4741-ba01-63cc0413107f.webp","images/BTG__The_Race__12183.webp"
"13427","410012","Wild Heart","BGAMING","5","https://pub.imgscache.com/compic/5b9cdce0-8258-49b6-992d-4076eebe4489.webp","images/BGAMING__Wild_Heart__13427.webp"
"12431","vswaysalterego","The Alter Ego","PP","5","https://pub.imgscache.com/compic/f6bc2d34-5395-4cc8-995c-e9253d13273f.webp","images/PP__The_Alter_Ego__12431.webp"
"10635","SGGrapeEscape","Grape Escape","HBN","5","https://pub.imgscache.com/compic/1291b4b7-afbc-4b8e-b396-fe95a3103983.webp","images/HBN__Grape_Escape__10635.webp"
"11868","ancientdisco0000","Ancient Disco","REDTIGER","5","https://pub.imgscache.com/compic/ad927d81-cfc8-4c02-8895-f076e732d533.webp","images/REDTIGER__Ancient_Disco__11868.webp"
"13962","gpas_bcircus_pop","Mega Fire Blaze: Big Circus!","PT","5","https://pub.imgscache.com/compic/65879b39-e8a4-4521-978a-9ce1f1fb3e36.webp","images/PT__Mega_Fire_Blaze_Big_Circus__13962.webp"
"13611","434","Fortune 6 Baccarat","PP","17","https://pub.imgscache.com/compic/c0731ff5-8efb-4b0c-aad9-3ea14fb90280.webp","images/PP__Fortune_6_Baccarat__13611.webp"
"13404","410002","Panda Luck","BGAMING","5","https://pub.imgscache.com/compic/c526325f-7865-4ea4-8c13-5f49c7f7d84b.webp","images/BGAMING__Panda_Luck__13404.webp"
"12624","slotvegasoadedv1","Slot Vegas - Fully Loaded","BTG","5","https://pub.imgscache.com/compic/4d99b42f-290c-4ede-93e5-b45f754fd863.webp","images/BTG__Slot_Vegas_-_Fully_Loaded__12624.webp"
"13414","410058","Soccermania","BGAMING","5","https://pub.imgscache.com/compic/ae33a11c-f816-41ed-8ba3-97abab1d0572.webp","images/BGAMING__Soccermania__13414.webp"
"10644","SGMysticFortune","Mystic Fortune","HBN","5","https://pub.imgscache.com/compic/4d68b982-aeb1-45db-ab4f-4c311698e1b1.webp","images/HBN__Mystic_Fortune__10644.webp"
"14099","StandAloneMinesMA","Mines Maple","GEMH","8","https://pub.imgscache.com/compic/302de3d2-b88e-450e-a525-fc71eadb2db5.webp","images/GEMH__Mines_Maple__14099.webp"
"11998","truekultdx100000","True Kult","NLC","5","https://pub.imgscache.com/compic/a69e5802-deaa-4e0f-a153-c0d3f3244d94.webp","images/NLC__True_Kult__11998.webp"
"11977","sanquentindx1000","San Quentin xWays","NLC","5","https://pub.imgscache.com/compic/a2935688-9943-4fa6-973d-c9007d7a064a.webp","images/NLC__San_Quentin_xWays__11977.webp"
"11929","iceiceyetidx1000","Ice Ice Yeti","NLC","5","https://pub.imgscache.com/compic/de1da3e8-f842-4628-b2ee-ec9e286113bb.webp","images/NLC__Ice_Ice_Yeti__11929.webp"
"12020","PSS-ON-00092","Tomb Treasure","PLAYSTAR","5","https://pub.imgscache.com/compic/852cfca9-1d5f-4506-bbd0-447c908190fa.webp","images/PLAYSTAR__Tomb_Treasure__12020.webp"
"13615","481","Chinese Speed Baccarat 1","PP","17","https://pub.imgscache.com/compic/252f3028-7fa1-4c7a-9c82-b4ea1d2f176c.webp","images/PP__Chinese_Speed_Baccarat_1__13615.webp"
"13008","ubal;nc_bal_speedbaccarat2","Baccarat Brasileira NC","PT","17","https://pub.imgscache.com/compic/b88c8355-2865-423d-a739-405a7fa25ca5.webp","images/PT__Baccarat_Brasileira_NC__13008.webp"
"14197","vs20daydead","Day of Dead","PP","5","https://pub.imgscache.com/compic/90538d94-9ee0-47b0-8e14-f9aa5837aed7.webp","images/PP__Day_of_Dead__14197.webp"
"13377","410156","Gold Magnate","BGAMING","5","https://pub.imgscache.com/compic/501df6f0-42d5-4e7d-a175-b931134b65b4.webp","images/BGAMING__Gold_Magnate__13377.webp"
"14004","VPCQS10","Crazy Crazy 3","CQ9","5","https://pub.imgscache.com/compic/04ec13bd-fa0e-4122-955d-66af35bde340.webp","images/CQ9__Crazy_Crazy_3__14004.webp"
"12713","201312","Xmas Drop","HACKSAW","5","https://pub.imgscache.com/compic/11ffb572-ea91-49de-a1e7-8740f3e04fb9.webp","images/HACKSAW__Xmas_Drop__12713.webp"
"13678","FortuneStar","Fortune Star Lock 2 Spin","KA GAMING","5","https://pub.imgscache.com/compic/4dd43508-9b4c-42e1-a0bf-c2ce9c3b5933.webp","images/KA_GAMING__Fortune_Star_Lock_2_Spin__13678.webp"
"11031","161","Hercules","CQ9","5","https://pub.imgscache.com/compic/cdc70eb9-e39a-4424-8270-922d0f7526fa.webp","images/CQ9__Hercules__11031.webp"
"13051","rofl;rofl_loungerol","French Roulette","PT","17","https://pub.imgscache.com/compic/56c314d7-d296-4df2-bef2-cdc3249e48d9.webp","images/PT__French_Roulette__13051.webp"
"11538","10_4","Go Gold Fishing 360","TPG","8","https://pub.imgscache.com/compic/c149174b-2d48-41eb-af70-a020e496250b.webp","images/TPG__Go_Gold_Fishing_360__11538.webp"
"13412","410023","Slot Machine","BGAMING","5","https://pub.imgscache.com/compic/8be147ac-14aa-4d14-bb87-82d2d6c4366f.webp","images/BGAMING__Slot_Machine__13412.webp"
"12021","PSS-ON-00093","Love","PLAYSTAR","5","https://pub.imgscache.com/compic/48e4e793-52f2-4a36-a121-4aa0d4e1771c.webp","images/PLAYSTAR__Love__12021.webp"
"13372","410043","Gemhalla","BGAMING","5","https://pub.imgscache.com/compic/3ca458f2-7f5f-496d-9ef7-3610ec33ea8f.webp","images/BGAMING__Gemhalla__13372.webp"
"13201","gpas_tsgift_pop","Fire Blaze: Tsai Shen's Gift","PT","5","https://pub.imgscache.com/compic/fdb25cff-149d-4a94-87aa-e402bf89d58b.webp","images/PT__Fire_Blaze_Tsai_Shen_s_Gift__13201.webp"
"13391","410005","Lucky Dragon Multidice X","BGAMING","5","https://pub.imgscache.com/compic/ab9f1c55-d41c-46b2-929f-223bcb5397e6.webp","images/BGAMING__Lucky_Dragon_Multidice_X__13391.webp"
"12019","PSS-ON-00086","Santa Claus","PLAYSTAR","5","https://pub.imgscache.com/compic/51fe2a88-ffc5-4caa-91e8-9397feafe559.webp","images/PLAYSTAR__Santa_Claus__12019.webp"
"12919","099","Magic Treasure","YGR","5","https://pub.imgscache.com/compic/cb1edf78-a043-4e3a-90b6-23c5d75cd809.webp","images/YGR__Magic_Treasure__12919.webp"
"13354","410172","Catdiana","BGAMING","5","https://pub.imgscache.com/compic/5ccc288b-762a-4af2-a5e1-34fc00c751bf.webp","images/BGAMING__Catdiana__13354.webp"
"12608","maxmegawaysv1000","Max Megaways","BTG","5","https://pub.imgscache.com/compic/8290bd38-a110-4d4e-9ce5-08e241d75d90.webp","images/BTG__Max_Megaways__12608.webp"
"12901","073","Neon Night","YGR","5","https://pub.imgscache.com/compic/567eb1c3-9f06-41f4-a821-a8e41bfef930.webp","images/YGR__Neon_Night__12901.webp"
"11890","magicpowersmegaw","Magic Powers Megaways™","REDTIGER","5","https://pub.imgscache.com/compic/78708f3d-714d-4e03-a9eb-87e1b78b6621.webp","images/REDTIGER__Magic_Powers_Megaways__11890.webp"
"13682","GoldMagic","Gold Magic","KA GAMING","5","https://pub.imgscache.com/compic/819cb0ea-7e4b-43af-9a7b-bf26d7ce30a3.webp","images/KA_GAMING__Gold_Magic__13682.webp"
"11941","miseryminingdx10","Misery Mining","NLC","5","https://pub.imgscache.com/compic/af703d99-6aee-4810-8558-176841d83214.webp","images/NLC__Misery_Mining__11941.webp"
"10841","cashvolt00000000","Cash volt","REDTIGER","5","https://pub.imgscache.com/compic/101667b0-0c5c-4c46-82fc-fa42e93dd0f9.webp","images/REDTIGER__Cash_volt__10841.webp"
"12862","217","Mahjong Fruit","CQ9","3","https://pub.imgscache.com/compic/524f1748-5972-4f2f-8be4-96ae5ca81ec4.webp","images/CQ9__Mahjong_Fruit__12862.webp"
"10821","gunsnrosesr40000","Guns N' Roses Video Slots","NETENT","5","https://pub.imgscache.com/compic/17af31b1-948a-489e-ac44-4f4e5b3e58eb.webp","images/NETENT__Guns_N_Roses_Video_Slots__10821.webp"
"10638","SGJungleRumble","Jungle Rumble","HBN","5","https://pub.imgscache.com/compic/55a46aa8-f70b-4fff-ad91-6abada4f7df3.webp","images/HBN__Jungle_Rumble__10638.webp"
"13364","410060","Elvis Frog True Ways","BGAMING","5","https://pub.imgscache.com/compic/e5889773-63ef-46fd-b8a9-1a1c31a6b752.webp","images/BGAMING__Elvis_Frog_True_Ways__13364.webp"
"12422","vs20drgbless","Dragon Hero","PP","5","https://pub.imgscache.com/compic/baf5912b-5dff-4f1f-995e-3662fe1d4140.webp","images/PP__Dragon_Hero__12422.webp"
"12256","94","Bali Vacation","PG","5","https://pub.imgscache.com/compic/6f176139-b01c-4a78-8a65-c778a60e202b.webp","images/PG__Bali_Vacation__12256.webp"
"13385","410150","Kraken'S Hunger","BGAMING","5","https://pub.imgscache.com/compic/a257b999-904f-4b95-8a2f-ec0f2d9faac8.webp","images/BGAMING__Kraken_S_Hunger__13385.webp"
"12721","201082","Cash Quest","HACKSAW","5","https://pub.imgscache.com/compic/a10fcde3-ae94-4da9-affe-d24bd02f0123.webp","images/HACKSAW__Cash_Quest__12721.webp"
"12643","069","Barista BONANZA","YGR","5","https://pub.imgscache.com/compic/47477951-e674-45b3-ac98-ae3604a59717.webp","images/YGR__Barista_BONANZA__12643.webp"
"10855","dragonsfiremegaw","Dragon's Fire Megaways","REDTIGER","5","https://pub.imgscache.com/compic/4e20607d-ac38-4d0f-9568-7dbfe75d94dc.webp","images/REDTIGER__Dragon_s_Fire_Megaways__10855.webp"
"14225","vs10chillihmr","Chilli Heat Spicy Spins","PP","5","https://pub.imgscache.com/compic/356987f1-a892-4ebb-b3bf-efdbe73da34e.webp","images/PP__Chilli_Heat_Spicy_Spins__14225.webp"
"13424","410036","Wild Cash Dice","BGAMING","5","https://pub.imgscache.com/compic/461c2114-7a4e-49cc-b6f4-47806d65abd8.webp","images/BGAMING__Wild_Cash_Dice__13424.webp"
"10669","SGZeus2","Zeus 2","HBN","5","https://pub.imgscache.com/compic/9fc425a9-92d5-4092-bcc4-b2206692f012.webp","images/HBN__Zeus_2__10669.webp"
"12893","024","Lightning Respin 7","YGR","5","https://pub.imgscache.com/compic/a553e4a7-7637-463b-a0cb-0fed7b981d7c.webp","images/YGR__Lightning_Respin_7__12893.webp"
"11140","18_198","Kung Fu Rooster","RTG","5","https://pub.imgscache.com/compic/417486c9-9719-4741-96a3-e96191c31a40.webp","images/RTG__Kung_Fu_Rooster__11140.webp"
"11848","monstersunchaine","Monsters Unchained","REDTIGER","5","https://pub.imgscache.com/compic/094d2302-a0d5-4c71-8e04-302267ec2b30.webp","images/REDTIGER__Monsters_Unchained__11848.webp"
"11540","10_10","Gold Cai Shen Fishing 2","TPG","8","https://pub.imgscache.com/compic/0b4c6500-dcbc-46b4-a6c5-f10a5e7e656d.webp","images/TPG__Gold_Cai_Shen_Fishing_2__11540.webp"
"13216","gpas_pmoon_pop","Panther Moon","PT","5","https://pub.imgscache.com/compic/9a486522-f9b9-434f-b16a-466fce02d748.webp","images/PT__Panther_Moon__13216.webp"
"10770","0_8014","Lucky Lion","JDB","5","https://pub.imgscache.com/compic/6f2dbac0-6402-4587-b1fc-11901d50d301.webp","images/JDB__Lucky_Lion__10770.webp"
"14240","vswaysmltchmgw","Raging Waterfall Megaways","PP","5","https://pub.imgscache.com/compic/ca094140-b6da-4eca-b0a3-35b14897b83f.webp","images/PP__Raging_Waterfall_Megaways__14240.webp"
"10652","SGRodeoDrive","Rodeo Drive","HBN","5","https://pub.imgscache.com/compic/9bdee622-83b3-42ca-a9ed-3b26ffffa65e.webp","images/HBN__Rodeo_Drive__10652.webp"
"11539","10_9","GODZ Fishing","TPG","8","https://pub.imgscache.com/compic/62800431-f702-487b-bba6-15862cbdb432.webp","images/TPG__GODZ_Fishing__11539.webp"
"12911","072","Temple Adventure","YGR","5","https://pub.imgscache.com/compic/03d202b6-351e-4431-bb6d-301df6e00803.webp","images/YGR__Temple_Adventure__12911.webp"
"10567","SGLuckyFortuneCat","Lucky Fortune Cat","HBN","5","https://pub.imgscache.com/compic/3bcf6a6a-5a65-4ec0-8f6d-b307bfe376e6.webp","images/HBN__Lucky_Fortune_Cat__10567.webp"
"11730","wondersofmasr0f0","Wonders of Christmas","NETENT","5","https://pub.imgscache.com/compic/a3f38a46-0a91-41ee-a88e-bee95decd751.webp","images/NETENT__Wonders_of_Christmas__11730.webp"
"12874","050","10x Lions 7","YGR","5","https://pub.imgscache.com/compic/c3d01c3d-11fc-4307-8e25-005d3eaa1721.webp","images/YGR__10x_Lions_7__12874.webp"
"12096","1005","Casino Fantasy","YB","5","https://pub.imgscache.com/compic/300daae3-1e86-4820-a71e-3878ad8ea3f9.webp","images/YB__Casino_Fantasy__12096.webp"
"13213","gpas_mwilds_pop","Midnight Wilds","PT","5","https://pub.imgscache.com/compic/4827fb35-2972-4d11-8498-d35007c18a6f.webp","images/PT__Midnight_Wilds__13213.webp"
"10589","SGSantasVillage","Santa's Village","HBN","5","https://pub.imgscache.com/compic/816f801f-6d78-460c-bd17-fe10e0c246d5.webp","images/HBN__Santa_s_Village__10589.webp"
"11864","desertlegendsspi","Desert Legends Spin","REDTIGER","5","https://pub.imgscache.com/compic/714404da-207c-4722-a6cb-9e1ebcca7224.webp","images/REDTIGER__Desert_Legends_Spin__11864.webp"
"13528","pop-cop","Pop Cop","PNS","5","https://pub.imgscache.com/compic/f7c94364-aa37-458e-a251-4a740a0302b1.webp","images/PNS__Pop_Cop__13528.webp"
"12733","201224","Fear the Dark","HACKSAW","5","https://pub.imgscache.com/compic/73cb5662-a8c6-4075-b994-c55889d3d0ff.webp","images/HACKSAW__Fear_the_Dark__12733.webp"
"13616","237","Brazilian Roulette","PP","17","https://pub.imgscache.com/compic/6a852fbb-12de-4e78-89de-3919b2e10773.webp","images/PP__Brazilian_Roulette__13616.webp"
"12085","2014","Crash","galaxsys","3","https://pub.imgscache.com/compic/6316627d-9706-463d-9ba5-8929c185078b.webp","images/galaxsys__Crash__12085.webp"
"12765","201102","The Bowery Boys","HACKSAW","5","https://pub.imgscache.com/compic/bcc26c10-b988-4f61-a7a5-27e8fa7706e8.webp","images/HACKSAW__The_Bowery_Boys__12765.webp"
"10858","dragonsluckmegaw","Dragon's Luck Megaways","REDTIGER","5","https://pub.imgscache.com/compic/a732b526-d503-4cd9-bbe6-d74959fe30c1.webp","images/REDTIGER__Dragon_s_Luck_Megaways__10858.webp"
"13921","37","NIGHT CITY","JILI","5","https://pub.imgscache.com/compic/6be1c63d-5971-4f41-a068-25a3650b7cf4.webp","images/JILI__NIGHT_CITY__13921.webp"
"10999","72","Happy Rich Year","CQ9","5","https://pub.imgscache.com/compic/eac5ed53-5d2b-4242-b98c-1bcf1a8c283f.webp","images/CQ9__Happy_Rich_Year__10999.webp"
"11522","18_351","Warrior Conquest","RTG","5","https://pub.imgscache.com/compic/73220b97-9853-42e1-aaae-57f555a3ac3f.webp","images/RTG__Warrior_Conquest__11522.webp"
"12589","chocolatesv19400","Chocolates","BTG","5","https://pub.imgscache.com/compic/e3871355-5ffb-43b7-82f4-530ad4b08edc.webp","images/BTG__Chocolates__12589.webp"
"13283","110203","Hot Rio Nights Bonus Buy","EVOPLAY","5","https://pub.imgscache.com/compic/0db8f2c5-30d2-432f-adf5-4cfeded7bbad.webp","images/EVOPLAY__Hot_Rio_Nights_Bonus_Buy__13283.webp"
"13384","410183","Joker'S Million","BGAMING","5","https://pub.imgscache.com/compic/46afe8ff-60e6-4fda-808e-a567244b6333.webp","images/BGAMING__Joker_S_Million__13384.webp"
"12184","bonanzav29500000","Bonanza","BTG","5","https://pub.imgscache.com/compic/089fa470-747d-453e-a323-9577eb50a7ea.webp","images/BTG__Bonanza__12184.webp"
"12629","vegasmegawaysv10","Vegas Megaways","BTG","5","https://pub.imgscache.com/compic/c3643855-1688-4eb4-b4dd-f852c4aa94b6.webp","images/BTG__Vegas_Megaways__12629.webp"
"10541","82","Phoenix Rises","PG","5","https://pub.imgscache.com/compic/a3a8a241-3094-4173-9260-e98229cf5d7e.webp","images/PG__Phoenix_Rises__10541.webp"
"10839","bombuster0000000","Bombuster","REDTIGER","5","https://pub.imgscache.com/compic/cc436209-da0e-432b-a9e2-a6ae4ff056ba.webp","images/REDTIGER__Bombuster__10839.webp"
"14164","389","Fish Prawn Crab","JILI","17","https://pub.imgscache.com/compic/6fa4a6ca-8c16-497c-ab86-0ecdb7dcd39d.webp","images/JILI__Fish_Prawn_Crab__14164.webp"
"14195","vs20honey","Honey Honey Honey","PP","5","https://pub.imgscache.com/compic/628417b2-85b4-40ce-b51b-5e4057fb6481.webp","images/PP__Honey_Honey_Honey__14195.webp"
"12789","KYS-H5-99998","Lucky Tiger","5G","5","https://pub.imgscache.com/compic/63a93d81-8fdb-41f3-9fd4-50583be610f1.webp","images/5G__Lucky_Tiger__12789.webp"
"13763","xphpcthv8e6ivc16","Blackjack B","EVOLUTION","17","https://pub.imgscache.com/compic/f53f8977-6a52-43fd-afb9-d425f1eba18b.webp","images/EVOLUTION__Blackjack_B__13763.webp"
"11165","18_244","Pig Winner","RTG","5","https://pub.imgscache.com/compic/b8f877eb-9400-4365-84d9-a6e404913b7c.webp","images/RTG__Pig_Winner__11165.webp"
"13973","1_1100009","Civilization Of Bull Bull 2","TPG","5","https://pub.imgscache.com/compic/3ec880b5-77ea-4116-b635-328112150dad.webp","images/TPG__Civilization_Of_Bull_Bull_2__13973.webp"
"11737","cupcakesr1f10000","Cupcakes","NETENT","5","https://pub.imgscache.com/compic/07faa9af-da40-49d5-be6d-cb0479156f6f.webp","images/NETENT__Cupcakes__11737.webp"
"12556","35838","Scratch Map","galaxsys","3","https://pub.imgscache.com/compic/6b0fcc29-fed7-402c-807f-1bcdb3fd20b4.webp","images/galaxsys__Scratch_Map__12556.webp"
"11988","truegritdx100000","True Grit Redemption","NLC","5","https://pub.imgscache.com/compic/7a3f0a9a-116d-42bd-80ed-16b562f69652.webp","images/NLC__True_Grit_Redemption__11988.webp"
"12863","224","K.O. Island","CQ9","3","https://pub.imgscache.com/compic/fae3d6f0-3844-4ffb-a73f-f41431b1f7e2.webp","images/CQ9__K.O._Island__12863.webp"
"14254","bjl;blj_blackjack3","Blackjack 3","PT","17","https://pub.imgscache.com/compic/b8bb50f9-6c58-451e-a995-3d24bbe29a28.webp","images/PT__Blackjack_3__14254.webp"
"12137","vs20schristmas","Starlight Christmas","PP","5","https://pub.imgscache.com/compic/13dc0946-5eac-4979-8fad-ece8bdb5f5e4.webp","images/PP__Starlight_Christmas__12137.webp"
"11364","reefraiderr20000","Reef Raider","NETENT","5","https://pub.imgscache.com/compic/6065cfb2-d2d4-4a9d-a0c4-2320ea05deab.webp","images/NETENT__Reef_Raider__11364.webp"
"14007","137","DiscoNight M","CQ9","5","https://pub.imgscache.com/compic/fac07f76-1df1-4fe3-b9ae-b6362c0d0645.webp","images/CQ9__DiscoNight_M__14007.webp"
"10571","SGNaughtySanta","Naughty Santa","HBN","5","https://pub.imgscache.com/compic/3649995f-b069-4fd7-944e-76b6546e60b4.webp","images/HBN__Naughty_Santa__10571.webp"
"13005","abjl;abjl_allbetsblackjack","All Bets Blackjack","PT","17","https://pub.imgscache.com/compic/e92de0e6-c1d7-4291-ba70-e2525518ba54.webp","images/PT__All_Bets_Blackjack__13005.webp"
"11989","walkofshamedx100","Walk of Shame","NLC","5","https://pub.imgscache.com/compic/fe6b06cb-6356-444c-9ccd-c5e998a26001.webp","images/NLC__Walk_of_Shame__11989.webp"
"13420","410025","Tramp Day","BGAMING","5","https://pub.imgscache.com/compic/1959e53c-9bf2-4119-9e14-973b3d3985ad.webp","images/BGAMING__Tramp_Day__13420.webp"
"10815","deadoraliver4000","Dead or Alive","NETENT","5","https://pub.imgscache.com/compic/f19583bb-4d56-4fd6-a41c-6f76f2518786.webp","images/NETENT__Dead_or_Alive__10815.webp"
"14190","vs20powerwild","Mystery Mice","PP","5","https://pub.imgscache.com/compic/7a957326-e975-46b9-ac44-ce692cd2cc55.webp","images/PP__Mystery_Mice__14190.webp"
"11951","PSS-ON-00150","Caishen-Lucky Spread","PLAYSTAR","5","https://pub.imgscache.com/compic/313f6fe5-0772-4003-9a79-5815c67eae6f.webp","images/PLAYSTAR__Caishen-Lucky_Spread__11951.webp"
"10587","SGFourDivineBeasts","Four Divine Beasts","HBN","5","https://pub.imgscache.com/compic/e210adab-3474-482c-9691-f4e8a365ef67.webp","images/HBN__Four_Divine_Beasts__10587.webp"
"10642","SGMrBling","Mr Bling","HBN","5","https://pub.imgscache.com/compic/09face25-8c62-4db3-8b14-837715f060ee.webp","images/HBN__Mr_Bling__10642.webp"
"12567","20786","Cash Show","galaxsys","3","https://pub.imgscache.com/compic/d6ec76a4-0373-4216-a9fc-0c543d8bf65c.webp","images/galaxsys__Cash_Show__12567.webp"
"13351","410086","Candy Monsta","BGAMING","5","https://pub.imgscache.com/compic/ac057afb-af37-4b54-8674-2aa9764859cf.webp","images/BGAMING__Candy_Monsta__13351.webp"
"12953","1_86","Wild West Glory","TPG","5","https://pub.imgscache.com/compic/8198aa86-0bfc-4e18-bf19-e456e29fab84.webp","images/TPG__Wild_West_Glory__12953.webp"
"13693","JokerFruit","Joker Fruit","KA GAMING","5","https://pub.imgscache.com/compic/5e84572f-dd61-4312-9c14-73cf95627172.webp","images/KA_GAMING__Joker_Fruit__13693.webp"
"14073","lonerdx100000000","Loner","NLC","5","https://pub.imgscache.com/compic/929b0716-3f92-4f82-95b2-f5711bda20ec.webp","images/NLC__Loner__14073.webp"
"12899","065","MonteZuma's Treasure","YGR","5","https://pub.imgscache.com/compic/656e1459-ca17-4924-ba80-a3b0fcc5b939.webp","images/YGR__MonteZuma_s_Treasure__12899.webp"
"10851","dicedicedice0000","Dice Dice Dice","REDTIGER","17","https://pub.imgscache.com/compic/c0836cd8-4ccb-4878-aee8-50ad189bc3a6.webp","images/REDTIGER__Dice_Dice_Dice__10851.webp"
"11840","solitaire","Solitaire","GameZone","3","https://pub.imgscache.com/compic/2caca0a8-5c6b-4386-8793-dae87ffe9b0e.webp","images/GameZone__Solitaire__11840.webp"
"13732","UnderseaTreasure","Undersea Treasure","KA GAMING","8","https://pub.imgscache.com/compic/9cfc33ce-e5b9-489c-9344-cfcc005fceda.webp","images/KA_GAMING__Undersea_Treasure__13732.webp"
"13999","VPCQS02","Watah Master 2","CQ9","5","https://pub.imgscache.com/compic/cc71d5e0-17f6-47e3-8600-2b40f8a81aaf.webp","images/CQ9__Watah_Master_2__13999.webp"
"11014","116","Wonderland","CQ9","5","https://pub.imgscache.com/compic/15657cfa-3674-4f36-8cad-8364c95f4021.webp","images/CQ9__Wonderland__11014.webp"
"11784","228","Arena Fighter","JILI","5","https://pub.imgscache.com/compic/e5eb55cc-8830-4bfb-860f-d8b0dd4a53f4.webp","images/JILI__Arena_Fighter__11784.webp"
"13163","195","Pearls Of Bingo","JILI","27","https://pub.imgscache.com/compic/f09c79f3-4172-4957-bb8a-152eeb356b53.webp","images/JILI__Pearls_Of_Bingo__13163.webp"
"11572","7_7002","Dragon Fishing II","JDB","8","https://pub.imgscache.com/compic/8f68aa89-c323-427c-a22c-f5771da3a298.webp","images/JDB__Dragon_Fishing_II__11572.webp"
"10622","SGBlackbeardsBounty","Blackbeard's Bounty","HBN","5","https://pub.imgscache.com/compic/234c5006-e887-46b1-ae8e-73b7bd2a7894.webp","images/HBN__Blackbeard_s_Bounty__10622.webp"
"14228","vs15eyeofspart","Eye Of Spartacus","PP","5","https://pub.imgscache.com/compic/3cf079f0-1b95-47be-9e20-f1ffaad70e9d.webp","images/PP__Eye_Of_Spartacus__14228.webp"
"10625","SGCashReef","Cash Reef","HBN","5","https://pub.imgscache.com/compic/83c60862-6fe4-48ac-8400-2c968da71826.webp","images/HBN__Cash_Reef__10625.webp"
"14232","vs9gemtrio","Gem Trio","PP","5","https://pub.imgscache.com/compic/fe049262-46ae-4d67-a8a4-4dadcbd934cf.webp","images/PP__Gem_Trio__14232.webp"
"11683","18_316","Sweet 16 Blast!","RTG","5","https://pub.imgscache.com/compic/b3b930b8-5f2c-41da-b434-847f46fa0fed.webp","images/RTG__Sweet_16_Blast__11683.webp"
"11999","PSS-ON-00001","China Empress","PLAYSTAR","5","https://pub.imgscache.com/compic/963e667c-2bc4-408c-b147-211aa6680d77.webp","images/PLAYSTAR__China_Empress__11999.webp"
"13398","410033","Mice & Magic Wonder Spin","BGAMING","5","https://pub.imgscache.com/compic/0c9edfbb-1224-4c8d-b5d0-37b6b9d6508b.webp","images/BGAMING__Mice_Magic_Wonder_Spin__13398.webp"
"10805","0_15001","Rooster In Love","JDB","5","https://pub.imgscache.com/compic/b1237242-de7e-45a4-aaeb-a0986cbe997f.webp","images/JDB__Rooster_In_Love__10805.webp"
"14149","KM_Virtual_Horse_Racing","KM Virtual Horse Racing","KM","8","https://pub.imgscache.com/compic/ff5cc20c-0930-43aa-9ac3-46d24c2473f9.webp","images/KM__KM_Virtual_Horse_Racing__14149.webp"
"11893","sheepgonewild000","Sheep Gone Wild","REDTIGER","5","https://pub.imgscache.com/compic/245651b1-19ef-429b-b5ac-6dad06d0e29b.webp","images/REDTIGER__Sheep_Gone_Wild__11893.webp"
"11118","18_162","Lucky 6","RTG","5","https://pub.imgscache.com/compic/6f6cb360-fab5-43c6-98db-562e904dbebc.webp","images/RTG__Lucky_6__11118.webp"
"14293","880129","90k Yeti Gigablox","YGG","5","https://pub.imgscache.com/compic/d3e6bdc9-eeeb-43cb-bef7-e3a756bc81eb.webp","images/YGG__90k_Yeti_Gigablox__14293.webp"
"10647","SGPoolShark","Pool Shark","HBN","5","https://pub.imgscache.com/compic/d9266dad-903c-46af-9ba5-b222e5a53ee8.webp","images/HBN__Pool_Shark__10647.webp"
"11963","PSS-ON-00115","What The Fa","PLAYSTAR","5","https://pub.imgscache.com/compic/e88b1398-2920-4a6f-ac7f-e5183657398c.webp","images/PLAYSTAR__What_The_Fa__11963.webp"
"11732","tacofuryr94f1000","Taco Fury XXXtreme","NETENT","5","https://pub.imgscache.com/compic/b0c4f491-3bbb-485b-9a8b-257880177579.webp","images/NETENT__Taco_Fury_XXXtreme__11732.webp"
"13217","gpas_pppearls_pop","Fire Blaze: Pearls Pearls Pearls","PT","5","https://pub.imgscache.com/compic/d59de646-82d9-4a57-bc6f-3055b83c813d.webp","images/PT__Fire_Blaze_Pearls_Pearls_Pearls__13217.webp"
"13506","book-of-books","Book of Books","PNS","5","https://pub.imgscache.com/compic/24c649cb-e0ef-4dd3-8d71-33167bdac6d8.webp","images/PNS__Book_of_Books__13506.webp"
"13350","410026","Book Of Panda Megaways","BGAMING","5","https://pub.imgscache.com/compic/c069823a-8169-4002-90bf-d833ebcf3db8.webp","images/BGAMING__Book_Of_Panda_Megaways__13350.webp"
"14006","171","Greek Gods","CQ9","5","https://pub.imgscache.com/compic/944de507-9b42-49b2-b7ae-c01ed064b30c.webp","images/CQ9__Greek_Gods__14006.webp"
"12947","S5G-H5-99963","Grimoire","5G","5","https://pub.imgscache.com/compic/c168427c-dad7-4303-9868-eb6d81c8209a.webp","images/5G__Grimoire__12947.webp"
"13944","cakeandicecream0","Cake and Ice Cream","REDTIGER","5","https://pub.imgscache.com/compic/b29896f4-73a7-4b8c-99b9-8557a2298d0c.webp","images/REDTIGER__Cake_and_Ice_Cream__13944.webp"
"13396","410065","Maneki 88 Gold","BGAMING","5","https://pub.imgscache.com/compic/57d39bd0-e604-42c1-bc31-80d3fea4188b.webp","images/BGAMING__Maneki_88_Gold__13396.webp"
"13501","alibi","Alibi","PNS","5","https://pub.imgscache.com/compic/a71d200a-5a01-4044-97fd-c620d6510315.webp","images/PNS__Alibi__13501.webp"
"13382","410018","Hottest 666","BGAMING","5","https://pub.imgscache.com/compic/eef30f35-677f-4482-9334-a99fff490d4c.webp","images/BGAMING__Hottest_666__13382.webp"
"10633","SGGlamRock","Glam Rock","HBN","5","https://pub.imgscache.com/compic/9d6107ba-07d8-4cf4-bf2d-e8bdb7bb7651.webp","images/HBN__Glam_Rock__10633.webp"
"11744","SGBeforeTimeRunsOut","Before Time Runs Out","HBN","5","https://pub.imgscache.com/compic/87ff6195-b547-45f0-982f-516e52f413fd.webp","images/HBN__Before_Time_Runs_Out__11744.webp"
"10626","SGDiscoFunk","Disco Funk","HBN","5","https://pub.imgscache.com/compic/580cf25c-a284-44ef-8f4a-01615dc5c642.webp","images/HBN__Disco_Funk__10626.webp"
"12904","032","Piggy Boom","YGR","5","https://pub.imgscache.com/compic/9ff73eeb-c6f0-4e37-a359-b925e32a4ec4.webp","images/YGR__Piggy_Boom__12904.webp"
"12964","094","GOLDEN KINGDOM","YGR","5","https://pub.imgscache.com/compic/5051b5ff-3eb9-47db-a627-40d53a79105c.webp","images/YGR__GOLDEN_KINGDOM__12964.webp"
"12622","royalmintv100000","Royal Mint","BTG","5","https://pub.imgscache.com/compic/02408bc3-8631-4116-b6fc-cfe8d1ab4f89.webp","images/BTG__Royal_Mint__12622.webp"
"14101","StandAloneHiloGR","Hilo Gold Rush","GEMH","8","https://pub.imgscache.com/compic/c9e1264c-7c1a-46a3-a099-2f63483f3a55.webp","images/GEMH__Hilo_Gold_Rush__14101.webp"
"13363","410049","Easter Heist","BGAMING","3","https://pub.imgscache.com/compic/fef28a27-5ab5-450e-a111-4c4c4d042fcb.webp","images/BGAMING__Easter_Heist__13363.webp"
"13882","scabetstack00001","Infinite Bet Stacker Blackjack","EVOLUTION","17","https://pub.imgscache.com/compic/164259a3-c4b9-43ab-be87-70e5f2e1968f.webp","images/EVOLUTION__Infinite_Bet_Stacker_Blackjack__13882.webp"
"10620","SGBarnstormerBucks","Barnstormer Bucks","HBN","5","https://pub.imgscache.com/compic/853ff0c6-fbc8-44be-9e40-0419440ad7ad.webp","images/HBN__Barnstormer_Bucks__10620.webp"
"12620","queenofrichev194","Queen of Riches","BTG","5","https://pub.imgscache.com/compic/b623030d-ae55-48e9-a438-dc4a3af84a47.webp","images/BTG__Queen_of_Riches__12620.webp"
"11502","18_333","Desert Raider","RTG","5","https://pub.imgscache.com/compic/8d30fedb-5230-4a57-aaeb-c6596eda72b4.webp","images/RTG__Desert_Raider__11502.webp"
"12024","PSS-ON-00099","Challenge·Mayan Calendar","PLAYSTAR","5","https://pub.imgscache.com/compic/25d8da97-9282-493a-81af-6e8eca080fa4.webp","images/PLAYSTAR__Challenge_Mayan_Calendar__12024.webp"
"14224","vswayscashsurg","Cash Surge","PP","5","https://pub.imgscache.com/compic/6fa8d757-5aa7-4b8b-bf46-012223cb64ed.webp","images/PP__Cash_Surge__14224.webp"
"10947","sylvanspirits000","Sylvan Spirits","REDTIGER","5","https://pub.imgscache.com/compic/32e0e318-d70f-4884-bf0a-18e0a2813c64.webp","images/REDTIGER__Sylvan_Spirits__10947.webp"
"13718","RouranKhaganate","Rouran Khaganate","KA GAMING","5","https://pub.imgscache.com/compic/c8132081-e9ee-48c4-86b5-8d3421d4d9f0.webp","images/KA_GAMING__Rouran_Khaganate__13718.webp"
"14250","vswayswildbrst","Witch Heart Megaways","PP","5","https://pub.imgscache.com/compic/30ff0466-6d2b-464f-8a59-4924774605a9.webp","images/PP__Witch_Heart_Megaways__14250.webp"
"13467","105002","Jin Long Ying Cai","OMNIPLAY","5","https://pub.imgscache.com/compic/1ab9f64b-bace-4b1b-ab9b-3fe95efc5c05.webp","images/OMNIPLAY__Jin_Long_Ying_Cai__13467.webp"
"13374","410082","Gift Rush","BGAMING","5","https://pub.imgscache.com/compic/f1fcce52-5fe6-4144-9c4a-afc56662c919.webp","images/BGAMING__Gift_Rush__13374.webp"
"10803","0_14025","Lucky Racing","JDB","5","https://pub.imgscache.com/compic/82d99c47-fe77-4f33-856e-4f9570550320.webp","images/JDB__Lucky_Racing__10803.webp"
"14236","vs25luckwildpb","Lucky's Wild Pub","PP","5","https://pub.imgscache.com/compic/2e7e312c-8c59-4da4-9237-1f7ccad36795.webp","images/PP__Lucky_s_Wild_Pub__14236.webp"
"13520","gunpowder","Gunpowder","PNS","5","https://pub.imgscache.com/compic/f0a4f851-7727-4749-bed9-7ac395705aa6.webp","images/PNS__Gunpowder__13520.webp"
"13210","gpas_tfortune_pop","Gold Pile: Tigers Pride","PT","5","https://pub.imgscache.com/compic/7a129de4-05c3-46ad-9878-d2e99db40ae7.webp","images/PT__Gold_Pile_Tigers_Pride__13210.webp"
"11521","18_327","Vegas XL","RTG","5","https://pub.imgscache.com/compic/e18ca88b-2fc3-48b3-81cb-24e618330a79.webp","images/RTG__Vegas_XL__11521.webp"
"13379","410171","Golden Pride","BGAMING","5","https://pub.imgscache.com/compic/3169c0f8-9c32-4ce8-973c-4b0c2d74476e.webp","images/BGAMING__Golden_Pride__13379.webp"
"11368","18_290","Hyper Wins","RTG","5","https://pub.imgscache.com/compic/cccc5770-ea8d-423e-9973-f5fe0b1530c3.webp","images/RTG__Hyper_Wins__11368.webp"
"10845","clashofthebeasts","Clash of the Beasts","REDTIGER","5","https://pub.imgscache.com/compic/c08fa280-49b8-40b9-ae43-41c9bf347348.webp","images/REDTIGER__Clash_of_the_Beasts__10845.webp"
"13948","happyapples00000","Happy Apples","REDTIGER","5","https://pub.imgscache.com/compic/7db3b604-469f-4f5b-9b23-5835dc0c413c.webp","images/REDTIGER__Happy_Apples__13948.webp"
"14001","VPCQS01","Watah Master","CQ9","5","https://pub.imgscache.com/compic/730d89f9-3c63-406f-a25c-e6a956f20933.webp","images/CQ9__Watah_Master__14001.webp"
"12522","sbjfunfun2100001","Infinite Fun Fun 21 Blackjack","EVOLUTION","17","https://pub.imgscache.com/compic/18e194eb-91c0-4608-8722-081d48e4c8d0.webp","images/EVOLUTION__Infinite_Fun_Fun_21_Blackjack__12522.webp"
"11017","122","ZumaWild","CQ9","5","https://pub.imgscache.com/compic/b6fa3154-d3b9-4bdb-8da1-125bbfb9ab80.webp","images/CQ9__ZumaWild__11017.webp"
"14034","1_1100020","Black Myth: Wukong","TPG","5","https://pub.imgscache.com/compic/085fd853-a822-4212-bb9d-cde7bc5b9e68.webp","images/TPG__Black_Myth_Wukong__14034.webp"
"10570","SGFaCaiShenDeluxe","Fa Cai Shen Deluxe","HBN","5","https://pub.imgscache.com/compic/47c261b6-101e-484d-acd0-852538432f5c.webp","images/HBN__Fa_Cai_Shen_Deluxe__10570.webp"
"12025","PSS-ON-00100","Zuma","PLAYSTAR","5","https://pub.imgscache.com/compic/51f60f20-933a-4e22-8f60-90223452cc18.webp","images/PLAYSTAR__Zuma__12025.webp"
"12800","wantedwildz00000","Wanted Wildz","REDTIGER","5","https://pub.imgscache.com/compic/d1dab58b-67d1-4e4f-b5bf-3f2c149d4852.webp","images/REDTIGER__Wanted_Wildz__12800.webp"
"11994","disturbeddx10000","Disturbed","NLC","5","https://pub.imgscache.com/compic/4f3fddc1-e60a-49ba-95b4-77c9e810b211.webp","images/NLC__Disturbed__11994.webp"
"11582","22017","Three Little Pigs","FACHAI","5","https://pub.imgscache.com/compic/b5584837-a270-4eac-a6df-8105d76afd16.webp","images/FACHAI__Three_Little_Pigs__11582.webp"
"13953","shadowsociety000","Shadow Society","REDTIGER","5","https://pub.imgscache.com/compic/1c56a9e2-b252-40ce-b5a7-20416f350a68.webp","images/REDTIGER__Shadow_Society__13953.webp"
"10506","2","Gem Saviour","PG","5","https://pub.imgscache.com/compic/4bd24ab8-8a4c-492d-8278-778e2b4244ea.webp","images/PG__Gem_Saviour__10506.webp"
"10588","SG5Mariachis","5 Mariachis","HBN","5","https://pub.imgscache.com/compic/c79dd058-3293-472d-b9e7-ad930b8b190b.webp","images/HBN__5_Mariachis__10588.webp"
"12619","popv100000000000","Pop","BTG","5","https://pub.imgscache.com/compic/f8517f12-a6d8-43db-8d4c-a1a8c40627fa.webp","images/BTG__Pop__12619.webp"
"12428","vs20beefed","Fat Panda","PP","5","https://pub.imgscache.com/compic/9cb4dd9f-188b-4a76-aac5-31961be13d8b.webp","images/PP__Fat_Panda__12428.webp"
"10582","SGWaysOfFortune","Ways Of Fortune","HBN","5","https://pub.imgscache.com/compic/c43f95b0-97b9-48f0-9bca-146170177be1.webp","images/HBN__Ways_Of_Fortune__10582.webp"
"12770","201062","Cubes 2","HACKSAW","5","https://pub.imgscache.com/compic/320d6743-f5a1-4ae7-a00b-3dec7f9305a8.webp","images/HACKSAW__Cubes_2__12770.webp"
"13517","ghostfather","Ghost Father","PNS","5","https://pub.imgscache.com/compic/99a6a84b-41a3-4b94-a8a2-6d9d04887fe8.webp","images/PNS__Ghost_Father__13517.webp"
"13618","426b","Baccarat 8","PP","17","https://pub.imgscache.com/compic/7dadcbc4-c979-4854-a4e8-70d64471f6d5.webp","images/PP__Baccarat_8__13618.webp"
"11813","153","Crazy Pusher","JILI","5","https://pub.imgscache.com/compic/8cb266ce-3351-4fe5-805f-ce4fc21eafd4.webp","images/JILI__Crazy_Pusher__11813.webp"
"13702","Medusa","Medusa","KA GAMING","5","https://pub.imgscache.com/compic/536b34c0-7713-4913-bf3d-ad8b409ec3c8.webp","images/KA_GAMING__Medusa__13702.webp"
"13386","410067","Lady Wolf Moon Megaways","BGAMING","5","https://pub.imgscache.com/compic/275b3423-b3da-4000-8262-2f2ca37f9b6b.webp","images/BGAMING__Lady_Wolf_Moon_Megaways__13386.webp"
"13530","precious-7","Precious 7","PNS","5","https://pub.imgscache.com/compic/ab91a0c6-8a57-406c-9582-cdf00ceb7f7b.webp","images/PNS__Precious_7__13530.webp"
"14010","VPCQS08","Crazy Crazy","CQ9","5","https://pub.imgscache.com/compic/51c21afe-32bd-4525-aba7-0d2447a5dd58.webp","images/CQ9__Crazy_Crazy__14010.webp"
"13300","110167","Money Minter","EVOPLAY","5","https://pub.imgscache.com/compic/3af75984-4107-4335-b147-7b607da3ca43.webp","images/EVOPLAY__Money_Minter__13300.webp"
"12726","201336","Dawn of Kings","HACKSAW","5","https://pub.imgscache.com/compic/417928a1-7aee-4af8-a20f-51617a006dc6.webp","images/HACKSAW__Dawn_of_Kings__12726.webp"
"14009","252","Wild Disco Night","CQ9","5","https://pub.imgscache.com/compic/de2a6051-5717-4a93-8cb1-8336abe3ba59.webp","images/CQ9__Wild_Disco_Night__14009.webp"
"13510","circus","DCirque","PNS","5","https://pub.imgscache.com/compic/b054018a-d15d-4302-878c-2f21c284e567.webp","images/PNS__DCirque__13510.webp"
"12744","201216","Keep 'em Cool","HACKSAW","5","https://pub.imgscache.com/compic/70dc07b8-1a9d-4bbb-ab42-0701246ad06d.webp","images/HACKSAW__Keep_em_Cool__12744.webp"
"13349","410059","Book Of Cats Megaways","BGAMING","5","https://pub.imgscache.com/compic/3bf50f09-1246-4e14-be8e-f801a73ba858.webp","images/BGAMING__Book_Of_Cats_Megaways__13349.webp"
"12001","PSS-ON-00015","Who'S The Boss","PLAYSTAR","5","https://pub.imgscache.com/compic/4032a9c4-8601-4e2a-853b-6c70ca05a2f2.webp","images/PLAYSTAR__Who_S_The_Boss__12001.webp"
"12868","GB7","Mummy's Treasure","CQ9","3","https://pub.imgscache.com/compic/614ef82b-c6a7-41a0-a21d-41c04e604ed7.webp","images/CQ9__Mummy_s_Treasure__12868.webp"
"12612","millionaierushv1","Millionaire Rush","BTG","5","https://pub.imgscache.com/compic/5322da2a-d23b-4008-a58f-5ea308439d76.webp","images/BTG__Millionaire_Rush__12612.webp"
"11885","jellymultihops00","Jelly Multihops™","REDTIGER","5","https://pub.imgscache.com/compic/fceb9190-841a-49e5-8db7-9c65bf34a5e6.webp","images/REDTIGER__Jelly_Multihops__11885.webp"
"11510","18_353","Masks of Atlantis","RTG","5","https://pub.imgscache.com/compic/02bf1224-fee1-4ddf-80c6-440eb5bf1512.webp","images/RTG__Masks_of_Atlantis__11510.webp"
"11645","147","Flower Fortunes","CQ9","5","https://pub.imgscache.com/compic/fcf7caba-5ce4-45f8-a735-41657563b146.webp","images/CQ9__Flower_Fortunes__11645.webp"
"11052","209","The Cupids","CQ9","5","https://pub.imgscache.com/compic/e4c1bca3-f99a-4a03-841d-222de10d9300.webp","images/CQ9__The_Cupids__11052.webp"
"10583","SGKnockoutFootball","Knockout Football","HBN","5","https://pub.imgscache.com/compic/93119126-92c5-4eb2-b1f1-9d0ef82cb1c2.webp","images/HBN__Knockout_Football__10583.webp"
"13407","410167","Rotating Element","BGAMING","5","https://pub.imgscache.com/compic/046ca2e0-4067-4d7e-8df3-88e2c75b92ab.webp","images/BGAMING__Rotating_Element__13407.webp"
"10517","38","Gem Saviour Sword","PG","5","https://pub.imgscache.com/compic/528e1e28-c2ed-4de8-b055-8bf12b27c03d.webp","images/PG__Gem_Saviour_Sword__10517.webp"
"13690","HolidayCarol","Holiday Carol Lock 2 Spin","KA GAMING","5","https://pub.imgscache.com/compic/dd1e9de0-c3eb-409f-85d5-f4a5f2531b91.webp","images/KA_GAMING__Holiday_Carol_Lock_2_Spin__13690.webp"
"11516","18_311","Penguin Palooza","RTG","5","https://pub.imgscache.com/compic/b404dd54-238c-4e3a-93a8-ded46cfa6447.webp","images/RTG__Penguin_Palooza__11516.webp"
"13700","LuckyStar","Lucky Star","KA GAMING","5","https://pub.imgscache.com/compic/ae45864a-73cc-43b0-8aaa-d2007320cdbd.webp","images/KA_GAMING__Lucky_Star__13700.webp"
"12583","beeflightningv10","Beef Lightning","BTG","5","https://pub.imgscache.com/compic/a716ba79-70ff-4984-9147-5e2ae5e45fb5.webp","images/BTG__Beef_Lightning__12583.webp"
"13965","gpas_sbullet_pop","Silver Bullet Bandit: Cash Collect","PT","5","https://pub.imgscache.com/compic/3b28fd40-4b86-4b74-b4e6-50c027e9e567.webp","images/PT__Silver_Bullet_Bandit_Cash_Collect__13965.webp"
"10762","1_77","Journey To The West 2","TPG","5","https://pub.imgscache.com/compic/4a030b05-691f-4ef2-b7e4-4e52846531bf.webp","images/TPG__Journey_To_The_West_2__10762.webp"
"13949","cyberattack00000","Cyber Attack","REDTIGER","5","https://pub.imgscache.com/compic/01a694e6-9a7e-49a7-b1a7-ad880378ec52.webp","images/REDTIGER__Cyber_Attack__13949.webp"
"13961","gpas_wpisto_pop","Mega Fire Blaze: Wild Pistolero","PT","5","https://pub.imgscache.com/compic/f0a6f97c-80db-499e-a343-83dfdfa9843c.webp","images/PT__Mega_Fire_Blaze_Wild_Pistolero__13961.webp"
"14144","7_Up_7_Down","7 Up 7 Down","KM","8","https://pub.imgscache.com/compic/ffdb5a2c-40b1-44f7-8509-a6f8da7764db.webp","images/KM__7_Up_7_Down__14144.webp"
"12895","027","Lucky Dragon Ball 7","YGR","5","https://pub.imgscache.com/compic/1918f236-086f-41bb-9563-6d461f877497.webp","images/YGR__Lucky_Dragon_Ball_7__12895.webp"
"11041","188","Cricket Fever","CQ9","5","https://pub.imgscache.com/compic/7fc0637e-5c44-4d85-bae0-dee61d1389e1.webp","images/CQ9__Cricket_Fever__11041.webp"
"14199","1320","Big Bass Crash","PP","5","https://pub.imgscache.com/compic/2cf779e6-bc8e-4eaf-8cfd-b169d232acef.webp","images/PP__Big_Bass_Crash__14199.webp"
"10837","bettyborisandboo","Betty, Boris and Boo","REDTIGER","5","https://pub.imgscache.com/compic/41b09683-2d01-4c93-abab-c7c22d879c08.webp","images/REDTIGER__Betty_Boris_and_Boo__10837.webp"
"12124","203","Lucky6 Baccarat","EEZE1","17","https://pub.imgscache.com/compic/11586fe8-7c90-4f61-9e25-0c5b6603e3e3.webp","images/EEZE1__Lucky6_Baccarat__12124.webp"
"13549","zombies","Zombies - At the door","PNS","5","https://pub.imgscache.com/compic/a497aa5b-e0e7-4b33-8889-cffeab710d43.webp","images/PNS__Zombies_-_At_the_door__13549.webp"
"13710","Ninja","Ninja","KA GAMING","5","https://pub.imgscache.com/compic/08c379e8-79de-415f-8e07-82e9a720ee57.webp","images/KA_GAMING__Ninja__13710.webp"
"11542","1_63","Great Ocean","TPG","5","https://pub.imgscache.com/compic/5b5f9907-10bf-4d3a-83bb-fba63035403b.webp","images/TPG__Great_Ocean__11542.webp"
"11520","18_341","Tarot Destiny","RTG","5","https://pub.imgscache.com/compic/09dbe47c-9e13-4f30-91f8-815a87bb95bc.webp","images/RTG__Tarot_Destiny__11520.webp"
"12885","035","Fortune God Coming","YGR","5","https://pub.imgscache.com/compic/f83f73a9-b55b-4ec5-a472-b4e682f82c47.webp","images/YGR__Fortune_God_Coming__12885.webp"
"13689","GreenParty","Green Party","KA GAMING","5","https://pub.imgscache.com/compic/692abfac-19e9-4721-9571-a9825f675b06.webp","images/KA_GAMING__Green_Party__13689.webp"
"13417","410175","Tile Master","BGAMING","3","https://pub.imgscache.com/compic/058ae06d-e292-4289-b62d-732b6ae1bf47.webp","images/BGAMING__Tile_Master__13417.webp"
"10891","jewelscarabs0000","Jewel Scarabs","REDTIGER","5","https://pub.imgscache.com/compic/6e37a04b-f006-4c5e-bf3d-4280a5868f4e.webp","images/REDTIGER__Jewel_Scarabs__10891.webp"
"10900","luckyfridays0000","Lucky Fridays","REDTIGER","5","https://pub.imgscache.com/compic/a6a7f337-22dd-4edc-8d31-62667902db7c.webp","images/REDTIGER__Lucky_Fridays__10900.webp"
"10885","hoardofposeidon0","Hoard of Poseidon","REDTIGER","5","https://pub.imgscache.com/compic/d4b2cfc2-b3cf-4988-8c36-10ca6b9b71b1.webp","images/REDTIGER__Hoard_of_Poseidon__10885.webp"
"11371","18_302","Twister Wilds","RTG","5","https://pub.imgscache.com/compic/4efa328e-1384-4f2e-865d-07761d960127.webp","images/RTG__Twister_Wilds__11371.webp"
"13338","410048","Alien Fruits","BGAMING","5","https://pub.imgscache.com/compic/550b7709-ebfd-485e-b7ad-e850995fd2bd.webp","images/BGAMING__Alien_Fruits__13338.webp"
"13244","110138","Anubis Moon","EVOPLAY","5","https://pub.imgscache.com/compic/261b3e81-3720-43a7-b907-99b3df0a68be.webp","images/EVOPLAY__Anubis_Moon__13244.webp"
"12892","022","Koi Respin 7","YGR","5","https://pub.imgscache.com/compic/8934ab0b-a1f9-4e12-9b67-8e53abe5811d.webp","images/YGR__Koi_Respin_7__12892.webp"
"11154","18_230","Cai Hong","RTG","5","https://pub.imgscache.com/compic/7f853948-13f8-4184-91f7-a22687bc4010.webp","images/RTG__Cai_Hong__11154.webp"
"10565","SGScopa","Scopa","HBN","5","https://pub.imgscache.com/compic/e2f0468b-13ad-4236-b6dc-01505757998a.webp","images/HBN__Scopa__10565.webp"
"11369","18_292","Legend of Helios","RTG","5","https://pub.imgscache.com/compic/ac84e1ec-80d7-4f52-84d2-687549346ff5.webp","images/RTG__Legend_of_Helios__11369.webp"
"12625","spicymeatllsv194","Spicy Meatballs","BTG","5","https://pub.imgscache.com/compic/94125f0c-540a-488a-ae93-bd7d2aee8780.webp","images/BTG__Spicy_Meatballs__12625.webp"
"13044","swle;swle_spinawinwild","Spin A Win Wild Brasileiro","PT","27","https://pub.imgscache.com/compic/14a2f970-fd61-4ad0-8952-56b00a976b46.webp","images/PT__Spin_A_Win_Wild_Brasileiro__13044.webp"
"10637","SGIndianCashCatcher","Indian Cash Catcher","HBN","5","https://pub.imgscache.com/compic/0d3e33af-11d1-4a12-b3dc-1df61335ad64.webp","images/HBN__Indian_Cash_Catcher__10637.webp"
"11541","10_6","Gold Dragon Fishing 360","TPG","8","https://pub.imgscache.com/compic/1af12a54-a8b3-4143-87a2-49e8a41bf696.webp","images/TPG__Gold_Dragon_Fishing_360__11541.webp"
"10553","91","Guardians of Ice and Fire","PG","5","https://pub.imgscache.com/compic/88955dad-bf31-4a0f-ae37-5f8d0e74739a.webp","images/PG__Guardians_of_Ice_and_Fire__10553.webp"
"11545","1_72","King of Fruits","TPG","5","https://pub.imgscache.com/compic/6ed36780-bc7d-43af-998b-b7bb730fc3a3.webp","images/TPG__King_of_Fruits__11545.webp"
"10629","SGDrFeelgood","Dr Feelgood","HBN","5","https://pub.imgscache.com/compic/f099c33e-db0e-46d3-bde8-145bf5aa0038.webp","images/HBN__Dr_Feelgood__10629.webp"
"13665","DragonBoat2","Dragon Boat 2 Lock 2 Spin","KA GAMING","5","https://pub.imgscache.com/compic/a6c3a7ae-90cd-48a7-a961-2591b4604deb.webp","images/KA_GAMING__Dragon_Boat_2_Lock_2_Spin__13665.webp"
"11158","18_235","Stardust","RTG","5","https://pub.imgscache.com/compic/b5338a9d-30e3-4f3e-be6b-4d6565fc4bba.webp","images/RTG__Stardust__11158.webp"
"10636","SGHauntedHouse","Haunted House","HBN","5","https://pub.imgscache.com/compic/9f05d183-b94c-4a9b-9a60-314ed9d2ad9c.webp","images/HBN__Haunted_House__10636.webp"
"10632","SGFrontierFortunes","Frontier Fortunes","HBN","5","https://pub.imgscache.com/compic/8b4594e7-18d3-4c88-b824-c69553682445.webp","images/HBN__Frontier_Fortunes__10632.webp"
"14123","goal","Goal","SPRIBE","8","https://pub.imgscache.com/compic/ad8def17-280b-4217-aa10-66bb20dbbaf8.webp","images/SPRIBE__Goal__14123.webp"
"11374","18_283","Princess Warrior","RTG","5","https://pub.imgscache.com/compic/dcd2d6ea-7118-49ff-855d-6549f22d134d.webp","images/RTG__Princess_Warrior__11374.webp"
"13358","410038","Dice Million","BGAMING","5","https://pub.imgscache.com/compic/7860d0e3-278d-47ed-9376-6c76c5d40f42.webp","images/BGAMING__Dice_Million__13358.webp"
"10572","SGHotHotHalloween","Hot Hot Halloween","HBN","5","https://pub.imgscache.com/compic/a2e5ac1e-715d-49f2-9a9a-a2f68fc07900.webp","images/HBN__Hot_Hot_Halloween__10572.webp"
"14150","European_Roulette","European Roulette","KM","17","https://pub.imgscache.com/compic/a06ac9b0-5088-427d-b90f-18e10272bb73.webp","images/KM__European_Roulette__14150.webp"
"14019","201","MuayThai","CQ9","5","https://pub.imgscache.com/compic/58769a2e-4a99-44ec-b1f1-0fdabb653a0c.webp","images/CQ9__MuayThai__14019.webp"
"13736","XmasWishes","Xmas Wishes","KA GAMING","5","https://pub.imgscache.com/compic/e0d02ac3-9fe4-48f6-a21c-6c6e5b8f05b4.webp","images/KA_GAMING__Xmas_Wishes__13736.webp"
"12912","056","Treasure of Dragon","YGR","5","https://pub.imgscache.com/compic/a14f3596-41df-4bc2-98d0-aa14391f5be5.webp","images/YGR__Treasure_of_Dragon__12912.webp"
"13395","410035","Maneki 88 Fortunes","BGAMING","5","https://pub.imgscache.com/compic/129189f7-6182-40b0-8d71-1b27728d4ebe.webp","images/BGAMING__Maneki_88_Fortunes__13395.webp"
"12654","46","Wolf Moon","CQ9","5","https://pub.imgscache.com/compic/ec5cbb71-2357-4f74-b523-777687469d99.webp","images/CQ9__Wolf_Moon__12654.webp"
"12633","wildportalsv1000","Wild Portals","BTG","5","https://pub.imgscache.com/compic/e40aaf3c-5521-4051-bd9f-2e18dd20e10d.webp","images/BTG__Wild_Portals__12633.webp"
"13670","FaCaiDestiny","Fa Cai Destiny","KA GAMING","5","https://pub.imgscache.com/compic/3478c44f-8c11-4cc1-aa68-12b2d33f6769.webp","images/KA_GAMING__Fa_Cai_Destiny__13670.webp"
"10826","twinspinr4000000","Twin Spin","NETENT","5","https://pub.imgscache.com/compic/c141fa5c-150e-4caf-a877-60e00aae0c05.webp","images/NETENT__Twin_Spin__10826.webp"
"13049","chel;chel_casinoholdem","Casino Hold'em","PT","17","https://pub.imgscache.com/compic/bf8e1978-4f3b-459a-941f-39822842606f.webp","images/PT__Casino_Hold_em__13049.webp"
"11985","tombofneftitidx1","Tomb of Nefertiti","NLC","5","https://pub.imgscache.com/compic/88a0546f-1325-4e0d-acea-b87d5669d421.webp","images/NLC__Tomb_of_Nefertiti__11985.webp"
"13667","DragonTurtle","Dragon Turtle","KA GAMING","5","https://pub.imgscache.com/compic/b51c20ad-8e09-4301-a415-2c4e0020d94e.webp","images/KA_GAMING__Dragon_Turtle__13667.webp"
"10593","SGTheDeadEscape","The Dead Escape","HBN","5","https://pub.imgscache.com/compic/a42fdf29-bfc7-4112-80f6-c268e3a92696.webp","images/HBN__The_Dead_Escape__10593.webp"
"13975","1_1100021","Jurassic Survival Bonus","TPG","5","https://pub.imgscache.com/compic/e204e99f-f20f-4a7f-847d-cca915ccd19c.webp","images/TPG__Jurassic_Survival_Bonus__13975.webp"
"13104","VPCQS31","Top Ace","CQ9","5","https://pub.imgscache.com/compic/c4705c0a-9675-4bd0-87cc-220f91c1d3c1.webp","images/CQ9__Top_Ace__13104.webp"
"13719","RoyalDemeanor","Royal Demeanor","KA GAMING","5","https://pub.imgscache.com/compic/35d1b828-9c62-4776-9239-382ce5cba6d8.webp","images/KA_GAMING__Royal_Demeanor__13719.webp"
"13360","410055","Domnitor'S Treasure","BGAMING","5","https://pub.imgscache.com/compic/2e11f7aa-24ce-4efd-8656-e9cb28472f3e.webp","images/BGAMING__Domnitor_S_Treasure__13360.webp"
"13402","410032","Monster Hunt","BGAMING","5","https://pub.imgscache.com/compic/f3bdab6d-efb3-4496-b117-f1726c15d802.webp","images/BGAMING__Monster_Hunt__13402.webp"
"13660","CrazyGym","Crazy Gym","KA GAMING","5","https://pub.imgscache.com/compic/f1a85a0a-3df6-492b-89f3-f6310a41ad26.webp","images/KA_GAMING__Crazy_Gym__13660.webp"
"13958","wildelements0000","Wild Elements","REDTIGER","5","https://pub.imgscache.com/compic/86082a6f-5af2-4b70-aba5-b272365da365.webp","images/REDTIGER__Wild_Elements__13958.webp"
"10601","SGGangsters","Gangsters","HBN","5","https://pub.imgscache.com/compic/55ba3ef1-a66b-430a-8d3c-8e9542229023.webp","images/HBN__Gangsters__10601.webp"
"12555","32727","F Mines","galaxsys","3","https://pub.imgscache.com/compic/3424db7e-dd4a-42d1-88d9-fc398cf95c29.webp","images/galaxsys__F_Mines__12555.webp"
"10882","goldentsar000000","Golden Tsar","REDTIGER","5","https://pub.imgscache.com/compic/41aabf56-22ef-4096-a14b-0058db36700c.webp","images/REDTIGER__Golden_Tsar__10882.webp"
"12875","023","5X Diamond 7","YGR","5","https://pub.imgscache.com/compic/e2760ec9-91f0-42aa-b952-4919fbd82507.webp","images/YGR__5X_Diamond_7__12875.webp"
"12880","066","Chain Spin","YGR","5","https://pub.imgscache.com/compic/f4228b4b-4495-420a-b030-507185a71a57.webp","images/YGR__Chain_Spin__12880.webp"
"13378","410163","Gold Of Minos","BGAMING","5","https://pub.imgscache.com/compic/0eecf63a-164e-4025-9907-1c3aee16f1bf.webp","images/BGAMING__Gold_Of_Minos__13378.webp"
"12022","PSS-ON-00094","Ps Club","PLAYSTAR","5","https://pub.imgscache.com/compic/35c17064-4a88-4c2e-9f80-7d75b717f3fc.webp","images/PLAYSTAR__Ps_Club__12022.webp"
"13359","410177","Disco Party","BGAMING","5","https://pub.imgscache.com/compic/ea80b822-c6b4-4c6a-a365-cb313f285d4b.webp","images/BGAMING__Disco_Party__13359.webp"
"10513","34","Legend of Hou Yi","PG","5","https://pub.imgscache.com/compic/06a1daca-46ff-4877-a537-bde785ad6f06.webp","images/PG__Legend_of_Hou_Yi__10513.webp"
"10599","SGJugglenaut","Jugglenaut","HBN","5","https://pub.imgscache.com/compic/d0206500-338b-4229-8426-d3f641e12cc4.webp","images/HBN__Jugglenaut__10599.webp"
"12609","maxmegaways2v100","Max Megaways 2","BTG","5","https://pub.imgscache.com/compic/7b06411a-3e47-4573-906a-04938d9f1f93.webp","images/BTG__Max_Megaways_2__12609.webp"
"10563","SGJellyfishFlowUltra","Jellyfish Flow Ultra","HBN","5","https://pub.imgscache.com/compic/b456aa7e-0105-464d-9b64-0eb1f5c2328d.webp","images/HBN__Jellyfish_Flow_Ultra__10563.webp"
"12628","triggerhappyv194","Trigger Happy","BTG","5","https://pub.imgscache.com/compic/11a456e5-7ca3-4c93-af0f-b9aa5571c1f1.webp","images/BTG__Trigger_Happy__12628.webp"
"10657","SGSkysTheLimit","Sky's the Limit","HBN","5","https://pub.imgscache.com/compic/8f78a2dd-98a8-4cf0-8624-521d45921661.webp","images/HBN__Sky_s_the_Limit__10657.webp"
"12905","053","Puffy Paradise","YGR","5","https://pub.imgscache.com/compic/6ddf7c19-6ab6-4ab6-bf11-29f139349e30.webp","images/YGR__Puffy_Paradise__12905.webp"
"14242","vs9ridelightng","Ride The Lightning","PP","5","https://pub.imgscache.com/compic/17735cf3-d465-4534-ab64-bbd6d68cf45f.webp","images/PP__Ride_The_Lightning__14242.webp"
"10893","jinglebellspower","Jingle Bells Power Reels","REDTIGER","5","https://pub.imgscache.com/compic/eb5e06e5-6051-4c82-86af-1eb6f5fce800.webp","images/REDTIGER__Jingle_Bells_Power_Reels__10893.webp"
"12989","gpas_cish_pop","Circuit Shock","PT","5","https://pub.imgscache.com/compic/05357798-57e7-45bf-9fe9-9eae68d7d988.webp","images/PT__Circuit_Shock__12989.webp"
"11959","PSS-ON-00124","Diao Chan Fa Da Cai","PLAYSTAR","5","https://pub.imgscache.com/compic/b365e669-8a78-4270-9e2e-900cb6c54d69.webp","images/PLAYSTAR__Diao_Chan_Fa_Da_Cai__11959.webp"
"10854","dragonsfireinfin","Dragon's Fire Infinireels","REDTIGER","5","https://pub.imgscache.com/compic/9a1e7ef2-2759-4dce-a700-7379cb036643.webp","images/REDTIGER__Dragon_s_Fire_Infinireels__10854.webp"
"14145","Blackjack","Blackjack","KM","17","https://pub.imgscache.com/compic/104cab91-b04a-4dd4-bbff-474733dd4e30.webp","images/KM__Blackjack__14145.webp"
"13428","410170","Wild Moon Thieves","BGAMING","5","https://pub.imgscache.com/compic/d6b9b103-d8cf-4d2c-98af-dce9a16468b3.webp","images/BGAMING__Wild_Moon_Thieves__13428.webp"
"11741","101candiesr94f10","101 Candies","NETENT","5","https://pub.imgscache.com/compic/16ac67ce-dbda-4764-b1d3-27e8a2b88e71.webp","images/NETENT__101_Candies__11741.webp"
"10574","SGColossalGems","Colossal Gems","HBN","5","https://pub.imgscache.com/compic/a7ad9dec-424a-4827-a205-7d50e5211afb.webp","images/HBN__Colossal_Gems__10574.webp"
"13790","o735azzsaeasv2pr","Blackjack VIP 2","EVOLUTION","17","https://pub.imgscache.com/compic/806fb3fd-1b4d-4693-800b-33a44e4e0405.webp","images/EVOLUTION__Blackjack_VIP_2__13790.webp"
"10649","SGQueenOfQueens1024","Queen of Queens II","HBN","5","https://pub.imgscache.com/compic/ae12d9ce-4ed3-4187-90d9-543f08b86efd.webp","images/HBN__Queen_of_Queens_II__10649.webp"
"14209","bs_bal;bal_betslipbaccarat","Bet On Baccarat","PT","17","https://pub.imgscache.com/compic/7a352c9a-6e68-49f9-9683-9d18553afb4e.webp","images/PT__Bet_On_Baccarat__14209.webp"
"13705","Millionaires","Millionaires","KA GAMING","5","https://pub.imgscache.com/compic/4372ff88-9115-4d13-8f80-522f89fa71f9.webp","images/KA_GAMING__Millionaires__13705.webp"
"12948","S5G-H5-99964","G Kong","5G","5","https://pub.imgscache.com/compic/129da076-8e61-4c57-9586-1f057bac2af6.webp","images/5G__G_Kong__12948.webp"
"10998","69","FaCaiShen","CQ9","5","https://pub.imgscache.com/compic/268fee53-3e28-4f56-bc7c-da5996811343.webp","images/CQ9__FaCaiShen__10998.webp"
"13343","410080","Aztec Magic Megaways","BGAMING","5","https://pub.imgscache.com/compic/7263afdc-40fb-477b-ab3a-39bd6363649d.webp","images/BGAMING__Aztec_Magic_Megaways__13343.webp"
"12595","diamondfruitsv10","Diamond Fruits","BTG","5","https://pub.imgscache.com/compic/91eb75c7-8d61-4800-806f-4eb8940186d9.webp","images/BTG__Diamond_Fruits__12595.webp"
"12936","mahjongjackpot","Mahjong Jackpot","GameZone","5","https://pub.imgscache.com/compic/406431ad-e18c-4212-b887-21286b335222.webp","images/GameZone__Mahjong_Jackpot__12936.webp"
"13544","water-blox","Water Blox","PNS","5","https://pub.imgscache.com/compic/1994c188-e1a3-44c3-8d61-97f08ecddba9.webp","images/PNS__Water_Blox__13544.webp"
"10919","pathofdestiny000","Path of Destiny","REDTIGER","5","https://pub.imgscache.com/compic/166dbd4b-2871-4d5e-aa29-c71d3a89afcb.webp","images/REDTIGER__Path_of_Destiny__10919.webp"
"13592","701","Mega Sic Bo","PP","17","https://pub.imgscache.com/compic/515a21a4-43d0-4441-aa6f-8619c22834c6.webp","images/PP__Mega_Sic_Bo__13592.webp"
"12488","ESpeedBJ00000004","Evo Speed Blackjack 4","EVOLUTION","17","https://pub.imgscache.com/compic/5bb7f5e6-ae14-4ffd-96c7-77fc159f924e.webp","images/EVOLUTION__Evo_Speed_Blackjack_4__12488.webp"
"11916","dragontribedx100","Dragon Tribe","NLC","5","https://pub.imgscache.com/compic/ad6f8a0f-1a46-439a-ac17-ed86c2d2c4d5.webp","images/NLC__Dragon_Tribe__11916.webp"
"12069","5339","SicBo","galaxsys","3","https://pub.imgscache.com/compic/18d77e44-fec8-47b9-898f-db825767cbc9.webp","images/galaxsys__SicBo__12069.webp"
"12790","KYS-H5-99997","Mahjong Ways 3","5G","5","https://pub.imgscache.com/compic/c2f5e376-bfd2-4ae0-892e-4da5aa64d57e.webp","images/5G__Mahjong_Ways_3__12790.webp"
"13663","DoubleHappiness","Double Happiness","KA GAMING","5","https://pub.imgscache.com/compic/627ce313-5221-4e44-a265-b561baeff096.webp","images/KA_GAMING__Double_Happiness__13663.webp"
"12587","bookofgodsv19400","Book of Gods","BTG","5","https://pub.imgscache.com/compic/430aa16d-274f-466f-9d60-5017dc9da0eb.webp","images/BTG__Book_of_Gods__12587.webp"
"14198","vs20aladdinsorc","Aladdin and the Sorcerer","PP","5","https://pub.imgscache.com/compic/90540f04-d27a-4b4d-8456-beda911bfd70.webp","images/PP__Aladdin_and_the_Sorcerer__14198.webp"
"12004","PSS-ON-00026","Double Happiness","PLAYSTAR","5","https://pub.imgscache.com/compic/811d736c-7388-412e-a5c6-cf6efb769d0c.webp","images/PLAYSTAR__Double_Happiness__12004.webp"
"10732","78","Apollo","CQ9","5","https://pub.imgscache.com/compic/2be66035-0d2c-4379-8d85-532ce2b26b77.webp","images/CQ9__Apollo__10732.webp"
"10895","legendofathena00","Legend of Athena","REDTIGER","5","https://pub.imgscache.com/compic/d668d08a-8097-46ae-9a1a-0811f9de0c14.webp","images/REDTIGER__Legend_of_Athena__10895.webp"
"11996","thecagedx1000000","The Cage","NLC","5","https://pub.imgscache.com/compic/02696585-39cf-4e08-a94c-30261b20f778.webp","images/NLC__The_Cage__11996.webp"
"12245","114","Emoji Riches","PG","5","https://pub.imgscache.com/compic/4748dfa5-9124-4b68-b6a8-8bbda7a91ce3.webp","images/PG__Emoji_Riches__12245.webp"
"10925","piratespeforgold","Pirates' Plenty Battle for Gold","REDTIGER","5","https://pub.imgscache.com/compic/69f60d27-15b5-4d67-ae8b-ebbbc5f3e9f7.webp","images/REDTIGER__Pirates_Plenty_Battle_for_Gold__10925.webp"
"13957","wildcircus000000","Wild Circus","REDTIGER","5","https://pub.imgscache.com/compic/045df93c-89a1-4ce9-b76f-2f1d22170058.webp","images/REDTIGER__Wild_Circus__13957.webp"
"10996","59","SummerMood","CQ9","5","https://pub.imgscache.com/compic/569d1ae0-61e2-4d3f-8f61-0722debb4d27.webp","images/CQ9__SummerMood__10996.webp"
"10965","wellofwishes0000","Well Of Wishes","REDTIGER","5","https://pub.imgscache.com/compic/1b495559-af36-4b79-b30a-ddcb5e097647.webp","images/REDTIGER__Well_Of_Wishes__10965.webp"
"11537","1_71","Fun Monkey","TPG","5","https://pub.imgscache.com/compic/e6bf37de-976f-4c38-a3bd-3ade2579642e.webp","images/TPG__Fun_Monkey__11537.webp"
"13018","gpas_bwizard_pop","Fire Blaze: Blue Wizard","PT","5","https://pub.imgscache.com/compic/85830b9f-1c5f-41ae-9fa8-f28721c15a53.webp","images/PT__Fire_Blaze_Blue_Wizard__13018.webp"
"12822","1_1100017","Civilization Of Bull Bull X88","TPG","5","https://pub.imgscache.com/compic/b45114ce-9a47-43b0-9842-f009490b7539.webp","images/TPG__Civilization_Of_Bull_Bull_X88__12822.webp"
"13537","gears-of-fortune","Steamworks - Gears of fortune","PNS","5","https://pub.imgscache.com/compic/8a1ada82-cfdb-4290-85bb-390846922714.webp","images/PNS__Steamworks_-_Gears_of_fortune__13537.webp"
"12737","201142","Fruit Duel","HACKSAW","5","https://pub.imgscache.com/compic/86dd4046-426f-43f0-a22b-ae6c21b0b836.webp","images/HACKSAW__Fruit_Duel__12737.webp"
"10850","diamondblitz0000","Diamond Blitz","REDTIGER","5","https://pub.imgscache.com/compic/62808476-e59c-4495-ba07-a06b850c46b7.webp","images/REDTIGER__Diamond_Blitz__10850.webp"
"12998","gpas_gwish_pop","Mighty Hat: Lamp of Gold","PT","5","https://pub.imgscache.com/compic/5cb50d72-36f8-4835-b639-9bcd562ff659.webp","images/PT__Mighty_Hat_Lamp_of_Gold__12998.webp"
"14286","452","Thai Speed Baccarat 2","PP","17","https://pub.imgscache.com/compic/a6edaf27-d265-4094-bdad-18c405875022.webp","images/PP__Thai_Speed_Baccarat_2__14286.webp"
"13535","sands-of-destiny","Sands of Destiny","PNS","5","https://pub.imgscache.com/compic/065b12aa-3397-4c92-9546-4ddcebfc950d.webp","images/PNS__Sands_of_Destiny__13535.webp"
"11979","starstruckdx1000","Starstruck","NLC","5","https://pub.imgscache.com/compic/039caaf0-8117-479c-885f-5eb9710fb1f0.webp","images/NLC__Starstruck__11979.webp"
"14234","vs5jokerjc","Joker's Jewels Cash","PP","5","https://pub.imgscache.com/compic/5686a14d-39fe-4d4d-82a4-cab7a02fa6f7.webp","images/PP__Joker_s_Jewels_Cash__14234.webp"
"10971","wildoclock000000","Wild O'Clock","REDTIGER","5","https://pub.imgscache.com/compic/9b99117a-8107-4e9f-b1ec-d3795d24c187.webp","images/REDTIGER__Wild_O_Clock__10971.webp"
"11953","PSS-ON-00139","Chef Husky","PLAYSTAR","5","https://pub.imgscache.com/compic/259327fd-ffac-4235-b02d-381d3534f373.webp","images/PLAYSTAR__Chef_Husky__11953.webp"
"11886","cobraqueen000000","Cobra Queen","REDTIGER","5","https://pub.imgscache.com/compic/6053edf1-c792-4051-be78-632c8adf022c.webp","images/REDTIGER__Cobra_Queen__11886.webp"
"12705","201053","Stick'em","HACKSAW","5","https://pub.imgscache.com/compic/158d6086-b060-4517-8d45-d4c745ab8c3a.webp","images/HACKSAW__Stick_em__12705.webp"
"14002","136","Running Animals","CQ9","5","https://pub.imgscache.com/compic/7a19f3d8-77c3-46cd-a01b-0ec1f2a36658.webp","images/CQ9__Running_Animals__14002.webp"
"12618","piratepaysv10000","Pirate Pays","BTG","5","https://pub.imgscache.com/compic/8c956400-dee6-431f-953d-140633bd8575.webp","images/BTG__Pirate_Pays__12618.webp"
"11976","rockbottomdx1000","Rock Bottom","NLC","5","https://pub.imgscache.com/compic/efcad73e-af26-48e7-b1a0-f3082662ee72.webp","images/NLC__Rock_Bottom__11976.webp"
"13371","410093","Four Lucky Diamonds","BGAMING","5","https://pub.imgscache.com/compic/1fe7a4a8-2aa6-4ae3-babb-f9c859b4da7f.webp","images/BGAMING__Four_Lucky_Diamonds__13371.webp"
"11957","PSS-ON-00131","Fantasy Southeast Asia","PLAYSTAR","5","https://pub.imgscache.com/compic/8c243ab7-f54e-45a4-88c2-c09b6c6957a4.webp","images/PLAYSTAR__Fantasy_Southeast_Asia__11957.webp"
"13356","410007","Diamond Of Jungle","BGAMING","5","https://pub.imgscache.com/compic/ee203d60-6734-4d33-a6e3-2579ec9eff3c.webp","images/BGAMING__Diamond_Of_Jungle__13356.webp"
"14053","6001","Color Crush","Spin Master","5","https://pub.imgscache.com/compic/c2f6da13-106d-41f6-a3b3-51bdfa33cfbf.webp","images/Spin_Master__Color_Crush__14053.webp"
"12013","PSS-ON-00059","Vampire","PLAYSTAR","5","https://pub.imgscache.com/compic/7bc4744a-204c-457a-8874-c42a64ea1c62.webp","images/PLAYSTAR__Vampire__12013.webp"
"10832","ancientsblessing","Ancients Blessing","REDTIGER","5","https://pub.imgscache.com/compic/ffb08127-7bf5-4b95-b5d8-18ab903ba6c5.webp","images/REDTIGER__Ancients_Blessing__10832.webp"
"13411","410155","Secret Bar Multidice X","BGAMING","5","https://pub.imgscache.com/compic/1a28a7a0-2f67-4916-ae9c-fc78f7cf3a46.webp","images/BGAMING__Secret_Bar_Multidice_X__13411.webp"
"13581","226","Speed Auto Roulette","PP","17","https://pub.imgscache.com/compic/09c30b9e-b28a-42a8-b211-8765640677a6.webp","images/PP__Speed_Auto_Roulette__13581.webp"
"14239","ar10plinko","Plinko+","PP","8","https://pub.imgscache.com/compic/afdff57d-1bc6-42e6-a25b-52e05eb1d67c.webp","images/PP__Plinko__14239.webp"
"10602","SGSparta","Sparta","HBN","5","https://pub.imgscache.com/compic/b5bd03bd-074c-4f03-9881-d4b496075f37.webp","images/HBN__Sparta__10602.webp"
"10814","dazzlemwr2000000","Dazzle Me Megaways","NETENT","5","https://pub.imgscache.com/compic/c390853a-7d9c-42cf-b772-35d5151748df.webp","images/NETENT__Dazzle_Me_Megaways__10814.webp"
"12674","201059","Chaos Crew","HACKSAW","5","https://pub.imgscache.com/compic/5b0d3837-3369-41be-a92a-65f2947f9322.webp","images/HACKSAW__Chaos_Crew__12674.webp"
"13269","110032","Fruit Burst","EVOPLAY","5","https://pub.imgscache.com/compic/594bd6b2-fe1e-4944-8210-50c4eaf1a5f1.webp","images/EVOPLAY__Fruit_Burst__13269.webp"
"11987","tractorbeamdx100","Tractor Beam","NLC","5","https://pub.imgscache.com/compic/4c5efd7f-f4e9-43c8-9369-cde502bb1fa0.webp","images/NLC__Tractor_Beam__11987.webp"
"14103","StandAlonePlinkoGR","Plinko Gold Rush","GEMH","8","https://pub.imgscache.com/compic/d05f3552-d400-42fe-9c31-166e4a08dd45.webp","images/GEMH__Plinko_Gold_Rush__14103.webp"
"12742","201355","Jelly Slice","HACKSAW","5","https://pub.imgscache.com/compic/8bc9c746-ebbe-413f-ac78-b03b2c398550.webp","images/HACKSAW__Jelly_Slice__12742.webp"
"10981","5","Mr.Rich","CQ9","5","https://pub.imgscache.com/compic/e2de3c51-7124-488a-b553-9b19e877988c.webp","images/CQ9__Mr.Rich__10981.webp"
"13361","410161","Dragon Age Hold & Win","BGAMING","5","https://pub.imgscache.com/compic/93c3cb8b-6d98-47aa-bcc9-f46dcabbe7ef.webp","images/BGAMING__Dragon_Age_Hold_Win__13361.webp"
"10561","SGHappyApe","Happy Ape","HBN","5","https://pub.imgscache.com/compic/cedd02d7-fe10-44b4-b5c6-febf48bab4a5.webp","images/HBN__Happy_Ape__10561.webp"
"12650","64","Zeus","CQ9","5","https://pub.imgscache.com/compic/c102ee0d-3f6a-4d6e-900c-225a4b61ab40.webp","images/CQ9__Zeus__12650.webp"
"11912","casinowinspindx1","Casino Win Spin","NLC","5","https://pub.imgscache.com/compic/ad539b97-d32f-46ad-9349-d8fb01975961.webp","images/NLC__Casino_Win_Spin__11912.webp"
"12694","201054","OmNom","HACKSAW","5","https://pub.imgscache.com/compic/2aa534b0-084e-476f-bfbe-48388b4c00ae.webp","images/HACKSAW__OmNom__12694.webp"
"11155","18_231","I, Zombie","RTG","5","https://pub.imgscache.com/compic/7ef6b283-8616-4454-ad6b-d4f9d0b7a41b.webp","images/RTG__I_Zombie__11155.webp"
"11506","18_315","Gem Strike","RTG","5","https://pub.imgscache.com/compic/655e8564-82c1-41b1-8aae-fae6e876b3b5.webp","images/RTG__Gem_Strike__11506.webp"
"13196","gpas_archer_pop","Archer","PT","5","https://pub.imgscache.com/compic/c004be2d-1602-4541-8ab0-9a0425265ce0.webp","images/PT__Archer__13196.webp"
"11937","manhattanwilddx1","Manhattan Goes Wild","NLC","5","https://pub.imgscache.com/compic/f3fe5973-461b-4ca9-9b4d-fca35b3450dc.webp","images/NLC__Manhattan_Goes_Wild__11937.webp"
"12719","201057","Cash Compass","HACKSAW","5","https://pub.imgscache.com/compic/ca1ad625-4ddd-4069-993f-201de5e86e32.webp","images/HACKSAW__Cash_Compass__12719.webp"
"11543","10_11","Jade Toad Fishing","TPG","8","https://pub.imgscache.com/compic/78578f72-50e7-4cc1-8b18-2139d3f27ee3.webp","images/TPG__Jade_Toad_Fishing__11543.webp"
"12621","rasputinmegaways","Rasputin Megaways","BTG","5","https://pub.imgscache.com/compic/ee835ae6-a318-43d7-9571-97ffbb688338.webp","images/BTG__Rasputin_Megaways__12621.webp"
"11514","18_337","Neon Wheel 7s","RTG","5","https://pub.imgscache.com/compic/31620cd6-aa85-4f92-adfa-294901c9e6a5.webp","images/RTG__Neon_Wheel_7s__11514.webp"
"12783","KYS-H5-99995","God Of Fortune","5G","5","https://pub.imgscache.com/compic/00d86549-769c-4760-b467-cd76b43d24e3.webp","images/5G__God_Of_Fortune__12783.webp"
"14105","StandAloneHiloCL","Hilo Classic","GEMH","8","https://pub.imgscache.com/compic/08519c16-ff0d-4941-82ad-7fd63295c384.webp","images/GEMH__Hilo_Classic__14105.webp"
"13284","110147","Hot Triple Sevens Special","EVOPLAY","5","https://pub.imgscache.com/compic/7565d539-c8b6-4c53-8373-d4e6c2280732.webp","images/EVOPLAY__Hot_Triple_Sevens_Special__13284.webp"
"12600","giftsoffounev295","Gifts Of Fortune","BTG","5","https://pub.imgscache.com/compic/334a4f25-2b3a-4ebe-9f88-2f753b5cfb7e.webp","images/BTG__Gifts_Of_Fortune__12600.webp"
"12884","034","Dragon Egg","YGR","5","https://pub.imgscache.com/compic/176ef98f-fdee-4778-8326-3f30bfe4973e.webp","images/YGR__Dragon_Egg__12884.webp"
"11811","230","Cricket Sah 75","JILI","5","https://pub.imgscache.com/compic/ff716aca-e6ce-4a90-a2b4-bfba77b798a6.webp","images/JILI__Cricket_Sah_75__11811.webp"
"11748","SGCalaverasExplosivas","Calaveras Explosivas","HBN","5","https://pub.imgscache.com/compic/0d7802de-683a-442c-a00d-091373a1ed30.webp","images/HBN__Calaveras_Explosivas__11748.webp"
"11508","18_343","Goblins: Gluttony of Gems","RTG","5","https://pub.imgscache.com/compic/cfdbe695-467e-4788-ae5d-d3a62944c2a8.webp","images/RTG__Goblins_Gluttony_of_Gems__11508.webp"
"13555","545","VIP Roulette - The Club","PP","17","https://pub.imgscache.com/compic/95c9279c-1a79-4154-bb00-0e4dea4e9b26.webp","images/PP__VIP_Roulette_-_The_Club__13555.webp"
"11021","132","Meow","CQ9","5","https://pub.imgscache.com/compic/c86e3d0f-99de-4e6c-84ab-3aeaafef7d98.webp","images/CQ9__Meow__11021.webp"
"13659","CrazyGuava","Crazy Guava Lock 2 Spin","KA GAMING","5","https://pub.imgscache.com/compic/193e0eb7-47b6-47e3-8f5f-085f41ddca6d.webp","images/KA_GAMING__Crazy_Guava_Lock_2_Spin__13659.webp"
"10997","66","Fire777","CQ9","5","https://pub.imgscache.com/compic/990fc46b-7c86-43dc-a5d0-635ce327e894.webp","images/CQ9__Fire777__10997.webp"
"13327","110105","Valley of Dreams","EVOPLAY","5","https://pub.imgscache.com/compic/7fa3fa85-13f8-438a-8e1f-476fe5630c79.webp","images/EVOPLAY__Valley_of_Dreams__13327.webp"
"13330","110152","Wild Overlords","EVOPLAY","5","https://pub.imgscache.com/compic/de60ca60-2a91-441f-8f66-a6901e231097.webp","images/EVOPLAY__Wild_Overlords__13330.webp"
"11060","5009","Uproar In Heaven","CQ9","5","https://pub.imgscache.com/compic/2a2b0aac-dc8c-4b21-8c77-88d82d54ff17.webp","images/CQ9__Uproar_In_Heaven__11060.webp"
"12746","201094","King Carrot","HACKSAW","5","https://pub.imgscache.com/compic/649ba997-e2bf-4561-9a00-e2422581e83c.webp","images/HACKSAW__King_Carrot__12746.webp"
"11972","punkrockerdx1000","Punk Rocker","NLC","5","https://pub.imgscache.com/compic/58375c0c-0bb5-4c0b-a769-6bbe7c23cd00.webp","images/NLC__Punk_Rocker__11972.webp"
"12782","KYS-H5-99984","Give Me Fire","5G","5","https://pub.imgscache.com/compic/27a96451-4636-4d8b-930a-2a99bcdba842.webp","images/5G__Give_Me_Fire__12782.webp"
"10578","SGMountMazuma","Mount Mazuma","HBN","5","https://pub.imgscache.com/compic/c91924fc-d1e5-4358-a477-146e78417c1f.webp","images/HBN__Mount_Mazuma__10578.webp"
"10607","SGCoyoteCrash","Coyote Crash","HBN","5","https://pub.imgscache.com/compic/a7ea30a0-e722-4806-b199-b7a4eba4f1ee.webp","images/HBN__Coyote_Crash__10607.webp"
"14109","StandAlonePlinkoCL","Plinko Classic","GEMH","8","https://pub.imgscache.com/compic/f60e8616-029c-4d80-9e6e-39ed8b2bcf32.webp","images/GEMH__Plinko_Classic__14109.webp"
"13668","Emoji","Emoji","KA GAMING","5","https://pub.imgscache.com/compic/f5c3be56-98db-4d11-a847-fbae17ac7c3d.webp","images/KA_GAMING__Emoji__13668.webp"
"12801","epictreasure0000","Epic Treasure","REDTIGER","5","https://pub.imgscache.com/compic/64c44263-e330-413d-9036-e71a7af716d5.webp","images/REDTIGER__Epic_Treasure__12801.webp"
"10733","10_8","Gold Cai Shen Fishing","TPG","8","https://pub.imgscache.com/compic/b8b6f071-09e2-41c8-b436-f679bb718b8c.webp","images/TPG__Gold_Cai_Shen_Fishing__10733.webp"
"10584","SGFortuneDogs","Fortune Dogs","HBN","5","https://pub.imgscache.com/compic/4cdc0fcd-de44-429c-a2a8-cf4ccf98492a.webp","images/HBN__Fortune_Dogs__10584.webp"
"11517","18_308","Run Rabbit Run!","RTG","5","https://pub.imgscache.com/compic/7d89d9a9-c1ce-46dc-91dd-65566e54d319.webp","images/RTG__Run_Rabbit_Run__11517.webp"
"12129","300","Dragon Baccarat","EEZE1","17","https://pub.imgscache.com/compic/39d053f5-fffa-4fb6-9ce3-f106dd4dfeb9.webp","images/EEZE1__Dragon_Baccarat__12129.webp"
"10992","26","777","CQ9","5","https://pub.imgscache.com/compic/f85abeae-c204-49fd-b55b-d6dbf1bf992e.webp","images/CQ9__777__10992.webp"
"11114","18_155","Voodoo Magic","RTG","5","https://pub.imgscache.com/compic/15e3028b-ffbb-4cad-9ab0-94c16e491ccf.webp","images/RTG__Voodoo_Magic__11114.webp"
"13527","hunter","Peter Hunter","PNS","5","https://pub.imgscache.com/compic/608ca16d-5c5d-4c1d-8992-746c9665b0a1.webp","images/PNS__Peter_Hunter__13527.webp"
"10915","mysteryreelspowe","Mystery Reels Power Reels","REDTIGER","5","https://pub.imgscache.com/compic/f7836569-6e1b-4d5f-94c6-2241bd5b1ca3.webp","images/REDTIGER__Mystery_Reels_Power_Reels__10915.webp"
"10496","1","Honey Trap of Diao Chan","PG","5","https://pub.imgscache.com/compic/88897e3b-651a-411a-b2ab-354d0253f878.webp","images/PG__Honey_Trap_of_Diao_Chan__10496.webp"
"13512","dragon-blox","Dragon Blox","PNS","5","https://pub.imgscache.com/compic/da841194-2267-43b3-b574-63f73826a08d.webp","images/PNS__Dragon_Blox__13512.webp"
"10662","SGTheDragonCastle","Dragon Castle","HBN","5","https://pub.imgscache.com/compic/7eab00d1-4b2e-4d14-bf66-3117aa966a7a.webp","images/HBN__Dragon_Castle__10662.webp"
"13253","110165","Camino de Chili","EVOPLAY","5","https://pub.imgscache.com/compic/d52714ea-48ce-4d12-93d4-f31bcff671df.webp","images/EVOPLAY__Camino_de_Chili__13253.webp"
"13683","Golden777","Golden 777","KA GAMING","5","https://pub.imgscache.com/compic/6dcc037d-2fa0-4948-8f9d-f45e86681a45.webp","images/KA_GAMING__Golden_777__13683.webp"
"11503","18_297","Divas of Darkness","RTG","5","https://pub.imgscache.com/compic/6de49a0f-13fd-4c68-87e5-c52dd9d052f4.webp","images/RTG__Divas_of_Darkness__11503.webp"
"13964","gpas_bblitz2_pop","Buffalo Blitz II","PT","5","https://pub.imgscache.com/compic/456b1a21-04eb-45df-adb6-12cb76065cd4.webp","images/PT__Buffalo_Blitz_II__13964.webp"
"13280","110141","Gold of Sirens Bonus Buy","EVOPLAY","5","https://pub.imgscache.com/compic/89f0e0ad-83aa-4606-82a2-953ca52d7a6f.webp","images/EVOPLAY__Gold_of_Sirens_Bonus_Buy__13280.webp"
"10840","cashultimate0000","Cash Ultimate","REDTIGER","5","https://pub.imgscache.com/compic/2d9e669a-fd8f-41b3-8be6-ee6ec1f655ba.webp","images/REDTIGER__Cash_Ultimate__10840.webp"
"11531","1_58","DJ Rock","TPG","5","https://pub.imgscache.com/compic/93b63dac-1e1e-48e6-9aa4-83f7dc04d999.webp","images/TPG__DJ_Rock__11531.webp"
"10989","16","Super5","CQ9","5","https://pub.imgscache.com/compic/9a90cb68-bdb7-4e13-827d-f29aee39685c.webp","images/CQ9__Super5__10989.webp"
"10993","27","Magic World","CQ9","5","https://pub.imgscache.com/compic/a72bc2ef-cc1d-479a-a198-e58a78107bb9.webp","images/CQ9__Magic_World__10993.webp"
"10964","warofgods0000000","War Of Gods","REDTIGER","5","https://pub.imgscache.com/compic/4963d686-d927-43a9-82c4-a5c370cbf560.webp","images/REDTIGER__War_Of_Gods__10964.webp"
"11935","legionxdx1000000","Legion X","NLC","5","https://pub.imgscache.com/compic/909201d8-e7df-4b06-86b3-ec0484b4d07c.webp","images/NLC__Legion_X__11935.webp"
"13694","KingOctopus","King Octopus","KA GAMING","8","https://pub.imgscache.com/compic/4a46711c-e99f-455a-8028-79923d589584.webp","images/KA_GAMING__King_Octopus__13694.webp"
"11991","wixxdx1000000000","Wixx","NLC","5","https://pub.imgscache.com/compic/1c6740fe-3010-4e70-ac5d-a2d946e7743c.webp","images/NLC__Wixx__11991.webp"
"13580","428","Speed Baccarat 10","PP","17","https://pub.imgscache.com/compic/4c4b1aab-4f94-4797-a6bc-8a38d390a2dd.webp","images/PP__Speed_Baccarat_10__13580.webp"
"11185","18_277","Witchy Win","RTG","5","https://pub.imgscache.com/compic/4e8a8243-0a39-49c8-a5ea-c213ea7aa5f7.webp","images/RTG__Witchy_Win__11185.webp"
"10624","SGCashosaurus","Cashosaurus","HBN","5","https://pub.imgscache.com/compic/4c06b435-56cf-47b7-846f-52186ddd3c8a.webp","images/HBN__Cashosaurus__10624.webp"
"11115","18_158","The Three Stooges® Brideless Groom","RTG","5","https://pub.imgscache.com/compic/4f2bd921-3377-4c2c-8f47-55bfa642bc55.webp","images/RTG__The_Three_Stooges_Brideless_Groom__11115.webp"
"13353","410152","Catch The Gold Hold And Win","BGAMING","5","https://pub.imgscache.com/compic/f3692340-feea-48c7-8c6a-b5fa1eab33da.webp","images/BGAMING__Catch_The_Gold_Hold_And_Win__13353.webp"
"14075","munchiesdx100000","Munchies","NLC","5","https://pub.imgscache.com/compic/0e62fc88-56a5-4905-bcbf-a69ca6aca089.webp","images/NLC__Munchies__14075.webp"
"12777","201260","Vending Machine","HACKSAW","5","https://pub.imgscache.com/compic/fffa9180-ffb4-48b1-9409-93608c6b8f85.webp","images/HACKSAW__Vending_Machine__12777.webp"
"13673","FireHit","Fire Hit","KA GAMING","5","https://pub.imgscache.com/compic/69151f01-671f-46ed-bb3f-6dee194e34c9.webp","images/KA_GAMING__Fire_Hit__13673.webp"
"11518","18_326","Santa's Reel Wheel","RTG","5","https://pub.imgscache.com/compic/4808a269-44f4-434e-803e-97d724840c55.webp","images/RTG__Santa_s_Reel_Wheel__11518.webp"
"14128","Perya_Drop_Ball_Card","Perya Dropball card","KM","30","https://pub.imgscache.com/compic/e2022d28-9ed4-457c-b5f5-59deb6162369.webp","images/KM__Perya_Dropball_card__14128.webp"
"11942","monkeysgolddx100","Monkey's Gold xPays","NLC","5","https://pub.imgscache.com/compic/5925e847-7bd2-4b5b-a4c8-ff533757327d.webp","images/NLC__Monkey_s_Gold_xPays__11942.webp"
"12593","dangerhigagev295","Danger High Voltage","BTG","5","https://pub.imgscache.com/compic/ce23921d-6d2e-409a-8098-0ff5236d0fd7.webp","images/BTG__Danger_High_Voltage__12593.webp"
"11175","18_259","Magic Mushroom","RTG","5","https://pub.imgscache.com/compic/31496ae8-2628-4ec7-9d4f-4aff30e06673.webp","images/RTG__Magic_Mushroom__11175.webp"
"10666","SGVikingsPlunder","Viking's Plunder","HBN","5","https://pub.imgscache.com/compic/e7a6f338-ce2d-424a-bf11-6301edf93296.webp","images/HBN__Viking_s_Plunder__10666.webp"
"10816","romer00000000000","Rome:The Golden Age","NETENT","5","https://pub.imgscache.com/compic/24118ab1-3f81-443d-a091-7208f2897644.webp","images/NETENT__Rome_The_Golden_Age__10816.webp"
"11134","18_190","Popiñata","RTG","5","https://pub.imgscache.com/compic/36f47e70-b6e9-4b2c-b2e4-5f902a6e0147.webp","images/RTG__Popi_ata__11134.webp"
"10987","13","SakuraLegend","CQ9","5","https://pub.imgscache.com/compic/1e43c280-4ec1-4184-a250-c4de683315a6.webp","images/CQ9__SakuraLegend__10987.webp"
"13685","GoldenBall","Golden Ball","KA GAMING","5","https://pub.imgscache.com/compic/2ca4061c-0ec0-4b61-b046-462b42281ccc.webp","images/KA_GAMING__Golden_Ball__13685.webp"
"10616","SGKanesInferno","Kane's Inferno","HBN","5","https://pub.imgscache.com/compic/dfe68072-4ac8-4380-9141-a8f2ff9cb5b5.webp","images/HBN__Kane_s_Inferno__10616.webp"
"14271","frofl;rofl_livefootballroulette","Football French Roulette","PT","17","https://pub.imgscache.com/compic/66d0297c-af6c-491e-ad15-d9f8e86afcbe.webp","images/PT__Football_French_Roulette__14271.webp"
"12607","luckystremk2v194","Lucky Streak Mk2","BTG","5","https://pub.imgscache.com/compic/82849ae4-f9cc-4ebd-a778-eddd10051cee.webp","images/BTG__Lucky_Streak_Mk2__12607.webp"
"10985","10","LuckyBats","CQ9","5","https://pub.imgscache.com/compic/1aa00b0c-05a8-4ecc-98c4-eb16740fee0a.webp","images/CQ9__LuckyBats__10985.webp"
"13286","110194","Inner Fire","EVOPLAY","5","https://pub.imgscache.com/compic/277ebd93-3b16-470b-83d5-2af10b2786d6.webp","images/EVOPLAY__Inner_Fire__13286.webp"
"12637","018","Dragon Zuma","YGR","3","https://pub.imgscache.com/compic/7873af2f-7c10-4939-92ed-2c463ddc1217.webp","images/YGR__Dragon_Zuma__12637.webp"
"11141","18_199","Bubble Bubble 2","RTG","5","https://pub.imgscache.com/compic/a8f6e143-9c04-48b0-9135-8f89785e1ccc.webp","images/RTG__Bubble_Bubble_2__11141.webp"
"10655","SGShogunsLand","Shogun's Land","HBN","5","https://pub.imgscache.com/compic/15b778e6-6876-4911-b58b-dfbc1e4a1363.webp","images/HBN__Shogun_s_Land__10655.webp"
"14013","GB6","Ganesha Jr.","CQ9","5","https://pub.imgscache.com/compic/99c805eb-7249-4654-a7f2-708312f3c2d6.webp","images/CQ9__Ganesha_Jr.__14013.webp"
"13947","bugsysbar0000000","Bugsys Bar","REDTIGER","5","https://pub.imgscache.com/compic/2cd50e80-8388-4ea8-b5c9-710daf84bc2e.webp","images/REDTIGER__Bugsys_Bar__13947.webp"
"13257","110171","Candy Dreams: Sweet Planet Bonus Buy","EVOPLAY","5","https://pub.imgscache.com/compic/84f2110f-316d-4d16-8d9e-79ce75ac6013.webp","images/EVOPLAY__Candy_Dreams_Sweet_Planet_Bonus_Buy__13257.webp"
"14018","148","Fortune Totem","CQ9","5","https://pub.imgscache.com/compic/a7b8d9c3-594f-4371-88b7-9656750988f5.webp","images/CQ9__Fortune_Totem__14018.webp"
"10566","SGTechnoTumble","Techno Tumble","HBN","5","https://pub.imgscache.com/compic/4f43609c-a647-4245-82a2-3a440a0209f4.webp","images/HBN__Techno_Tumble__10566.webp"
"10580","SGPumpkinPatch","Pumpkin Patch","HBN","5","https://pub.imgscache.com/compic/e2a8956f-acb2-4b1b-a231-a2a6f7a5484b.webp","images/HBN__Pumpkin_Patch__10580.webp"
"11954","PSS-ON-00136","Feature Buy · Christmas Express","PLAYSTAR","5","https://pub.imgscache.com/compic/ebfaaa8c-ff4c-4e07-8e52-517b988617ff.webp","images/PLAYSTAR__Feature_Buy_Christmas_Express__11954.webp"
"13664","DrGeek","Dr. Geek","KA GAMING","5","https://pub.imgscache.com/compic/cfa7c9f9-5e2d-41e6-9f12-5757062ff605.webp","images/KA_GAMING__Dr._Geek__13664.webp"
"12966","082","CASH RICH","YGR","5","https://pub.imgscache.com/compic/b504614d-f933-46d5-a148-37910c146221.webp","images/YGR__CASH_RICH__12966.webp"
"11933","kissmychansawdx1","Kiss My Chainsaw","NLC","5","https://pub.imgscache.com/compic/610a2176-f905-4427-b86a-ebcf3957a262.webp","images/NLC__Kiss_My_Chainsaw__11933.webp"
"13691","HoneyMoney","Honey Money","KA GAMING","5","https://pub.imgscache.com/compic/520a6a13-8b46-4593-9023-5fb986179530.webp","images/KA_GAMING__Honey_Money__13691.webp"
"13734","WhaleWild","Whale Wild","KA GAMING","5","https://pub.imgscache.com/compic/15ff213b-12e7-4c20-8970-35696d04ba48.webp","images/KA_GAMING__Whale_Wild__13734.webp"
"11044","196","Tenfold Eggs","CQ9","5","https://pub.imgscache.com/compic/b295ec5c-16cc-44a9-8ada-8110aca04be0.webp","images/CQ9__Tenfold_Eggs__11044.webp"
"10902","luckyoktoberfest","Lucky Oktoberfest","REDTIGER","5","https://pub.imgscache.com/compic/b2ec0940-fca5-47c7-9742-3618ff84c0d3.webp","images/REDTIGER__Lucky_Oktoberfest__10902.webp"
"11687","18_299","Big Santa","RTG","5","https://pub.imgscache.com/compic/e1eed170-73ae-4632-b1c8-107ad884db5d.webp","images/RTG__Big_Santa__11687.webp"
"12264","PGS_1747549","Wings of Iguazu","PG","5","https://pub.imgscache.com/compic/5e49f629-6354-42e9-a1ff-f6ef2b5a491e.webp","images/PG__Wings_of_Iguazu__12264.webp"
"14015","227","888 Cai Shen","CQ9","5","https://pub.imgscache.com/compic/a28335d2-d235-432a-a00c-2c444cbc3851.webp","images/CQ9__888_Cai_Shen__14015.webp"
"11149","18_224","Ritchie Valens La Bamba","RTG","5","https://pub.imgscache.com/compic/83feb326-057b-4d28-8216-c8c6ff4b47b1.webp","images/RTG__Ritchie_Valens_La_Bamba__11149.webp"
"14283","tgcsl;tgcsl_cardshow","The Greatest Cards Show Live","PT","17","https://pub.imgscache.com/compic/1b12d5a1-132c-4bab-a03f-8a44e8a39e2a.webp","images/PT__The_Greatest_Cards_Show_Live__14283.webp"
"11888","knightsofavalon0","Knights Of Avalon","REDTIGER","5","https://pub.imgscache.com/compic/ee4dc95e-f787-4bef-968a-140ef13e360a.webp","images/REDTIGER__Knights_Of_Avalon__11888.webp"
"13594","287","Mega Roulette - Brazilian","PP","17","https://pub.imgscache.com/compic/d5a43c3c-9584-4126-a0d7-ecb9b882646d.webp","images/PP__Mega_Roulette_-_Brazilian__13594.webp"
"13256","110163","Candy Dreams: Sweet Planet","EVOPLAY","5","https://pub.imgscache.com/compic/0c7f59b5-7c75-4969-9468-a1b9603f7611.webp","images/EVOPLAY__Candy_Dreams_Sweet_Planet__13256.webp"
"11908","bonusbunniesdx10","Bonus Bunnies","NLC","5","https://pub.imgscache.com/compic/ab5d5385-55b6-41ca-944e-b7f7c963d870.webp","images/NLC__Bonus_Bunnies__11908.webp"
"10951","thewildhatter000","The Wild Hatter","REDTIGER","5","https://pub.imgscache.com/compic/1d1f4d3c-a5ea-4c7a-88ca-4a32cb9de594.webp","images/REDTIGER__The_Wild_Hatter__10951.webp"
"11974","remembergulagdx1","Remember Gulag","NLC","5","https://pub.imgscache.com/compic/d831427d-b0e0-4f19-ac95-b67cfbe81d64.webp","images/NLC__Remember_Gulag__11974.webp"
"11760","SGSpaceGoonz","Space Goonz","HBN","5","https://pub.imgscache.com/compic/18a97c07-81f4-424e-a6fd-57c61d4386e7.webp","images/HBN__Space_Goonz__11760.webp"
"13674","FishingExpedition","Fishing Expedition","KA GAMING","3","https://pub.imgscache.com/compic/0e831ee4-f892-4188-9845-e2381d493892.webp","images/KA_GAMING__Fishing_Expedition__13674.webp"
"13634","tpcl9s2a5uddd84m","PD Classic Blackjack 4","EVOLUTION","17","https://pub.imgscache.com/compic/1f4703a1-1ea5-4bb2-9333-cac9985d4b27.webp","images/EVOLUTION__PD_Classic_Blackjack_4__13634.webp"
"11027","146","Sky Lanterns","CQ9","5","https://pub.imgscache.com/compic/4448836f-8d62-4d62-9be1-6381bb5cbb58.webp","images/CQ9__Sky_Lanterns__11027.webp"
"12125","204","Super Tie Baccarat","EEZE1","17","https://pub.imgscache.com/compic/e6e49030-5757-487b-9a05-011c0cd7a0e1.webp","images/EEZE1__Super_Tie_Baccarat__12125.webp"
"12611","millionaiboxv194","Millionaire Mystery Box","BTG","5","https://pub.imgscache.com/compic/bd182d3d-337b-42dd-bdf4-ee0ef1e7b357.webp","images/BTG__Millionaire_Mystery_Box__12611.webp"
"10512","35","Mr. Hallow-Win","PG","5","https://pub.imgscache.com/compic/47686ddc-ccfb-45fd-88e9-35b51c292f7f.webp","images/PG__Mr._Hallow-Win__10512.webp"
"11551","1_56","Mermaid Treasure","TPG","5","https://pub.imgscache.com/compic/759f0178-7e87-4aa3-b835-372ceed08277.webp","images/TPG__Mermaid_Treasure__11551.webp"
"14031","201149","Mines","HACKSAW","3","https://pub.imgscache.com/compic/67840d94-de47-4558-acaa-ff63ccab8d34.webp","images/HACKSAW__Mines__14031.webp"
"10988","15","GuGuGu","CQ9","5","https://pub.imgscache.com/compic/2c53ad67-6372-4ec8-8495-a539b66b5740.webp","images/CQ9__GuGuGu__10988.webp"
"10665","SGTreasureTomb","Treasure Tomb","HBN","5","https://pub.imgscache.com/compic/7206ea0c-5396-4d5b-a35a-9f4d463a820c.webp","images/HBN__Treasure_Tomb__10665.webp"
"12883","054","Dog's Vacation","YGR","5","https://pub.imgscache.com/compic/9a29008d-bf0f-43e8-94b7-5acbed5d98cb.webp","images/YGR__Dog_s_Vacation__12883.webp"
"14104","StandAloneWheel","Wheel","GEMH","8","https://pub.imgscache.com/compic/d663a717-8109-43ae-ac67-51fdce06119a.webp","images/GEMH__Wheel__14104.webp"
"13509","coin-blox","Coin Blox","PNS","5","https://pub.imgscache.com/compic/d3f8227c-0811-4476-9290-a60a9898f328.webp","images/PNS__Coin_Blox__13509.webp"
"13725","SpiderGoblin","Spider Goblin","KA GAMING","5","https://pub.imgscache.com/compic/1ee21a1d-79be-40d7-9114-6dd581bc24a8.webp","images/KA_GAMING__Spider_Goblin__13725.webp"
"12631","whiterabbitv2950","White Rabbit","BTG","5","https://pub.imgscache.com/compic/a52e3c5a-1196-408f-b257-51407934908d.webp","images/BTG__White_Rabbit__12631.webp"
"12195","PGS_1738001","Chicky Run","PG","3","https://pub.imgscache.com/compic/24523d99-86c3-4d7a-b1aa-76a53f6ce562.webp","images/PG__Chicky_Run__12195.webp"
"11166","18_245","Mermaid’s Pearls","RTG","5","https://pub.imgscache.com/compic/d9e67632-62c1-4476-beaf-df928e257e65.webp","images/RTG__Mermaid_s_Pearls__11166.webp"
"14220","vsways5lionsr","5 Lions Reborn","PP","5","https://pub.imgscache.com/compic/46952e6a-c776-45b5-af3c-d9a0ad9266c0.webp","images/PP__5_Lions_Reborn__14220.webp"
"11556","3_6","Sic-Bo","TPG","3","https://pub.imgscache.com/compic/9db4f828-21f4-4a22-b8e5-99717089cef9.webp","images/TPG__Sic-Bo__11556.webp"
"13296","110229","Lucky Porker Bonus Buy","EVOPLAY","5","https://pub.imgscache.com/compic/afe7e45e-bc79-4974-b769-f3cbba005633.webp","images/EVOPLAY__Lucky_Porker_Bonus_Buy__13296.webp"
"13514","epic-hellas","Epic Hellas","PNS","5","https://pub.imgscache.com/compic/d9444eb5-0e63-4467-9fa8-357db48ba313.webp","images/PNS__Epic_Hellas__13514.webp"
"13251","110153","Budai Reels","EVOPLAY","5","https://pub.imgscache.com/compic/7b2cae0a-59b7-40be-ad7f-e1c89e547b49.webp","images/EVOPLAY__Budai_Reels__13251.webp"
"12552","34184","NinjaCrash","galaxsys","3","https://pub.imgscache.com/compic/b6dcb817-6e2b-4171-a579-e699b75bfc99.webp","images/galaxsys__NinjaCrash__12552.webp"
"12604","kingofcatsv19400","King of Cats","BTG","5","https://pub.imgscache.com/compic/64fdcc1f-132a-4227-be1a-71b7ef3bff3b.webp","images/BTG__King_of_Cats__12604.webp"
"13518","ghostfather-awakened","Ghostfather - Awakened","PNS","5","https://pub.imgscache.com/compic/0f10f2a4-91e4-46e8-9f63-234079fb92ec.webp","images/PNS__Ghostfather_-_Awakened__13518.webp"
"12871","049","100x Diamond 7","YGR","5","https://pub.imgscache.com/compic/0e73a4d2-d99d-4b7a-b39b-bc49173506ca.webp","images/YGR__100x_Diamond_7__12871.webp"
"12720","201357","Cash Crew","HACKSAW","5","https://pub.imgscache.com/compic/ad21a6e7-d025-4239-a8c8-2b8e3a0827a9.webp","images/HACKSAW__Cash_Crew__12720.webp"
"10562","SGJellyfishFlow","Jellyfish Flow","HBN","5","https://pub.imgscache.com/compic/d05ea992-b275-4463-b291-ea1f3801f220.webp","images/HBN__Jellyfish_Flow__10562.webp"
"10835","aurumcodex000000","Aurum Codex","REDTIGER","5","https://pub.imgscache.com/compic/775ea10a-f914-4f1a-9d12-4e1741de4e1e.webp","images/REDTIGER__Aurum_Codex__10835.webp"
"14233","vs25goldpartya","Gold Party 2 - After Hours","PP","5","https://pub.imgscache.com/compic/2373e64a-faf2-40d6-a4eb-024f7099c502.webp","images/PP__Gold_Party_2_-_After_Hours__14233.webp"
"12888","064","Fruit & BAR","YGR","5","https://pub.imgscache.com/compic/e29c39ce-e2fc-4933-9ee2-26e6ff9faeba.webp","images/YGR__Fruit_BAR__12888.webp"
"13325","110140","Triple Chili","EVOPLAY","5","https://pub.imgscache.com/compic/2e318c26-4586-46f1-ab5a-41cf67d65e9a.webp","images/EVOPLAY__Triple_Chili__13325.webp"
"14207","ubal;bal_speedbaccarat2","Baccarat Brasileira","PT","17","https://pub.imgscache.com/compic/89276930-6206-43e6-a708-878a94bc276b.webp","images/PT__Baccarat_Brasileira__14207.webp"
"10654","SGShaolinFortunes243","Shaolin Fortunes","HBN","5","https://pub.imgscache.com/compic/aa6f55b6-78ed-4759-8a86-bc209b3e7487.webp","images/HBN__Shaolin_Fortunes__10654.webp"
"11591","22027","Happy Duo Bao","FACHAI","5","https://pub.imgscache.com/compic/f368946b-efd2-4181-9bc5-69da15b98380.webp","images/FACHAI__Happy_Duo_Bao__11591.webp"
"11161","18_238","Ancient Gods","RTG","5","https://pub.imgscache.com/compic/82d72590-3d37-4765-b9c0-fe6aff69b048.webp","images/RTG__Ancient_Gods__11161.webp"
"13272","110146","Fruit Super Nova 100","EVOPLAY","5","https://pub.imgscache.com/compic/45ce381d-a098-4434-86b6-6e3555028e1f.webp","images/EVOPLAY__Fruit_Super_Nova_100__13272.webp"
"13546","duel","Wild Duel","PNS","5","https://pub.imgscache.com/compic/ff9cbbf6-ec0c-443b-abac-cddb9dd759ff.webp","images/PNS__Wild_Duel__13546.webp"
"10627","SGDoubleODollars","Double O Dollars","HBN","5","https://pub.imgscache.com/compic/6a09abb7-bf1f-4bb6-9c2e-f905aebc6763.webp","images/HBN__Double_O_Dollars__10627.webp"
"12682","201210","Frank's Farm","HACKSAW","5","https://pub.imgscache.com/compic/10b701ad-5dac-41b3-9dc2-4bc953222cf1.webp","images/HACKSAW__Frank_s_Farm__12682.webp"
"12585","bonanzafallsv100","Bonanza Falls","BTG","5","https://pub.imgscache.com/compic/e013d3c6-4d10-4132-bbb0-700b2a0535fd.webp","images/BTG__Bonanza_Falls__12585.webp"
"10600","SGOceansCall","Ocean's Call","HBN","5","https://pub.imgscache.com/compic/0cdcc3c4-672c-49f0-a537-b11be04c4e73.webp","images/HBN__Ocean_s_Call__10600.webp"
"13279","110129","Gold of Sirens","EVOPLAY","5","https://pub.imgscache.com/compic/1a5d6133-f3fc-4db2-9052-9210c942ad7c.webp","images/EVOPLAY__Gold_of_Sirens__13279.webp"
"13730","Treasurebowl","Treasure Bowl","KA GAMING","5","https://pub.imgscache.com/compic/8cbc2d1c-b7b9-4302-a4ed-bf506199ae67.webp","images/KA_GAMING__Treasure_Bowl__13730.webp"
"11970","PSS-ON-00104","Kungfu","PLAYSTAR","5","https://pub.imgscache.com/compic/06c8c7fc-05f7-44f0-9750-50839ac4899d.webp","images/PLAYSTAR__Kungfu__11970.webp"
"11121","18_167","Eternal Love","RTG","5","https://pub.imgscache.com/compic/0a14e12a-d5cc-4732-9be6-d1a52733db49.webp","images/RTG__Eternal_Love__11121.webp"
"11940","milkywaysdx10000","Milky Ways","NLC","5","https://pub.imgscache.com/compic/18f14678-d423-49e3-bc50-c37d9af9a3fb.webp","images/NLC__Milky_Ways__11940.webp"
"12949","S5G-H5-99967","Crypto Verse","5G","5","https://pub.imgscache.com/compic/d33290a0-ecec-4c03-814a-0d65f3b2e426.webp","images/5G__Crypto_Verse__12949.webp"
"10606","SGDragonsThrone","Dragon's Throne","HBN","5","https://pub.imgscache.com/compic/bb672667-71ef-4735-8f0f-4010f0c3eebe.webp","images/HBN__Dragon_s_Throne__10606.webp"
"13955","devilsnumber0000","Devils Number","REDTIGER","5","https://pub.imgscache.com/compic/7f9720aa-c903-4d36-a49e-dde502dab3e3.webp","images/REDTIGER__Devils_Number__13955.webp"
"11042","194","Fortune Dragon","CQ9","5","https://pub.imgscache.com/compic/7c3ef854-533a-48a6-8292-6253c3cb86e8.webp","images/CQ9__Fortune_Dragon__11042.webp"
"11552","1_54","Mischievous Pirates","TPG","5","https://pub.imgscache.com/compic/5b5792ba-4636-4b36-a292-794af7ed04e2.webp","images/TPG__Mischievous_Pirates__11552.webp"
"13960","gpas_alohacc_pop","Alohawaii: Cash Collect","PT","5","https://pub.imgscache.com/compic/64215cfb-2417-4810-acb4-a6e4f00de034.webp","images/PT__Alohawaii_Cash_Collect__13960.webp"
"13275","110143","Fruit Super Nova 60","EVOPLAY","5","https://pub.imgscache.com/compic/f1fd3013-9677-4664-8739-0fb324753ea4.webp","images/EVOPLAY__Fruit_Super_Nova_60__13275.webp"
"13022","gpas_gdhvns_pop","Goood Heavens","PT","5","https://pub.imgscache.com/compic/d28335c4-6b24-4991-a50c-2e49b8ab9f90.webp","images/PT__Goood_Heavens__13022.webp"
"12661","243","Mafia","CQ9","5","https://pub.imgscache.com/compic/1e16327e-db62-4832-8a64-ee1373dd1328.webp","images/CQ9__Mafia__12661.webp"
"13093","1778752","Futebol Fever","PG","5","https://pub.imgscache.com/compic/9afae896-bc7b-4931-8cfe-06c468ee0b8e.webp","images/PG__Futebol_Fever__13093.webp"
"11513","18_340","Mermaid Royale","RTG","5","https://pub.imgscache.com/compic/874bf1e4-16e4-4b21-bee0-4c8621551701.webp","images/RTG__Mermaid_Royale__11513.webp"
"10598","SGFenghuang","Fenghuang","HBN","5","https://pub.imgscache.com/compic/f80f7be4-9b30-44bf-bd81-49a08828af5e.webp","images/HBN__Fenghuang__10598.webp"
"14021","157","5 Boxing","CQ9","5","https://pub.imgscache.com/compic/10135f1a-a67c-406e-8ae2-5b8a98d1dd1b.webp","images/CQ9__5_Boxing__14021.webp"
"13939","18_239","Scuba Fishing","RTG","5","https://pub.imgscache.com/compic/2465286b-ea58-479a-b94d-94f58cb44b39.webp","images/RTG__Scuba_Fishing__13939.webp"
"12590","christmasnzav195","Christmas Bonanza","BTG","5","https://pub.imgscache.com/compic/53f206df-f163-4474-aa01-534ffeb1dd53.webp","images/BTG__Christmas_Bonanza__12590.webp"
"13666","DragonBoom","Dragon Boom","KA GAMING","8","https://pub.imgscache.com/compic/3118d031-d513-4cd5-8776-965d5d849582.webp","images/KA_GAMING__Dragon_Boom__13666.webp"
"13389","410046","Lucky Crew","BGAMING","5","https://pub.imgscache.com/compic/bd0fb36b-dd13-45b6-872a-feaf0fbe4075.webp","images/BGAMING__Lucky_Crew__13389.webp"
"10991","24","RaveJump2","CQ9","5","https://pub.imgscache.com/compic/fed655bc-2733-403b-99d5-767828caa60d.webp","images/CQ9__RaveJump2__10991.webp"
"13421","410159","Voodoo People","BGAMING","5","https://pub.imgscache.com/compic/8ce61ba3-01d7-49aa-877d-a7763fa90576.webp","images/BGAMING__Voodoo_People__13421.webp"
"13515","evil-devil","Evil Devil","PNS","5","https://pub.imgscache.com/compic/766958d8-e67e-4dd9-b936-d257240f750c.webp","images/PNS__Evil_Devil__13515.webp"
"14273","swl;swl_spinawin","Live Spin A Win","PT","17","https://pub.imgscache.com/compic/143f8584-e064-477a-81fc-2a0757c7f54b.webp","images/PT__Live_Spin_A_Win__14273.webp"
"11009","104","ChickyParmParm","CQ9","5","https://pub.imgscache.com/compic/7f45bb93-9670-463e-b248-d97caf0e54c7.webp","images/CQ9__ChickyParmParm__11009.webp"
"11018","123","LuckyBats M","CQ9","5","https://pub.imgscache.com/compic/04a1b178-a3eb-46c8-8ace-183b556e9d31.webp","images/CQ9__LuckyBats_M__11018.webp"
"13542","valkyries","Valkyries","PNS","5","https://pub.imgscache.com/compic/f852339b-fd33-48c7-a7b9-9995cd5c51e4.webp","images/PNS__Valkyries__13542.webp"
"11028","150","Shou-Xin","CQ9","5","https://pub.imgscache.com/compic/4b921ad4-da49-472e-aa77-afbd7e574409.webp","images/CQ9__Shou-Xin__11028.webp"
"12596","donutsv100000000","Donuts","BTG","5","https://pub.imgscache.com/compic/63a4bc97-94a2-4668-a001-401aac9aa162.webp","images/BTG__Donuts__12596.webp"
"13657","ChristmasCandy","Christmas Candy","KA GAMING","5","https://pub.imgscache.com/compic/361aaebb-1074-439c-9c8a-7c5b95d237e5.webp","images/KA_GAMING__Christmas_Candy__13657.webp"
"12961","074","Bounty Pirate","YGR","5","https://pub.imgscache.com/compic/140a7061-b4e0-4b8b-b3e9-21d59fd391cb.webp","images/YGR__Bounty_Pirate__12961.webp"
"13131","PSS-ON-00161","Cube?","PLAYSTAR","5","https://pub.imgscache.com/compic/50674bba-5b7e-4bac-a53d-8115b0f55cf1.webp","images/PLAYSTAR__Cube__13131.webp"
"13713","Pinocchio","Pinocchio","KA GAMING","5","https://pub.imgscache.com/compic/65a73273-2b7e-4e77-a1de-81c1ba6fb584.webp","images/KA_GAMING__Pinocchio__13713.webp"
"10834","atlantis00000000","Atlantis","REDTIGER","5","https://pub.imgscache.com/compic/ae2414bd-5da8-4ba5-956b-4abddf26b0c0.webp","images/REDTIGER__Atlantis__10834.webp"
"14032","201408","Limbo","HACKSAW","3","https://pub.imgscache.com/compic/e78ceba0-9ef9-415c-a118-19923d15c6a1.webp","images/HACKSAW__Limbo__14032.webp"
"10623","SGCarnivalCash","Carnival Cash","HBN","5","https://pub.imgscache.com/compic/645b8ac8-9715-45ca-8a29-ee92dea1d202.webp","images/HBN__Carnival_Cash__10623.webp"
"13202","gpas_safarih_pop","Safari Heat","PT","5","https://pub.imgscache.com/compic/2bf8f49d-580a-4c3d-80dd-86c73e626259.webp","images/PT__Safari_Heat__13202.webp"
"13249","110207","Book Of The Priestess Bonus Buy","EVOPLAY","5","https://pub.imgscache.com/compic/4f9721e5-c889-4a19-8d50-b414600c64db.webp","images/EVOPLAY__Book_Of_The_Priestess_Bonus_Buy__13249.webp"
"10639","SGKingTutsTomb","King Tut's Tomb","HBN","5","https://pub.imgscache.com/compic/d3d15004-4e87-47be-98ae-a92f752c84cd.webp","images/HBN__King_Tut_s_Tomb__10639.webp"
"10995","50","Good Fortune","CQ9","5","https://pub.imgscache.com/compic/3e770529-5685-4703-8ee2-07d93065aa8e.webp","images/CQ9__Good_Fortune__10995.webp"
"11919","elpasodx10000000","El Paso Gunfight xNudge","NLC","5","https://pub.imgscache.com/compic/347c8718-c26b-43f3-aa8c-7191553efefd.webp","images/NLC__El_Paso_Gunfight_xNudge__11919.webp"
"13956","wildcatsmultilin","Wild Cats Multiline","REDTIGER","5","https://pub.imgscache.com/compic/bf5d5693-bf40-4c66-9368-f694c2c95e98.webp","images/REDTIGER__Wild_Cats_Multiline__13956.webp"
"11982","thecreepyivaldx1","The Creepy Carnival","NLC","5","https://pub.imgscache.com/compic/eabee6e8-302b-477f-be65-29320910e449.webp","images/NLC__The_Creepy_Carnival__11982.webp"
"11984","thordx1000000000","Thor Hammer Time","NLC","5","https://pub.imgscache.com/compic/a4456446-cdf1-44be-9639-4eb97e5bd777.webp","images/NLC__Thor_Hammer_Time__11984.webp"
"10791","0_8046","Guan Gong","JDB","5","https://pub.imgscache.com/compic/236690ba-50a3-47b5-a517-1179f72debf3.webp","images/JDB__Guan_Gong__10791.webp"
"14243","vs10diamondrgh","Temple Guardians","PP","5","https://pub.imgscache.com/compic/7db29b94-fcd1-48d7-85d0-4d5eb67220c3.webp","images/PP__Temple_Guardians__14243.webp"
"14108","StandAloneLimboCL","Limbo Classic","GEMH","8","https://pub.imgscache.com/compic/815875f9-636c-46e4-96c3-0aed3f25ac4c.webp","images/GEMH__Limbo_Classic__14108.webp"
"10595","SGBirdOfThunder","Bird of Thunder","HBN","5","https://pub.imgscache.com/compic/cb1640d0-1abd-452e-99ad-bf23278ebf14.webp","images/HBN__Bird_of_Thunder__10595.webp"
"13255","110000","Candy Dreams","EVOPLAY","5","https://pub.imgscache.com/compic/0ae325a5-9ea4-4895-87d7-a0ef91c2d230.webp","images/EVOPLAY__Candy_Dreams__13255.webp"
"11164","18_243","Cubee","RTG","5","https://pub.imgscache.com/compic/5a7cc39d-060b-419b-a1ff-9f4cd859a84f.webp","images/RTG__Cubee__11164.webp"
"11359","alohaj0r40000000","Aloha! Cluster Pays","NETENT","5","https://pub.imgscache.com/compic/4243c8dc-2d40-46e3-b81e-bbd9d1027f03.webp","images/NETENT__Aloha_Cluster_Pays__11359.webp"
"13556","266","VIP Auto Roulette","PP","17","https://pub.imgscache.com/compic/c8cbbfb8-37e3-4fd7-ba0c-724c230de8a1.webp","images/PP__VIP_Auto_Roulette__13556.webp"
"13672","FireDragons","Fire Dragons","KA GAMING","5","https://pub.imgscache.com/compic/d3eb285a-7a1d-4f05-ac0c-10cab3278a45.webp","images/KA_GAMING__Fire_Dragons__13672.webp"
"13539","musashi","The Legend of Musashi","PNS","5","https://pub.imgscache.com/compic/af098fc9-a1bf-48bc-b3f3-43b4a6a54fb2.webp","images/PNS__The_Legend_of_Musashi__13539.webp"
"10829","5families0000000","5 Families","REDTIGER","5","https://pub.imgscache.com/compic/718a6f84-7335-4465-a45a-506390adf1af.webp","images/REDTIGER__5_Families__10829.webp"
"13533","robin","Robin - Sherwood Marauders","PNS","5","https://pub.imgscache.com/compic/02eb5c22-e018-4f5a-be39-46e6da25401a.webp","images/PNS__Robin_-_Sherwood_Marauders__13533.webp"
"11945","pixiesvspatesdx1","Pixies vs Pirates","NLC","5","https://pub.imgscache.com/compic/3c43cfa7-409f-45f5-aeb8-51541cb0da57.webp","images/NLC__Pixies_vs_Pirates__11945.webp"
"13331","110157","Wild Overlords Bonus Buy","EVOPLAY","5","https://pub.imgscache.com/compic/1254f578-5ffd-4eb0-9b80-f9f5bc8d0259.webp","images/EVOPLAY__Wild_Overlords_Bonus_Buy__13331.webp"
"13706","MissJoker","Miss Joker","KA GAMING","5","https://pub.imgscache.com/compic/746ff60a-b7a6-4ab1-b422-6a66fe8643cb.webp","images/KA_GAMING__Miss_Joker__13706.webp"
"11003","89","THOR","CQ9","5","https://pub.imgscache.com/compic/ca9b712e-e605-425d-b273-c2ea3f273cb4.webp","images/CQ9__THOR__11003.webp"
"11037","183","Wolf Disco","CQ9","5","https://pub.imgscache.com/compic/4f57cbd5-c274-4e7a-b8b7-84b1eb0a19a2.webp","images/CQ9__Wolf_Disco__11037.webp"
"10586","SGLondonHunter","London Hunter","HBN","5","https://pub.imgscache.com/compic/99bdcc12-09f3-4064-abf1-225774cc0e8d.webp","images/HBN__London_Hunter__10586.webp"
"13318","110250","The Belt Of Champion","EVOPLAY","5","https://pub.imgscache.com/compic/499319dc-7325-4088-8c71-fde988a1571b.webp","images/EVOPLAY__The_Belt_Of_Champion__13318.webp"
"13545","wild-bard","Wild Bard","PNS","5","https://pub.imgscache.com/compic/0ca9b115-7f77-4d53-9a1a-9762686d0945.webp","images/PNS__Wild_Bard__13545.webp"
"10504","25","Plushie Frenzy","PG","5","https://pub.imgscache.com/compic/6ba94a17-c70b-4063-8b57-8d3f75519008.webp","images/PG__Plushie_Frenzy__10504.webp"
"13722","SkyJourney","Sky Journey","KA GAMING","5","https://pub.imgscache.com/compic/029adb10-d379-4cca-ace7-adff1fc52ec7.webp","images/KA_GAMING__Sky_Journey__13722.webp"
"12645","079","Legendary Shaman","YGR","5","https://pub.imgscache.com/compic/fede2729-b112-4b89-aadc-51ac69718be7.webp","images/YGR__Legendary_Shaman__12645.webp"
"10737","1_65","Ying Cai Shen","TPG","5","https://pub.imgscache.com/compic/49900eeb-07da-405c-ad32-9711f69ec7e3.webp","images/TPG__Ying_Cai_Shen__10737.webp"
"13288","110057","Irish Reels","EVOPLAY","5","https://pub.imgscache.com/compic/6e4c6bf0-7ffc-4fa8-8632-559b7a7f312e.webp","images/EVOPLAY__Irish_Reels__13288.webp"
"11015","118","SkrSkr","CQ9","5","https://pub.imgscache.com/compic/4ced4f89-17c7-441c-9bca-c1fd3ce8a070.webp","images/CQ9__SkrSkr__11015.webp"
"12558","34829","Jungle Wheel","galaxsys","3","https://pub.imgscache.com/compic/93befbfd-f9b0-4c83-9805-17668efbc21e.webp","images/galaxsys__Jungle_Wheel__12558.webp"
"10872","fruitsnap0000000","Fruit Snap","REDTIGER","5","https://pub.imgscache.com/compic/13a64f19-fbab-49b7-8f87-4b8401895fa3.webp","images/REDTIGER__Fruit_Snap__10872.webp"
"13704","MidasTouch","Midas Touch","KA GAMING","5","https://pub.imgscache.com/compic/10650603-3e42-4b9e-b11c-0a290b2829cc.webp","images/KA_GAMING__Midas_Touch__13704.webp"
"10940","robinhoodswildfo","Robin Hoods Wild Forest","REDTIGER","5","https://pub.imgscache.com/compic/73e763d2-24b3-4d87-a0a8-cfe5c47f3b17.webp","images/REDTIGER__Robin_Hoods_Wild_Forest__10940.webp"
"13405","410179","Plinko 2","BGAMING","3","https://pub.imgscache.com/compic/fe6fc828-c807-4007-b51e-3a376048b363.webp","images/BGAMING__Plinko_2__13405.webp"
"10735","1_83","High Way Kings","TPG","5","https://pub.imgscache.com/compic/4f7a8b60-2d0d-4b00-a901-e18a2e9ea5c8.webp","images/TPG__High_Way_Kings__10735.webp"
"13326","110211","Unlimited Treasures","EVOPLAY","5","https://pub.imgscache.com/compic/48f06c77-f669-42b9-bccc-499e774369f8.webp","images/EVOPLAY__Unlimited_Treasures__13326.webp"
"11365","gonzosgoldr20000","Gonzo’s Gold","NETENT","5","https://pub.imgscache.com/compic/0893f02d-50f9-4860-bf73-81497398bbb6.webp","images/NETENT__Gonzo_s_Gold__11365.webp"
"13282","110201","Hot Rio Nights","EVOPLAY","5","https://pub.imgscache.com/compic/e84ee76c-84f2-4afe-a632-ada808a002f7.webp","images/EVOPLAY__Hot_Rio_Nights__13282.webp"
"13698","LiveStreamingStar","Live Streaming Star","KA GAMING","5","https://pub.imgscache.com/compic/83681d4c-db0d-41df-aab5-2bc7a8bad84c.webp","images/KA_GAMING__Live_Streaming_Star__13698.webp"
"10615","SGBuggyBonus","Buggy Bonus","HBN","5","https://pub.imgscache.com/compic/1178a635-0597-407e-b2df-b810993c989e.webp","images/HBN__Buggy_Bonus__10615.webp"
"11938","mayanmagicdx1000","Mayan Magic Wildfire","NLC","5","https://pub.imgscache.com/compic/29fd3715-188b-4358-871f-c4d505b65390.webp","images/NLC__Mayan_Magic_Wildfire__11938.webp"
"13388","410009","Lucky 8 Merge Up","BGAMING","5","https://pub.imgscache.com/compic/04eafd49-0a05-4517-864a-7e1061fedbfe.webp","images/BGAMING__Lucky_8_Merge_Up__13388.webp"
"13252","110155","Budai Reels Bonus Buy","EVOPLAY","5","https://pub.imgscache.com/compic/4407e493-f381-4b8a-aa7f-e9156b0f526a.webp","images/EVOPLAY__Budai_Reels_Bonus_Buy__13252.webp"
"11007","102","FruityCarnival","CQ9","5","https://pub.imgscache.com/compic/2e1f3e96-9860-4f5e-8016-f7848e1380ea.webp","images/CQ9__FruityCarnival__11007.webp"
"13329","110109","Wild Bullets","EVOPLAY","5","https://pub.imgscache.com/compic/312c4f27-7b33-4dd6-a790-2fd911287bec.webp","images/EVOPLAY__Wild_Bullets__13329.webp"
"11943","owlsdx1000000000","Owls","NLC","5","https://pub.imgscache.com/compic/4c211891-c427-40e1-b9c6-349d72be9417.webp","images/NLC__Owls__11943.webp"
"13303","110225","Northern Temple Bonus Buy","EVOPLAY","5","https://pub.imgscache.com/compic/e1a5b6f3-48f8-413f-a203-5c594fb71366.webp","images/EVOPLAY__Northern_Temple_Bonus_Buy__13303.webp"
"13209","gpas_gporang_pop","Gold Pile: Orangutan!","PT","5","https://pub.imgscache.com/compic/1a354cb5-8172-4b8b-ae64-bbe70f42655c.webp","images/PT__Gold_Pile_Orangutan__13209.webp"
"13270","110106","Fruit Nova","EVOPLAY","5","https://pub.imgscache.com/compic/659d9fdd-ecbd-4334-a9e6-29de6a8b5f04.webp","images/EVOPLAY__Fruit_Nova__13270.webp"
"13531","punch-club","Punch Club","PNS","5","https://pub.imgscache.com/compic/be5f7933-5cd2-4ff8-8866-4b01051472b0.webp","images/PNS__Punch_Club__13531.webp"
"11117","18_161","Lucha Libre","RTG","5","https://pub.imgscache.com/compic/500d33f8-1164-4449-bfe1-886687c0b672.webp","images/RTG__Lucha_Libre__11117.webp"
"14231","vs20gemfirefor","Gem Fire Fortune","PP","5","https://pub.imgscache.com/compic/db174d97-ddbd-461b-a16d-47099096016d.webp","images/PP__Gem_Fire_Fortune__14231.webp"
"13519","greedy-alice","Greedy Alice","PNS","5","https://pub.imgscache.com/compic/a7636830-56af-4390-bf4b-586e14f4b9ca.webp","images/PNS__Greedy_Alice__13519.webp"
"13271","110114","Fruit Super Nova","EVOPLAY","5","https://pub.imgscache.com/compic/7c8c8be6-640a-4633-a341-1a04baf94e87.webp","images/EVOPLAY__Fruit_Super_Nova__13271.webp"
"14221","vs20alieninv","Alien Invaders","PP","5","https://pub.imgscache.com/compic/d6d0600d-a28c-4ebd-98ff-03fd971ae3e7.webp","images/PP__Alien_Invaders__14221.webp"
"14014","VPCQS07","Watah Master Turbo","CQ9","5","https://pub.imgscache.com/compic/a7f7072c-226b-4592-94ef-6fba4df035e7.webp","images/CQ9__Watah_Master_Turbo__14014.webp"
"13250","110051","Brutal Santa","EVOPLAY","5","https://pub.imgscache.com/compic/09d5e7bd-e33a-4e85-9717-1c6c01c3c7e7.webp","images/EVOPLAY__Brutal_Santa__13250.webp"
"13669","ErlangShen","Erlang Shen","KA GAMING","5","https://pub.imgscache.com/compic/57dcf08b-89c3-42ef-a97f-1ce2d8c52876.webp","images/KA_GAMING__Erlang_Shen__13669.webp"
"13697","LadyRacer","Lady Racer","KA GAMING","5","https://pub.imgscache.com/compic/f50839dd-9e71-44cb-9608-ea597edeecb9.webp","images/KA_GAMING__Lady_Racer__13697.webp"
"13701","MasterOfWulin","Master of Wulin Lock 2 Spin","KA GAMING","5","https://pub.imgscache.com/compic/305b1cc7-f380-40cd-9c3a-8b75fe5ed004.webp","images/KA_GAMING__Master_of_Wulin_Lock_2_Spin__13701.webp"
"14111","StandAlonePlinko","Plinko","GEMH","8","https://pub.imgscache.com/compic/75006e7b-be74-4171-adc0-caa59bdb0c08.webp","images/GEMH__Plinko__14111.webp"
"13681","GoGoMonsters","Go Go Monsters","KA GAMING","5","https://pub.imgscache.com/compic/659340e1-6e60-4637-b0a5-825b5a28fbda.webp","images/KA_GAMING__Go_Go_Monsters__13681.webp"
"10609","SGRuffledUp","Ruffled Up","HBN","5","https://pub.imgscache.com/compic/a0cb81e1-bcc3-4d0d-91b2-b789e5f949e0.webp","images/HBN__Ruffled_Up__10609.webp"
"13332","110168","Wolf Hiding","EVOPLAY","5","https://pub.imgscache.com/compic/7ce226dc-12af-46e8-b90c-41cfdddcf2cb.webp","images/EVOPLAY__Wolf_Hiding__13332.webp"
"13200","gpas_mgbwizard_pop","Fire Blaze: Blue Wizard Megaways","PT","5","https://pub.imgscache.com/compic/00394b61-be5c-4df3-aa69-195886daa7fb.webp","images/PT__Fire_Blaze_Blue_Wizard_Megaways__13200.webp"
"10848","davincismystery0","Da Vinci's Mystery","REDTIGER","5","https://pub.imgscache.com/compic/b44cb0f8-786f-4a7f-a9b0-de70c37ab3ef.webp","images/REDTIGER__Da_Vinci_s_Mystery__10848.webp"
"12626","starclustersv100","Star Cluster","BTG","5","https://pub.imgscache.com/compic/dfe9e807-1675-4c26-b802-1cb022294790.webp","images/BTG__Star_Cluster__12626.webp"
"13547","wild-one","wild-one","PNS","5","https://pub.imgscache.com/compic/6fe0ae34-bf63-48dd-b03f-94ae0913470b.webp","images/PNS__wild-one__13547.webp"
"13540","mafiosi","The Mafiosi","PNS","5","https://pub.imgscache.com/compic/dd44c79b-da0b-4247-84a5-ea221a196d36.webp","images/PNS__The_Mafiosi__13540.webp"
"13287","110199","Inner Fire Bonus Buy","EVOPLAY","5","https://pub.imgscache.com/compic/32fed6a0-9c45-469d-ab27-78a46e03a954.webp","images/EVOPLAY__Inner_Fire_Bonus_Buy__13287.webp"
"13248","110202","Book Of The Priestess","EVOPLAY","5","https://pub.imgscache.com/compic/735d54cd-b4a1-4ab8-9f01-5730cf06aa9e.webp","images/EVOPLAY__Book_Of_The_Priestess__13248.webp"
"10590","SGRollingRoger","Rolling Roger","HBN","5","https://pub.imgscache.com/compic/48ee7fec-4f92-4c3f-95e5-496ac1ba1d1c.webp","images/HBN__Rolling_Roger__10590.webp"
"13317","110156","Temple of Thunder","EVOPLAY","5","https://pub.imgscache.com/compic/b617cd42-841f-4e30-bcba-86890ec943c3.webp","images/EVOPLAY__Temple_of_Thunder__13317.webp"
"12586","boov194000000000","Boo","BTG","5","https://pub.imgscache.com/compic/1855c4c0-5df3-4006-845f-b9b6f5b91996.webp","images/BTG__Boo__12586.webp"
"13323","110204","Treasure-Snipes","EVOPLAY","5","https://pub.imgscache.com/compic/30629d10-6f33-42de-b22e-17bb585f8726.webp","images/EVOPLAY__Treasure-Snipes__13323.webp"
"10608","SGRomanEmpire","Roman Empire","HBN","5","https://pub.imgscache.com/compic/8fcabb34-ee05-4011-be2a-eb1a69c7a213.webp","images/HBN__Roman_Empire__10608.webp"
"11837","windrop","Win Drop","GameZone","3","https://pub.imgscache.com/compic/660c62d4-7b52-4177-abab-0e7ff977d1c1.webp","images/GameZone__Win_Drop__11837.webp"
"11180","18_270","Frog Fortunes","RTG","5","https://pub.imgscache.com/compic/5b2f2092-42ec-437f-ab6f-28888538c303.webp","images/RTG__Frog_Fortunes__11180.webp"
"13246","110164","Blessed Flame","EVOPLAY","5","https://pub.imgscache.com/compic/bfbac86e-bee4-4b44-9d5e-c0f7c5bffa5a.webp","images/EVOPLAY__Blessed_Flame__13246.webp"
"13522","johnan-legendarian","Johnan Legendarian","PNS","5","https://pub.imgscache.com/compic/78e18fc7-3bd0-4690-88ee-5e6c3abbce62.webp","images/PNS__Johnan_Legendarian__13522.webp"
"13308","110058","Rich Reels","EVOPLAY","5","https://pub.imgscache.com/compic/61ad463a-5302-4aac-af95-9bf0c42422ba.webp","images/EVOPLAY__Rich_Reels__13308.webp"
"13267","110064","Exploding Fruits","EVOPLAY","5","https://pub.imgscache.com/compic/e09ae0cc-f504-4c12-a9e2-8c9eb0282311.webp","images/EVOPLAY__Exploding_Fruits__13267.webp"
"13536","sheriff-colt","Sheriff Colt","PNS","5","https://pub.imgscache.com/compic/b8bc525a-208a-4917-bd37-d8e9166b61a2.webp","images/PNS__Sheriff_Colt__13536.webp"
"13662","DiamondPower","Diamond Power","KA GAMING","5","https://pub.imgscache.com/compic/3d279d10-4f48-461f-9682-07c8539ea31b.webp","images/KA_GAMING__Diamond_Power__13662.webp"
"12104","1015","Thor Fortune","YB","5","https://pub.imgscache.com/compic/2c9ef597-b9f8-45a1-9ed7-2fc10489d233.webp","images/YB__Thor_Fortune__12104.webp"
"14107","StandAloneDiamonds","Diamonds","GEMH","8"," https://pub.imgscache.com/compic/bb73e3e3-de7a-40a2-8231-5b5201234df3.webp","images/GEMH__Diamonds__14107.webp"
"13967","gpas_twolf_pop","Fire Blaze: Tundra Wolf","PT","5","https://pub.imgscache.com/compic/cf71c0b6-0158-454e-8daf-a8fc401e8892.webp","images/PT__Fire_Blaze_Tundra_Wolf__13967.webp"
"13679","GhostHunter","Ghost Hunter","KA GAMING","5","https://pub.imgscache.com/compic/d908ef6f-7c76-40ee-a6fc-c5d0eb85b950.webp","images/KA_GAMING__Ghost_Hunter__13679.webp"
"13242","110025","Ace Round","EVOPLAY","5","https://pub.imgscache.com/compic/07f02d38-49ba-4361-b491-1a6935b339fd.webp","images/EVOPLAY__Ace_Round__13242.webp"
"14011","253","Sung Wukong","CQ9","5","https://pub.imgscache.com/compic/b0495b29-cae9-4999-8745-f2fa4314d425.webp","images/CQ9__Sung_Wukong__14011.webp"
"13729","ThunderLand","Thunder Land","KA GAMING","3","https://pub.imgscache.com/compic/f57a90a3-83bb-460d-9ebc-60bce0013301.webp","images/KA_GAMING__Thunder_Land__13729.webp"
"13680","GhostsFortune","Ghosts Fortune","KA GAMING","5","https://pub.imgscache.com/compic/6035f379-4446-4974-8e84-da854fd3b52d.webp","images/KA_GAMING__Ghosts_Fortune__13680.webp"
"13258","110148","Christmas Reach","EVOPLAY","5","https://pub.imgscache.com/compic/b90424be-d286-4616-8589-cf2389c56139.webp","images/EVOPLAY__Christmas_Reach__13258.webp"
"14082","110183","Ethan Grand: Mayan Diaries","EVOPLAY","3","https://pub.imgscache.com/compic/d351ede6-c008-4d93-8f13-c5d7a7efbe8e.webp","images/EVOPLAY__Ethan_Grand_Mayan_Diaries__14082.webp"
"13381","410168","Haunted Reels","BGAMING","5","https://pub.imgscache.com/compic/a54ed447-a33e-49a6-a7e4-7e64836737b1.webp","images/BGAMING__Haunted_Reels__13381.webp"
"13334","110209","Wonder Farm Bonus Buy","EVOPLAY","5","https://pub.imgscache.com/compic/c05ed8d2-5b98-4666-b1dc-d1f656f47311.webp","images/EVOPLAY__Wonder_Farm_Bonus_Buy__13334.webp"
"13322","110218","Treasure of the Gods","EVOPLAY","5","https://pub.imgscache.com/compic/243bdd22-b5ce-42d4-b367-3ba49dfc56c6.webp","images/EVOPLAY__Treasure_of_the_Gods__13322.webp"
"13259","110188","Collapsed Castle","EVOPLAY","5","https://pub.imgscache.com/compic/b4a31ec1-cc6c-4fcf-a5b4-6e2e8bd7c21c.webp","images/EVOPLAY__Collapsed_Castle__13259.webp"
"11122","18_168","God of Wealth","RTG","5","https://pub.imgscache.com/compic/54714a60-d7fc-4b8d-934d-349e44e7e63c.webp","images/RTG__God_of_Wealth__11122.webp"
"13717","QuickPlayCandy","Quick Play Candy","KA GAMING","5","https://pub.imgscache.com/compic/8ffe8ad7-f677-4dc0-a9e8-eeb7b0c58ff1.webp","images/KA_GAMING__Quick_Play_Candy__13717.webp"
"13290","110160","Juicy Gems","EVOPLAY","5","https://pub.imgscache.com/compic/d58238de-d7e2-4587-8850-3a3c9c0dbdcc.webp","images/EVOPLAY__Juicy_Gems__13290.webp"
"13653","BonusManiaDeluxe","Bonus Mania Deluxe","KA GAMING","5","https://pub.imgscache.com/compic/ae0b6c07-876d-43d3-9b9d-1983c18bf055.webp","images/KA_GAMING__Bonus_Mania_Deluxe__13653.webp"
"13714","PlinkoS","PlinkoS","KA GAMING","3","https://pub.imgscache.com/compic/849e1b91-068f-4782-9141-7727ca1110fc.webp","images/KA_GAMING__PlinkoS__13714.webp"
"13324","110107","Tree of Light","EVOPLAY","5","https://pub.imgscache.com/compic/72d039c0-bbb8-4cdb-9660-cefb68988525.webp","images/EVOPLAY__Tree_of_Light__13324.webp"
"10618","SGArcticWonders","Arctic Wonders","HBN","5","https://pub.imgscache.com/compic/31b51ac1-3d4e-4427-8c9e-f359eccbbd47.webp","images/HBN__Arctic_Wonders__10618.webp"
"12557","27201","GoldenRA","galaxsys","3","https://pub.imgscache.com/compic/0d3c6928-f25d-4ade-aa4c-e1eaf1377cd6.webp","images/galaxsys__GoldenRA__12557.webp"
"12591","christmascatchv1","Christmas Catch","BTG","5","https://pub.imgscache.com/compic/106a4031-924d-4ef3-a006-2e8410913531.webp","images/BTG__Christmas_Catch__12591.webp"
"12882","059","Cone BONANZA","YGR","5","https://pub.imgscache.com/compic/14449e87-1102-4a33-b8fa-8ce2146c48e2.webp","images/YGR__Cone_BONANZA__12882.webp"
"14106","StandAloneForestTeaParty","Forest Tea Party","GEMH","8","https://pub.imgscache.com/compic/926f9586-6795-4e87-ba6b-4a2ce9e616f7.webp","images/GEMH__Forest_Tea_Party__14106.webp"
"11184","18_274","Wild Hog Luau","RTG","5","https://pub.imgscache.com/compic/64ec0224-a30a-4a47-ac66-2df9421cc12b.webp","images/RTG__Wild_Hog_Luau__11184.webp"
"11013","115","Snow Queen","CQ9","5","https://pub.imgscache.com/compic/90400e68-7a2f-4e32-a067-5f0f901a65af.webp","images/CQ9__Snow_Queen__11013.webp"
"11343","rng-rt-american0","First Person American Roulette","EVOLUTION","17","https://pub.imgscache.com/compic/2981870b-85cb-4c42-ae67-b04bcfc9910d.webp","images/EVOLUTION__First_Person_American_Roulette__11343.webp"
"13289","110206","Irish Weekend","EVOPLAY","5","https://pub.imgscache.com/compic/b725995a-7056-4a63-be7f-00838e569574.webp","images/EVOPLAY__Irish_Weekend__13289.webp"
"13534","rome","Rome - The Conquerors","PNS","5","https://pub.imgscache.com/compic/4f945dba-aebc-4126-ba3a-a20addc23a39.webp","images/PNS__Rome_-_The_Conquerors__13534.webp"
"13543","voodoo-hex","Voodoo Hex","PNS","5","https://pub.imgscache.com/compic/06783228-bf03-4007-afc3-1e2c47512693.webp","images/PNS__Voodoo_Hex__13543.webp"
"13563","4001","Super Trunfo","PP","17","https://pub.imgscache.com/compic/b72b3b3b-837e-4ff8-adf3-b8a59bf2c320.webp","images/PP__Super_Trunfo__13563.webp"
"12553","41446","Dr. Shocker","galaxsys","3","https://pub.imgscache.com/compic/232e8c82-3585-46cf-9662-f83a21d51db8.webp","images/galaxsys__Dr._Shocker__12553.webp"
"10653","SGShaolinFortunes100","Shaolin Fortunes 100","HBN","5","https://pub.imgscache.com/compic/21178287-8fba-48c3-9cfd-880c530befd4.webp","images/HBN__Shaolin_Fortunes_100__10653.webp"
"13431","410173","Dice Clash","BGAMING","3","https://pub.imgscache.com/compic/c96e727e-da7c-47dc-ace8-92329252b17c.webp","images/BGAMING__Dice_Clash__13431.webp"
"11146","18_221","Shanghai Lights","RTG","5","https://pub.imgscache.com/compic/56626be3-8ce1-4b2a-b918-691d617145aa.webp","images/RTG__Shanghai_Lights__11146.webp"
"11544","5_1","Keno Neon","TPG","5","https://pub.imgscache.com/compic/66a4e04b-617e-4b7a-81c9-64fa211e1d49.webp","images/TPG__Keno_Neon__11544.webp"
"12547","462","Cricket Roulette","JILI","3","https://pub.imgscache.com/compic/56c6172f-b86a-40fb-8ed1-4c404a252395.webp","images/JILI__Cricket_Roulette__12547.webp"
"13365","410162","Fishing Club","BGAMING","3","https://pub.imgscache.com/compic/98d789f2-c251-4374-b4d3-e7968c4625e1.webp","images/BGAMING__Fishing_Club__13365.webp"
"12858","60","Jungle Party","CQ9","3","https://pub.imgscache.com/compic/be463ff4-4708-4fed-9835-cfed1658350c.webp","images/CQ9__Jungle_Party__12858.webp"
"13261","110139","Curse of the Pharaoh","EVOPLAY","5","https://pub.imgscache.com/compic/892cf513-f486-4c7b-8986-e6355172f35f.webp","images/EVOPLAY__Curse_of_the_Pharaoh__13261.webp"
"13548","xibalba","Xibalba","PNS","5","https://pub.imgscache.com/compic/d32f6e56-d0be-4319-acf4-b3a4f0f23b04.webp","images/PNS__Xibalba__13548.webp"
"10979","1","FruitKing","CQ9","5","https://pub.imgscache.com/compic/6fe47eb8-4a98-4a02-a159-788981658741.webp","images/CQ9__FruitKing__10979.webp"
"13954","tricksandtreats0","Tricks and Treats","REDTIGER","5","https://pub.imgscache.com/compic/f8e711fb-9549-444a-b751-5f57240f3f4a.webp","images/REDTIGER__Tricks_and_Treats__13954.webp"
"11360","excalibur0000000","Excalibur","NETENT","5","https://pub.imgscache.com/compic/fd7f7767-7c38-4b2d-8b48-e7b2cdcfad04.webp","images/NETENT__Excalibur__11360.webp"
"13273","110136","Fruit Super Nova 30","EVOPLAY","5","https://pub.imgscache.com/compic/8043efeb-417d-4bc3-97f1-3880dd224470.webp","images/EVOPLAY__Fruit_Super_Nova_30__13273.webp"
"13513","dungeon","Dungeon Tower","PNS","5","https://pub.imgscache.com/compic/5453c3fa-f5e3-45ab-a0cc-d6b30713c352.webp","images/PNS__Dungeon_Tower__13513.webp"
"13723","Soldiers","Soldiers","KA GAMING","5","https://pub.imgscache.com/compic/4fbf3d02-40cb-4734-b2fb-71c2f1bf0ac8.webp","images/KA_GAMING__Soldiers__13723.webp"
"13315","110120","Sweet Sugar","EVOPLAY","5","https://pub.imgscache.com/compic/3482c986-bccd-47b7-9f7c-69be5e7ec5e2.webp","images/EVOPLAY__Sweet_Sugar__13315.webp"
"13321","110233","Thunder Mega Sevens","EVOPLAY","5","https://pub.imgscache.com/compic/4f906e87-8b91-4c06-9e53-a84a5be40730.webp","images/EVOPLAY__Thunder_Mega_Sevens__13321.webp"
"11038","184","Six Gacha","CQ9","5","https://pub.imgscache.com/compic/c5678ecf-8159-44e6-970c-23140ed5d755.webp","images/CQ9__Six_Gacha__11038.webp"
"13285","110006","Indiana's Quest","EVOPLAY","5","https://pub.imgscache.com/compic/eb7bb284-5d47-42d3-b23b-74313b79ea07.webp","images/EVOPLAY__Indiana_s_Quest__13285.webp"
"13737","ArcticStorm","Arctic Storm","KA GAMING","5","https://pub.imgscache.com/compic/7f2845eb-525a-4d98-a234-abf131c2f8d6.webp","images/KA_GAMING__Arctic_Storm__13737.webp"
"14033","201406","Dice","HACKSAW","3","https://pub.imgscache.com/compic/3671994a-9e6c-415a-ba4b-a668050493ac.webp","images/HACKSAW__Dice__14033.webp"
"12614","opalfruitsv10000","Opal Fruits","BTG","5","https://pub.imgscache.com/compic/df7bb116-8162-49b9-875b-43a3b1686d06.webp","images/BTG__Opal_Fruits__12614.webp"
"11135","18_191","Asgard","RTG","5","https://pub.imgscache.com/compic/c2c341bf-a56d-4f63-b8cd-065bc545cd9a.webp","images/RTG__Asgard__11135.webp"
"12924","9_9016","Goal","JDB","3","https://pub.imgscache.com/compic/8d54b81d-f9a7-4593-809c-fb418eaa2132.webp","images/JDB__Goal__12924.webp"
"10645","SGPamperMe","Pamper Me","HBN","5","https://pub.imgscache.com/compic/5008eabe-6cd0-445d-a7fd-fad7dbd8e63a.webp","images/HBN__Pamper_Me__10645.webp"
"10824","reelrushr4000000","Reel Rush","NETENT","5","https://pub.imgscache.com/compic/d4b2d696-c292-41aa-aadd-753932bb7fec.webp","images/NETENT__Reel_Rush__10824.webp"
"13292","110028","Legend of Ra","EVOPLAY","5","https://pub.imgscache.com/compic/a9871daf-f790-4813-b7d9-3b9e440d16d9.webp","images/EVOPLAY__Legend_of_Ra__13292.webp"
"12078","35956","Totem","galaxsys","3","https://pub.imgscache.com/compic/dc99e1a7-2999-4a93-8b61-d2a335471052.webp","images/galaxsys__Totem__12078.webp"
"13335","110118","Unlimited Wishes","EVOPLAY","5","https://pub.imgscache.com/compic/8ccadc48-7ab0-4fe7-8720-9ddd12c60f28.webp","images/EVOPLAY__Unlimited_Wishes__13335.webp"
"13310","110004","Robin Hood","EVOPLAY","5","https://pub.imgscache.com/compic/05d28cfd-5ada-4b79-aaf1-de7921651d1a.webp","images/EVOPLAY__Robin_Hood__13310.webp"
"13263","110142","Cycle of Luck Bonus Buy","EVOPLAY","5","https://pub.imgscache.com/compic/3a974ff1-b0dd-45cb-b67d-73ca6f8f7407.webp","images/EVOPLAY__Cycle_of_Luck_Bonus_Buy__13263.webp"
"12603","holydiveraysv194","Holy Diver Megaways","BTG","5","https://pub.imgscache.com/compic/ed442429-2466-46b9-b26b-53af00ee36db.webp","images/BTG__Holy_Diver_Megaways__12603.webp"
"13523","kaiser","Kaiser","PNS","5","https://pub.imgscache.com/compic/4e4555dc-ab63-4862-a651-7505b5ca16ce.webp","images/PNS__Kaiser__13523.webp"
"12560","35760","Coin Flip","galaxsys","3","https://pub.imgscache.com/compic/0c537412-b03e-4bb2-a48d-9146ad4eb6a0.webp","images/galaxsys__Coin_Flip__12560.webp"
"14110","StandAlonePlinkoNE","Plinko Neon","GEMH","8","https://pub.imgscache.com/compic/3e0fd083-471f-4688-a69f-0fbb209d0c23.webp","images/GEMH__Plinko_Neon__14110.webp"
"13254","110169","Camino de Chili Bonus Buy","EVOPLAY","5","https://pub.imgscache.com/compic/e57cb6e5-245a-4390-9b3d-6b2eb9fca125.webp","images/EVOPLAY__Camino_de_Chili_Bonus_Buy__13254.webp"
"10980","2","GodOfChess","CQ9","5","https://pub.imgscache.com/compic/8c67d163-d108-47de-8286-ced0b2ab5cc8.webp","images/CQ9__GodOfChess__10980.webp"
"11527","6_1","Book of Dragons","TPG","5","https://pub.imgscache.com/compic/91dae58a-ae7a-4375-91f0-5dda0ebf47ed.webp","images/TPG__Book_of_Dragons__11527.webp"
"11129","18_179","Snowmania","RTG","5","https://pub.imgscache.com/compic/1c04f12f-6da2-4b50-b2e3-9116c6446559.webp","images/RTG__Snowmania__11129.webp"
"11177","18_262","Dr. Winmore","RTG","5","https://pub.imgscache.com/compic/5a771f59-0ba8-4e12-a2a7-153f317d684e.webp","images/RTG__Dr._Winmore__11177.webp"
"13247","110053","Book of Rest","EVOPLAY","5","https://pub.imgscache.com/compic/adfe25f7-47c3-4a6e-a5e4-d6f9d2d9cb27.webp","images/EVOPLAY__Book_of_Rest__13247.webp"
"13720","ShockTower","Shock Tower","KA GAMING","3","https://pub.imgscache.com/compic/856f8aa4-b297-4f46-9758-6bb4a17722d3.webp","images/KA_GAMING__Shock_Tower__13720.webp"
"11533","3_7","Dragon/Tiger","TPG","3","https://pub.imgscache.com/compic/ae564572-0ed3-4332-9d9c-52040c5b772a.webp","images/TPG__Dragon_Tiger__11533.webp"
"11152","18_227","Panda’s Gold","RTG","5","https://pub.imgscache.com/compic/b43a92fe-bf59-4a46-8fab-91843e9755e2.webp","images/RTG__Panda_s_Gold__11152.webp"
"10648","SGPuckerUpPrince","Pucker Up Prince","HBN","5","https://pub.imgscache.com/compic/2575f659-2090-4deb-bcfb-45224bce9def.webp","images/HBN__Pucker_Up_Prince__10648.webp"
"13266","110015","Epic Gladiators","EVOPLAY","5","https://pub.imgscache.com/compic/08ca9ab8-4179-4c0b-864d-10e247796627.webp","images/EVOPLAY__Epic_Gladiators__13266.webp"
"13299","110100","MINE FIELD","EVOPLAY","5","https://pub.imgscache.com/compic/215bbbd1-826c-467a-9439-42c74b42fe53.webp","images/EVOPLAY__MINE_FIELD__13299.webp"
"14024","GO06","Paradise 2","CQ9","8","https://pub.imgscache.com/compic/317286f6-9a0d-4a43-9b74-086303aa8842.webp","images/CQ9__Paradise_2__14024.webp"
"11571","7_7001","Dragon Fishing","JDB","8","https://pub.imgscache.com/compic/f62314a0-8136-48dc-bd23-e62e59e7fc19.webp","images/JDB__Dragon_Fishing__11571.webp"
"12906","026","Rainbow & Clover 7","YGR","5","https://pub.imgscache.com/compic/fcb2d8d0-966d-48f6-82a0-6d627ea46c29.webp","images/YGR__Rainbow_Clover_7__12906.webp"
"12563","39769","Limbo Crash","galaxsys","3","https://pub.imgscache.com/compic/6285a029-c9b5-4c97-94af-d6dc6e81e42e.webp","images/galaxsys__Limbo_Crash__12563.webp"
"13265","110001","Elven Princesses","EVOPLAY","5","https://pub.imgscache.com/compic/6b87a070-950a-4670-a056-a0cc907769dc.webp","images/EVOPLAY__Elven_Princesses__13265.webp"
"13309","110059","Rise of Horus","EVOPLAY","5","https://pub.imgscache.com/compic/20976b05-2536-44b1-aa19-00f291d7e99b.webp","images/EVOPLAY__Rise_of_Horus__13309.webp"
"13313","110196","Sold it","EVOPLAY","5","https://pub.imgscache.com/compic/4d074865-e633-4587-a95e-796ab88c6732.webp","images/EVOPLAY__Sold_it__13313.webp"
"12665","397","Jhandi Munda","JILI","5","https://pub.imgscache.com/compic/efa32dee-4170-4c60-8fb4-4bbc5d3b2c49.webp","images/JILI__Jhandi_Munda__12665.webp"
"13538","workshop","Steamworks - The workshop","PNS","5","https://pub.imgscache.com/compic/9eaa6de3-5aed-4463-aee3-f725aac4d30f.webp","images/PNS__Steamworks_-_The_workshop__13538.webp"
"10817","steamtowerj0r200","Steam Tower","NETENT","5","https://pub.imgscache.com/compic/ea798bdf-6cad-4043-a8e3-babe9d192822.webp","images/NETENT__Steam_Tower__10817.webp"
"11923","fruitsdx10000000","Fruits","NLC","5","https://pub.imgscache.com/compic/0c3296e1-967b-4aa7-ad5c-ff5b7a926c7f.webp","images/NLC__Fruits__11923.webp"
"12562","36024","Magic Dice","galaxsys","3","https://pub.imgscache.com/compic/a8e08d0b-5979-49c1-be8d-3405b5c4aa1a.webp","images/galaxsys__Magic_Dice__12562.webp"
"13415","410081","Space XY","BGAMING","5","https://pub.imgscache.com/compic/6f944e91-8812-4d53-9643-b67bf6e12b56.webp","images/BGAMING__Space_XY__13415.webp"
"10679","TGWar","War","HBN","3","https://pub.imgscache.com/compic/a4e3ec18-1ce3-4bfd-bf6d-7c83b6997a53.webp","images/HBN__War__10679.webp"
"11558","3_4","Super six Baccarat","TPG","5","https://pub.imgscache.com/compic/d3da5b08-32bb-467d-bd96-55fa7c1289e9.webp","images/TPG__Super_six_Baccarat__11558.webp"
"10585","SGPresto","Presto!","HBN","5","https://pub.imgscache.com/compic/71f5448a-ee06-4758-98dd-9b13f9c7097a.webp","images/HBN__Presto__10585.webp"
"13262","110125","Cycle of Luck","EVOPLAY","5","https://pub.imgscache.com/compic/bf591ea6-6f0b-4f82-9eca-ee0e52cabad7.webp","images/EVOPLAY__Cycle_of_Luck__13262.webp"
"13483","563","3 Lucky Baozhu","JILI","5","https://pub.imgscache.com/compic/4509a440-2277-44b0-96fc-62f3bbb77f5e.webp","images/JILI__3_Lucky_Baozhu__13483.webp"
"13399","410151","Mine Gems","BGAMING","3","https://pub.imgscache.com/compic/e16c5fca-abce-4770-b5ba-0364b4f0245b.webp","images/BGAMING__Mine_Gems__13399.webp"
"13274","110131","Fruit Super Nova 40","EVOPLAY","5","https://pub.imgscache.com/compic/d44bd2c9-0ec5-41a2-bba2-1afda9dc1546.webp","images/EVOPLAY__Fruit_Super_Nova_40__13274.webp"
"13306","110093","Penalty Shoot Out","EVOPLAY","5","https://pub.imgscache.com/compic/2b7c1fac-93a4-487f-a0cf-6095afbeac3a.webp","images/EVOPLAY__Penalty_Shoot_Out__13306.webp"
"13711","PenaltyKick","Penalty Kick","KA GAMING","3","https://pub.imgscache.com/compic/746fa738-a2cd-45ad-b0e9-b861212eab8c.webp","images/KA_GAMING__Penalty_Kick__13711.webp"
"13521","hammer-of-gods","Hammer of Gods","PNS","5","https://pub.imgscache.com/compic/b4b44fa7-2b3f-452a-a4cd-6d326a8f916d.webp","images/PNS__Hammer_of_Gods__13521.webp"
"13314","110200","Sold it Bonus Buy","EVOPLAY","5","https://pub.imgscache.com/compic/14dae768-8847-4379-85bf-034876f2cc75.webp","images/EVOPLAY__Sold_it_Bonus_Buy__13314.webp"
"11033","GO169","Dragon Pachinko","CQ9","5","https://pub.imgscache.com/compic/16751453-1159-4cdd-adde-78cacccc2dbc.webp","images/CQ9__Dragon_Pachinko__11033.webp"
"12750","201055","Miami Multiplier","HACKSAW","5","https://pub.imgscache.com/compic/127856b3-8546-40d8-9c21-30d18ea9c803.webp","images/HACKSAW__Miami_Multiplier__12750.webp"
"13276","110176","Goblin Run","EVOPLAY","5","https://pub.imgscache.com/compic/cdd773d4-6eb1-4a68-bbf2-866820a52c5a.webp","images/EVOPLAY__Goblin_Run__13276.webp"
"12554","42202","Hot Gear","galaxsys","3","https://pub.imgscache.com/compic/cbee166f-db1d-4bb0-aa64-694ce809abf3.webp","images/galaxsys__Hot_Gear__12554.webp"
"14090","100","Captain Whale","YGR","5","https://pub.imgscache.com/compic/ca85bb6d-b98c-4da1-be75-8092dea00d86.webp","images/YGR__Captain_Whale__14090.webp"
"13712","PiggyBankMachine","Piggy Bank Machine","KA GAMING","5","https://pub.imgscache.com/compic/97126b64-405a-4e16-9a05-c36240ee10d5.webp","images/KA_GAMING__Piggy_Bank_Machine__13712.webp"
"14267","bfbl;bfbl_liveslots","Buffalo Blitz Live","PT","17","https://pub.imgscache.com/compic/2ed0fc77-263c-4530-8b0f-57a5db84d947.webp","images/PT__Buffalo_Blitz_Live__14267.webp"
"10591","SGCakeValley","Cake Valley","HBN","5","https://pub.imgscache.com/compic/877c7992-3401-4ecf-a092-2304205a7473.webp","images/HBN__Cake_Valley__10591.webp"
"13319","110158","The Greatest Catch","EVOPLAY","5","https://pub.imgscache.com/compic/e91f7997-0b8b-41fa-8f56-0cbc2d2ed6e6.webp","images/EVOPLAY__The_Greatest_Catch__13319.webp"
"12561","32724","Mr.Thimble","galaxsys","3","https://pub.imgscache.com/compic/7b2ff5d6-2e8f-4bbb-8072-eafba71efd03.webp","images/galaxsys__Mr.Thimble__12561.webp"
"13260","110091","Courier Sweeper","EVOPLAY","5","https://pub.imgscache.com/compic/93c7e6cc-ba58-42dc-85c3-681a5e934535.webp","images/EVOPLAY__Courier_Sweeper__13260.webp"
"11036","182","Thor 2","CQ9","5","https://pub.imgscache.com/compic/c163af04-13e4-44bc-86f9-89ae5a6cf952.webp","images/CQ9__Thor_2__11036.webp"
"12716","201334","Beam Boys","HACKSAW","5","https://pub.imgscache.com/compic/389b3152-1361-4fc3-8dd1-d0cfad7f731a.webp","images/HACKSAW__Beam_Boys__12716.webp"
"13336","110181","Penalty Series","EVOPLAY","5","https://pub.imgscache.com/compic/8aaab887-405a-406c-aa29-2a8911d00e39.webp","images/EVOPLAY__Penalty_Series__13336.webp"
"13312","110134","Shadow Of Luxor","EVOPLAY","5","https://pub.imgscache.com/compic/3b25c358-7f8e-4773-9221-d40d34703dcf.webp","images/EVOPLAY__Shadow_Of_Luxor__13312.webp"
"13307","110223","Penalty Shoot-оut:Street","EVOPLAY","5","https://pub.imgscache.com/compic/9c4eb122-6e14-4d65-84b9-6f63cfb28a37.webp","images/EVOPLAY__Penalty_Shoot-_ut_Street__13307.webp"
"13507","boom-farm","Boom Farm","PNS","5","https://pub.imgscache.com/compic/b6f96a42-cbf0-4b64-a276-2aad245eaa73.webp","images/PNS__Boom_Farm__13507.webp"
"11046","200","Alice Run","CQ9","5","https://pub.imgscache.com/compic/ba6ee526-8e5b-4e40-aba0-964c65eb452f.webp","images/CQ9__Alice_Run__11046.webp"
"11971","poisonevedx10000","Poison Eve","NLC","5","https://pub.imgscache.com/compic/fec1e3c9-2979-420a-8cc8-fd7689b1bcf0.webp","images/NLC__Poison_Eve__11971.webp"
"12867","GB198","Hanuman Bingo","CQ9","3","https://pub.imgscache.com/compic/b7f42412-60b9-4e6f-b9df-3b95f8984078.webp","images/CQ9__Hanuman_Bingo__12867.webp"
"13281","110276","Hockey Shootout","EVOPLAY","5","https://pub.imgscache.com/compic/e6073836-bfd2-4a10-85a2-4b788f16c463.webp","images/EVOPLAY__Hockey_Shootout__13281.webp"
"13661","CricketWinner","Cricket Winner","KA GAMING","5","https://pub.imgscache.com/compic/6d4f4927-cda5-4e49-a889-e202b80cb649.webp","images/KA_GAMING__Cricket_Winner__13661.webp"
"12653","215","Hot Pinatas","CQ9","5","https://pub.imgscache.com/compic/e9c4fb9a-0830-43c1-9e4e-4773c0829ffa.webp","images/CQ9__Hot_Pinatas__12653.webp"
"12071","6492","Penalty","galaxsys","3","https://pub.imgscache.com/compic/edfcbf8f-0efc-43cb-991a-d3dd1553a237.webp","images/galaxsys__Penalty__12071.webp"
"13311","110062","Rocket Stars","EVOPLAY","5","https://pub.imgscache.com/compic/6fdac65b-46e5-45e2-9f3c-b39cca6170b2.webp","images/EVOPLAY__Rocket_Stars__13311.webp"
"11053","210","Oo Ga Cha Ka","CQ9","5","https://pub.imgscache.com/compic/2b7e6964-946b-45b4-854f-fc5ac769d4a7.webp","images/CQ9__Oo_Ga_Cha_Ka__11053.webp"
"12864","GB1","3 2 1Go!","CQ9","3","https://pub.imgscache.com/compic/bb911083-6f0d-4d1a-9511-5256fff207d0.webp","images/CQ9__3_2_1Go__12864.webp"
"13375","410024","Gift X","BGAMING","3","https://pub.imgscache.com/compic/d30124d8-6b9b-41fa-878c-f643b810cd34.webp","images/BGAMING__Gift_X__13375.webp"
"12036","pusoyswap","Pusoy Wild","GameZone","3","https://pub.imgscache.com/compic/eeb49fb4-9644-4399-8e81-5bec3d70d281.webp","images/GameZone__Pusoy_Wild__12036.webp"
"12859","61","Mr.Bean","CQ9","3","https://pub.imgscache.com/compic/ddcbb496-e795-454f-bc03-436fcd1e725a.webp","images/CQ9__Mr.Bean__12859.webp"
"11063","AT101","Supercar","CQ9","5","https://pub.imgscache.com/compic/858768f9-cbe8-4c72-905f-ee1f10266314.webp","images/CQ9__Supercar__11063.webp"
"11342","1","Bingo Mega","BINGO","27","https://pub.imgscache.com/compic/a05ff29e-c783-49c6-b109-27e8e179a4dd.webp","images/BINGO__Bingo_Mega__11342.webp"
"11356","2","Bingo Rush","BINGO","27","https://pub.imgscache.com/compic/fcdf372b-4d3d-4934-8540-aee2e2bb483c.webp","images/BINGO__Bingo_Rush__11356.webp"
"14304","2075272","Zombie Blasters","PG","5","https://pub.imgscache.com/compic/4d5e8698-2faa-40aa-bb8d-24350b48f2ef.webp","images/PG__Zombie_Blasters__14304.webp"
"13895","SalPrivAutoRo001","Salon Privé Auto-Roulette A","EVOLUTION","17","https://pub.imgscache.com/compic/9a929c8d-d2c2-4d0f-a0ac-b06f9b3db010.webp","images/EVOLUTION__Salon_Priv_Auto-Roulette_A__13895.webp"
"13899","SalPrivAutoRo002","Salon Privé Auto-Roulette B","EVOLUTION","17","https://pub.imgscache.com/compic/e0e54607-c6cb-41f2-9491-4f59faf81500.webp","images/EVOLUTION__Salon_Priv_Auto-Roulette_B__13899.webp"
"13831","SalPrivBJ0000010","Salon Privé Blackjack J","EVOLUTION","17","https://pub.imgscache.com/compic/a1f841d0-0551-41a8-8930-cd84f3c644eb.webp","images/EVOLUTION__Salon_Priv_Blackjack_J__13831.webp"
"14042","	PSS-ON-00174","Bounty Express","PLAYSTAR","5","https://pub.imgscache.com/compic/d9bdd38a-f04a-425e-b956-f1202970e4d9.webp","images/PLAYSTAR__Bounty_Express__14042.webp"
"13490"," PSS-ON-00173","Super Gems 2","PLAYSTAR","5","https://pub.imgscache.com/compic/27a212fc-8ffe-4fd4-bc96-d8cfb433a397.webp","images/PLAYSTAR__Super_Gems_2__13490.webp"
"13440","PSS-ON-00172 ","Zeus Of Olympus","PLAYSTAR","5","https://pub.imgscache.com/compic/60a5084b-f4cb-46d8-a5f5-0e7725ad8885.webp","images/PLAYSTAR__Zeus_Of_Olympus__13440.webp"
"13487","540","FORTUNE GEMS 500","JILI","5","https://pub.imgscache.com/compic/7170b0ce-d26a-4e89-95c5-1f028a6ca173.webp","images/JILI__FORTUNE_GEMS_500__13487.webp"
"14300","621","Crown Of Fortune","JILI","5","https://pub.imgscache.com/compic/0612e3b6-a2ab-41fd-9aab-11183c9def85.webp","images/JILI__Crown_Of_Fortune__14300.webp"
"14299","709","Lucky Caramelo","JILI","5","https://pub.imgscache.com/compic/5da83528-54cd-4921-8cfe-ace017ca3053.webp","images/JILI__Lucky_Caramelo__14299.webp"
"14301","770","Charge Bison","JILI","5","https://pub.imgscache.com/compic/9ee607fa-1ed7-4efc-96b8-33482fcb4d7e.webp","images/JILI__Charge_Bison__14301.webp"
"12927","mayantotem","Mayan Totem","GameZone","5","https://pub.imgscache.com/compic/31e7336b-c362-4867-bf5d-278bed50f545.webp","images/GameZone__Mayan_Totem__12927.webp"
"11847","texasmtt","Poker Plus MTT","GameZone","3","https://pub.imgscache.com/compic/74e1db48-100f-49a7-a1cb-5af2167964f4.webp","images/GameZone__Poker_Plus_MTT__11847.webp"
"13489","tournament","Tongits Plus MTT","GameZone","3","https://pub.imgscache.com/compic/672598cb-8f83-497b-8e61-b4484baad004.webp","images/GameZone__Tongits_Plus_MTT__13489.webp"
"14298","22096","Revolver Hare","FACHAI","5","https://pub.imgscache.com/compic/ca4e16e2-3680-418e-b8fa-10f0c503b567.webp","images/FACHAI__Revolver_Hare__14298.webp"
"14297","22111","Halo Halo","FACHAI","5","https://pub.imgscache.com/compic/8d8e8a5c-0e6f-4e14-8ce2-f121bec7cc46.webp","images/FACHAI__Halo_Halo__14297.webp"
"11626","178","Bingo Ginto","GINTO","27","https://pub.imgscache.com/compic/5bacc2c7-d8f4-4364-b2ca-582b5f2eb80e.webp","images/GINTO__Bingo_Ginto__11626.webp"
"11934","kitchendrenzydx1","Kitchen Drama BBQ Frenzy","NLC","5","https://pub.imgscache.com/compic/867efdc8-4709-4b4e-a1a2-b7040a03dcdf.webp","images/NLC__Kitchen_Drama_BBQ_Frenzy__11934.webp"
"14089","081","Bison Gallop","YGR","5","https://pub.imgscache.com/compic/56fd0c7f-7ef1-4170-bd30-ed066d4eb748.webp","images/YGR__Bison_Gallop__14089.webp"
"13586","230a20","Roulette Ruby","PP","17","https://pub.imgscache.com/compic/de5f605f-bc8d-4d00-b558-f5fa679b3b80.webp","images/PP__Roulette_Ruby__13586.webp"
"14213","454","Privé Lounge Baccarat 1","PP","17","https://pub.imgscache.com/compic/de6a2319-df33-4759-83a5-15212e1383a1.webp","images/PP__Priv_Lounge_Baccarat_1__14213.webp"
"14214","455","Privé Lounge Baccarat 2","PP","17","https://pub.imgscache.com/compic/bcf4819f-fbf5-4dcc-bb51-c5b44018930b.webp","images/PP__Priv_Lounge_Baccarat_2__14214.webp"
"14215","456","Privé Lounge Baccarat 3","PP","17","https://pub.imgscache.com/compic/9a46693a-534a-4280-b3c6-4a7784d6b667.webp","images/PP__Priv_Lounge_Baccarat_3__14215.webp"
"14216","458","Privé Lounge Baccarat 5","PP","17","https://pub.imgscache.com/compic/df5a4f1f-b701-4619-8cd1-79c341be6538.webp","images/PP__Priv_Lounge_Baccarat_5__14216.webp"
"14217","466","Privé Lounge Baccarat 6","PP","17","https://pub.imgscache.com/compic/8776a01f-98e7-479e-ae44-27f88a51383a.webp","images/PP__Priv_Lounge_Baccarat_6__14217.webp"
"14219","468","Privé Lounge Baccarat 8","PP","17","https://pub.imgscache.com/compic/ade9ebbb-2ae6-4321-98d0-e4649b547295.webp","images/PP__Priv_Lounge_Baccarat_8__14219.webp"
"14303","vs20wraanu","Fury Of Anubis","PP","5","https://pub.imgscache.com/compic/e1e34831-06c3-4a10-8f6c-cfe35f140d3e.webp","images/PP__Fury_Of_Anubis__14303.webp"
"14206","vs50grghsts ","Great Ghosts! ","PP","5","https://pub.imgscache.com/compic/fec66e98-1642-4675-bbf9-50b411b89c2c.webp","images/PP__Great_Ghosts__14206.webp"
"14270","3brgl;brag_3cardbrag","Live 3 Card Brag","PT","17","https://pub.imgscache.com/compic/fa0cff3a-597f-49b5-a95c-fd2dcda26f3c.webp","images/PT__Live_3_Card_Brag__14270.webp"
"14264","bjl;bjl_persoireebj2","Blackjack Soirée Gold 2","PT","17","https://pub.imgscache.com/compic/5c1a3de6-deeb-4ab1-ad0c-d214bf9529e6.webp","images/PT__Blackjack_Soir_e_Gold_2__14264.webp"
"14265","bjl;bjl_persoireebj3","Blackjack Soirée Gold 3","PT","17","https://pub.imgscache.com/compic/8808c457-aaa2-4360-9964-02f074b04214.webp","images/PT__Blackjack_Soir_e_Gold_3__14265.webp"
"14266","bjl;bjl_persoireebj4","Blackjack Soirée Gold 4","PT","17","https://pub.imgscache.com/compic/f52de89d-6f4b-433d-8664-d3fe690a8c0e.webp","images/PT__Blackjack_Soir_e_Gold_4__14266.webp"
"14276","bjl;bjl_royale2","Royale Blackjack 2","PT","17","https://pub.imgscache.com/compic/5abf560e-a558-454c-84c2-0684a52f1752.webp","images/PT__Royale_Blackjack_2__14276.webp"
"14278","bjl;bjl_royale4","Royale Blackjack 4","PT","17","https://pub.imgscache.com/compic/97341c90-8603-4184-b018-2c38fd53dcd8.webp","images/PT__Royale_Blackjack_4__14278.webp"
"14277","bjl;bjl_royalebj3","Royale Blackjack 3","PT","17","https://pub.imgscache.com/compic/0a074abb-9977-4306-a718-cc9dcee4c189.webp","images/PT__Royale_Blackjack_3__14277.webp"
"14261","bjl;bjl_soireebj2","Blackjack Soirée 2","PT","17","https://pub.imgscache.com/compic/c2cfac1a-1932-45bb-857c-fcbf723690b1.webp","images/PT__Blackjack_Soir_e_2__14261.webp"
"14262","bjl;bjl_soireebj3","Blackjack Soirée 3","PT","17","https://pub.imgscache.com/compic/b49719c8-22e6-4d63-834d-fa6fbf034f27.webp","images/PT__Blackjack_Soir_e_3__14262.webp"
"14263","bjl;bjl_soireebj4","Blackjack Soirée 4","PT","17","https://pub.imgscache.com/compic/d86a6835-794a-4d9b-b837-d184b929fe9c.webp","images/PT__Blackjack_Soir_e_4__14263.webp"
"14253","bjl;blj_blackjack2","Blackjack 2","PT","17","https://pub.imgscache.com/compic/92fdb0a5-542a-482c-8f5a-42f89048a9d1.webp","images/PT__Blackjack_2__14253.webp"
"14255","bjl;blj_blackjack4","Blackjack 4","PT","17","https://pub.imgscache.com/compic/1af60602-b744-47ac-b919-49d8c880e414.webp","images/PT__Blackjack_4__14255.webp"
"14256","bjl;blj_blackjack5","Blackjack 5","PT","17","https://pub.imgscache.com/compic/b8c690bd-f78c-4bdf-9a51-9eee4d6a34c4.webp","images/PT__Blackjack_5__14256.webp"
"14258","bjl;blj_blackjack7","Blackjack 7","PT","17","https://pub.imgscache.com/compic/0d756c42-2f6e-461f-be1e-4525a302474b.webp","images/PT__Blackjack_7__14258.webp"
"14259","bjl;blj_blackjack8","Blackjack 8","PT","17","https://pub.imgscache.com/compic/6c128869-a159-46ba-b626-cd373a25f2e5.webp","images/PT__Blackjack_8__14259.webp"
"14260","bjl;blj_blackjack9","Blackjack 9","PT","17","https://pub.imgscache.com/compic/27cbda99-ef98-4d1b-a5fb-31d9d2674275.webp","images/PT__Blackjack_9__14260.webp"
"14279","sbjl;sbjl_peruspeedbj2","Speed Blackjack 2","PT","17","https://pub.imgscache.com/compic/dbdd084f-360e-436f-9d4d-77c8d33847a2.webp","images/PT__Speed_Blackjack_2__14279.webp"
"14280","sbjl;sbjl_peruspeedbj3","Speed Blackjack 3","PT","17","https://pub.imgscache.com/compic/d0640fb4-c86e-432b-8702-8d3b23db831e.webp","images/PT__Speed_Blackjack_3__14280.webp"
"14282","sbrol;sbrol_stickybanditsrol","Sticky Bandits Roulette Live","PT","17","https://pub.imgscache.com/compic/63d28585-6d16-4512-a620-208c87e855b2.webp","images/PT__Sticky_Bandits_Roulette_Live__14282.webp"
"14281","sprol;sprol_perspreadbetrol","Spread Bet Roulette","PT","17","https://pub.imgscache.com/compic/8fc474a2-90e7-42ce-bf43-4ec4200ac840.webp","images/PT__Spread_Bet_Roulette__14281.webp"
"13193","Monaco","Marble 5vs5: Monaco","GEMH","3","https://pub.imgscache.com/compic/6d478f75-c20f-41d4-8773-47fd47d32d2c.webp","images/GEMH__Marble_5vs5_Monaco__13193.webp"
"13293","110175","Lucky Card","EVOPLAY","5","https://pub.imgscache.com/compic/d17cc930-ab11-416e-b379-bcf6ddd5a886.webp","images/EVOPLAY__Lucky_Card__13293.webp"
"14302","101012","Super Gems Wheel","OMNIPLAY","5","https://pub.imgscache.com/compic/c5248021-0f83-4da6-8142-50b087967446.webp","images/OMNIPLAY__Super_Gems_Wheel__14302.webp"
"13505","blood-club","Blood Club","PNS","5","https://pub.imgscache.com/compic/e2297c0f-144a-4d54-9e12-045cb5a05aa7.webp","images/PNS__Blood_Club__13505.webp"
"10827","24hourgrandprix0","24 Hour Grand Prix","REDTIGER","5","https://pub.imgscache.com/compic/2663d09c-de5f-4454-ab64-bfe62429f667.webp","images/REDTIGER__24_Hour_Grand_Prix__10827.webp"
"12723","201056","Cubes","HACKSAW","5","https://pub.imgscache.com/compic/a77a5f1b-b3bd-4bf3-b714-9d77094263c6.webp","images/HACKSAW__Cubes__12723.webp"
"11006","96","Football Baby","CQ9","5","https://pub.imgscache.com/compic/398b8354-1eba-4c9d-980a-6f4e85ba74fe.webp","images/CQ9__Football_Baby__11006.webp"
"13278","110224","Goddess Of The Night Bonus Buy","EVOPLAY","5","https://pub.imgscache.com/compic/84920228-2aea-41ab-8ab9-a8a09991b14f.webp","images/EVOPLAY__Goddess_Of_The_Night_Bonus_Buy__13278.webp"
"10819","fruitshopr400000","Fruit Shop","NETENT","5","https://pub.imgscache.com/compic/2adb8802-7f1e-4789-bb1f-13e0ea13d98b.webp","images/NETENT__Fruit_Shop__10819.webp"
"13370","410063","Forty Fruity Million","BGAMING","5","https://pub.imgscache.com/compic/1c2a71b6-896b-47cd-a046-e053b604bf9d.webp","images/BGAMING__Forty_Fruity_Million__13370.webp"
"10619","SGAzlandsGold","Aztlan's Gold","HBN","5","https://pub.imgscache.com/compic/a70da34f-e1cc-4bdb-a1f7-854ec265cf0d.webp","images/HBN__Aztlan_s_Gold__10619.webp"
"14093","PSS-ON-00073","Moon Festival","PLAYSTAR","5","https://pub.imgscache.com/compic/7967cae1-8b7a-4a4b-9662-3c00fb73f22e.webp","images/PLAYSTAR__Moon_Festival__14093.webp"
"14272","hilol;hilo_hilowestern","Live Hi-Lo Western","PT","17","https://pub.imgscache.com/compic/19087f48-fe1d-4179-9c76-6d1f80ea0fdf.webp","images/PT__Live_Hi-Lo_Western__14272.webp"
"13716","QuadrupleDragons","Quadruple Dragons","KA GAMING","5","https://pub.imgscache.com/compic/fad86685-f7b6-42a4-87fe-7cd1026287d9.webp","images/KA_GAMING__Quadruple_Dragons__13716.webp"
"11563","1_69","Xian Xia","TPG","5","https://pub.imgscache.com/compic/3e54f602-d11a-4788-ae40-2eac32934c34.webp","images/TPG__Xian_Xia__11563.webp"
"13366","410166","Forgotten","BGAMING","5","https://pub.imgscache.com/compic/fed92a7d-34b9-45ee-904e-672c85574044.webp","images/BGAMING__Forgotten__13366.webp"
"13243","110061","Animal Quest","EVOPLAY","5","https://pub.imgscache.com/compic/52006e69-f2eb-475e-82db-56db50d6ce63.webp","images/EVOPLAY__Animal_Quest__13243.webp"
"11005","95","Football Boots","CQ9","5","https://pub.imgscache.com/compic/ad125f78-23ca-45eb-9dd0-26d4794155c2.webp","images/CQ9__Football_Boots__11005.webp"
"12976","vs20gravity","Gravity Bonanza™","PP","5","https://pub.imgscache.com/compic/b9023cb8-ed28-472a-9783-722277badf9e.webp","images/PP__Gravity_Bonanza__12976.webp"
"13646","prstl;prstl_bustedorbailed","Busted or Bailed","PT","17","https://pub.imgscache.com/compic/20283246-f115-47b9-9d27-b2554dae8584.webp","images/PT__Busted_or_Bailed__13646.webp"
"12861","216","Xoc Dia","CQ9","3","https://pub.imgscache.com/compic/df96e94c-5d15-4f1d-b560-4a6063fa6906.webp","images/CQ9__Xoc_Dia__12861.webp"
"12736","201169","Forest Fortune","HACKSAW","5","https://pub.imgscache.com/compic/733844e2-a151-44f9-b585-717a1f043c80.webp","images/HACKSAW__Forest_Fortune__12736.webp"
"11924","gaelicgolddx1000","Gaelic Gold","NLC","5","https://pub.imgscache.com/compic/33ee45de-e76e-4978-98fe-58d47cc42e06.webp","images/NLC__Gaelic_Gold__11924.webp"
"14113","StandAloneMinesPM","Pinoy Mines","GEMH","8","https://pub.imgscache.com/compic/6ba90496-9641-4dd8-bc4a-a596fc8e615d.webp","images/GEMH__Pinoy_Mines__14113.webp"
"13333","110208","Wonder Farm","EVOPLAY","5","https://pub.imgscache.com/compic/b773f9a4-728f-488b-a50b-329d2a907354.webp","images/EVOPLAY__Wonder_Farm__13333.webp"
"12588","castleofterrorv1","Castle of Terror","BTG","5","https://pub.imgscache.com/compic/3612268b-4738-4fbd-916a-ae64efe9aeae.webp","images/BTG__Castle_of_Terror__12588.webp"
"10734","1_80","Blooming Riches","TPG","5","https://pub.imgscache.com/compic/930558b5-3ec5-4bc4-87c3-17530fda67ae.webp","images/TPG__Blooming_Riches__10734.webp"
"14275","qabjlp;qabjl_quantumbj","Quantum Blackjack Plus Live","PT","17","https://pub.imgscache.com/compic/1227a7f1-57f7-47f2-8419-dabdbbe00526.webp","images/PT__Quantum_Blackjack_Plus_Live__14275.webp"
"13430","410176","Winter Fishing Club","BGAMING","3","https://pub.imgscache.com/compic/1a9fa423-83a6-43b4-9113-3ef12897377d.webp","images/BGAMING__Winter_Fishing_Club__13430.webp"
"13036","7eml;7eml_7emezzo","Sette E Mezzo","PT","17","https://pub.imgscache.com/compic/943da8f5-f3cb-4295-bee7-8a6d9c189e03.webp","images/PT__Sette_E_Mezzo__13036.webp"
"13316","110111","Temple of Dead","EVOPLAY","5","https://pub.imgscache.com/compic/e629cddb-7cda-4c30-ad38-200c502d83a1.webp","images/EVOPLAY__Temple_of_Dead__13316.webp"
"12894","055","Lucky Doll","YGR","5","https://pub.imgscache.com/compic/357646de-a1d3-4e17-b17b-6765efcbe8a2.webp","images/YGR__Lucky_Doll__12894.webp"
"13649","ThreeMonkeys","3x Monkeys","KA GAMING","5","https://pub.imgscache.com/compic/00fb1570-9b86-4575-ac5b-c6d5c3406712.webp","images/KA_GAMING__3x_Monkeys__13649.webp"
"11897","blobsterscluster","Blobsters ClusterBuster™","REDTIGER","5","https://pub.imgscache.com/compic/a77960ff-2525-43a8-81ad-e0957778f9c8.webp","images/REDTIGER__Blobsters_ClusterBuster__11897.webp"
"14112","StandAloneHiloNE","Hilo Neon","GEMH","8","https://pub.imgscache.com/compic/7f39c3f6-975e-42ef-b1c9-c62ad860b591.webp","images/GEMH__Hilo_Neon__14112.webp"
"11554","3_5","San Gong","TPG","5","https://pub.imgscache.com/compic/17a87ce5-72df-427e-b29f-ad82ea129273.webp","images/TPG__San_Gong__11554.webp"
"10643","SGMummyMoney","Mummy Money","HBN","5","https://pub.imgscache.com/compic/c55f7bb4-b7a5-4bc1-81dd-8279e67caf5e.webp","images/HBN__Mummy_Money__10643.webp"
"13245","110012","Basketball","EVOPLAY","5","https://pub.imgscache.com/compic/1027d9f0-b022-4925-9f3c-5be81e4e5d55.webp","images/EVOPLAY__Basketball__13245.webp"
"10830","agentroyale00000","Agent Royale","REDTIGER","5","https://pub.imgscache.com/compic/4c410bad-5834-490c-96ea-1780d8263e7a.webp","images/REDTIGER__Agent_Royale__10830.webp"
"11550","1_78","Lucky Leprechaun","TPG","5","https://pub.imgscache.com/compic/9d39d45c-427f-446f-bbe7-3c2cb1c7a706.webp","images/TPG__Lucky_Leprechaun__11550.webp"
"14162","517","Roma X Deluxe","JILI","5","https://pub.imgscache.com/compic/0d6ad60f-820d-4d17-9c3f-6d9daeb64c7c.webp","images/JILI__Roma_X_Deluxe__14162.webp"
"13406","410010","Pop Zen","BGAMING","5","https://pub.imgscache.com/compic/1b855f16-2fa8-4f53-99ef-ed3863dface5.webp","images/BGAMING__Pop_Zen__13406.webp"
"13728","TanukiTavern","Tanuki Tavern","KA GAMING","5","https://pub.imgscache.com/compic/1c52b7ef-d645-47ff-bdfa-c412999e55ad.webp","images/KA_GAMING__Tanuki_Tavern__13728.webp"
"13277","110231","Goddess of the Night","EVOPLAY","5","https://pub.imgscache.com/compic/09d5689d-aa50-4a12-9b31-c8715b6d2605.webp","images/EVOPLAY__Goddess_of_the_Night__13277.webp"
"13654","BookOfMummy","Book of Mummy","KA GAMING","5","https://pub.imgscache.com/compic/31ba7542-42ac-477d-b0a3-b5cb83cc8290.webp","images/KA_GAMING__Book_of_Mummy__13654.webp"
"13897","DTP0000000000001","Dragon Tiger Phoenix","EVOLUTION","17","https://pub.imgscache.com/compic/d9f20a31-7894-4e10-b28b-741d8b9b626c.webp","images/EVOLUTION__Dragon_Tiger_Phoenix__13897.webp"
"10651","SGRideEmCowboy","Ride 'em Cowboy","HBN","5","https://pub.imgscache.com/compic/586deb4e-ca06-412d-9a9c-db07909f6e53.webp","images/HBN__Ride_em_Cowboy__10651.webp"
"11047","202","OrientalBeauty","CQ9","5","https://pub.imgscache.com/compic/89ce5d4a-d919-446b-bd27-0098efdce38a.webp","images/CQ9__OrientalBeauty__11047.webp"
"10592","SGScruffyScallywags","Scruffy Scallywags","HBN","5","https://pub.imgscache.com/compic/4af896f2-a1d4-48fd-b2b8-66ad75e83969.webp","images/HBN__Scruffy_Scallywags__10592.webp"
"13733","WalkingOz","Walking Oz","KA GAMING","5","https://pub.imgscache.com/compic/53a07414-e0c6-4679-a6a2-8cc1bb06fb3e.webp","images/KA_GAMING__Walking_Oz__13733.webp"
"10982","7","RaveJump","CQ9","5","https://pub.imgscache.com/compic/13051fd7-5698-4606-b476-1c9954da6ef6.webp","images/CQ9__RaveJump__10982.webp"
"14012","VPCQS03","Disco Piggy","CQ9","5","https://pub.imgscache.com/compic/6b1d1f36-2af7-44e0-9935-f99d9138e416.webp","images/CQ9__Disco_Piggy__14012.webp"
"13418","410147","Top Eagle","BGAMING","3","https://pub.imgscache.com/compic/5aba1d4a-2c44-4f05-9f0d-dbfca6cdca37.webp","images/BGAMING__Top_Eagle__13418.webp"
"13582","234","Spanish Roulette","PP","17","https://pub.imgscache.com/compic/db80d29a-3a85-4ca5-b7b1-8409a9c88506.webp","images/PP__Spanish_Roulette__13582.webp"
"13403","410027","Mummy'S Gold","BGAMING","5","https://pub.imgscache.com/compic/d420c26f-c2c7-4e88-8f5b-42f6361bb5b8.webp","images/BGAMING__Mummy_S_Gold__13403.webp"
"12599","fizzypennlotv194","Fizzy Pennyslot","BTG","5","https://pub.imgscache.com/compic/841a9799-33a1-43dd-b135-7459b1c00084.webp","images/BTG__Fizzy_Pennyslot__12599.webp"
"10613","SGWickedWitch","Wicked Witch","HBN","5","https://pub.imgscache.com/compic/15441b40-545c-448e-aafd-b2d12f8655fb.webp","images/HBN__Wicked_Witch__10613.webp"
"12886","021","Fortune Lions 7","YGR","5","https://pub.imgscache.com/compic/c2ece4f4-2b1c-4c73-89ec-956146c07c5d.webp","images/YGR__Fortune_Lions_7__12886.webp"
"13328","110016","Vegas Nights","EVOPLAY","5","https://pub.imgscache.com/compic/a365c599-7cf6-48a6-bd29-4239a2077c25.webp","images/EVOPLAY__Vegas_Nights__13328.webp"
"10529","61","Flirting Scholar","PG","5","https://pub.imgscache.com/compic/5a75d991-f5d8-4759-a048-d0414bccbd8d.webp","images/PG__Flirting_Scholar__10529.webp"
"11927","hot4cashdx100000","Hot 4 Cash","NLC","5","https://pub.imgscache.com/compic/e6ad6363-0e03-4186-b9d6-1b7acae339b3.webp","images/NLC__Hot_4_Cash__11927.webp"
"11019","124","Invincible Elephant","CQ9","5","https://pub.imgscache.com/compic/b6259cff-d57b-4af8-8e97-54a9b625fc38.webp","images/CQ9__Invincible_Elephant__11019.webp"
"10994","32","Detective Dee","CQ9","5","https://pub.imgscache.com/compic/4f6afc85-d524-4563-b3ae-043450747241.webp","images/CQ9__Detective_Dee__10994.webp"
"12748","201232","Mayan Stackways","HACKSAW","5","https://pub.imgscache.com/compic/21bf677b-235d-4aa2-8399-e343c6778bd8.webp","images/HACKSAW__Mayan_Stackways__12748.webp"
"12003","PSS-ON-00024","Fa Fa Monkey","PLAYSTAR","5","https://pub.imgscache.com/compic/0b1c25ee-9c3d-45e1-92e1-6e4651d76da9.webp","images/PLAYSTAR__Fa_Fa_Monkey__12003.webp"
"10822","hellskitchenr000","Gordon Ramsay Hell’s Kitchen","NETENT","5","https://pub.imgscache.com/compic/e170a314-6905-4a68-a975-dc3cdd0bf391.webp","images/NETENT__Gordon_Ramsay_Hell_s_Kitchen__10822.webp"
"12627","thefinalcownv194","The Final Countdown","BTG","5","https://pub.imgscache.com/compic/9d70c089-3e95-45dd-8ba6-3cf25339ef57.webp","images/BTG__The_Final_Countdown__12627.webp"
"14196","vs20chicken","The Great Chicken Escape","PP","5","https://pub.imgscache.com/compic/356a8d53-ac6e-443b-83c8-f4ca93bb071e.webp","images/PP__The_Great_Chicken_Escape__14196.webp"
"14043","PSS-ON-00167","Deng Deng","PLAYSTAR","5","https://pub.imgscache.com/compic/a1233848-ae9a-41a4-b531-a187d150f390.webp","images/PLAYSTAR__Deng_Deng__14043.webp"
"13966","gpas_dsparks_pop","Dragon Spark","PT","5","https://pub.imgscache.com/compic/2fad753c-c163-41a3-9410-44aca4c57433.webp","images/PT__Dragon_Spark__13966.webp"
"13362","410008","Dragon's Crash","BGAMING","3","https://pub.imgscache.com/compic/c64336f5-3709-4adc-9b8b-7a0aa6d34911.webp","images/BGAMING__Dragon_s_Crash__13362.webp"
"11507","18_335","Giant Fortunes","RTG","5","https://pub.imgscache.com/compic/82aa2da0-a5a9-45ce-84a8-cdb136a10dfe.webp","images/RTG__Giant_Fortunes__11507.webp"
"11917","dungeonquestdx10","Dungeon Quest","NLC","5","https://pub.imgscache.com/compic/f06f76f1-3d39-4239-a293-340ee26e7bc9.webp","images/NLC__Dungeon_Quest__11917.webp"
"10818","butterflystaxxr4","Butterfly Staxx","NETENT","5","https://pub.imgscache.com/compic/1c8cd547-9fa9-45a2-a83a-f4d05358b70b.webp","images/NETENT__Butterfly_Staxx__10818.webp"
"11000","80","Poseidon","CQ9","5","https://pub.imgscache.com/compic/e824c4df-11bc-482c-8acb-e0adefc82088.webp","images/CQ9__Poseidon__11000.webp"
"10631","SGFlyingHigh","Flying High","HBN","5","https://pub.imgscache.com/compic/a64871b5-827d-42c0-93ec-f126d2fff07f.webp","images/HBN__Flying_High__10631.webp"
"12923","9_9008","Crazy King Kong","JDB","3","https://pub.imgscache.com/compic/53cd0a8f-fe8c-4572-a9b5-c75d23436966.webp","images/JDB__Crazy_King_Kong__12923.webp"
"13413","410165","Snoop Dogg Dollars","BGAMING","5","https://pub.imgscache.com/compic/2a21acb9-cc83-46d6-af8e-357c8d784e46.webp","images/BGAMING__Snoop_Dogg_Dollars__13413.webp"
"11179","18_269","Vegas Lux","RTG","5","https://pub.imgscache.com/compic/bddee3a0-2d55-4d45-86f5-5cd8a8c84810.webp","images/RTG__Vegas_Lux__11179.webp"
"13408","410047","Royal High Road","BGAMING","5","https://pub.imgscache.com/compic/4447900d-2606-4fa4-a2ce-abb2138c0840.webp","images/BGAMING__Royal_High_Road__13408.webp"
"14016","GB2","Monster Hunter","CQ9","5","https://pub.imgscache.com/compic/a8e344f2-488e-42c4-a494-9fbed0fdb151.webp","images/CQ9__Monster_Hunter__14016.webp"
"11981","theborderdx10000","The Border","NLC","5","https://pub.imgscache.com/compic/73163f83-6956-4303-8746-bb23d47328b4.webp","images/NLC__The_Border__11981.webp"
"13294","110027","Lucky Girls","EVOPLAY","5","https://pub.imgscache.com/compic/96760bbb-c048-4ce5-8129-7dbb27d8b121.webp","images/EVOPLAY__Lucky_Girls__13294.webp"
"13684","GoldenAndSilverHorn","Golden and Silver Horn","KA GAMING","5","https://pub.imgscache.com/compic/bc5a8df6-baa4-4468-913b-edf722cc6781.webp","images/KA_GAMING__Golden_and_Silver_Horn__13684.webp"
"11366","18_289","Bubble Bubble 3","RTG","5","https://pub.imgscache.com/compic/75880aef-2be6-4f93-88ab-87977c6077d8.webp","images/RTG__Bubble_Bubble_3__11366.webp"
"11955","PSS-ON-00133","Coin Maniac","PLAYSTAR","5","https://pub.imgscache.com/compic/6abb5778-134c-4413-a794-622bdf43a475.webp","images/PLAYSTAR__Coin_Maniac__11955.webp"
"11512","18_339","Merlin's Riches","RTG","5","https://pub.imgscache.com/compic/d8515bf9-c340-477e-9dda-f36fbcb0d868.webp","images/RTG__Merlin_s_Riches__11512.webp"
"11637","0_14084","CAISHEN COMING","JDB","5","https://pub.imgscache.com/compic/da40273a-0543-48f1-9a72-0d3501936557.webp","images/JDB__CAISHEN_COMING__11637.webp"
"13203","gpas_sorome_pop","Shields of Rome","PT","5","https://pub.imgscache.com/compic/58eb377a-f3dc-4475-8e63-568e9b6d1068.webp","images/PT__Shields_of_Rome__13203.webp"
"12803","casinospin000000","Casino Spin","REDTIGER","5","https://pub.imgscache.com/compic/b8689d27-04d9-4ff5-b0c5-1c5ac4dd00d4.webp","images/REDTIGER__Casino_Spin__12803.webp"
"14208","ubal;bal_emperorbaccarat","Baccarat Live","PT","17","https://pub.imgscache.com/compic/2c148a19-0521-482a-a02f-800365161fcc.webp","images/PT__Baccarat_Live__14208.webp"
"13650","ThirstyCrow","A Thirsty Crow","KA GAMING","5","https://pub.imgscache.com/compic/cdacfdc1-60de-4fcb-b916-eaddb76cae9e.webp","images/KA_GAMING__A_Thirsty_Crow__13650.webp"
"13295","110227","Lucky Porker","EVOPLAY","5","https://pub.imgscache.com/compic/ef5fff45-c35a-45c0-a1c7-a4f051399dae.webp","images/EVOPLAY__Lucky_Porker__13295.webp"
"13708","MonsterBuster","Monster Buster","KA GAMING","5","https://pub.imgscache.com/compic/7cee3723-e23e-4f97-84ff-51d5e3468af1.webp","images/KA_GAMING__Monster_Buster__13708.webp"
"11733","superstarsr1f100","Superstars","NETENT","5","https://pub.imgscache.com/compic/e1c441f7-c2c7-40d8-9a05-080fd1a1df36.webp","images/NETENT__Superstars__11733.webp"
"13205","gpas_tbirds_pop","Power Zones: Thunder Birds","PT","5","https://pub.imgscache.com/compic/7d186f02-e704-4db9-827f-bf54cc1cd9d5.webp","images/PT__Power_Zones_Thunder_Birds__13205.webp"
"13400","410075","Minesweeper XY","BGAMING","3","https://pub.imgscache.com/compic/7a5112b1-2284-490b-aa98-995ec92bac69.webp","images/BGAMING__Minesweeper_XY__13400.webp"
"13707","MonkeyAndCrab","Monkey and Crab","KA GAMING","5","https://pub.imgscache.com/compic/58676976-eb33-41ac-afdc-54e38ccd0807.webp","images/KA_GAMING__Monkey_and_Crab__13707.webp"
"11714","PSS-ON-00044","Fortune Teller","PLAYSTAR","5","https://pub.imgscache.com/compic/55d344a7-5572-43ef-9af6-ade209e1d2dc.webp","images/PLAYSTAR__Fortune_Teller__11714.webp"
"14020","130","Gold Stealer","CQ9","5","https://pub.imgscache.com/compic/c29b53be-aa36-47b4-806f-f82e1ea18a11.webp","images/CQ9__Gold_Stealer__14020.webp"
"10813","dazzler400000000","Dazzle Me","NETENT","5","https://pub.imgscache.com/compic/5b260fde-a0eb-4e4b-b6c6-ceb91099c5f2.webp","images/NETENT__Dazzle_Me__10813.webp"
"14118","1_1100008","Giant Fruits","TPG","5","https://pub.imgscache.com/compic/b70e2978-dc48-4472-9943-ffbec61af707.webp","images/TPG__Giant_Fruits__14118.webp"
"10501","7","Medusa","PG","5","https://pub.imgscache.com/compic/592bdb91-d9e1-457e-bb05-7f2c4b128a92.webp","images/PG__Medusa__10501.webp"
"13951","goodluckclusterb","Good Luck Clusterbuster™","REDTIGER","5","https://pub.imgscache.com/compic/ca7ccd35-4453-4e34-986f-137b50d8f518.webp","images/REDTIGER__Good_Luck_Clusterbuster__13951.webp"
"12623","sanctuaryv100000","Sanctuary","BTG","5","https://pub.imgscache.com/compic/3baa8318-28b2-49d3-8a0f-0f8320a8c061.webp","images/BTG__Sanctuary__12623.webp"
"12999","gpas_rrlustforg_pop","Rich Roll: Lust for Gold!","PT","5","https://pub.imgscache.com/compic/f01415ff-534d-4cb9-8749-ae929f284c8a.webp","images/PT__Rich_Roll_Lust_for_Gold__12999.webp"
"13291","110162","Juicy Gems Bonus Buy","EVOPLAY","5","https://pub.imgscache.com/compic/a7c5e3b8-96e9-471f-b355-18a4fce41c83.webp","images/EVOPLAY__Juicy_Gems_Bonus_Buy__13291.webp"
"13268","110068","Forest Dreams","EVOPLAY","5","https://pub.imgscache.com/compic/a994f941-f8b2-46b9-8991-46db9a46a837.webp","images/EVOPLAY__Forest_Dreams__13268.webp"
"10823","jackhammerj0r400","Jack Hammer","NETENT","5","https://pub.imgscache.com/compic/a8950402-ed31-4274-8066-5b52135e5374.webp","images/NETENT__Jack_Hammer__10823.webp"
"10977","yucatansmystery0","Yucatan's Mystery","REDTIGER","5","https://pub.imgscache.com/compic/1b36eb2f-a7c2-4856-bd24-317956b05fa5.webp","images/REDTIGER__Yucatan_s_Mystery__10977.webp"
"10515","33","Hip Hop Panda","PG","5","https://pub.imgscache.com/compic/12a31d16-036f-45f4-acef-9c3ecb951ec4.webp","images/PG__Hip_Hop_Panda__10515.webp"
"13552","210","Auto Mega Roulette","PP","17","https://pub.imgscache.com/compic/fb8ea6d7-2d71-4dc8-bc83-63f31d2867f0.webp","images/PP__Auto_Mega_Roulette__13552.webp"
"10640","SGLittleGreenMoney","Little Green Money","HBN","5","https://pub.imgscache.com/compic/c7582f77-e73c-4550-82eb-821c84b17301.webp","images/HBN__Little_Green_Money__10640.webp"
"11026","144","Diamond treasure","CQ9","5","https://pub.imgscache.com/compic/87c4870b-9eef-44b7-bc6d-342f8dfe35fd.webp","images/CQ9__Diamond_treasure__11026.webp"
"12582","apollopaysv10000","Apollo Pays","BTG","5","https://pub.imgscache.com/compic/4734666b-7a27-4d5c-a394-af28bef7519f.webp","images/BTG__Apollo_Pays__12582.webp"
"11936","littlebighorndx1","Little Bighorn","NLC","5","https://pub.imgscache.com/compic/2fb5b6f2-8895-4c2e-8ed4-364184d0b773.webp","images/NLC__Little_Bighorn__11936.webp"
"12717","201248","Beast Below","HACKSAW","5","https://pub.imgscache.com/compic/47505bdc-dbfb-4341-b19d-f2c5721c5cd6.webp","images/HACKSAW__Beast_Below__12717.webp"
"11519","18_359","Sweet Shop Collect","RTG","5","https://pub.imgscache.com/compic/ab7cf580-4ec5-4518-a325-77fd1fe30571.webp","images/RTG__Sweet_Shop_Collect__11519.webp"
"13298","110172","Mega Greatest Catch","EVOPLAY","5","https://pub.imgscache.com/compic/e3186490-9cd7-4592-84ce-1569570d5040.webp","images/EVOPLAY__Mega_Greatest_Catch__13298.webp"
"10738","1_53","Goldy Piggy","TPG","5","https://pub.imgscache.com/compic/a2d11b3e-d3de-4274-a3e7-38b038702aad.webp","images/TPG__Goldy_Piggy__10738.webp"
"13301","110184","Money Minter Bonus Buy","EVOPLAY","5","https://pub.imgscache.com/compic/3ecb5880-184f-4275-ac3a-2a99ff0bc671.webp","images/EVOPLAY__Money_Minter_Bonus_Buy__13301.webp"
"11011","112","Pyramid Raider","CQ9","5","https://pub.imgscache.com/compic/cd83f700-ba46-486e-94e8-a114f73f93a3.webp","images/CQ9__Pyramid_Raider__11011.webp"
"13056","gpas_gmacaque_pop","Fire Blaze: Golden Macaque","PT","5","https://pub.imgscache.com/compic/cd3e1daa-2d23-4f7e-ac68-ed866947dbd8.webp","images/PT__Fire_Blaze_Golden_Macaque__13056.webp"
"11008","103","JewelLuxury","CQ9","5","https://pub.imgscache.com/compic/9dc10b74-3892-416d-8592-0a8588ed321f.webp","images/CQ9__JewelLuxury__11008.webp"
"11980","teslajoltdx10000","Tesla Jolt","NLC","5","https://pub.imgscache.com/compic/da5b53c0-1abb-4174-a8a6-f38de64024a9.webp","images/NLC__Tesla_Jolt__11980.webp"
"11906","benjikillegasdx1","Benji Killed in Vegas","NLC","5","https://pub.imgscache.com/compic/63330dd5-7bfc-48e9-ac30-f9e9d6fbc9b8.webp","images/NLC__Benji_Killed_in_Vegas__11906.webp"
"14287","480","Vietnamese Speed Baccarat 2","PP","17","https://pub.imgscache.com/compic/e2199b68-a63c-4ace-8c3d-01c6bd0d1bb9.webp","images/PP__Vietnamese_Speed_Baccarat_2__14287.webp"
"11032","163","Ne Zha Advent","CQ9","5","https://pub.imgscache.com/compic/276c086b-3eaa-4137-895f-6e72ae7e9630.webp","images/CQ9__Ne_Zha_Advent__11032.webp"
"13724","SpaceStorm","Space Storm","KA GAMING","5","https://pub.imgscache.com/compic/c0e933cc-4d16-4320-86a3-aeb21b726015.webp","images/KA_GAMING__Space_Storm__13724.webp"
"14257","bjl;blj_blackjack6","Blackjack 6","PT","17","https://pub.imgscache.com/compic/9fa9bd5f-cc86-4aad-b7c0-f54963b297ab.webp","images/PT__Blackjack_6__14257.webp"
"12564","37992","Atlantis","galaxsys","3","https://pub.imgscache.com/compic/7d3e99a6-95a3-4f39-98c3-870b17161143.webp","images/galaxsys__Atlantis__12564.webp"
"10646","SGPiratesPlunder","Pirate's Plunder","HBN","5","https://pub.imgscache.com/compic/52a6a166-b9cc-4e3e-a189-97e5658a0f67.webp","images/HBN__Pirate_s_Plunder__10646.webp"
"12762","201402","Tai the Toad","HACKSAW","5","https://pub.imgscache.com/compic/f5166341-4a21-4fff-bc9b-8bce08683c6f.webp","images/HACKSAW__Tai_the_Toad__12762.webp"
"11918","eastvswestdx1000","East Coast vs West Coast","NLC","5","https://pub.imgscache.com/compic/e23c1f70-bded-4b01-a8ac-6d58efd20060.webp","images/NLC__East_Coast_vs_West_Coast__11918.webp"
"13025","ubal;nc_bal_baccaratko","Jade Baccarat NC","PT","17","https://pub.imgscache.com/compic/1c30e506-1cb6-4368-9684-2f127929a807.webp","images/PT__Jade_Baccarat_NC__13025.webp"
"13320","110159","The Greatest Catch Bonus Buy","EVOPLAY","5","https://pub.imgscache.com/compic/91ff8367-1a75-404c-928f-0e1d86d1674c.webp","images/EVOPLAY__The_Greatest_Catch_Bonus_Buy__13320.webp"
"12080","32725","Plinkoman","galaxsys","3","https://pub.imgscache.com/compic/d19dc9b0-3f04-40f4-aec7-0ca8c88d20b7.webp","images/galaxsys__Plinkoman__12080.webp"
"10990","23","YuanBao","CQ9","5","https://pub.imgscache.com/compic/8c705956-10cb-4814-9852-d2727ed2a2af.webp","images/CQ9__YuanBao__10990.webp"
"10984","9","ZhongKui","CQ9","5","https://pub.imgscache.com/compic/9ac963b9-9581-4635-86aa-38ce34babfe6.webp","images/CQ9__ZhongKui__10984.webp"
"10658","SGSOS","S.O.S!","HBN","5","https://pub.imgscache.com/compic/84d8bddb-6d3f-439d-b62a-b321948d5e32.webp","images/HBN__S.O.S__10658.webp"
"10568","SGKnockoutFootballRush","Knockout Football Rush","HBN","5","https://pub.imgscache.com/compic/36105e4d-22a7-405b-a415-c5b4cb92e480.webp","images/HBN__Knockout_Football_Rush__10568.webp"
"11511","18_306","Meerkat Misfits","RTG","5","https://pub.imgscache.com/compic/a1fae712-0ff6-405d-a39a-738b898484eb.webp","images/RTG__Meerkat_Misfits__11511.webp"
"14251","vs10piggybank","You Can Piggy Bank On It","PP","5","https://pub.imgscache.com/compic/a4d6004b-d757-4e03-a217-ecdb332860f7.webp","images/PP__You_Can_Piggy_Bank_On_It__14251.webp"
"11025","142","Hephaestus","CQ9","5","https://pub.imgscache.com/compic/98130090-8aac-4bc6-9178-e67e7474d087.webp","images/CQ9__Hephaestus__11025.webp"
"11913","coinsoffotunedx1","Coins of Fortune","NLC","5","https://pub.imgscache.com/compic/fe40a4fd-537f-458f-9a5e-9a7bfc770280.webp","images/NLC__Coins_of_Fortune__11913.webp"
"13173","Steampunk","Steam punk","GEMH","27","https://pub.imgscache.com/compic/92c7d1c3-22d0-4cc8-b0a9-087a7798b77c.webp","images/GEMH__Steam_punk__13173.webp"
"12105","1016","Fancy Egypt","YB","5","https://pub.imgscache.com/compic/bb476ddc-e2b4-4d4b-99df-80f5285e29e7.webp","images/YB__Fancy_Egypt__12105.webp"
"14119","1_1100016","Wealth Arrives","TPG","5","https://pub.imgscache.com/compic/e6d99595-0e10-4d5a-bf0e-87e40ffe8355.webp","images/TPG__Wealth_Arrives__14119.webp"
"13502","animafia","Animafia","PNS","5","https://pub.imgscache.com/compic/cdba5bd8-c804-47a0-a630-0e6b5cd98ac3.webp","images/PNS__Animafia__13502.webp"
"13651","AnimalDojo","Animal Dojo","KA GAMING","5","https://pub.imgscache.com/compic/76b9577d-ecc9-4172-9a8f-43e9194eb748.webp","images/KA_GAMING__Animal_Dojo__13651.webp"
"13035","bjl;bjl_royalebj1","Royale Blackjack 1","PT","17","https://pub.imgscache.com/compic/1770e3a4-f1e2-44a3-be2c-96486962ac5b.webp","images/PT__Royale_Blackjack_1__13035.webp"
"13726","Sumo","Sumo","KA GAMING","5","https://pub.imgscache.com/compic/2b435f34-5b40-460c-8da3-c34ead47831e.webp","images/KA_GAMING__Sumo__13726.webp"
"13525","muddy-waters","Muddy Waters","PNS","5","https://pub.imgscache.com/compic/3072d834-2091-462a-b243-77f8f32bbf7e.webp","images/PNS__Muddy_Waters__13525.webp"
"11004","92","World Cup Russia 2018","CQ9","5","https://pub.imgscache.com/compic/e30776be-a195-4ce1-820d-6426397495f1.webp","images/CQ9__World_Cup_Russia_2018__11004.webp"
"11054","212","Burning Xi-You","CQ9","5","https://pub.imgscache.com/compic/886f8ae8-6c19-4726-a154-798267bde704.webp","images/CQ9__Burning_Xi-You__11054.webp"
"12630","vegasrushv100000","Vegas Rush","BTG","5","https://pub.imgscache.com/compic/c3c6aab4-2d99-4abd-9e5e-9a90c53b2d77.webp","images/BTG__Vegas_Rush__12630.webp"
"12009","PSS-ON-00038","Face Off","PLAYSTAR","5","https://pub.imgscache.com/compic/08dba697-fbdc-426d-ad61-185f3e001e4c.webp","images/PLAYSTAR__Face_Off__12009.webp"
"11634","IR02","Bingo Charms","AQUA","27","https://pub.imgscache.com/compic/489037a6-31a7-49dd-93c2-085321052302.webp","images/AQUA__Bingo_Charms__11634.webp"
"13401","410066","Miss Cherry Fruits Jackpot Party","BGAMING","5","https://pub.imgscache.com/compic/06419b7f-1f68-44b1-83e4-b463dde0e19c.webp","images/BGAMING__Miss_Cherry_Fruits_Jackpot_Party__13401.webp"
"12890","031","Gold Panda Rush","YGR","5","https://pub.imgscache.com/compic/97d6f794-25ba-4435-a90f-ba5f5350eb6e.webp","images/YGR__Gold_Panda_Rush__12890.webp"
"10983","8","SoSweet","CQ9","5","https://pub.imgscache.com/compic/2fc1471c-8bb0-491e-bde9-d30a84365bf5.webp","images/CQ9__SoSweet__10983.webp"
"13963","gpas_gblue_pop","Great Blue","PT","5","https://pub.imgscache.com/compic/1f175b67-eff5-4674-a5b5-5482991e104a.webp","images/PT__Great_Blue__13963.webp"
"11401","79","Andar Bahar","JILI","3","https://pub.imgscache.com/compic/b28764a8-4569-477c-9e37-d4cc504b0c9c.webp","images/JILI__Andar_Bahar__11401.webp"
"13305","110174","Patrick's Magic Field","EVOPLAY","5","https://pub.imgscache.com/compic/f9b381ed-078e-409e-b270-d4216468fc25.webp","images/EVOPLAY__Patrick_s_Magic_Field__13305.webp"
"13304","110180","Old West","EVOPLAY","5","https://pub.imgscache.com/compic/67a832cf-6026-41e5-b39f-8f7e5fa34b45.webp","images/EVOPLAY__Old_West__13304.webp"
"11023","140","Fire Chibi 2","CQ9","5","https://pub.imgscache.com/compic/e3a00e3f-7c4a-465c-8b18-82f575a61d86.webp","images/CQ9__Fire_Chibi_2__11023.webp"
"13037","sbdl;sbdl_deluxesicbo","SicBo Deluxe","PT","17","https://pub.imgscache.com/compic/022ec797-0ee2-4258-8470-707aec9cd22e.webp","images/PT__SicBo_Deluxe__13037.webp"
"14017","52","Jump High","CQ9","5","https://pub.imgscache.com/compic/42ac948b-2dfe-4946-85c0-1c6aa15135bd.webp","images/CQ9__Jump_High__14017.webp"
"11643","18_232","Plentiful Treasure","RTG","5","https://pub.imgscache.com/compic/b0aefcb0-94ab-40e8-858b-e80eeef580cb.webp","images/RTG__Plentiful_Treasure__11643.webp"
"11024","141","Xmas","CQ9","5","https://pub.imgscache.com/compic/0ecf0c54-63aa-49c0-8e03-1e261ff22d5c.webp","images/CQ9__Xmas__11024.webp"
"13735","XElements","X-Elements","KA GAMING","5","https://pub.imgscache.com/compic/28108701-1e41-4a98-a65f-0164e7b31286.webp","images/KA_GAMING__X-Elements__13735.webp"
"14244","vs20dhsuper","The Dog House - Royal Hunt","PP","5","https://pub.imgscache.com/compic/2e84f410-cb21-43b4-a786-8c5113acc0cf.webp","images/PP__The_Dog_House_-_Royal_Hunt__14244.webp"
"11887","alexanderthegrea","Alexander The Great World Conqueror","REDTIGER","5","https://pub.imgscache.com/compic/da56611b-7b3d-423b-accf-235aa50d7b9e.webp","images/REDTIGER__Alexander_The_Great_World_Conqueror__11887.webp"
"12216","1473388","Cruise Royale","PG","5","https://pub.imgscache.com/compic/f9d82bf7-5e5c-4d03-9345-6e5b7d1342e0.webp","images/PG__Cruise_Royale__12216.webp"
"11048","203","RaveHigh","CQ9","5","https://pub.imgscache.com/compic/e9e4117f-ee84-4ee5-a5c9-34455ecccfdb.webp","images/CQ9__RaveHigh__11048.webp"
"12814","ddaydx1000000000","D Day","NLC","5","https://pub.imgscache.com/compic/62e80c9d-fb62-44ab-a816-b24aa5a14333.webp","images/NLC__D_Day__12814.webp"
"13658","Cocorico","Cocorico","KA GAMING","5","https://pub.imgscache.com/compic/6fa8628d-c743-40c3-addc-b4b125a31c29.webp","images/KA_GAMING__Cocorico__13658.webp"
"11925","goldengeniedx100","Golden Genie & the Walking Wilds","NLC","5","https://pub.imgscache.com/compic/8aabfdbc-284f-4e53-9928-08fc46eef986.webp","images/NLC__Golden_Genie_the_Walking_Wilds__11925.webp"
"13211","gpas_ttreasure_pop","Gold Pile: Toltec Treasure","PT","5","https://pub.imgscache.com/compic/85fa5baf-e166-424d-881e-c2bc8a63e03b.webp","images/PT__Gold_Pile_Toltec_Treasure__13211.webp"
"11509","18_305","Khrysos Gold","RTG","5","https://pub.imgscache.com/compic/786362bb-2354-4923-87c9-dfbca7b45e8e.webp","images/RTG__Khrysos_Gold__11509.webp"
"10604","SG12Zodiacs","12 Zodiacs","HBN","5","https://pub.imgscache.com/compic/9e0548aa-1dfe-4401-94dc-f82bebc4b84b.webp","images/HBN__12_Zodiacs__10604.webp"
"11498","18_346","Alien Wins","RTG","5","https://pub.imgscache.com/compic/3496174e-edc5-471b-8329-9bdd9369164e.webp","images/RTG__Alien_Wins__11498.webp"
"13608","488","Japanese Speed Baccarat 1","PP","17","https://pub.imgscache.com/compic/5fb272a8-4f8b-43f2-9cda-846d8d7c3868.webp","images/PP__Japanese_Speed_Baccarat_1__13608.webp"
"12616","overthemoonv1000","Over The Moon","BTG","5","https://pub.imgscache.com/compic/13adfc92-b099-4480-8d4f-28c20bd9efb8.webp","images/BTG__Over_The_Moon__12616.webp"
"10938","riddleofthesphin","Riddle Of The Sphinx","REDTIGER","5","https://pub.imgscache.com/compic/e9bd06d8-e631-4eea-9f0d-2479b685a228.webp","images/REDTIGER__Riddle_Of_The_Sphinx__10938.webp"
"14183","vs20bison","Release the Bison","PP","5","https://pub.imgscache.com/compic/43c94517-463e-46f7-bd1f-9688c604b4a4.webp","images/PP__Release_the_Bison__14183.webp"
"11515","18_319","Nine Realms","RTG","5","https://pub.imgscache.com/compic/df4600b9-eb06-497c-8910-9289cafa656f.webp","images/RTG__Nine_Realms__11515.webp"
"10667","SGWeirdScience","Weird Science","HBN","5","https://pub.imgscache.com/compic/96e2b49c-3593-4725-a2c0-3ff81767c7fe.webp","images/HBN__Weird_Science__10667.webp"
"13979","1_106","Amazing Christmas","TPG","5","https://pub.imgscache.com/compic/7b1b5a7f-e638-4df9-a037-7e84b22c4119.webp","images/TPG__Amazing_Christmas__13979.webp"
"11915","deadcanarydx1000","Dead Canary","NLC","5","https://pub.imgscache.com/compic/1e3b2f94-f22d-4ffa-88d9-6e0f8e9b232e.webp","images/NLC__Dead_Canary__11915.webp"
"11867","bloodsuckersmega","Blood Suckers™ Megaways™","REDTIGER","5","https://pub.imgscache.com/compic/c0cd1e57-767e-4f6f-b385-0bc5dea8e19e.webp","images/REDTIGER__Blood_Suckers_Megaways__11867.webp"
"10929","rainbowjackpotsp","Rainbow Jackpots Power Lines","REDTIGER","5","https://pub.imgscache.com/compic/abdc75f9-acd3-44a7-875f-c2959a9adf66.webp","images/REDTIGER__Rainbow_Jackpots_Power_Lines__10929.webp"
"12444","vs20stickywild","Wild Bison Charge","PP","5","https://pub.imgscache.com/compic/bba84595-240e-4325-92cf-da82a5e45927.webp","images/PP__Wild_Bison_Charge__12444.webp"
"11040","186","Fire Queen2","CQ9","5","https://pub.imgscache.com/compic/cb4eaf45-dc82-44eb-b1bd-95b6cfa20a81.webp","images/CQ9__Fire_Queen2__11040.webp"
"12597","extrachilliv2950","Extra Chilli","BTG","5","https://pub.imgscache.com/compic/e0882f57-74a3-4dbe-a5a2-bfd09a7804c0.webp","images/BTG__Extra_Chilli__12597.webp"
"11534","1_64","Fortune Hot Pot","TPG","5","https://pub.imgscache.com/compic/d99d6212-6da4-4ed1-b258-0dbf9baa9d44.webp","images/TPG__Fortune_Hot_Pot__11534.webp"
"13264","110002","Egypt Gods","EVOPLAY","5","https://pub.imgscache.com/compic/43a8103a-2c1f-497d-9556-5eabdea52a01.webp","images/EVOPLAY__Egypt_Gods__13264.webp"
"10634","SGGoldenUnicorn","Golden Unicorn","HBN","5","https://pub.imgscache.com/compic/8afa8363-8edc-4f0f-870f-6a4f25783fe8.webp","images/HBN__Golden_Unicorn__10634.webp"
"12632","wildflowerv10000","Wild Flower","BTG","5","https://pub.imgscache.com/compic/5cdd5523-2cc4-4254-a4ce-b5c9a897af11.webp","images/BTG__Wild_Flower__12632.webp"
"12821","1_1100007","Sushi Saga","TPG","5","https://pub.imgscache.com/compic/1ac45155-e523-4693-bf30-bd2df2209a6c.webp","images/TPG__Sushi_Saga__12821.webp"
"13302","110232","Northern Temple","EVOPLAY","5","https://pub.imgscache.com/compic/3af415c9-869e-4080-acb0-306eed328e7b.webp","images/EVOPLAY__Northern_Temple__13302.webp"
"11895","transylvanianigh","Transylvanian: Night of Blood","REDTIGER","5","https://pub.imgscache.com/compic/cba122ae-49c7-4e3f-aae8-d6732315edde.webp","images/REDTIGER__Transylvanian_Night_of_Blood__11895.webp"
"13588","201","Roulette Green","PP","17","https://pub.imgscache.com/compic/0924cfa9-bdc5-4a28-b249-556d79f6899c.webp","images/PP__Roulette_Green__13588.webp"
"10628","SGDragonsRealm","Dragon's Realm","HBN","5","https://pub.imgscache.com/compic/a6ea5237-7e8e-4fb4-8d63-8caffc5494e6.webp","images/HBN__Dragon_s_Realm__10628.webp"
"11466","sni5cza6d1vvl50i","Blackjack Party","EVOLUTION","17","https://pub.imgscache.com/compic/78cfaf34-e85d-42ff-a692-8f260212e953.webp","images/EVOLUTION__Blackjack_Party__11466.webp"
"12435","vs7776secrets","John Hunter and the Aztec Treasure","PP","5","https://pub.imgscache.com/compic/e4ae4000-65d4-4992-81f2-3161b920773e.webp","images/PP__John_Hunter_and_the_Aztec_Treasure__12435.webp"
"11646","133","Good Fortune M","CQ9","5","https://pub.imgscache.com/compic/21c86e37-db8c-40fb-8a63-380bfaa0111a.webp","images/CQ9__Good_Fortune_M__11646.webp"
"10660","SGSuperStrike","Super Strike","HBN","5","https://pub.imgscache.com/compic/cb714d2b-ed1a-42b9-ad4b-61f3afe6bb44.webp","images/HBN__Super_Strike__10660.webp"
"12994","gpas_fgift_pop","Frog's Gift","PT","5","https://pub.imgscache.com/compic/6916f113-9dd6-4a31-8a7c-6b878fc2a7a5.webp","images/PT__Frog_s_Gift__12994.webp"
"12896","043","Lucky Star","YGR","5","https://pub.imgscache.com/compic/21fc0e66-469a-4ffc-99f7-e64239a4b2b6.webp","images/YGR__Lucky_Star__12896.webp"
"12023","PSS-ON-00095","Hand Of God","PLAYSTAR","5","https://pub.imgscache.com/compic/bc048208-1598-40ea-b75b-a181dd924e0e.webp","images/PLAYSTAR__Hand_Of_God__12023.webp"
"11168","18_247","Pulsar","RTG","5","https://pub.imgscache.com/compic/d4be28d2-a363-4e66-be47-11df36b27011.webp","images/RTG__Pulsar__11168.webp"
"11153","18_228","Secret Jungle","RTG","5","https://pub.imgscache.com/compic/54c2a97d-183e-4f93-b7d9-f1ac40236db6.webp","images/RTG__Secret_Jungle__11153.webp"
"13212","gpas_pbreak_pop","Lockdown Loot","PT","5","https://pub.imgscache.com/compic/fc8408be-b366-4aed-87a5-70c62e7ca8d6.webp","images/PT__Lockdown_Loot__13212.webp"
"10878","goldencryptex000","Golden Cryptex","REDTIGER","5","https://pub.imgscache.com/compic/f14d53e6-fa38-4576-888c-11e7b0921914.webp","images/REDTIGER__Golden_Cryptex__10878.webp"
"10656","SGSirBlingalot","Sir Blingalot","HBN","5","https://pub.imgscache.com/compic/1fc6a870-3059-437d-9e92-eea069869e59.webp","images/HBN__Sir_Blingalot__10656.webp"
"10534","20","Reel Love","PG","5","https://pub.imgscache.com/compic/c5993ef2-055c-4ada-88da-26bbfae8a4f1.webp","images/PG__Reel_Love__10534.webp"
"11750","SGFly","Fly!","HBN","5","https://pub.imgscache.com/compic/421ff3dc-2c70-4bdd-97fc-00cf7f762b8a.webp","images/HBN__Fly__11750.webp"
"13655","BreakThrough","Break Through Lock 2 Spin","KA GAMING","5","https://pub.imgscache.com/compic/68d6a05d-fee3-4efb-b658-3cc8fa92af14.webp","images/KA_GAMING__Break_Through_Lock_2_Spin__13655.webp"
"13169","CaveBingo","Cave Bingo","GEMH","27","https://pub.imgscache.com/compic/0cad43f7-82e1-4fcf-b1d3-19b274e6715b.webp","images/GEMH__Cave_Bingo__13169.webp"
"11949","PSS-ON-00152","Caishen Daddy","PLAYSTAR","5","https://pub.imgscache.com/compic/f2722e9b-c12b-4ea3-ab76-f07900f01c45.webp","images/PLAYSTAR__Caishen_Daddy__11949.webp"
"11894","wrigleysworld000","Wrigley's World","REDTIGER","5","https://pub.imgscache.com/compic/d08a10eb-cf91-4b8e-ba90-6be99797d5c1.webp","images/REDTIGER__Wrigley_s_World__11894.webp"
"11059","5008","Da Hong Zhong","CQ9","5","https://pub.imgscache.com/compic/78666beb-fb67-4bf1-ae6b-39645df3c61f.webp","images/CQ9__Da_Hong_Zhong__11059.webp"
"13524","monster-blox","Monster Blox","PNS","5","https://pub.imgscache.com/compic/0af42bd5-0c8e-4531-bc94-e4c0a2a3d18b.webp","images/PNS__Monster_Blox__13524.webp"
"14168","643","Clover Ladybug","JILI","5","https://pub.imgscache.com/compic/45fa3b2b-7771-4f8e-af60-02ccb25ac020.webp","images/JILI__Clover_Ladybug__14168.webp"
"11372","18_298","Thai Emerald","RTG","5","https://pub.imgscache.com/compic/02e686eb-81d9-4b5b-bf04-5884ee2f01eb.webp","images/RTG__Thai_Emerald__11372.webp"
"11905","barbarianfurydx1","Barbarian Fury","NLC","5","https://pub.imgscache.com/compic/e8f78367-3231-499d-8148-29ea7263e7ee.webp","images/NLC__Barbarian_Fury__11905.webp"
"11562","1_55","Vampires Feast","TPG","5","https://pub.imgscache.com/compic/aeaa0ba0-fdee-4c93-a999-f4b937dab526.webp","images/TPG__Vampires_Feast__11562.webp"
"11746","SGCandyTower","Candy Tower","HBN","5","https://pub.imgscache.com/compic/f35bb010-4bb6-40af-9b28-440d2fa2b707.webp","images/HBN__Candy_Tower__11746.webp"
"11381","115","Agent Ace","JILI","5","https://pub.imgscache.com/compic/f6184bfe-1e76-4493-a6f3-a2b7b10f3878.webp","images/JILI__Agent_Ace__11381.webp"
"14022","VPCQS32","Top Ace 2","CQ9","5","https://pub.imgscache.com/compic/3180e7a0-5a6f-43e3-a7d5-6adc84f6b2b5.webp","images/CQ9__Top_Ace_2__14022.webp"
"13750","LotusSicBo000001","Lotus Sic Bo","EVOLUTION","17","https://pub.imgscache.com/compic/6074a59b-64f3-412c-91c6-0bda1edd18eb.webp","images/EVOLUTION__Lotus_Sic_Bo__13750.webp"
"14269","cbjl;cbjl_italianbj","Italian Cashback Blackjack","PT","17","https://pub.imgscache.com/compic/fe0de042-48aa-4a71-92fd-dba7e05b855c.webp","images/PT__Italian_Cashback_Blackjack__14269.webp"
"10936","regalbeasts00000","Regal Beasts","REDTIGER","5","https://pub.imgscache.com/compic/cfdc266c-e62e-4f02-8313-4ad95ba67c74.webp","images/REDTIGER__Regal_Beasts__10936.webp"
"13484","622","3 Coin Wild Tiger","JILI","5","https://pub.imgscache.com/compic/ba8368f1-2645-45ef-b235-8ba8e46029cc.webp","images/JILI__3_Coin_Wild_Tiger__13484.webp"
"13516","frozen-age","Frozen Age","PNS","5","https://pub.imgscache.com/compic/6181c572-47d5-4b59-bf29-61d033c579c8.webp","images/PNS__Frozen_Age__13516.webp"
"12745","201372","Keep'em","HACKSAW","5","https://pub.imgscache.com/compic/ad2b6856-8480-43f4-af30-5e26f924c83e.webp","images/HACKSAW__Keep_em__12745.webp"
"14040","6004","Drop Ball","Spin Master","5","https://pub.imgscache.com/compic/8e2930d3-61ca-4cd1-a0e8-3abee9e451bd.webp","images/Spin_Master__Drop_Ball__14040.webp"
"13977","1_1100018","Monster Hunt Wilds","TPG","5","https://pub.imgscache.com/compic/0173c4c5-086b-43d7-8aa6-40b4900bfced.webp","images/TPG__Monster_Hunt_Wilds__13977.webp"
"11499","18_334","Bonus Wheel Jungle","RTG","5","https://pub.imgscache.com/compic/c8a67e4e-de63-4f2f-82de-07d8b3f8b2f5.webp","images/RTG__Bonus_Wheel_Jungle__11499.webp"
"10668","SGZeus","Zeus","HBN","5","https://pub.imgscache.com/compic/8c8628ea-c4a7-417a-8a6e-a5c8b2691c19.webp","images/HBN__Zeus__10668.webp"
"10511","29","Dragon Legend","PG","5","https://pub.imgscache.com/compic/f88dd348-9f73-4d0c-84f7-14606bd45493.webp","images/PG__Dragon_Legend__10511.webp"
"11043","195","Lord Ganesha","CQ9","5","https://pub.imgscache.com/compic/b4054080-80b4-439c-9492-f3be27f583c1.webp","images/CQ9__Lord_Ganesha__11043.webp"
"13998","177","Aladdin's lamp","CQ9","5","https://pub.imgscache.com/compic/3bc1f233-49a8-443a-9bea-78f069eed1ca.webp","images/CQ9__Aladdin_s_lamp__13998.webp"
"11126","18_173","Panda Magic","RTG","5","https://pub.imgscache.com/compic/c40826ed-8348-42a7-9862-98a83dca8ff8.webp","images/RTG__Panda_Magic__11126.webp"
"12651","GB16","CHICAGOII","CQ9","5","https://pub.imgscache.com/compic/f0c55645-1627-4527-9c4e-6a8b5ec4c6a3.webp","images/CQ9__CHICAGOII__12651.webp"
"13409","410178","Sakura Riches 60","BGAMING","5","https://pub.imgscache.com/compic/7368e187-a158-4922-85c0-4a294f763200.webp","images/BGAMING__Sakura_Riches_60__13409.webp"
"12992","gpas_gwizard_pop","Fire Blaze: Green Wizard","PT","5","https://pub.imgscache.com/compic/b1d2f998-a562-4c2d-a2bc-7bb1d8bfc6a0.webp","images/PT__Fire_Blaze_Green_Wizard__12992.webp"
"12448","vs15samurai4","Rise of Samurai 4","PP","5","https://pub.imgscache.com/compic/cb85e052-ec03-490a-98c3-9b4fd7a5adbb.webp","images/PP__Rise_of_Samurai_4__12448.webp"
"12763","201086","Tasty Treats","HACKSAW","5","https://pub.imgscache.com/compic/51a1eec8-5c80-4eb2-afab-d1e129eef147.webp","images/HACKSAW__Tasty_Treats__12763.webp"
"11753","SGNewYearsBash","New Years Bash","HBN","5","https://pub.imgscache.com/compic/42ccc709-f2cd-446e-b02b-70938cd1c3ac.webp","images/HBN__New_Years_Bash__11753.webp"
"12656","68","Wukong&Peaches","CQ9","5","https://pub.imgscache.com/compic/4b56a0c4-d267-44b5-b543-ecf9a74ae03e.webp","images/CQ9__Wukong_Peaches__12656.webp"
"12411","vs20clustext","Gears of Horus","PP","5","https://pub.imgscache.com/compic/6c19db6e-085a-4df8-9f61-d9a9582261e9.webp","images/PP__Gears_of_Horus__12411.webp"
"10659","SGSpaceFortune","Space Fortune","HBN","5","https://pub.imgscache.com/compic/d56434b5-e64e-4cf9-8caf-fd3cd33cac70.webp","images/HBN__Space_Fortune__10659.webp"
"13532","robin-not","Robin - Nottingham Raiders","PNS","5","https://pub.imgscache.com/compic/bfbff217-b92c-4437-a0f7-2b9d6a950680.webp","images/PNS__Robin_-_Nottingham_Raiders__13532.webp"
"11049","204","LuckyBoxes","CQ9","5","https://pub.imgscache.com/compic/82aea4b2-eb3b-4b83-952d-81ae45b7e7fa.webp","images/CQ9__LuckyBoxes__11049.webp"
"10673","BlackJack3HDoubleExposure","Blackjack Double Exposure 3 Hand","HBN","3","https://pub.imgscache.com/compic/a929d63f-1671-4fa2-a106-ebeeb661074e.webp","images/HBN__Blackjack_Double_Exposure_3_Hand__10673.webp"
"12714","201398","Ze Zeus","HACKSAW","5","https://pub.imgscache.com/compic/3eb4e12f-d594-4f83-b0f4-530d0c16ff40.webp","images/HACKSAW__Ze_Zeus__12714.webp"
"13053","lbrol;frol_luckyballrol","Lucky Ball Roulette Live","PT","17","https://pub.imgscache.com/compic/d31460e8-257d-4ace-8e23-9aee12cdee6e.webp","images/PT__Lucky_Ball_Roulette_Live__13053.webp"
"13574","435","Speed Baccarat 16","PP","17","https://pub.imgscache.com/compic/6f16b282-24b8-4e0d-97ac-afdeb1b577c7.webp","images/PP__Speed_Baccarat_16__13574.webp"
"13721","SkyForce","Sky Force","KA GAMING","5","https://pub.imgscache.com/compic/3ce4d2ad-200c-4b28-85b1-10f66bb380f7.webp","images/KA_GAMING__Sky_Force__13721.webp"
"13595","204","Mega Roulette","PP","17","https://pub.imgscache.com/compic/1fd12c50-1e6e-4c1b-82d0-63e0590ceff7.webp","images/PP__Mega_Roulette__13595.webp"
"13355","410003","Chicken Rush","BGAMING","5","https://pub.imgscache.com/compic/2358f69d-b13a-487a-adab-1ccc531897e3.webp","images/BGAMING__Chicken_Rush__13355.webp"
"14211","bjl;blj_blackjack10","Blackjack 10","PT","17","https://pub.imgscache.com/compic/9667b254-0a00-42ee-8552-e0293c5a4321.webp","images/PT__Blackjack_10__14211.webp"
"14122","hi-lo","Hi Lo","SPRIBE","8","https://pub.imgscache.com/compic/9b56974f-d587-4553-bbe5-3b9993923310.webp","images/SPRIBE__Hi_Lo__14122.webp"
"10663","SGTowerOfPizza","Tower Of Pizza","HBN","5","https://pub.imgscache.com/compic/846840a0-14ab-4cfb-8ef5-bf3cf6d17f6b.webp","images/HBN__Tower_Of_Pizza__10663.webp"
"12615","outlawv100000000","Outlaw","BTG","5","https://pub.imgscache.com/compic/36e0a8ea-2922-487a-ba57-7c39eca43d23.webp","images/BTG__Outlaw__12615.webp"
"12785","KYS-H5-99980","Golden Island","5G","5","https://pub.imgscache.com/compic/b377f305-234e-4e88-b021-3d0d7048869d.webp","images/5G__Golden_Island__12785.webp"
"13676","FootballMania","Football Mania","KA GAMING","5","https://pub.imgscache.com/compic/ff2da55b-2da9-4f4e-9941-33d89a213d76.webp","images/KA_GAMING__Football_Mania__13676.webp"
"13968","gpas_pigeonfs_pop","Pigeons From Space!","PT","5","https://pub.imgscache.com/compic/ea306651-1f60-4bb9-b19a-a882eca39453.webp","images/PT__Pigeons_From_Space__13968.webp"
"11889","cottongangaffair","Cotton Gang Affair","REDTIGER","5","https://pub.imgscache.com/compic/bbd76c6d-bacd-478e-80af-7e70a4cb8730.webp","images/REDTIGER__Cotton_Gang_Affair__11889.webp"
"11958","PSS-ON-00129","Golden Jade","PLAYSTAR","5","https://pub.imgscache.com/compic/e5c0b465-f7a3-4b8f-af49-e1181f3e91f5.webp","images/PLAYSTAR__Golden_Jade__11958.webp"
"10961","vaultcracker0000","Vault Cracker","REDTIGER","5","https://pub.imgscache.com/compic/e328fc0b-ed9c-49ce-a274-3a0d00202b0c.webp","images/REDTIGER__Vault_Cracker__10961.webp"
"13352","410169","Carnival Bonanza","BGAMING","5","https://pub.imgscache.com/compic/d83cb124-3378-47d8-9847-7900ddf5d338.webp","images/BGAMING__Carnival_Bonanza__13352.webp"
"13566","203","Speed Roulette 1","PP","17","https://pub.imgscache.com/compic/ad5e13db-010b-44ff-ada2-73c2a33e1a24.webp","images/PP__Speed_Roulette_1__13566.webp"
"13744","EmperorSB0000001","Emperor Sic Bo","EVOLUTION","17","https://pub.imgscache.com/compic/c178ba9d-9614-4949-823c-632b8a5c0cb4.webp","images/EVOLUTION__Emperor_Sic_Bo__13744.webp"
"13731","TreasureTiger","Treasure Tiger","KA GAMING","5","https://pub.imgscache.com/compic/2165e34c-0090-4884-aaeb-2979ee6ecfaa.webp","images/KA_GAMING__Treasure_Tiger__13731.webp"
"11817","126","Bone Fortune","JILI","5","https://pub.imgscache.com/compic/9c8e1fc0-32bb-4c9e-9864-3bee47dad386.webp","images/JILI__Bone_Fortune__11817.webp"
"13016","bjl;bjl_deutschbj","Deutsches Blackjack","PT","17","https://pub.imgscache.com/compic/c4a51b94-12a9-4327-8ca7-5a4415450df0.webp","images/PT__Deutsches_Blackjack__13016.webp"
"10577","SGMagicOak","Magic Oak","HBN","5","https://pub.imgscache.com/compic/b1704286-3d4d-4fa4-b739-690fdf0a83a1.webp","images/HBN__Magic_Oak__10577.webp"
"11056","214","Ninja Raccoon","CQ9","5","https://pub.imgscache.com/compic/3d999282-b831-4878-a7dd-8352e29dc48a.webp","images/CQ9__Ninja_Raccoon__11056.webp"
"10847","crystalmirror000","Crystal Mirror","REDTIGER","5","https://pub.imgscache.com/compic/6228a983-38cd-4290-a539-333457e0ab8f.webp","images/REDTIGER__Crystal_Mirror__10847.webp"
"10778","0_8022","Mahjong","JDB","5","https://pub.imgscache.com/compic/9e2b27a2-49f5-43df-98b2-a6cd1f96f31c.webp","images/JDB__Mahjong__10778.webp"
"13368","410186","Fortune Bells","BGAMING","5","https://pub.imgscache.com/compic/80ad9ff4-51d0-49fd-ac62-a902c23d9646.webp","images/BGAMING__Fortune_Bells__13368.webp"
"13591","240","PowerUP Roulette","PP","17","https://pub.imgscache.com/compic/e7f8b06b-f1f8-4da8-8f7c-0dfe868c8ce6.webp","images/PP__PowerUP_Roulette__13591.webp"
"14189","vs20emptybank","Empty the Bank","PP","5","https://pub.imgscache.com/compic/2e46b9a8-9974-476f-8a1c-69cec1ee92ae.webp","images/PP__Empty_the_Bank__14189.webp"
"10836","aztecspins000000","Aztec Spins","REDTIGER","5","https://pub.imgscache.com/compic/2aafb3c6-8185-4df7-9218-1848310f4acf.webp","images/REDTIGER__Aztec_Spins__10836.webp"
"12677","201412","Donny Dough","HACKSAW","5","https://pub.imgscache.com/compic/ba6a5edf-4e84-47e1-bfbb-793f6f736a24.webp","images/HACKSAW__Donny_Dough__12677.webp"
"12110","1025","King Arthur Gold","YB","5","https://pub.imgscache.com/compic/c0fcc701-49e2-4695-bcef-171fbd6be474.webp","images/YB__King_Arthur_Gold__12110.webp"
"11411","123","Dragon&Tiger","JILI","3","https://pub.imgscache.com/compic/ff662efa-8cee-44ea-9a6a-2c6328df1fb4.webp","images/JILI__Dragon_Tiger__11411.webp"
"12944","S5G-H5-99965","Battle Of Alliance","5G","5","https://pub.imgscache.com/compic/d1fd62f6-3b62-423f-8fea-4ec5a5eab7d5.webp","images/5G__Battle_Of_Alliance__12944.webp"
"13218","gpas_scqueen_pop","Fire Blaze: Pharaoh's Daughter","PT","5","https://pub.imgscache.com/compic/9be7c138-9dba-451e-a844-44bba4518fe8.webp","images/PT__Fire_Blaze_Pharaoh_s_Daughter__13218.webp"
"14076","tombstonedx10000","Tombstone","NLC","5","https://pub.imgscache.com/compic/97a17380-afc0-4f91-9549-443fcf7d3a1e.webp","images/NLC__Tombstone__14076.webp"
"14235","vs20jjjack","Jumbo Safari","PP","5","https://pub.imgscache.com/compic/d993eef2-c454-4e4f-8b91-b429287b71cd.webp","images/PP__Jumbo_Safari__14235.webp"
"12914","PSS-ON-00158","Cyber Cube","PLAYSTAR","5","https://pub.imgscache.com/compic/79edde8f-c81e-4037-a7e1-f984e31f3109.webp","images/PLAYSTAR__Cyber_Cube__12914.webp"
"12242","118","Mask Carnival","PG","5","https://pub.imgscache.com/compic/bf0b605c-aa39-46ef-8d5a-5943777e1f71.webp","images/PG__Mask_Carnival__12242.webp"
"11759","SGGoldenUnicornDeluxe","Golden Unicorn Deluxe","HBN","5","https://pub.imgscache.com/compic/3fc37879-922b-4a48-9864-6eb28c1fbcd6.webp","images/HBN__Golden_Unicorn_Deluxe__11759.webp"
"14288","484","Vietnamese Speed Baccarat 3","PP","17","https://pub.imgscache.com/compic/8a25b7af-be9e-41bf-a729-2b64724dd3ab.webp","images/PP__Vietnamese_Speed_Baccarat_3__14288.webp"
"10661","SGTheBigDeal","The Big Deal","HBN","5","https://pub.imgscache.com/compic/1848f534-2e36-410c-84e1-b88821d0c86e.webp","images/HBN__The_Big_Deal__10661.webp"
"11884","alibabasluck0000","Ali Baba's Luck","REDTIGER","5","https://pub.imgscache.com/compic/e6a8cc67-629b-4ed0-af85-f1ca5ec24e47.webp","images/REDTIGER__Ali_Baba_s_Luck__11884.webp"
"13808","qfyw6u63rixe3foz","Blackjack VIP 25","EVOLUTION","17","https://pub.imgscache.com/compic/7bd03491-bb94-4dde-9744-a47888576b5d.webp","images/EVOLUTION__Blackjack_VIP_25__13808.webp"
"14247","vs20bigmass","Waves Of Poseidon","PP","5","https://pub.imgscache.com/compic/775315e2-2a3e-42fb-9aac-31c57c3f1e40.webp","images/PP__Waves_Of_Poseidon__14247.webp"
"13952","santaspins000000","Santa Spins","REDTIGER","5","https://pub.imgscache.com/compic/5c3c6d59-00ac-48eb-a974-605643f0bcb8.webp","images/REDTIGER__Santa_Spins__13952.webp"
"14056","410198","Multihand Blackjack Pro 2","BGAMING","3","https://pub.imgscache.com/compic/89522afd-9608-4894-9aad-81755b7ffbf6.webp","images/BGAMING__Multihand_Blackjack_Pro_2__14056.webp"
"11776","166","Wild Racer","JILI","5","https://pub.imgscache.com/compic/79a9d5ec-8d36-4e83-b3b1-657f3170bb11.webp","images/JILI__Wild_Racer__11776.webp"
"12669","201296","Benny The Beer","HACKSAW","5","https://pub.imgscache.com/compic/08e0dff3-67e6-4f4e-915f-1507a54d06e6.webp","images/HACKSAW__Benny_The_Beer__12669.webp"
"13508","cauldron","Cauldron","PNS","5","https://pub.imgscache.com/compic/b7889b22-f6e9-4435-a021-5078a3695477.webp","images/PNS__Cauldron__13508.webp"
"11909","bookofshadowsdx1","Book of Shadows","NLC","5","https://pub.imgscache.com/compic/6e05c590-d1c5-4deb-aebb-f5cd06efbaba.webp","images/NLC__Book_of_Shadows__11909.webp"
"12639","052","LongYa Fishing","YGR","8","https://pub.imgscache.com/compic/2e1cc99a-c8d4-4f86-b237-1dd76dbc3bb6.webp","images/YGR__LongYa_Fishing__12639.webp"
"13491","PSS-ON-00168","Lucky Ace 2","PLAYSTAR","5","https://pub.imgscache.com/compic/ef9b6d51-df14-4648-a00e-c2d4ec411539.webp","images/PLAYSTAR__Lucky_Ace_2__13491.webp"
"13339","410160","Alien Fruits 2","BGAMING","5","https://pub.imgscache.com/compic/62410f7c-7335-4973-bb00-cea3e13c5bfa.webp","images/BGAMING__Alien_Fruits_2__13339.webp"
"12776","201070","Toshi Video Club","HACKSAW","5","https://pub.imgscache.com/compic/20cbf4b2-f8d6-4528-be49-b395e83e0a92.webp","images/HACKSAW__Toshi_Video_Club__12776.webp"
"11939","mentaldx10000000","Mental","NLC","5","https://pub.imgscache.com/compic/c7862e88-9246-4433-8563-21762907a9a5.webp","images/NLC__Mental__11939.webp"
"13699","Luck88","Luck88","KA GAMING","5","https://pub.imgscache.com/compic/171a3cd5-be92-44ab-97a8-4c9d9e92b28a.webp","images/KA_GAMING__Luck88__13699.webp"
"13438","6009","Drop Ball","Spin Master","3","https://pub.imgscache.com/compic/e1b56299-a009-4fa4-a421-987fec30e5d6.webp","images/Spin_Master__Drop_Ball__13438.webp"
"10520","44","Emperor's Favour","PG","5","https://pub.imgscache.com/compic/f99d2ece-041c-4682-9824-3fa94b6073e1.webp","images/PG__Emperor_s_Favour__10520.webp"
"13862","p2f2zs26tc2mu7r5","Speed VIP Blackjack I","EVOLUTION","17","https://pub.imgscache.com/compic/11a77e2d-a052-4aa4-bd66-5048fde79191.webp","images/EVOLUTION__Speed_VIP_Blackjack_I__13862.webp"
"12163","vs20forge","Forge of Olympus","PP","5","https://pub.imgscache.com/compic/798bc274-2035-472e-92c8-5879612b95ef.webp","images/PP__Forge_of_Olympus__12163.webp"
"11715","PSS-ON-00091","Super Powerful","PLAYSTAR","5","https://pub.imgscache.com/compic/b69396d8-55fd-41b2-94d8-ec4a16ef9038.webp","images/PLAYSTAR__Super_Powerful__11715.webp"
"13187","PSS-ON-00164","Knight Arthur","PLAYSTAR","5","https://pub.imgscache.com/compic/ccb8121a-fcb8-4528-846e-949a2a1ccba9.webp","images/PLAYSTAR__Knight_Arthur__13187.webp"
"13943","athensmegaways00","Athens MegaWays™","REDTIGER","5","https://pub.imgscache.com/compic/6ac571a8-e56f-4cde-b794-8bb0810d8a40.webp","images/REDTIGER__Athens_MegaWays__13943.webp"
"12900","038","Muay Thai","YGR","5","https://pub.imgscache.com/compic/da31c2f4-2ffa-48e5-8d20-b54cba9f3319.webp","images/YGR__Muay_Thai__12900.webp"
"10554","93","Opera Dynasty","PG","5","https://pub.imgscache.com/compic/f29afb67-0caa-45ba-a845-519d43c1ed47.webp","images/PG__Opera_Dynasty__10554.webp"
"12058","4003","Money Blast","YB","27","https://pub.imgscache.com/compic/9221ad85-14b3-4c3a-8faa-a68eb139fa14.webp","images/YB__Money_Blast__12058.webp"
"13869","rctf2h7wbtsmf7rs","Blackjack VIP 31","EVOLUTION","17","https://pub.imgscache.com/compic/920d7d35-5a79-4e29-a0e1-905c3c96fdb5.webp","images/EVOLUTION__Blackjack_VIP_31__13869.webp"
"10630","SGEgyptianDreams","Egyptian Dreams","HBN","5","https://pub.imgscache.com/compic/fdd27c69-571c-4980-b6c3-0b9d06045ac7.webp","images/HBN__Egyptian_Dreams__10630.webp"
"14193","vs20mparty","Wild Hop & Drop","PP","5","https://pub.imgscache.com/compic/854de690-ff44-4fa3-86d4-128a9eb55a1c.webp","images/PP__Wild_Hop_Drop__14193.webp"
"11029","154","Kronos","CQ9","5","https://pub.imgscache.com/compic/f37d1450-3642-42ba-8b44-a6cfae73cd67.webp","images/CQ9__Kronos__11029.webp"
"12494","ESpeedBJ00000011","Evo Speed Blackjack 11","EVOLUTION","17","https://pub.imgscache.com/compic/1ef0f937-eb7c-44f0-9267-d8f0f5a40bee.webp","images/EVOLUTION__Evo_Speed_Blackjack_11__12494.webp"
"11375","18_285","Lucky Catch","RTG","5","https://pub.imgscache.com/compic/86c7b1f0-08a0-4b9e-91b6-91f7ce2977c0.webp","images/RTG__Lucky_Catch__11375.webp"
"10796","0_14010","Dragon","JDB","5","https://pub.imgscache.com/compic/f958d1c7-ae60-4f7e-bcee-a9daa9e88a88.webp","images/JDB__Dragon__10796.webp"
"12968","089","Lucky Fortune God","YGR","5","https://pub.imgscache.com/compic/db3e48fe-2887-4440-b2c3-6bea6a8a087b.webp","images/YGR__Lucky_Fortune_God__12968.webp"
"12773","201061","Let It Snow","HACKSAW","5","https://pub.imgscache.com/compic/dcd876dd-5561-4fef-8c7f-2e53a18fd9e6.webp","images/HACKSAW__Let_It_Snow__12773.webp"
"13560","208","Turkish Mega Roulette","PP","17","https://pub.imgscache.com/compic/86f493f5-f79f-4c18-a6f3-30bfe7cbc22e.webp","images/PP__Turkish_Mega_Roulette__13560.webp"
"12889","058","Fu Lu Shou","YGR","5","https://pub.imgscache.com/compic/a800a137-72a9-4158-8b91-04bb1b62f4f8.webp","images/YGR__Fu_Lu_Shou__12889.webp"
"11756","SGDiscoBeats","Disco Beats","HBN","5","https://pub.imgscache.com/compic/0cf38cf4-414b-4a08-b93e-3d17ae1d00d6.webp","images/HBN__Disco_Beats__11756.webp"
"13425","410064","Wild Cash X9990","BGAMING","5","https://pub.imgscache.com/compic/a8742420-82a9-49d2-8538-fb2d2f9ed9b4.webp","images/BGAMING__Wild_Cash_X9990__13425.webp"
"13865","qfyy4jm6rixfbllh","Speed VIP Blackjack L","EVOLUTION","17","https://pub.imgscache.com/compic/30e8e364-e84f-4045-969e-681b5c131f6f.webp","images/EVOLUTION__Speed_VIP_Blackjack_L__13865.webp"
"11648","10001nights00000","10001 Nights","REDTIGER","5","https://pub.imgscache.com/compic/55904498-94d3-4537-a4f8-f3a0ff3f54ca.webp","images/REDTIGER__10001_Nights__11648.webp"
"14074","landofthefreedx1","Land Of The Free","NLC","5","https://pub.imgscache.com/compic/386b2c79-0776-4ed2-a7d5-cd9872c5301f.webp","images/NLC__Land_Of_The_Free__14074.webp"
"14249","vswayswwjoker","Wild Wild Joker","PP","5","https://pub.imgscache.com/compic/6387d6e5-882a-4efa-a77d-51d4d6100fce.webp","images/PP__Wild_Wild_Joker__14249.webp"
"13792","o735di2eiwssv7eu","Blackjack VIP 4","EVOLUTION","17","https://pub.imgscache.com/compic/3f647a15-1501-46d9-a858-90ae7e4cbb86.webp","images/EVOLUTION__Blackjack_VIP_4__13792.webp"
"10896","legendaryexcalib","Legendary Excalibur","REDTIGER","5","https://pub.imgscache.com/compic/5ebd7abc-fafb-4970-bddf-915fa98f2721.webp","images/REDTIGER__Legendary_Excalibur__10896.webp"
"12813","possesseddx10000","Possessed","NLC","5","https://pub.imgscache.com/compic/948987e1-7692-41c9-9821-8abb8c3f3b8b.webp","images/NLC__Possessed__12813.webp"
"13346","410069","Big Atlantis Frenzy","BGAMING","5","https://pub.imgscache.com/compic/57e01b82-6d10-440d-853e-c27244feac05.webp","images/BGAMING__Big_Atlantis_Frenzy__13346.webp"
"12678","201464","Duel at Dawn","HACKSAW","5","https://pub.imgscache.com/compic/78aac959-5b61-4204-8005-fe42c3f3401d.webp","images/HACKSAW__Duel_at_Dawn__12678.webp"
"12965","083","ROMA GEMS","YGR","5","https://pub.imgscache.com/compic/7c0b8488-d776-4a50-9d8b-ee5861580b2a.webp","images/YGR__ROMA_GEMS__12965.webp"
"12679","201414","Evil Eyes","HACKSAW","5","https://pub.imgscache.com/compic/efaa49b5-9f7c-4dac-b0eb-6193c395378d.webp","images/HACKSAW__Evil_Eyes__12679.webp"
"13219","gpas_engage_pop","Mega Fire Blaze: Piggies and the Bank","PT","5","https://pub.imgscache.com/compic/a29283b1-48c3-4c2b-83e6-052c8543769d.webp","images/PT__Mega_Fire_Blaze_Piggies_and_the_Bank__13219.webp"
"13009","bs_dtl;bs_dtl_betondragontiger","Bet On Dragon Tiger","PT","17","https://pub.imgscache.com/compic/de80d493-5d1c-4593-80f8-fb192f70271a.webp","images/PT__Bet_On_Dragon_Tiger__13009.webp"
"11798","176","Master Tiger","JILI","5","https://pub.imgscache.com/compic/52a4e84b-c9e9-4938-aeef-26f99c571654.webp","images/JILI__Master_Tiger__11798.webp"
"12731","201410","Dragon's Domain","HACKSAW","5","https://pub.imgscache.com/compic/69b4ad4b-c329-4954-b78d-e55cca94b612.webp","images/HACKSAW__Dragon_s_Domain__12731.webp"
"12958","vs10noodles","Oodles of Noodles","PP","5","https://pub.imgscache.com/compic/b744dcfc-c670-410d-83ff-d90823886ebd.webp","images/PP__Oodles_of_Noodles__12958.webp"
"13745","EmperorSB0000002","Emperor Sic Bo A","EVOLUTION","17","https://pub.imgscache.com/compic/b31fcc55-b766-430a-ac0a-c329389ef33d.webp","images/EVOLUTION__Emperor_Sic_Bo_A__13745.webp"
"11600","22038","Glory Of Rome","FACHAI","5","https://pub.imgscache.com/compic/de3e38cb-9cd1-49fd-8e8d-d25b548a5495.webp","images/FACHAI__Glory_Of_Rome__11600.webp"
"12934","dancelion","Dance of the Lion","GameZone","5","https://pub.imgscache.com/compic/1e6eb49a-ff44-482c-b744-1dc4ab03081a.webp","images/GameZone__Dance_of_the_Lion__12934.webp"
"10523","40","Jungle Delight","PG","5","https://pub.imgscache.com/compic/cfaf0efe-c99c-4fb9-81a6-10e9cbf61eee.webp","images/PG__Jungle_Delight__10523.webp"
"12427","vs20yotdk","Year of the Dragon King","PP","5","https://pub.imgscache.com/compic/41b51d2a-8aa3-42c6-8c63-71859657473f.webp","images/PP__Year_of_the_Dragon_King__12427.webp"
"12908","039","Sabong","YGR","5","https://pub.imgscache.com/compic/00bdedd5-5e11-4419-b9dc-524207e9e1f8.webp","images/YGR__Sabong__12908.webp"
"11978","serialdx10000000","Serial","NLC","5","https://pub.imgscache.com/compic/1276619f-51ce-43c5-a49a-6c01045a5f03.webp","images/NLC__Serial__11978.webp"
"12940","1804577","Graffiti Rush","PG","5","https://pub.imgscache.com/compic/cdb32dd2-fc86-428d-aeed-09b14e3ae9d1.webp","images/PG__Graffiti_Rush__12940.webp"
"12718","201211","Bloodthirst","HACKSAW","5","https://pub.imgscache.com/compic/26d9ec9b-7e55-4533-95bd-811dd0ffbcc7.webp","images/HACKSAW__Bloodthirst__12718.webp"
"12659","246","Go Fishing","CQ9","5","https://pub.imgscache.com/compic/a2fa33ef-0c9b-43bf-a8a7-ab880babd002.webp","images/CQ9__Go_Fishing__12659.webp"
"13504","barbarossa-revenge","Barbarossa Revenge","PNS","5","https://pub.imgscache.com/compic/3b18409d-8324-4cfd-b963-2f3675502eec.webp","images/PNS__Barbarossa_Revenge__13504.webp"
"10860","eagleriches00000","Eagle Riches","REDTIGER","5","https://pub.imgscache.com/compic/8ee2336d-d172-45d2-b35e-d941cbc546cf.webp","images/REDTIGER__Eagle_Riches__10860.webp"
"12084","5935","Rocketon","galaxsys","3","https://pub.imgscache.com/compic/fbc80af4-3acb-4f1b-9a6b-02f63ab9417f.webp","images/galaxsys__Rocketon__12084.webp"
"13006","rodzl;rodzl_doublezero","American Speed Roulette","PT","17","https://pub.imgscache.com/compic/1492aff6-2fb8-42e7-aed1-84a2dce5c236.webp","images/PT__American_Speed_Roulette__13006.webp"
"11124","18_170","Super 6","RTG","5","https://pub.imgscache.com/compic/5a949ac2-db63-4d39-a1fe-aaf5e6b2a5e7.webp","images/RTG__Super_6__11124.webp"
"14028","201539","Pray for Three","HACKSAW","5","https://pub.imgscache.com/compic/84db12b1-d7aa-4052-86c6-dea76bb20de0.webp","images/HACKSAW__Pray_for_Three__14028.webp"
"12016","PSS-ON-00079","Money Meow","PLAYSTAR","5","https://pub.imgscache.com/compic/f419b70b-495c-4599-ac20-4246be31a612.webp","images/PLAYSTAR__Money_Meow__12016.webp"
"13866","qfyzapjqrixfb3bx","Speed VIP Blackjack M","EVOLUTION","17","https://pub.imgscache.com/compic/83cbaad4-e413-4b49-8d26-0a1763d53159.webp","images/EVOLUTION__Speed_VIP_Blackjack_M__13866.webp"
"10806","0_15002","Monkey King","JDB","5","https://pub.imgscache.com/compic/5fca7e1b-821d-47e7-be90-895ad588f6ae.webp","images/JDB__Monkey_King__10806.webp"
"14248","vs20wwgcluster","Wild West Gold Blazing Bounty","PP","5","https://pub.imgscache.com/compic/0274ba80-9a76-41c4-afdb-1b93db86e68a.webp","images/PP__Wild_West_Gold_Blazing_Bounty__14248.webp"
"12442","vs10bbfloats","Big Bass Floats My Boat","PP","5","https://pub.imgscache.com/compic/60b8eeaf-b3c4-4f91-8898-7206a96e87f3.webp","images/PP__Big_Bass_Floats_My_Boat__12442.webp"
"11740","bigbangboomr94f1","Big Bang Boom","NETENT","5","https://pub.imgscache.com/compic/a14df57e-c14e-453a-9f77-d2ebfbd57817.webp","images/NETENT__Big_Bang_Boom__11740.webp"
"11654","142","Bonus Hunter","JILI","5","https://pub.imgscache.com/compic/66725e8b-a7eb-4c98-b90e-adf7cda09735.webp","images/JILI__Bonus_Hunter__11654.webp"
"11437","TopDice000000001","Football Studio Dice","EVOLUTION","17","https://pub.imgscache.com/compic/422b688d-ea55-4695-a8eb-bccb7d94e072.webp","images/EVOLUTION__Football_Studio_Dice__11437.webp"
"11858","0_14087","Pop Pop Candy","JDB","5","https://pub.imgscache.com/compic/6d867af8-931b-452d-b33e-30df538ea8f6.webp","images/JDB__Pop_Pop_Candy__11858.webp"
"10913","multiplierriches","Multiplier Riches","REDTIGER","5","https://pub.imgscache.com/compic/2f152772-7143-4206-8ce4-1fedfad828e7.webp","images/REDTIGER__Multiplier_Riches__10913.webp"
"11983","theravedx1000000","The Rave","NLC","5","https://pub.imgscache.com/compic/25415077-a4ee-4187-b8ae-9b9d35088881.webp","images/NLC__The_Rave__11983.webp"
"11708","PSS-ON-00148","Sugar Boom","PLAYSTAR","5","https://pub.imgscache.com/compic/7e6d2611-c65b-4ba2-89de-6f5d5312be04.webp","images/PLAYSTAR__Sugar_Boom__11708.webp"
"14241","vswaysresurich","Resurrecting Riches","PP","5","https://pub.imgscache.com/compic/3d34259c-4082-4680-bc22-57fbd93862e9.webp","images/PP__Resurrecting_Riches__14241.webp"
"11659","0_8048","Open Sesame II","JDB","5","https://pub.imgscache.com/compic/a72c0c07-8272-4286-8e26-438260e5b94d.webp","images/JDB__Open_Sesame_II__11659.webp"
"11869","117","5 God Beasts","CQ9","5","https://pub.imgscache.com/compic/ccc58a56-eb7d-400f-9d22-034631c5de1f.webp","images/CQ9__5_God_Beasts__11869.webp"
"13989","S5G-H5-99959","Neko Titan","5G","5","https://pub.imgscache.com/compic/1d0001bf-6cc2-4d08-af61-8ef419e1417f.webp","images/5G__Neko_Titan__13989.webp"
"12648","041","Money Rush","YGR","5","https://pub.imgscache.com/compic/30d8d968-542d-47bc-bf16-f802fe37af9d.webp","images/YGR__Money_Rush__12648.webp"
"10528","60","Leprechaun Riches","PG","5","https://pub.imgscache.com/compic/25767613-e557-415e-ae22-a28e427669b2.webp","images/PG__Leprechaun_Riches__10528.webp"
"11656","137","Gold Rush","JILI","5","https://pub.imgscache.com/compic/b1d66fe6-b742-4254-a551-58c3b0e77444.webp","images/JILI__Gold_Rush__11656.webp"
"13604","412","Speed Baccarat 3","PP","17","https://pub.imgscache.com/compic/09050d89-a894-46de-b034-20e28db12066.webp","images/PP__Speed_Baccarat_3__13604.webp"
"13903","tzx2k7gqydqqq9wo","Perya Speed Baccarat 15","EVOLUTION","17","https://pub.imgscache.com/compic/a2c8b8c5-347b-4682-8749-d7bec537a3f5.webp","images/EVOLUTION__Perya_Speed_Baccarat_15__13903.webp"
"14227","vs10fireice","Escape The Pyramid - Fire & Ice","PP","5","https://pub.imgscache.com/compic/2bbf14a5-fbc7-482b-ac4c-2a33b6c9b2a4.webp","images/PP__Escape_The_Pyramid_-_Fire_Ice__14227.webp"
"11577","21004","Bao Chuan Fishing","FACHAI","8","https://pub.imgscache.com/compic/aee503ff-c3d8-4b91-9c71-353bdb4e2bab.webp","images/FACHAI__Bao_Chuan_Fishing__11577.webp"
"12233","127","Speed Winner","PG","5","https://pub.imgscache.com/compic/9dcb1e61-c741-44bb-ad22-f61ef821a21c.webp","images/PG__Speed_Winner__12233.webp"
"10650","SGQueenOfQueens243","Queen of Queens","HBN","5","https://pub.imgscache.com/compic/3c3df16a-b719-4e4d-a6c4-b9d353f0138e.webp","images/HBN__Queen_of_Queens__10650.webp"
"11695","TGBlackjackAmerican","American Blackjack","HBN","3","https://pub.imgscache.com/compic/d701c245-e010-4c49-bb04-38eab1d66ea3.webp","images/HBN__American_Blackjack__11695.webp"
"12466","239","Dabanggg","JILI","5","https://pub.imgscache.com/compic/940bd5a9-000c-46ed-93e8-27a860136fac.webp","images/JILI__Dabanggg__12466.webp"
"12826","1727711","Three Crazy Piggies","PG","5","https://pub.imgscache.com/compic/c3f54b24-7759-4d88-bc72-bc6365f77028.webp","images/PG__Three_Crazy_Piggies__12826.webp"
"12145","vs25pandagold","Panda's Fortune","PP","5","https://pub.imgscache.com/compic/c9c8cf1f-934e-4885-a782-a3e3ed080ad7.webp","images/PP__Panda_s_Fortune__12145.webp"
"11896","buffalomaniamega","Buffalo Mania MegaWays™","REDTIGER","5","https://pub.imgscache.com/compic/5637d87d-0f6e-484e-b681-99123bacc2c8.webp","images/REDTIGER__Buffalo_Mania_MegaWays__11896.webp"
"11611","22050","Win Win Neko","FACHAI","5","https://pub.imgscache.com/compic/23248080-db3a-4030-9793-abd22c0eea29.webp","images/FACHAI__Win_Win_Neko__11611.webp"
"12664","201325","2 Wild 2 Die","HACKSAW","5","https://pub.imgscache.com/compic/049ac721-e659-4f60-98b1-f520ecaf25b3.webp","images/HACKSAW__2_Wild_2_Die__12664.webp"
"13394","410052","Lucky Oak","BGAMING","5","https://pub.imgscache.com/compic/dc2ce620-7f62-4184-9183-532a39b3a4cd.webp","images/BGAMING__Lucky_Oak__13394.webp"
"12613","moreturkeyv10000","More Turkey","BTG","5","https://pub.imgscache.com/compic/8a3a571d-c37a-4a8c-90c2-5b2821e95c91.webp","images/BTG__More_Turkey__12613.webp"
"13798","pdk5yexcz4iepelq","Blackjack VIP 10","EVOLUTION","17","https://pub.imgscache.com/compic/8fd6ce5f-a035-490f-a52d-028b9d948018.webp","images/EVOLUTION__Blackjack_VIP_10__13798.webp"
"14083","088","Fortune Rolling","YGR","5","https://pub.imgscache.com/compic/cc24770e-e3db-42a8-b36e-191aed49ffbb.webp","images/YGR__Fortune_Rolling__14083.webp"
"12217","1451122","Dragon Hatch 2","PG","5","https://pub.imgscache.com/compic/7a468f79-277b-45e2-8c10-f4c0c4bdcef8.webp","images/PG__Dragon_Hatch_2__12217.webp"
"11452","SpeedAutoRo00001","Speed Auto Roulette","EVOLUTION","17","https://pub.imgscache.com/compic/8237a7fa-7751-4f45-bf51-b5c3e9e5d206.webp","images/EVOLUTION__Speed_Auto_Roulette__11452.webp"
"11547","1_89","Knight Gambit","TPG","5","https://pub.imgscache.com/compic/119b0593-0699-410f-a899-2556d0a6d629.webp","images/TPG__Knight_Gambit__11547.webp"
"13000","gpas_ccsahara_pop","Sahara Riches Cash Collect","PT","5","https://pub.imgscache.com/compic/37da09c2-44bd-42dc-9a59-6e80d543c68c.webp","images/PT__Sahara_Riches_Cash_Collect__13000.webp"
"13010","bjl;blj_blackjack1","Blackjack 1","PT","17","https://pub.imgscache.com/compic/a457f1d3-40fc-4f8c-9cff-204d88d6b7f8.webp","images/PT__Blackjack_1__13010.webp"
"14085","104","Golden Horse Chess","YGR","5","https://pub.imgscache.com/compic/d628373c-7d91-4278-9a6b-4ef8538ec811.webp","images/YGR__Golden_Horse_Chess__14085.webp"
"12450","vs20ninjapower","Power of Ninja","PP","5","https://pub.imgscache.com/compic/9c0443f0-caf4-4f0f-ab97-263d22e63dce.webp","images/PP__Power_of_Ninja__12450.webp"
"13011","bjl;bjl_italianobj1","Blackjack Italiano 1","PT","17","https://pub.imgscache.com/compic/02243ec7-e09f-45f5-8952-45b303d5be1f.webp","images/PT__Blackjack_Italiano_1__13011.webp"
"11719","PSS-ON-00019","The Empire","PLAYSTAR","5","https://pub.imgscache.com/compic/258e7c83-ab1d-4d15-bb2e-0cdd98a1cd6a.webp","images/PLAYSTAR__The_Empire__11719.webp"
"12755","201074","Rocket Reels","HACKSAW","5","https://pub.imgscache.com/compic/ef2fa9aa-5b0b-46b3-aeb7-189712944361.webp","images/HACKSAW__Rocket_Reels__12755.webp"
"12820","1_98","Money Tree","TPG","5","https://pub.imgscache.com/compic/a15a4d42-e0b9-4333-8e6a-6f27276b9367.webp","images/TPG__Money_Tree__12820.webp"
"12771","201228","Cursed Seas","HACKSAW","5","https://pub.imgscache.com/compic/9a0863d7-901e-4b9d-8f73-7ecd8d4c5d1b.webp","images/HACKSAW__Cursed_Seas__12771.webp"
"12410","PSS-ON-00096","Fortune Bull","PLAYSTAR","5","https://pub.imgscache.com/compic/7329500e-cf88-45f4-a703-54d455dbd749.webp","images/PLAYSTAR__Fortune_Bull__12410.webp"
"13347","410083","Bonanza Billion","BGAMING","5","https://pub.imgscache.com/compic/2ec38a66-114d-46bc-b369-2dc8b1f101ab.webp","images/BGAMING__Bonanza_Billion__13347.webp"
"14237","vs25goldrexp","Majestic Express-Gold Run","PP","5","https://pub.imgscache.com/compic/eff13fd5-4d05-4cb5-b529-0a7f79fce412.webp","images/PP__Majestic_Express-Gold_Run__14237.webp"
"12754","201173","Pug Life","HACKSAW","5","https://pub.imgscache.com/compic/c602cb5c-ae73-4725-ae75-8e1da8ab1148.webp","images/HACKSAW__Pug_Life__12754.webp"
"12489","ESpeedBJ00000005","Evo Speed Blackjack 5","EVOLUTION","17","https://pub.imgscache.com/compic/00ecd950-380c-451e-9b5e-86e8f6f1c8d4.webp","images/EVOLUTION__Evo_Speed_Blackjack_5__12489.webp"
"11592","22028","Treasure Cruise","FACHAI","5","https://pub.imgscache.com/compic/eecac991-e809-424a-a40b-c3069074ed60.webp","images/FACHAI__Treasure_Cruise__11592.webp"
"11474","Craps00000000001","Craps","EVOLUTION","17","https://pub.imgscache.com/compic/4ff14b37-22a6-4bd7-97cc-3a540b2d5d6c.webp","images/EVOLUTION__Craps__11474.webp"
"12876","029","777 More Cash","YGR","5","https://pub.imgscache.com/compic/f4f7a833-c905-4a04-af9a-2f637c860993.webp","images/YGR__777_More_Cash__12876.webp"
"11425","gfzrqe4hqv24kukc","Blackjack Grand VIP","EVOLUTION","17","https://pub.imgscache.com/compic/885abb44-1c48-4974-8710-e1966c924ec4.webp","images/EVOLUTION__Blackjack_Grand_VIP__11425.webp"
"11772","252","Zeus","JILI","5","https://pub.imgscache.com/compic/02291c78-bb36-4f5f-9cda-8c10ec40519c.webp","images/JILI__Zeus__11772.webp"
"12514","GoldVaultRo00001","Gold Vault Roulette","EVOLUTION","17","https://pub.imgscache.com/compic/3981470c-0752-4a64-90a1-ed00c5e37bf0.webp","images/EVOLUTION__Gold_Vault_Roulette__12514.webp"
"13599","476","Korean Speed Baccarat 5","PP","17","https://pub.imgscache.com/compic/ee891dd2-8668-4b4f-9e50-793bc7075ae3.webp","images/PP__Korean_Speed_Baccarat_5__13599.webp"
"12707","201400","Twisted Lab","HACKSAW","5","https://pub.imgscache.com/compic/e82e44b5-6519-4184-9eca-9a57be86b894.webp","images/HACKSAW__Twisted_Lab__12707.webp"
"10535","62","Gem Saviour Conquest","PG","5","https://pub.imgscache.com/compic/8ddd6581-83b2-4077-82d1-bb9fb3d93772.webp","images/PG__Gem_Saviour_Conquest__10535.webp"
"13767","qckwjf2o52r9ikeb","Blackjack Silver D","EVOLUTION","17","https://pub.imgscache.com/compic/5ede430c-4e3f-49a8-b692-cba5f2d68bf7.webp","images/EVOLUTION__Blackjack_Silver_D__13767.webp"
"14063","bruteforcedx1000","Brute Force","NLC","5","https://pub.imgscache.com/compic/b1858970-64a3-450c-9b56-fcfd813b6e27.webp","images/NLC__Brute_Force__14063.webp"
"12715","201170","Alpha Eagle","HACKSAW","5","https://pub.imgscache.com/compic/91bd2d3b-8fc3-49c4-8335-347980c3762b.webp","images/HACKSAW__Alpha_Eagle__12715.webp"
"12420","vs20fruitparty","Fruit Party","PP","5","https://pub.imgscache.com/compic/5a90cbe3-55fe-4f4c-a3b9-31f18241f606.webp","images/PP__Fruit_Party__12420.webp"
"12007","PSS-ON-00033","Fortune God","PLAYSTAR","5","https://pub.imgscache.com/compic/b8321dff-c156-4045-8a96-ad11e098c42d.webp","images/PLAYSTAR__Fortune_God__12007.webp"
"13568","432","Speed Baccarat 8","PP","17","https://pub.imgscache.com/compic/173f359e-d7df-4ec6-b92a-72772235f5fc.webp","images/PP__Speed_Baccarat_8__13568.webp"
"14192","vs20earthquake","Cyclops Smash","PP","5","https://pub.imgscache.com/compic/4e2b6d89-f17a-45d3-bf9a-0d23bcb2d46b.webp","images/PP__Cyclops_Smash__14192.webp"
"12756","201272","Ronin Stackways","HACKSAW","5","https://pub.imgscache.com/compic/5dadd0a2-a9f8-4fa9-896b-8587ab7b83ef.webp","images/HACKSAW__Ronin_Stackways__12756.webp"
"12206","1615454","Werewolf's Hunt","PG","5","https://pub.imgscache.com/compic/5b46f27e-ec23-4a5e-bbae-5125fd40c7ee.webp","images/PG__Werewolf_s_Hunt__12206.webp"
"11948","PSS-ON-00153","Mystic Legend 2","PLAYSTAR","5","https://pub.imgscache.com/compic/7b2e8ac2-b8ea-4121-8aa9-bea74322587b.webp","images/PLAYSTAR__Mystic_Legend_2__11948.webp"
"13297","110173","Massive Luck","EVOPLAY","5","https://pub.imgscache.com/compic/fb67a380-b05f-4b8d-966b-078f1991fc2f.webp","images/EVOPLAY__Massive_Luck__13297.webp"
"14068","tombstonehterdx1","Tombstone Slaughter","NLC","5","https://pub.imgscache.com/compic/fa0133ae-d855-4056-a5ed-b093204c5ae2.webp","images/NLC__Tombstone_Slaughter__14068.webp"
"13028","fbbjl;fbbjl_fireblazebj","Mega Fire Blaze Blackjack Live","PT","17","https://pub.imgscache.com/compic/47d91468-f2d5-4bd7-8229-c504cc2e92c6.webp","images/PT__Mega_Fire_Blaze_Blackjack_Live__13028.webp"
"12008","PSS-ON-00035","Werewolf","PLAYSTAR","5","https://pub.imgscache.com/compic/d7fa2fd4-e818-4706-8af9-5e733816d6a5.webp","images/PLAYSTAR__Werewolf__12008.webp"
"13397","410028","Merge Up","BGAMING","5","https://pub.imgscache.com/compic/23accc0e-415d-49cf-9054-e7ef162aae3b.webp","images/BGAMING__Merge_Up__13397.webp"
"11622","20","Dragon Tiger","EEZE1","17","https://pub.imgscache.com/compic/626f0a2c-30b7-463d-883d-23cba6fed674.webp","images/EEZE1__Dragon_Tiger__11622.webp"
"12725","201320","Dark Summoning","HACKSAW","5","https://pub.imgscache.com/compic/56ebd78b-065b-419d-b1e0-621c167dc6b3.webp","images/HACKSAW__Dark_Summoning__12725.webp"
"13337","410185","Alice Wonderluck","BGAMING","5","https://pub.imgscache.com/compic/cf605bf7-3372-40ba-918b-f5b8f259545b.webp","images/BGAMING__Alice_Wonderluck__13337.webp"
"14252","vswayspompmr2","Zombie School Megaways","PP","5","https://pub.imgscache.com/compic/b2efe2eb-de5b-4c75-b43e-68ee4a54d0a4.webp","images/PP__Zombie_School_Megaways__14252.webp"
"12811","apocalypse000000","Apocalypse Super xNudge","NLC","5","https://pub.imgscache.com/compic/fcc63618-0d64-416e-bb6f-34002883f0fa.webp","images/NLC__Apocalypse_Super_xNudge__12811.webp"
"12710","201110","Warrior Ways","HACKSAW","5","https://pub.imgscache.com/compic/3cf17ec9-1781-43e9-a4bb-9edfe6ebe8fd.webp","images/HACKSAW__Warrior_Ways__12710.webp"
"12109","1024","Boom Boom Marmot","YB","5","https://pub.imgscache.com/compic/4e080328-bd52-4506-b3d9-4001f560dd8d.webp","images/YB__Boom_Boom_Marmot__12109.webp"
"12103","1014","Lucky Star","YB","5","https://pub.imgscache.com/compic/f6ea57b2-39c9-4f0b-9dc1-200268689a7b.webp","images/YB__Lucky_Star__12103.webp"
"12671","201134","Born Wild","HACKSAW","5","https://pub.imgscache.com/compic/21d117f5-914e-4f25-bfef-66761719643d.webp","images/HACKSAW__Born_Wild__12671.webp"
"11693","0_8035","Lucky Phoenix","JDB","5","https://pub.imgscache.com/compic/4476bec3-350a-477a-ab22-b6d08c533ee9.webp","images/JDB__Lucky_Phoenix__11693.webp"
"11701","48","Lucky Goldbricks","JILI","5","https://pub.imgscache.com/compic/ebc8c656-8edd-4431-948b-bc8e11b11ec4.webp","images/JILI__Lucky_Goldbricks__11701.webp"
"12452","vs20gatotgates","Gates of Gatot Kaca","PP","5","https://pub.imgscache.com/compic/7dd534d2-101f-4451-af73-12f70f4b2f27.webp","images/PP__Gates_of_Gatot_Kaca__12452.webp"
"13802","pdk523jney6upzft","Blackjack VIP 14","EVOLUTION","17","https://pub.imgscache.com/compic/077aeffd-ccc0-4ca3-88c3-17d5d0ee2db7.webp","images/EVOLUTION__Blackjack_VIP_14__13802.webp"
"13172","MagicBingo","Magic Bingo","GEMH","27","https://pub.imgscache.com/compic/039c72e4-0ea9-416d-9a97-d820e568a5ae.webp","images/GEMH__Magic_Bingo__13172.webp"
"12828","1786529","Rio Fantasia","PG","5","https://pub.imgscache.com/compic/2f2b133f-275b-4016-a5f3-3202064b1565.webp","images/PG__Rio_Fantasia__12828.webp"
"10675","AmericanBaccarat","American Baccarat","HBN","3","https://pub.imgscache.com/compic/26ddceed-2dcb-44c8-97dd-5d2938ca3a16.webp","images/HBN__American_Baccarat__10675.webp"
"12757","201348","Rusty & Curly","HACKSAW","5","https://pub.imgscache.com/compic/d9b6dd03-46cc-4a30-b7c8-4ccfb80867b7.webp","images/HACKSAW__Rusty_Curly__12757.webp"
"12211","1568554","Wild Heist Cashout","PG","5","https://pub.imgscache.com/compic/f2529004-66c6-4485-8c3b-f5cbd5852732.webp","images/PG__Wild_Heist_Cashout__12211.webp"
"10537","71","Caishen Wins","PG","5","https://pub.imgscache.com/compic/6081387e-5772-4a4a-a68d-c56a3c35dfe2.webp","images/PG__Caishen_Wins__10537.webp"
"13872","rpju6q5dmruw45u5","Blackjack VIP 34","EVOLUTION","17","https://pub.imgscache.com/compic/5930e507-9d7f-47d9-bfd6-a8e123dc9b5c.webp","images/EVOLUTION__Blackjack_VIP_34__13872.webp"
"14179","vs20magicpot","The Magic Cauldron – Enchanted Brew","PP","5","https://pub.imgscache.com/compic/b0d50c2a-751d-4cb0-bec7-d34b4b462725.webp","images/PP__The_Magic_Cauldron_Enchanted_Brew__14179.webp"
"13858","ps3ufteekfe2fu24","Speed VIP Blackjack E","EVOLUTION","17","https://pub.imgscache.com/compic/69c7f06f-0fe7-4cc2-b0e7-166a7cfe005f.webp","images/EVOLUTION__Speed_VIP_Blackjack_E__13858.webp"
"12424","vswaysstrlght","Fortunes of Aztec","PP","5","https://pub.imgscache.com/compic/ada58a20-d1d2-48a7-82f2-772ddc873c62.webp","images/PP__Fortunes_of_Aztec__12424.webp"
"10594","SGPandaPanda","Panda Panda","HBN","5","https://pub.imgscache.com/compic/91c4b312-92a8-4831-80a3-011ca82a9293.webp","images/HBN__Panda_Panda__10594.webp"
"12162","vs20sugarnudge","Sugar Supreme Powernudge","PP","5","https://pub.imgscache.com/compic/e151c0af-1e44-4da1-8079-f231ba096eb0.webp","images/PP__Sugar_Supreme_Powernudge__12162.webp"
"11456","AndarBahar000001","Super Andar Bahar","EVOLUTION","17","https://pub.imgscache.com/compic/c13cdced-4d7b-46e0-98de-eb97ba99e3a5.webp","images/EVOLUTION__Super_Andar_Bahar__11456.webp"
"12150","vswayspowzeus","Power of Merlin Megaways","PP","5","https://pub.imgscache.com/compic/9d291eef-954d-4a9c-a0a1-11097e993d0f.webp","images/PP__Power_of_Merlin_Megaways__12150.webp"
"13806","ps3t7qv2teskeg4w","Blackjack VIP 19","EVOLUTION","17","https://pub.imgscache.com/compic/8cadbfb4-3337-4597-b6fa-967fa8c22bea.webp","images/EVOLUTION__Blackjack_VIP_19__13806.webp"
"10674","EURoulette","European Roulette","HBN","3","https://pub.imgscache.com/compic/8e06d552-642a-42be-a960-98c96dc8a823.webp","images/HBN__European_Roulette__10674.webp"
"12192","22062","Fortune Sheep","FACHAI","5","https://pub.imgscache.com/compic/f49d562e-c68e-4410-badd-4aef529f4835.webp","images/FACHAI__Fortune_Sheep__12192.webp"
"13910","316","Grab more Gold!","BNG","5","https://pub.imgscache.com/compic/4b1234cb-5cdb-4668-9c2e-3fd958482966.webp","images/BNG__Grab_more_Gold__13910.webp"
"11589","22024","Animal Racing","FACHAI","5","https://pub.imgscache.com/compic/90f27966-e732-4f90-a815-34fbd103bf0e.webp","images/FACHAI__Animal_Racing__11589.webp"
"13877","rpjvse45mruw7nbx","Blackjack VIP 24","EVOLUTION","17","https://pub.imgscache.com/compic/9c7794e9-ef3f-4174-afa1-fc752040ee7c.webp","images/EVOLUTION__Blackjack_VIP_24__13877.webp"
"12223","1381200","Hawaiian Tiki","PG","5","https://pub.imgscache.com/compic/056450ef-d530-4b36-8833-30fe80bdb487.webp","images/PG__Hawaiian_Tiki__12223.webp"
"12453","vs20cbrhst","Cyber Heist","PP","5","https://pub.imgscache.com/compic/bb42fc5f-954a-4463-b7a5-4a2db3cb491f.webp","images/PP__Cyber_Heist__12453.webp"
"11423","uwd2bl2khwcikjlz","Blackjack A","EVOLUTION","17","https://pub.imgscache.com/compic/ddfe883f-e671-4372-b8f2-c42f5827191e.webp","images/EVOLUTION__Blackjack_A__11423.webp"
"12792","KYS-H5-99993","Master Of Gold Miner","5G","5","https://pub.imgscache.com/compic/55963156-d3a0-4201-84e7-b63bffa174e3.webp","images/5G__Master_Of_Gold_Miner__12792.webp"
"12910","078","Super Neko","YGR","5","https://pub.imgscache.com/compic/df2a409c-3cb7-48a4-8340-b61ed96528c3.webp","images/YGR__Super_Neko__12910.webp"
"10527","54","Captain's Bounty","PG","5","https://pub.imgscache.com/compic/d2d81f76-098a-4a8a-b5f5-e93964b427d0.webp","images/PG__Captain_s_Bounty__10527.webp"
"12224","1372643","Diner Delights","PG","5","https://pub.imgscache.com/compic/540abbd0-9a25-4c80-a356-acda6a4b0d62.webp","images/PG__Diner_Delights__12224.webp"
"13873","rpjvbpsmmruw5jza","Blackjack VIP 35","EVOLUTION","17","https://pub.imgscache.com/compic/b679f742-b6c8-4a2d-88de-d8937c4cc4d7.webp","images/EVOLUTION__Blackjack_VIP_35__13873.webp"
"14137","1940257","Alibaba'S Cave Of Fortune","PG","5","https://pub.imgscache.com/compic/bae3d682-9b95-4d04-a7a7-a27217422b39.webp","images/PG__Alibaba_S_Cave_Of_Fortune__14137.webp"
"13788","bghflgi59db7d7r2","Blackjack VIP 53","EVOLUTION","17","https://pub.imgscache.com/compic/f8012adf-4841-4db7-a1c4-4c85b08b9d82.webp","images/EVOLUTION__Blackjack_VIP_53__13788.webp"
"12002","PSS-ON-00016","Kung Hei","PLAYSTAR","5","https://pub.imgscache.com/compic/4eb016f4-1352-4341-8bfa-157836b71ae0.webp","images/PLAYSTAR__Kung_Hei__12002.webp"
"12154","vs20dhcluster","Twilight Princess","PP","5","https://pub.imgscache.com/compic/93c0354f-11ba-41ad-b690-40b13a3f771a.webp","images/PP__Twilight_Princess__12154.webp"
"13870","rctf4gu6btsmghbt","Blackjack VIP 32","EVOLUTION","17","https://pub.imgscache.com/compic/71476b20-37f0-4d9f-affa-6e8b48da57b4.webp","images/EVOLUTION__Blackjack_VIP_32__13870.webp"
"12952","1_1100005","Book of Antique","TPG","5","https://pub.imgscache.com/compic/976ffa04-5f33-4cc7-a345-622f1165ee2e.webp","images/TPG__Book_of_Antique__12952.webp"
"12055","3004","Atlantis","YB","27","https://pub.imgscache.com/compic/53861b14-85c0-4c91-a952-a6ac47c95a7d.webp","images/YB__Atlantis__12055.webp"
"13021","ubal;nc_bal_speedbaccarat3","Gangnam Speed Baccarat NC","PT","17","https://pub.imgscache.com/compic/6803f81c-1507-4a88-a100-4ca68abe1cb8.webp","images/PT__Gangnam_Speed_Baccarat_NC__13021.webp"
"13770","lnofpmm3756qae2c","Blackjack Silver G","EVOLUTION","17","https://pub.imgscache.com/compic/94e45fa2-7f0c-4d4b-b35e-abd8e7917f3f.webp","images/EVOLUTION__Blackjack_Silver_G__13770.webp"
"12426","vs50jucier","Sky Bounty","PP","5","https://pub.imgscache.com/compic/0766f81e-37c4-4162-8847-9ba5d4596890.webp","images/PP__Sky_Bounty__12426.webp"
"12761","201220","Stormforged","HACKSAW","5","https://pub.imgscache.com/compic/b0753c76-ff83-43b2-9551-0bc23693c2f5.webp","images/HACKSAW__Stormforged__12761.webp"
"12218","1448762","Songkran Splash","PG","5","https://pub.imgscache.com/compic/ab60f28d-6293-461b-97e1-4d01e0cf6d9a.webp","images/PG__Songkran_Splash__12218.webp"
"14026","201501","Le Viking","HACKSAW","5","https://pub.imgscache.com/compic/fb88a898-e29d-4d9d-a9b8-dbaa2e3fe22f.webp","images/HACKSAW__Le_Viking__14026.webp"
"11367","18_300","Copy Cat Fortune","RTG","5","https://pub.imgscache.com/compic/012d1890-05db-4175-b823-d6672140d586.webp","images/RTG__Copy_Cat_Fortune__11367.webp"
"13841","ovu5cwp54ccmymck","Speed Baccarat L","EVOLUTION","17","https://pub.imgscache.com/compic/c3e69ac0-5870-4d79-bc02-27b8aad33e02.webp","images/EVOLUTION__Speed_Baccarat_L__13841.webp"
"11384","38","Feng Shen","JILI","5","https://pub.imgscache.com/compic/8610f7b8-85b0-4e4e-9762-2a530b5fe149.webp","images/JILI__Feng_Shen__11384.webp"
"13794","o735fhvsaeaswamh","Blackjack VIP 6","EVOLUTION","17","https://pub.imgscache.com/compic/dcba5078-d536-4818-8be9-5d31b1438567.webp","images/EVOLUTION__Blackjack_VIP_6__13794.webp"
"11426","h463tlq1rhl1lfr2","Blackjack Platinum VIP","EVOLUTION","17","https://pub.imgscache.com/compic/ea9657c4-2826-4502-9c52-21a5936d32ce.webp","images/EVOLUTION__Blackjack_Platinum_VIP__11426.webp"
"11352","rng-rt-lightning","First Person Lightning Roulette","EVOLUTION","17","https://pub.imgscache.com/compic/4a011a61-8589-4b4f-9339-e9f7dc30e6df.webp","images/EVOLUTION__First_Person_Lightning_Roulette__11352.webp"
"11997","thecryptdx100000","The Crypt","NLC","5","https://pub.imgscache.com/compic/a83341b7-559b-435b-bc84-ad23cfd6d0c2.webp","images/NLC__The_Crypt__11997.webp"
"12237","123","Rooster Rumble","PG","5","https://pub.imgscache.com/compic/f76c525a-6d9f-4cad-b29d-2f876af31f1c.webp","images/PG__Rooster_Rumble__12237.webp"
"11796","164","Pirate Queen","JILI","5","https://pub.imgscache.com/compic/0849b51e-71ff-4402-b692-7dd8188b1924.webp","images/JILI__Pirate_Queen__11796.webp"
"14080","105","Mahjong Big Three","YGR","5","https://pub.imgscache.com/compic/05ff0d8c-b5c1-47d2-8877-075fa4419c4a.webp","images/YGR__Mahjong_Big_Three__14080.webp"
"14175","554","Golden Treasure","JILI","8","https://pub.imgscache.com/compic/b38c3451-d296-4c0e-9b1d-786f0d39147a.webp","images/JILI__Golden_Treasure__14175.webp"
"12168","vs20procount","Wisdom of Athena","PP","5","https://pub.imgscache.com/compic/b9c1bbd8-75d2-4671-b8ae-ace6899a5461.webp","images/PP__Wisdom_of_Athena__12168.webp"
"13769","lnofoyxv756qaezy","Blackjack Silver F","EVOLUTION","17","https://pub.imgscache.com/compic/3e5d0263-e6c0-4dd0-ad44-5915ce05f09a.webp","images/EVOLUTION__Blackjack_Silver_F__13769.webp"
"13749","pv2zgy42anvdwk3l","Lotus Roulette","EVOLUTION","17","https://pub.imgscache.com/compic/17d606ec-91e3-4d56-9cfe-6b65464792e0.webp","images/EVOLUTION__Lotus_Roulette__13749.webp"
"13833","ndgvwvgthfuaad3q","Speed Baccarat C","EVOLUTION","17","https://pub.imgscache.com/compic/bcd77509-72ca-404f-a54b-6755b23a3bad.webp","images/EVOLUTION__Speed_Baccarat_C__13833.webp"
"13890","PeryaSpeedBac006","Perya Speed Baccarat 6","EVOLUTION","17","https://pub.imgscache.com/compic/566b59ee-d6ee-475f-8a11-85fb36097193.webp","images/EVOLUTION__Perya_Speed_Baccarat_6__13890.webp"
"13623","topz1m7k4sdddx5q","Perya Classic Blackjack5","EVOLUTION","17","https://pub.imgscache.com/compic/142e39a0-e9b3-412d-b721-d376a2403e27.webp","images/EVOLUTION__Perya_Classic_Blackjack5__13623.webp"
"12228","1312883","Prosperity Fortune Tree","PG","5","https://pub.imgscache.com/compic/4589276a-2554-4cf0-827e-d9c751720288.webp","images/PG__Prosperity_Fortune_Tree__12228.webp"
"10546","80","Circus Delight","PG","5","https://pub.imgscache.com/compic/8f41529a-5185-498f-99cc-527d61edaa0a.webp","images/PG__Circus_Delight__10546.webp"
"13454","100006","Power Mask","OMNIPLAY","5","https://pub.imgscache.com/compic/e510cb11-d56c-417f-868b-09ac3cf4bef9.webp","images/OMNIPLAY__Power_Mask__13454.webp"
"11640","18_358","Mighty Drums","RTG","5","https://pub.imgscache.com/compic/3f183ed5-0beb-4400-ba9a-3ac7c40f63a8.webp","images/RTG__Mighty_Drums__11640.webp"
"11655","135","Mayan Empire","JILI","5","https://pub.imgscache.com/compic/804e7941-e360-44f3-8c4a-3a71d4468fde.webp","images/JILI__Mayan_Empire__11655.webp"
"13840","obj64qcnqfunjelj","Speed Baccarat J","EVOLUTION","17","https://pub.imgscache.com/compic/3b8ffb31-f63b-49c5-8f35-54a7a192b2e5.webp","images/EVOLUTION__Speed_Baccarat_J__13840.webp"
"14156","400","3 Lucky Piggy","JILI","5","https://pub.imgscache.com/compic/4d8ab9a2-da94-4c5c-96ae-18741c4f6305.webp","images/JILI__3_Lucky_Piggy__14156.webp"
"11565","0_14042","Treasure Bowl","JDB","5","https://pub.imgscache.com/compic/1ff08f9b-e5fc-4436-9b16-80e9b95fa0e7.webp","images/JDB__Treasure_Bowl__11565.webp"
"13557","479","Vietnamese Speed Baccarat 1","PP","17","https://pub.imgscache.com/compic/da35e443-1f24-4f4a-96c1-6fdaefae6290.webp","images/PP__Vietnamese_Speed_Baccarat_1__13557.webp"
"11461","wzg6kdkad1oe7m5k","VIP Roulette","EVOLUTION","17","https://pub.imgscache.com/compic/dd08636f-f3a3-4b48-a928-5c20d98a12cb.webp","images/EVOLUTION__VIP_Roulette__11461.webp"
"13747","pwsaqk24fcz5qpcr","Emperor Speed Baccarat С","EVOLUTION","17","https://pub.imgscache.com/compic/87f140c9-ab77-40d0-a01d-22fd1a8f8aa1.webp","images/EVOLUTION__Emperor_Speed_Baccarat__13747.webp"
"13854","qsf7bpfvyvbqolwp","Speed Baccarat 3","EVOLUTION","17","https://pub.imgscache.com/compic/1528e158-9766-439b-9dd9-274f9d69dd96.webp","images/EVOLUTION__Speed_Baccarat_3__13854.webp"
"11829","22059","Chilihuahua","FACHAI","5","https://pub.imgscache.com/compic/e3cd8430-f4c5-4590-b8b3-931a2524d7dc.webp","images/FACHAI__Chilihuahua__11829.webp"
"13888","PeryaSpeedBac004","Perya Speed Baccarat 4","EVOLUTION","17","https://pub.imgscache.com/compic/ab8db173-d96b-4bf5-9d3a-600b60e6cfb1.webp","images/EVOLUTION__Perya_Speed_Baccarat_4__13888.webp"
"12686","201118","Hand of Anubis","HACKSAW","5","https://pub.imgscache.com/compic/e2f60495-56db-4584-83b6-26e2e485d87a.webp","images/HACKSAW__Hand_of_Anubis__12686.webp"
"13748","q6ardco6opnfwes4","Emperor Speed Baccarat D","EVOLUTION","17","https://pub.imgscache.com/compic/7b92f72a-e354-4650-9600-e312b2b75922.webp","images/EVOLUTION__Emperor_Speed_Baccarat_D__13748.webp"
"13853","qsf7alptyvbqohva","Speed Baccarat 2","EVOLUTION","17","https://pub.imgscache.com/compic/38dc797c-b6e5-48a8-8b4b-0581b212120d.webp","images/EVOLUTION__Speed_Baccarat_2__13853.webp"
"13603","441","Korean Speed Baccarat 1","PP","17","https://pub.imgscache.com/compic/b6a2d03e-b950-4946-9af4-80480fde3e29.webp","images/PP__Korean_Speed_Baccarat_1__13603.webp"
"13756","surtfpwgbqpab4ur","Thai Speed Baccarat C","EVOLUTION","17","https://pub.imgscache.com/compic/060e16b0-eeb4-4d6f-beae-6c8e375f7ebc.webp","images/EVOLUTION__Thai_Speed_Baccarat_C__13756.webp"
"13902","tzxxj5p3r8qqqv1n","Perya Speed Baccarat 14","EVOLUTION","17","https://pub.imgscache.com/compic/b9dc3c62-d8ec-486b-8ee2-6018e79ef0b5.webp","images/EVOLUTION__Perya_Speed_Baccarat_14__13902.webp"
"12254","101","Rise of Apollo","PG","5","https://pub.imgscache.com/compic/eb391432-93e9-40ca-980a-ca3e76d03dde.webp","images/PG__Rise_of_Apollo__12254.webp"
"12164","vs15godsofwar","Zeus vs Hades - Gods of War","PP","5","https://pub.imgscache.com/compic/51d752ec-4beb-4b7e-9065-52016edb8155.webp","images/PP__Zeus_vs_Hades_-_Gods_of_War__12164.webp"
"10883","gonzosqumegaways","Gonzo's Quest Megaways","REDTIGER","5","https://pub.imgscache.com/compic/5d0ceceb-27f8-459a-b6b6-bd4cacddc473.webp","images/REDTIGER__Gonzo_s_Quest_Megaways__10883.webp"
"13891","PeryaSpeedBac007","Perya Speed Baccarat 7","EVOLUTION","17","https://pub.imgscache.com/compic/5c6e4df5-b7cd-48bd-b5e9-2d09dd21eb7d.webp","images/EVOLUTION__Perya_Speed_Baccarat_7__13891.webp"
"13837","nmwdzhbg7hvqh6a7","Speed Baccarat G","EVOLUTION","17","https://pub.imgscache.com/compic/2daf8580-065e-4f29-bc6b-40973bf3a305.webp","images/EVOLUTION__Speed_Baccarat_G__13837.webp"
"11439","gwbaccarat000001","Golden Wealth Baccarat","EVOLUTION","17","https://pub.imgscache.com/compic/669c558c-c2c2-4039-a383-a333ef5b5557.webp","images/EVOLUTION__Golden_Wealth_Baccarat__11439.webp"
"13904","tzxl0t9z3cqqqerp","Perya Speed Baccarat 16","EVOLUTION","17","https://pub.imgscache.com/compic/80214395-ac5e-401e-badd-c7dedee013d9.webp","images/EVOLUTION__Perya_Speed_Baccarat_16__13904.webp"
"12519","XXXtremeLB000001","XXXtreme lightning Baccarat","EVOLUTION","17","https://pub.imgscache.com/compic/5a71316b-0207-470e-baaf-fbc8cb0af3b0.webp","images/EVOLUTION__XXXtreme_lightning_Baccarat__12519.webp"
"13752","srsnxlybuz4rrqr6","Lotus Speed Baccarat B","EVOLUTION","17","https://pub.imgscache.com/compic/e8be76ac-cf7c-4007-8543-016801e0ad83.webp","images/EVOLUTION__Lotus_Speed_Baccarat_B__13752.webp"
"11449","mdkqdxtkdctrhnsx","Salon Privé Blackjack A","EVOLUTION","17","https://pub.imgscache.com/compic/35cd28c1-26e5-4b66-a35c-f78aace4e7a0.webp","images/EVOLUTION__Salon_Priv_Blackjack_A__11449.webp"
"13844","o4kylkahpwqqy57w","Speed Baccarat R","EVOLUTION","17","https://pub.imgscache.com/compic/316653cd-75dc-4b26-900b-eee26a8b8c8a.webp","images/EVOLUTION__Speed_Baccarat_R__13844.webp"
"12484","BonsaiBacc000003","Bonsai Speed Baccarat C","EVOLUTION","17","https://pub.imgscache.com/compic/141492bd-144d-45a5-9a84-c74b04ad2733.webp","images/EVOLUTION__Bonsai_Speed_Baccarat_C__12484.webp"
"13848","qgqrrnuqvltnvejx","Speed Baccarat V","EVOLUTION","17","https://pub.imgscache.com/compic/6e15756a-6d96-4a45-a209-eb04ad28e986.webp","images/EVOLUTION__Speed_Baccarat_V__13848.webp"
"13887","PeryaSpeedBac003","Perya Speed Baccarat 3","EVOLUTION","17","https://pub.imgscache.com/compic/157528c5-31eb-4750-b866-87979d3bdc2d.webp","images/EVOLUTION__Perya_Speed_Baccarat_3__13887.webp"
"13832","lv2kzclunt2qnxo5","Speed Baccarat B","EVOLUTION","17","https://pub.imgscache.com/compic/3edf8075-10e2-44a9-892e-622172089c34.webp","images/EVOLUTION__Speed_Baccarat_B__13832.webp"
"13885","PeryaSpeedBac001","Perya Speed Baccarat 1","EVOLUTION","17","https://pub.imgscache.com/compic/215c18e8-43f9-4c36-a6f3-88cb61a1fe75.webp","images/EVOLUTION__Perya_Speed_Baccarat_1__13885.webp"
"12483","BonsaiBacc000002","Bonsai Speed Baccarat B","EVOLUTION","17","https://pub.imgscache.com/compic/838dfbe5-3105-4058-b16a-f06bd1694511.webp","images/EVOLUTION__Bonsai_Speed_Baccarat_B__12483.webp"
"11442","LightningBac0001","Lightning Baccarat","EVOLUTION","17","https://pub.imgscache.com/compic/1c64f264-bc51-4348-a012-2c70ec5320c5.webp","images/EVOLUTION__Lightning_Baccarat__11442.webp"
"11780","CW01","Pacman's Color Game","COLORGAME","27","https://pub.imgscache.com/compic/355ac7a6-9c2d-4d6e-ad8b-ed26ed2ecfdf.webp","images/COLORGAME__Pacman_s_Color_Game__11780.webp"