id,provider,name,gameType,sort,isTop,isAnimation,labelName,createdAt,imageUrl,localImage
"132009","Evolution","Race Track","3","-1100","0","0","","2025-04-07 17:17:12","https://static.ptgaming.ph/images/5a2825552e445920ec834086c56a62c7.png","images/Evolution__Race_Track__132009.png"
"253352","PragmaticPlay","Amazing Baccarat","3","-1100","0","0","","2026-06-17 12:41:09","https://static.ptgaming.ph/images/90be9d2a0d5a51256080d4a21583fdde.png","images/PragmaticPlay__Amazing_Baccarat__253352.png"
"216002","Evolution","Perya Speed Baccarat 1","3","-1000","0","0","1% Cashback EVO","2025-06-30 15:42:12","https://static.ptgaming.ph/images/457b9a19e3613a441bff57fe27ebdf58.png","images/Evolution__Perya_Speed_Baccarat_1__216002.png"
"20091","SAGaming","Baccarat D01","3","-900","0","0","","2024-02-26 18:44:21","https://static.ptgaming.ph/images/ed8076eededf1f6880afeee4f1932197.png","images/SAGaming__Baccarat_D01__20091.png"
"239298","PragmaticPlay","Gates of Olympus Roulette","3","-900","0","0","","2026-04-09 10:16:22","https://static.ptgaming.ph/images/7988f11e620ac34642967b4081cb0218.png","images/PragmaticPlay__Gates_of_Olympus_Roulette__239298.png"
"241327","Evolution","Perya Super Color Game","3","-900","0","0","","2025-12-10 17:24:28","https://static.ptgaming.ph/images/e0e84467c033d21184d9e2494f81bed4.png","images/Evolution__Perya_Super_Color_Game__241327.png"
"243318","Evolution","Always 9 Baccarat","3","-800","1","0","1% Cashback EVO","2026-01-20 00:24:28","https://static.ptgaming.ph/images/31f7f3829ee09e26d62963ab56212583.png","images/Evolution__Always_9_Baccarat__243318.png"
"258331","Evolution","Dragon Dragon","3","-700","0","0","Exclusive ZI","2026-03-25 14:08:43","https://static.ptgaming.ph/images/aee305a2e2c354f206510e2e71f11ba3.png","images/Evolution__Dragon_Dragon__258331.png"
"269295","SparkGame","Number 2 Pinoy","3","-699","0","1","1.5% cashbacky","2026-04-06 16:06:57","https://static.ptgaming.ph/images/9152725080574f09f6037238ba816d5b.png","images/SparkGame__Number_2_Pinoy__269295.png"
"244345","SparkGame","Color Pinoy Vertical","3","-694","0","1","1.5% cashbacky","2026-03-19 09:10:24","https://static.ptgaming.ph/images/3a0d8c07f6e2f388dd750cdf9e741b67.png","images/SparkGame__Color_Pinoy_Vertical__244345.png"
"250324","PragmaticPlay","Steamin’ Reels","3","-600","0","0","","2026-03-23 11:00:42","https://static.ptgaming.ph/images/0d7eb4ed7635f511d7b8c6707efa14d2.png","images/PragmaticPlay__Steamin_Reels__250324.png"
"253334","SparkGame","Drop ball","3","-600","1","1","1.5% cashbacky","2025-11-19 15:35:22","https://static.ptgaming.ph/images/25fb7d2a58ea2ef46178eea1955b40cb.png","images/SparkGame__Drop_ball__253334.png"
"253348","PGSoft","Mayan Destiny","3","-600","0","0","","2026-03-24 18:02:14","https://static.ptgaming.ph/images/f973455384bb8730e1433dff1f09ea37.png","images/PGSoft__Mayan_Destiny__253348.png"
"255314","5G","LEGACY OF AZTEC","3","-600","0","0","","2026-03-25 15:03:39","https://static.ptgaming.ph/images/b4030956b737df557405a69c59f89302.png","images/5G__LEGACY_OF_AZTEC__255314.png"
"275327","PragmaticPlay","Jelly Express","3","-600","0","0","","2026-03-30 11:41:18","https://static.ptgaming.ph/images/a025105708586a6bd64ff4af8d39e47b.png","images/PragmaticPlay__Jelly_Express__275327.png"
"276349","PragmaticPlay","Idol Pop Fever","3","-600","0","0","","2026-04-07 11:45:14","https://static.ptgaming.ph/images/fb3ddd10bd556ac6c042cdd1229b502d.png","images/PragmaticPlay__Idol_Pop_Fever__276349.png"
"241332","JDB","Voyage of Cryo Gunner X-Lock","3","-500","0","0","","2026-01-27 11:56:32","https://static.ptgaming.ph/images/64a74079fedda2d99b20e1a560d0436f.png","images/JDB__Voyage_of_Cryo_Gunner_X-Lock__241332.png"
"249369","PragmaticPlay","CULT","3","-500","0","0","","2026-03-17 11:09:52","https://static.ptgaming.ph/images/1ac4d1657f01da802703d88149d099aa.png","images/PragmaticPlay__CULT__249369.png"
"252369","PlayStar","SUPER GEMS 2","3","-500","0","1","","2026-03-18 11:49:47","https://static.ptgaming.ph/images/c94afab8270f5e0bc66afe9ab30d1bea.png","images/PlayStar__SUPER_GEMS_2__252369.png"
"263342","5G","SUGAR FRENZY","3","-500","0","0","","2026-02-25 16:24:08","https://static.ptgaming.ph/images/ca15b1c552ea6d6f6c769ee4d202499c.png","images/5G__SUGAR_FRENZY__263342.png"
"277011","BNG","Lucky Penny 2","3","-500","0","0","","2026-01-22 08:02:22","https://static.ptgaming.ph/images/ba0cce30754f6cce9e0896489a2107e6.png","images/BNG__Lucky_Penny_2__277011.png"
"243322","PragmaticPlay","Mummy’s Jewels 100","3","-400","0","0","","2026-02-23 11:10:57","https://static.ptgaming.ph/images/0794492ffe55cd3e2803fae599f60b1b.png","images/PragmaticPlay__Mummy_s_Jewels_100__243322.png"
"260337","CQ9","Treasures Of Aztec 1024","3","-400","0","0","","2026-03-11 14:11:59","https://static.ptgaming.ph/images/555049b342fc8555b5f553fd79f5791b.png","images/CQ9__Treasures_Of_Aztec_1024__260337.png"
"244344","Jumbo","Hao Yun Cai Shen","3","-300","0","1","Exclusive ZI","2026-02-09 16:46:04","https://static.ptgaming.ph/images/dbf95bcc193d7cf0c3a6dee9b02eff29.png","images/Jumbo__Hao_Yun_Cai_Shen__244344.png"
"246323","Jumbo","RongHua FuGui","3","-300","0","1","Exclusive ZI","2026-02-09 16:46:37","https://static.ptgaming.ph/images/55412a1e89bd8218f3c8d28192528f88.png","images/Jumbo__RongHua_FuGui__246323.png"
"248368","Jumbo","Wild Train","3","-300","0","1","","2026-03-18 09:51:33","https://static.ptgaming.ph/images/360e3b1df7cbefad10f0bc11fc71a4fc.png","images/Jumbo__Wild_Train__248368.png"
"249368","JDB","Super Niubi Fortune X-Huge","3","-300","0","0","","2026-03-06 15:10:11","https://static.ptgaming.ph/images/ad45b717112b9d1a3242baa45f3e3d73.png","images/JDB__Super_Niubi_Fortune_X-Huge__249368.png"
"275325","BNG","3 Gates of Pyramid","3","-300","0","0","","2026-02-26 10:45:37","https://static.ptgaming.ph/images/c9d1a17af9e06812a9905f73b815c2d5.png","images/BNG__3_Gates_of_Pyramid__275325.png"
"277018","BNG","Super Hot Teapots","3","-300","0","0","","2026-03-05 08:27:28","https://static.ptgaming.ph/images/3decea3e70d29498e13151e3e7f7e7c5.png","images/BNG__Super_Hot_Teapots__277018.png"
"248367","PGSoft","Inferno Mayhem","3","-200","0","0","","2026-03-11 10:33:25","https://static.ptgaming.ph/images/32dc822d25d8cd128eabb1ee2f3c8744.png","images/PGSoft__Inferno_Mayhem__248367.png"
"269293","PlayStar","LUCKY ACE 2","3","-120","0","1","","2026-02-26 10:44:41","https://static.ptgaming.ph/images/41343b281bc22b53b61d0959f16e1664.png","images/PlayStar__LUCKY_ACE_2__269293.png"
"247344","PlayTech","Ultra Ace™","3","-106","0","0","","2026-02-04 14:39:01","https://static.ptgaming.ph/images/079e7385c7e23781180fe377c41db43a.png","images/PlayTech__Ultra_Ace__247344.png"
"127002","FaChai","CHINESE NEW YEAR MOREWAYS","3","-105","0","1","1.5% cash 2%","2025-01-22 10:19:03","https://static.ptgaming.ph/images/8a5120a6e874ad96fa1c524f72101ac6.png","images/FaChai__CHINESE_NEW_YEAR_MOREWAYS__127002.png"
"240308","5G","FIERY BOXING","3","-100","0","0","","2026-03-11 18:11:20","https://static.ptgaming.ph/images/601ff060bfcba265c6bb601319f5eb6b.png","images/5G__FIERY_BOXING__240308.png"
"247347","PragmaticPlay","Tut’s Treasure Tower","3","-100","0","0","","2026-03-09 14:50:43","https://static.ptgaming.ph/images/3b75168e5ea640139e7dad0dbbf9445f.png","images/PragmaticPlay__Tut_s_Treasure_Tower__247347.png"
"252365","YellowBat","Goldliner","3","-100","0","0","","2026-02-06 10:00:29","https://static.ptgaming.ph/images/987a7c438baa120b128e0ef7af2c978d.png","images/YellowBat__Goldliner__252365.png"
"272351","PragmaticPlay","Wild Skullz","3","-100","0","0","","2026-03-05 15:19:18","https://static.ptgaming.ph/images/100dc32d8dac837436c9b0885e6f2b95.png","images/PragmaticPlay__Wild_Skullz__272351.png"
"263339","PGSoft","Fortune Horse","3","-80","0","0","","2026-01-28 14:34:28","https://static.ptgaming.ph/images/518eb2fded8b1ed43c5e93575cbc62c6.png","images/PGSoft__Fortune_Horse__263339.png"
"271325","JILI","40 Sparkling Crown","3","-80","0","0","","2026-03-11 10:32:02","https://static.ptgaming.ph/images/5a6777c83d7f4c72e83eb029266a148a.png","images/JILI__40_Sparkling_Crown__271325.png"
"275326","JILI","Party Ape","3","-80","0","0","","2026-03-04 14:39:51","https://static.ptgaming.ph/images/fdeab3abae9b9dbf180e037edc8a2c66.png","images/JILI__Party_Ape__275326.png"
"243312","SparkGame","MONOPOLY GO","3","-50","0","1","","2026-01-14 14:02:57","https://static.ptgaming.ph/images/22b529efbdb169c985e16a591beee3f1.png","images/SparkGame__MONOPOLY_GO__243312.png"
"247345","SparkGame","WILD BEAST","3","-20","0","1","","2026-02-10 10:50:01","https://static.ptgaming.ph/images/b4420e9787007ba48f69601adffaccc0.png","images/SparkGame__WILD_BEAST__247345.png"
"266302","JILI","Mines football","3","-20","0","0","","2026-03-09 10:34:02","https://static.ptgaming.ph/images/b3693a4ff79a7011fae7fdbbbb180990.png","images/JILI__Mines_football__266302.png"
"276350","JILI","Crash Fruit","3","-20","0","0","","2026-05-13 15:28:13","https://static.ptgaming.ph/images/fd635d56458198664e00e701f76bdbf8.jpg","images/JILI__Crash_Fruit__276350.jpg"
"301002","JILI","Storm of Seth 2","3","-17","0","0","","2026-06-29 15:16:35","https://static.ptgaming.ph/images/6ffcef6fe5a5f58a3cfe535fb47d1e8b.png","images/JILI__Storm_of_Seth_2__301002.png"
"21071","JDB","Cai Shen Fishing","3","-15","0","0","10%包赔","2024-02-26 18:44:21","https://static.ptgaming.ph/images/76001614ed2e0f250a18d0613c8fe38f.png","images/JDB__Cai_Shen_Fishing__21071.png"
"264426","JDB","Piggy Bank TapTap","3","-15","0","0","","2026-01-15 16:34:38","https://static.ptgaming.ph/images/96fa33d6671260c3deea6e2c4788eddd.png","images/JDB__Piggy_Bank_TapTap__264426.png"
"263340","PragmaticPlay","Zeus vs Hades – Gods of War 250","3","-13","0","0","","2026-02-02 13:30:15","https://static.ptgaming.ph/images/e1dc146016ddab7271ff1a7fa2e503c5.png","images/PragmaticPlay__Zeus_vs_Hades_Gods_of_War_250__263340.png"
"280005","PragmaticPlay","Fury of Anubis","3","-11","0","0","","2026-06-25 14:25:06","https://static.ptgaming.ph/images/ae5c5b2fedbc7aff4747fd6c9820fdab.png","images/PragmaticPlay__Fury_of_Anubis__280005.png"
"244336","CQ9","Money Tree 2","3","-10","0","0","Exclusive ZI","2026-01-10 11:26:39","https://static.ptgaming.ph/images/54430600589e45b4a20b203559046792.png","images/CQ9__Money_Tree_2__244336.png"
"255005","KM","Gold Rush Bonanza","3","-10","0","0","","2025-09-09 18:55:10","https://static.ptgaming.ph/images/5e8995754d98d6fe36e19ce13842e827.png","images/KM__Gold_Rush_Bonanza__255005.png"
"264431","JILI","3 Lucky Baozhu","3","-9","0","0","","2026-01-28 09:45:46","https://static.ptgaming.ph/images/74bf2e6ae7d9cb6b51eb41ce565d7904.png","images/JILI__3_Lucky_Baozhu__264431.png"
"271187","PlayStar","SUPER GEMS","3","-9","0","1","","2025-11-04 14:34:04","https://static.ptgaming.ph/images/97c55b28c3b12a4a669fcc29ad4ebe51.png","images/PlayStar__SUPER_GEMS__271187.png"
"291002","FaChai","REVOLVER HARE","3","-9","0","1","","2026-06-24 16:32:13","https://static.ptgaming.ph/images/d7c2bef09c4d2b4d1e80ac6a4821a4f4.png","images/FaChai__REVOLVER_HARE__291002.png"
"243006","PlayStar","Hiyas Gems","3","-8","0","1","","2025-09-10 11:45:11","https://static.ptgaming.ph/images/0f58ed5857bd66a8ec62c79608b144bf.png","images/PlayStar__Hiyas_Gems__243006.png"
"282002","5G","SUPER ACE ROYAL","3","-8","1","1","Exclusive ZI","2026-06-22 11:30:19","https://static.ptgaming.ph/images/64aad21163b2de3fd8bc15660c814350.png","images/5G__SUPER_ACE_ROYAL__282002.png"
"241331","PragmaticPlay","Super Tiki Strike","3","-7","0","0","","2026-01-26 13:23:05","https://static.ptgaming.ph/images/8ac089bd391ee76c1988f38c770f2c85.png","images/PragmaticPlay__Super_Tiki_Strike__241331.png"
"240307","PragmaticPlay","Haunted Crypt","3","-6","0","0","","2026-03-02 11:17:57","https://static.ptgaming.ph/images/b996da9e056aabd09696f62058e13a73.png","images/PragmaticPlay__Haunted_Crypt__240307.png"
"265291","PragmaticPlay","Great Ghosts!","3","-6","0","0","","2026-04-27 15:58:23","https://static.ptgaming.ph/images/f3b134aae0007639e40d78bb6be06151.png","images/PragmaticPlay__Great_Ghosts__265291.png"
"243324","5G","BANDITO RETURNS","3","-5","0","0","1.5% cash 2%","2026-04-22 16:45:38","https://static.ptgaming.ph/images/6c63d8f951f8fbc48447ca3e399ffe1a.png","images/5G__BANDITO_RETURNS__243324.png"
"246010","BNG","Coin Princess x1000","3","-5","0","1","","2025-10-21 11:43:35","https://static.ptgaming.ph/images/8cc5eebd6224561d28782700803ec390.png","images/BNG__Coin_Princess_x1000__246010.png"
"248359","5G","FORTUNE HORSES","3","-5","0","1","","2026-01-14 15:31:44","https://static.ptgaming.ph/images/6535c0ee5116b1964a1446cdfcde8d1c.png","images/5G__FORTUNE_HORSES__248359.png"
"249364","JILI","3 Witch's Lamp","3","-5","0","0","","2026-01-10 11:43:24","https://static.ptgaming.ph/images/ae0e3065cc7995c1f7cabe35fb51bdd0.png","images/JILI__3_Witch_s_Lamp__249364.png"
"208026","YGR","Maya Golden City4","3","-4","0","0","","2025-07-30 11:19:22","https://static.ptgaming.ph/images/6e7f39d2c8d76cfd1762cdb2edbaeb42.png","images/YGR__Maya_Golden_City4__208026.png"
"240304","FaChai","Phoenix Fever Jackpot","3","-4","0","1","","2026-01-26 17:08:58","https://static.ptgaming.ph/images/9ee961b8ec36d03a1ca42ed2bb785521.png","images/FaChai__Phoenix_Fever_Jackpot__240304.png"
"242236","YellowBat","Sugar Crush 1000","3","-4","0","1","","2026-03-26 14:55:47","https://static.ptgaming.ph/images/35aef959bc25ef385204aab9e29e9a4d.png","images/YellowBat__Sugar_Crush_1000__242236.png"
"251003","CQ9","Top Ace","3","-4","0","0","","2025-09-03 15:26:24","https://static.ptgaming.ph/images/fad04b505e4a0dd26e211c3520319329.png","images/CQ9__Top_Ace__251003.png"
"276342","PragmaticPlay","Sugar Rush Super Scatter","3","-4","0","1","1.5% cash 2%","2026-01-12 11:15:47","https://static.ptgaming.ph/images/042f2d16e8f3792390aba8da45d78a00.png","images/PragmaticPlay__Sugar_Rush_Super_Scatter__276342.png"
"279003","PlayStar","ELECTRIC ZEUS","3","-4","0","0","","2026-06-24 11:33:31","https://static.ptgaming.ph/images/dd682aba87bd9a60204d213f6858c1af.png","images/PlayStar__ELECTRIC_ZEUS__279003.png"
"227002","JDB","Magic Ace 99 EXCLUSIVE","3","-3","0","0","1.5% cash 2%","2025-07-25 10:08:28","https://static.ptgaming.ph/images/b7ad4138822c21ecee2bae0290e3de26.png","images/JDB__Magic_Ace_99_EXCLUSIVE__227002.png"
"242212","JILI","Joker Coins","3","-3","0","0","","2025-11-05 14:16:14","https://static.ptgaming.ph/images/f8dc1000e3ab596467ed86420593db9b.png","images/JILI__Joker_Coins__242212.png"
"253336","KM","Flame of Fortune","3","-3","0","0","","2025-12-02 14:15:35","https://static.ptgaming.ph/images/860db5ac2e99075bfcb7b2af6669eb22.png","images/KM__Flame_of_Fortune__253336.png"
"264420","PlayTech","9 Stars Ablaze","3","-3","0","0","","2025-11-12 15:58:10","https://static.ptgaming.ph/images/031998e95c06ec896d68897bd43a4c3e.png","images/PlayTech__9_Stars_Ablaze__264420.png"
"266007","BNG","Lucky Penny","3","-3","0","1","","2025-10-21 11:14:30","https://static.ptgaming.ph/images/ed991d15c46b59eb7a34a507179690ce.png","images/BNG__Lucky_Penny__266007.png"
"268327","Evolution","Gopnik","3","-3","0","0","Exclusive ZI","2026-06-09 17:40:55","https://static.ptgaming.ph/images/418c56822c5d6a153ddce4b5ea82725c.png","images/Evolution__Gopnik__268327.png"
"275008","SparkGame","MAGIC ACE 99","3","-3","0","0","Exclusive ZI","2025-10-30 10:40:30","https://static.ptgaming.ph/images/87e36e6943882bcba1c59f4b872f29c1.png","images/SparkGame__MAGIC_ACE_99__275008.png"
"239299","PragmaticPlay","Big Bass Trophy Catch","3","-2","0","0","","2026-04-17 17:40:45","https://static.ptgaming.ph/images/6160e86312bc303ed9347f80958f9bfd.png","images/PragmaticPlay__Big_Bass_Trophy_Catch__239299.png"
"255302","PragmaticPlay","Fortune of Olympus","3","-2","0","1","","2025-12-18 09:17:31","https://static.ptgaming.ph/images/d04d9880152a30786055399c22a2046b.png","images/PragmaticPlay__Fortune_of_Olympus__255302.png"
"263348","JILI","Crazy Hunter Thor's Hammer","3","-2","0","0","","2026-04-27 15:31:25","https://static.ptgaming.ph/images/f8cb55372445a7a1e3b45d103a641989.png","images/JILI__Crazy_Hunter_Thor_s_Hammer__263348.png"
"271323","Jumbo","Luxury Jewelry","3","-2","0","1","","2026-02-26 10:38:43","https://static.ptgaming.ph/images/631690ef718124e4e1d036b475afa958.png","images/Jumbo__Luxury_Jewelry__271323.png"
"272002","JILI","Supernova","3","-2","0","0","","2025-10-13 16:11:13","https://static.ptgaming.ph/images/14ffae3db195f51a34a5b9ac1b083060.png","images/JILI__Supernova__272002.png"
"275334","Evolution","Nip-Tuck","3","-2","0","0","Exclusive ZI","2026-06-09 17:39:46","https://static.ptgaming.ph/images/a006694052dba9abd379b5b12d993309.png","images/Evolution__Nip-Tuck__275334.png"
"20062","JDB","HILO","3","-1","0","0","","2024-02-26 18:44:21","https://static.ptgaming.ph/images/0518545a6ee261e5112f9bb7c8a27aaf.png","images/JDB__HILO__20062.png"
"200008","PragmaticPlay","Gates of Olympus Super Scatter","3","-1","0","1","1.5% cash 2%","2025-06-02 13:37:33","https://static.ptgaming.ph/images/bb838cac68236d96040136dcea07aef8.png","images/PragmaticPlay__Gates_of_Olympus_Super_Scatter__200008.png"
"249359","PragmaticPlay","Starlight Archer 1000","3","-1","0","1","","2025-11-20 10:57:26","https://static.ptgaming.ph/images/c6f25678ac3526f7f43b332becc4cc4e.png","images/PragmaticPlay__Starlight_Archer_1000__249359.png"
"250325","JILI","Clover Coins 4x4","3","-1","0","0","","2026-04-17 16:34:02","https://static.ptgaming.ph/images/afa5d547cad41c5feca8e18f5b2247c2.png","images/JILI__Clover_Coins_4x4__250325.png"
"260338","PragmaticPlay","Snow Party","3","-1","0","0","","2026-04-10 15:59:08","https://static.ptgaming.ph/images/f498afb29927ee6f9718eac49540db65.png","images/PragmaticPlay__Snow_Party__260338.png"
"261011","PragmaticPlay","Starlight Princess Super Scatter","3","-1","0","1","","2025-10-08 15:25:30","https://static.ptgaming.ph/images/f3f9cd0019e8f447433d95c822fb5e54.png","images/PragmaticPlay__Starlight_Princess_Super_Scatter__261011.png"
"262009","PragmaticPlay","Money Time","3","-1","0","0","","2025-09-24 16:54:45","https://static.ptgaming.ph/images/38583b4ee2fc498644b085b9775a5525.png","images/PragmaticPlay__Money_Time__262009.png"
"273287","PragmaticPlay","Wisdom of Athena 1000 Xmas","3","-1","0","1","","2025-11-27 14:15:59","https://static.ptgaming.ph/images/5793c912539f8c72d58050225e996533.png","images/PragmaticPlay__Wisdom_of_Athena_1000_Xmas__273287.png"
"80","FaChai","MONKEY KING FISHING","3","1","0","0","10%包赔","2024-02-26 18:44:21","https://static.ptgaming.ph/images/ccbea16c250755b9aac6bf96fbad605e.png","images/FaChai__MONKEY_KING_FISHING__80.png"
"527","JILI","Go Goal BIngo","3","1","0","0","","2024-02-26 18:44:21","https://static.ptgaming.ph/images/5453b464aa9477ac5fc58d51e2758a7a.png","images/JILI__Go_Goal_BIngo__527.png"
"550","JILI","Callbreak","3","1","0","0","","2024-02-26 18:44:21","https://static.ptgaming.ph/images/57edd82b863087c664ee8ecf33d97760.png","images/JILI__Callbreak__550.png"
"865","RTG","The Mariachi 5","3","1","0","0","","2024-02-26 18:44:21","https://static.ptgaming.ph/images/7341ebae7d327f5b210d73a9652b949b.png","images/RTG__The_Mariachi_5__865.png"
"20047","JDB","Olympian Temple","3","1","0","0","","2024-02-26 18:44:21","https://static.ptgaming.ph/images/d7bb434fd0e4073f1b9c8726986f69a4.png","images/JDB__Olympian_Temple__20047.png"
"22250","PragmaticPlay","VIP Roulette - The Club","3","1","0","0","","2024-02-26 18:44:21","https://static.ptgaming.ph/images/15c53bb92d5bd407b4c07faf6b4c2e1b.png","images/PragmaticPlay__VIP_Roulette_-_The_Club__22250.png"
"22442","PragmaticPlay","Sugar Rush 1000","3","1","0","1","1.5% cash 2%","2024-03-26 14:14:34","https://static.ptgaming.ph/images/0e03163da464cb7e838679ebc1bac797.png","images/PragmaticPlay__Sugar_Rush_1000__22442.png"
"23255","PragmaticPlay","Triple Dragons","3","1","0","0","","2024-02-26 18:44:21","https://static.ptgaming.ph/images/9476ed2c9da8561797cd018c4167ee28.png","images/PragmaticPlay__Triple_Dragons__23255.png"
"42027","JILI","Legacy of Egypt","3","1","0","0","1.5% cash 2%","2024-06-19 15:34:52","https://static.ptgaming.ph/images/73929aeee2f2ab31a1f3f4e39ba38415.png","images/JILI__Legacy_of_Egypt__42027.png"
"46013","SparkGame","TEXAS PINOY","3","1","0","0","","2024-07-27 12:45:31","https://static.ptgaming.ph/images/ae9c84747ed58b96899dd53b580f565d.png","images/SparkGame__TEXAS_PINOY__46013.png"
"73001","SABA","SABA Sports","3","1","0","0","","2024-12-11 15:00:17","https://static.ptgaming.ph/images/66b33d8c78aeaa7ba98cafb6c873865b.png","images/SABA__SABA_Sports__73001.png"
"115008","PlayStar","LUCKY ACE","3","1","0","1","","2025-03-11 17:23:45","https://static.ptgaming.ph/images/f2b09e31b21d90fb2b72a07694b722cc.png","images/PlayStar__LUCKY_ACE__115008.png"
"123004","SparkGame","Color Pinoy","3","1","1","1","1.5% cashbacky","2025-03-06 09:31:56","https://static.ptgaming.ph/images/0bf63ae6085bbbac828a653446ea4995.png","images/SparkGame__Color_Pinoy__123004.png"
"213025","PlayTech","Casino Hold'em Live","3","1","0","0","","2025-08-07 16:33:17","https://static.ptgaming.ph/images/fe7cf824f4f6bd101b65ae0e99546ad6.png","images/PlayTech__Casino_Hold_em_Live__213025.png"
"221002","YellowBat","Dragon Gems Wheel","3","1","0","1","1.5% cash 2%","2025-07-09 10:24:18","https://static.ptgaming.ph/images/9ccbe3d3b127ca96973f15eb4e5434fa.png","images/YellowBat__Dragon_Gems_Wheel__221002.png"
"239307","YellowBat","Happy Dragon","3","1","0","1","Exclusive ZI","2026-06-05 16:07:58","https://static.ptgaming.ph/images/aa7f9f63e6bb578fd6fa9008e29b5cc9.png","images/YellowBat__Happy_Dragon__239307.png"
"246002","PragmaticPlay","Zombie School Megaways","3","1","0","0","","2025-08-21 13:21:18","https://static.ptgaming.ph/images/5f8a251c2557f24875bce8db45c604c0.png","images/PragmaticPlay__Zombie_School_Megaways__246002.png"
"252371","Jumbo","Sugar Kaboom","3","1","0","1","","2026-04-10 16:38:20","https://static.ptgaming.ph/images/90e5c79451ff660563836ffbd27d8b46.png","images/Jumbo__Sugar_Kaboom__252371.png"
"253003","SparkGame","LUCKY JOKER","3","1","0","0","Exclusive ZI","2025-09-04 14:53:38","https://static.ptgaming.ph/images/eb666f33a7281838f225c86104a3fa54.png","images/SparkGame__LUCKY_JOKER__253003.png"
"253345","JILI","3 Coin Wild Tiger","3","1","0","0","","2026-02-09 09:44:06","https://static.ptgaming.ph/images/7047e20f0d4733e76435c66f2d6cdc1b.png","images/JILI__3_Coin_Wild_Tiger__253345.png"
"255309","PragmaticPlay","Sweet Burst","3","1","0","0","Exclusive ZI","2026-01-26 13:19:59","https://static.ptgaming.ph/images/700bfd02229f7c79059ea27245c2e96f.png","images/PragmaticPlay__Sweet_Burst__255309.png"
"257003","KM","Sugar Blast Frenzy","3","1","0","0","","2025-09-09 18:50:13","https://static.ptgaming.ph/images/ba14577cc8c63bf74e9609ce27afd6a9.png","images/KM__Sugar_Blast_Frenzy__257003.png"
"269289","5G","WILD BOUNTY","3","1","0","0","","2025-12-24 18:06:12","https://static.ptgaming.ph/images/2a94735a907f03dd656d58e0267b1a2b.png","images/5G__WILD_BOUNTY__269289.png"
"271316","YellowBat","Dragon Gems Clash","3","1","0","0","1.5% cash 2%","2025-11-26 14:51:47","https://static.ptgaming.ph/images/90d2d50a34706fa751f641403db6bc8f.png","images/YellowBat__Dragon_Gems_Clash__271316.png"
"274295","YellowBat","GLADIATOR JP","3","1","0","0","","2026-01-15 15:45:11","https://static.ptgaming.ph/images/b7309c05444e4be7f874475d734e2e28.png","images/YellowBat__GLADIATOR_JP__274295.png"
"83","FaChai","FA CHAI FISHING","3","2","0","0","","2024-02-26 18:44:21","https://static.ptgaming.ph/images/e24f70d1d660c16086ab816f463310d5.png","images/FaChai__FA_CHAI_FISHING__83.png"
"117","FaChai","SUPER ELEMENTS","3","2","0","0","1.5% cash 2%","2024-02-26 18:44:21","https://static.ptgaming.ph/images/6b015672976f53ea20953bc87ebbccbd.png","images/FaChai__SUPER_ELEMENTS__117.png"
"479","JILI","Medusa","3","2","0","0","1.5% cash 2%","2024-02-26 18:44:21","https://static.ptgaming.ph/images/b8f306e8ec8698dae922b5682820ec53.png","images/JILI__Medusa__479.png"
"531","JILI","Bingo Adventure","3","2","0","0","","2024-02-26 18:44:21","https://static.ptgaming.ph/images/c5ff87f3b312a2b4224ea3613f07fdf7.png","images/JILI__Bingo_Adventure__531.png"
"630","RTG","Bubble Bubble 2","3","2","0","0","","2024-02-26 18:44:21","https://static.ptgaming.ph/images/35f50527fd2d96b74749cebb64dc9e3c.png","images/RTG__Bubble_Bubble_2__630.png"
"755","RTG","Loose Deuces","3","2","0","0","","2024-02-26 18:44:21","https://static.ptgaming.ph/images/76d0522f9549aaaee3efe5d79a79e26b.png","images/RTG__Loose_Deuces__755.png"
"20046","JDB","Mjolnir","3","2","0","0","","2024-02-26 18:44:21","https://static.ptgaming.ph/images/464ad9fee1d4053507a8d7668396e5bd.png","images/JDB__Mjolnir__20046.png"
"20101","SAGaming","M Dragon Tiger","3","2","0","0","","2024-02-26 18:44:21","https://static.ptgaming.ph/images/e2f5b81d6dbf882a8e1536ca8a8c6f64.png","images/SAGaming__M_Dragon_Tiger__20101.png"
"21105","SAGaming","Speed Baccarat C08","3","2","0","0","","2024-02-26 18:44:21","https://static.ptgaming.ph/images/3a23baeccb1500fb8397119047d5f168.png","images/SAGaming__Speed_Baccarat_C08__21105.png"
"22240","PragmaticPlay","Fortune 6 Baccarat","3","2","0","0","","2024-02-26 18:44:21","https://static.ptgaming.ph/images/362f2254565e2a6c29902bf6ef4383de.png","images/PragmaticPlay__Fortune_6_Baccarat__22240.png"
"23248","PragmaticPlay","Magic Journey","3","2","0","0","","2024-02-26 18:44:21","https://static.ptgaming.ph/images/e40f049938bc326de07ec9ca84eecaa6.png","images/PragmaticPlay__Magic_Journey__23248.png"
"43023","SparkGame","PUSOY PINOY","3","2","0","0","Exclusive ZI","2024-07-27 12:42:40","https://static.ptgaming.ph/images/1c25beaf79fe2fb739761a3ede20f23b.png","images/SparkGame__PUSOY_PINOY__43023.png"
"97030","YellowBat","Super 30 Bingo","3","2","0","0","","2025-01-03 10:34:11","https://static.ptgaming.ph/images/e5de69021c5cc2a14dc2059fcfb6117a.png","images/YellowBat__Super_30_Bingo__97030.png"
"155002","Evolution","Diamonds Up","3","2","0","0","","2025-04-24 11:44:03","https://static.ptgaming.ph/images/2aa4a3fe936eaaeec1688b1e7a013d87.png","images/Evolution__Diamonds_Up__155002.png"
"156002","Evolution","Serpent King","3","2","0","0","","2025-04-24 11:44:18","https://static.ptgaming.ph/images/d95414fd562adb91f8b914891b8756e2.png","images/Evolution__Serpent_King__156002.png"
"157002","Evolution","Trillionaire MegaWays","3","2","0","0","","2025-04-24 11:44:36","https://static.ptgaming.ph/images/1a46b2f6432f040acf3468f562457af9.png","images/Evolution__Trillionaire_MegaWays__157002.png"
"158002","Evolution","Home of The Brave","3","2","0","0","","2025-04-24 11:44:55","https://static.ptgaming.ph/images/c21af5feaba6ef3bf64a83dd18a8dd79.png","images/Evolution__Home_of_The_Brave__158002.png"
"227020","PlayTech","Adventure Beyond Wonderland Live","3","2","0","0","","2025-08-06 11:07:32","https://static.ptgaming.ph/images/dfb2365359213210ec18081e5b73d213.png","images/PlayTech__Adventure_Beyond_Wonderland_Live__227020.png"
"243005","KM","Cleopatra's Treasure","3","2","0","0","","2025-09-09 18:56:33","https://static.ptgaming.ph/images/fd4d47c08e0ec7d32f240bd566fb2fe2.png","images/KM__Cleopatra_s_Treasure__243005.png"
"260003","YellowBat","Sexy Joker","3","2","0","1","","2025-09-03 15:38:37","https://static.ptgaming.ph/images/cade8f3c9ed62531dac995c633af76c6.png","images/YellowBat__Sexy_Joker__260003.png"
"263344","JILI","3 Super Ace","3","2","0","0","1.5% cash 2%","2026-03-25 14:12:38","https://static.ptgaming.ph/images/5fea105f71eb4606b66c450ec7805c6e.png","images/JILI__3_Super_Ace__263344.png"
"268006","CQ9","Top Ace 2","3","2","0","0","","2025-09-10 14:17:19","https://static.ptgaming.ph/images/463960754af0bb8da4b58890f34a83f3.png","images/CQ9__Top_Ace_2__268006.png"
"272345","FaChai","POKER WIN 2","3","2","0","1","","2025-11-28 17:18:12","https://static.ptgaming.ph/images/f17d05eb0cc56614a1f187800a5b7f8e.jpg","images/FaChai__POKER_WIN_2__272345.jpg"
"274300","SparkGame","Royal Cascade","3","2","0","1","Exclusive ZI","2026-03-12 18:22:10","https://static.ptgaming.ph/images/2f8edf90d2a3fa8636e417890c932770.png","images/SparkGame__Royal_Cascade__274300.png"
"276307","FaChai","SUGAR BANG BANG PLUS","3","2","0","1","1.5% cash 2%","2025-11-05 10:19:01","https://static.ptgaming.ph/images/f53b895869382755aa2aadfa3386b0f1.png","images/FaChai__SUGAR_BANG_BANG_PLUS__276307.png"
"430","JILI","Royal Fishing","3","3","0","0","","2024-02-26 18:44:21","https://static.ptgaming.ph/images/ff0c85239303ee4980f21e2fa047a574.png","images/JILI__Royal_Fishing__430.png"
"528","JILI","Calaca Bingo","3","3","0","0","","2024-02-26 18:44:21","https://static.ptgaming.ph/images/f204c2798403fdf0faab6e1ccce4fbc2.png","images/JILI__Calaca_Bingo__528.png"
"668","RTG","Double Double Jackpot Poker","3","3","0","0","","2024-02-26 18:44:21","https://static.ptgaming.ph/images/5d062511c6b5d68c346da20cc4c84f37.png","images/RTG__Double_Double_Jackpot_Poker__668.png"
"744","RTG","Khrysos Gold","3","3","0","0","","2024-02-26 18:44:21","https://static.ptgaming.ph/images/9306c4b3a9c19a92caba9b77471e272a.png","images/RTG__Khrysos_Gold__744.png"
"20045","JDB","Fortune Treasure","3","3","0","0","","2024-02-26 18:44:21","https://static.ptgaming.ph/images/f17a372d6f945f0dae9f42a632125b32.png","images/JDB__Fortune_Treasure__20045.png"
"20100","SAGaming","Baccarat C07","3","3","0","0","","2024-02-26 18:44:21","https://static.ptgaming.ph/images/4455454495197b5338a583c86e451ec3.png","images/SAGaming__Baccarat_C07__20100.png"
"22244","PragmaticPlay","Super 8 Baccarat","3","3","0","0","","2024-02-26 18:44:21","https://static.ptgaming.ph/images/4c2064022f54a23c5158d79ff80a95b1.png","images/PragmaticPlay__Super_8_Baccarat__22244.png"
"23214","PragmaticPlay","Fire Hot 20","3","3","0","0","","2024-02-26 18:44:21","https://static.ptgaming.ph/images/de78456f2f464aedde9fffceb29d4645.png","images/PragmaticPlay__Fire_Hot_20__23214.png"
"43013","Evolution","Lightning Sic bo","3","3","0","0","","2024-06-27 14:22:19","https://static.ptgaming.ph/images/7c6c72d9fdd10d756f8553a55cdc7e46.png","images/Evolution__Lightning_Sic_bo__43013.png"
"143003","JILI","Boxing King Title Match","3","3","0","0","","2025-04-21 15:34:48","https://static.ptgaming.ph/images/b927d36e7dc219d447bf269086add8b5.png","images/JILI__Boxing_King_Title_Match__143003.png"
"154002","Evolution","War","3","3","0","0","","2025-04-24 11:42:27","https://static.ptgaming.ph/images/4227d3a0c54b4edeb1692b1290e3d80e.png","images/Evolution__War__154002.png"
"239292","FaChai","OPEN VAULT","3","3","0","1","","2025-12-26 22:18:50","https://static.ptgaming.ph/images/a354df07afde372f1eb5676c6dae1ab4.png","images/FaChai__OPEN_VAULT__239292.png"
"246330","BNG","DJ Tiger x1000","3","3","0","0","Exclusive ZI","2026-06-01 15:13:44","https://static.ptgaming.ph/images/9cb51c95e79c6fe1898aa11df687eb60.png","images/BNG__DJ_Tiger_x1000__246330.png"
"258003","JILI","Devil Fire Twins","3","3","0","0","","2025-09-09 17:00:41","https://static.ptgaming.ph/images/c5a6ff0207cd97149dfa42acaab9c9a2.png","images/JILI__Devil_Fire_Twins__258003.png"
"262008","FaChai","CATLA'S MONEY MACHINE","3","3","0","1","","2025-09-24 11:47:42","https://static.ptgaming.ph/images/7dc9f1536e2988f179f9e0d91842d884.png","images/FaChai__CATLA_S_MONEY_MACHINE__262008.png"
"81","FaChai","BAO CHUAN FISHING","3","4","0","0","10%包赔","2024-02-26 18:44:21","https://static.ptgaming.ph/images/1e8ec3f563bf19dbf4e63bb954411dbe.png","images/FaChai__BAO_CHUAN_FISHING__81.png"
"530","JILI","West Hunter Bingo","3","4","0","0","","2024-02-26 18:44:21","https://static.ptgaming.ph/images/bae519c5fd23eced30b51df838e7f1a3.png","images/JILI__West_Hunter_Bingo__530.png"
"547","JILI","AK47","3","4","0","0","","2024-02-26 18:44:21","https://static.ptgaming.ph/images/760dcf12ccb9380d7544f3406e4b6519.png","images/JILI__AK47__547.png"
"672","RTG","Dr. Winmore","3","4","0","0","","2024-02-26 18:44:21","https://static.ptgaming.ph/images/701ce7694c71f852cde3acbc3de0db32.png","images/RTG__Dr._Winmore__672.png"
"20103","SAGaming","M Pok Deng","3","4","0","0","","2024-02-26 18:44:21","https://static.ptgaming.ph/images/56bee6b5a16068debfe906fce9ca18d5.png","images/SAGaming__M_Pok_Deng__20103.png"
"21104","SAGaming","Baccarat C06","3","4","0","0","","2024-02-26 18:44:21","https://static.ptgaming.ph/images/94c4ee403468e8713691e839b4621ef7.png","images/SAGaming__Baccarat_C06__21104.png"
"22242","PragmaticPlay","Speed Baccarat 17","3","4","0","0","","2024-02-26 18:44:21","https://static.ptgaming.ph/images/2318fcc786ad375f3e5a2d39c795dbf2.png","images/PragmaticPlay__Speed_Baccarat_17__22242.png"
"23198","PragmaticPlay","Shining Hot 40","3","4","0","0","","2024-02-26 18:44:21","https://static.ptgaming.ph/images/7394505492b3d4758001d613566b3ca8.png","images/PragmaticPlay__Shining_Hot_40__23198.png"
"23208","PragmaticPlay","Auto Mega Roulette","3","4","0","0","","2024-02-26 18:44:21","https://static.ptgaming.ph/images/282567d4ff37b12fcda8f04c85adba98.png","images/PragmaticPlay__Auto_Mega_Roulette__23208.png"
"41016","Evolution","Lightning Dragon Tiger","3","4","0","0","1% UNLIMITED","2024-05-08 14:53:52","https://static.ptgaming.ph/images/5374073d66d3fab61dc7c8e089ca4190.png","images/Evolution__Lightning_Dragon_Tiger__41016.png"
"59001","FaChai","FORTUNE GODDESS","3","4","0","0","","2024-11-22 16:20:54","https://static.ptgaming.ph/images/fc3c2d8e67e096e7f2e5c8b256571b98.png","images/FaChai__FORTUNE_GODDESS__59001.png"
"145002","PragmaticPlay","Jelly Candy","3","4","0","0","Exclusive ZI","2025-04-16 16:41:51","https://static.ptgaming.ph/images/ed7c4ef35740d5336fa9c81e332d4ec3.png","images/PragmaticPlay__Jelly_Candy__145002.png"
"145003","Evolution","Mental 2","3","4","0","0","","2025-04-24 11:45:11","https://static.ptgaming.ph/images/05a7bca10f219395bc50eb26a1b318f5.png","images/Evolution__Mental_2__145003.png"
"147003","JILI","Penalty Kick","3","4","0","0","","2025-04-24 15:11:13","https://static.ptgaming.ph/images/21d1bdac24016ccf30f3f7db97a1a972.png","images/JILI__Penalty_Kick__147003.png"
"245007","PragmaticPlay","Fortune Ace Super Scatter","3","4","0","0","1.5% cash 2%","2025-09-24 13:12:53","https://static.ptgaming.ph/images/d3902b1c18f55e8d4d830590541453e3.png","images/PragmaticPlay__Fortune_Ace_Super_Scatter__245007.png"
"255011","PragmaticPlay","Chests of Cai Shen 2","3","4","0","0","","2025-09-26 12:34:02","https://static.ptgaming.ph/images/eea76e75039e099831bcc8f5ceb57bcd.png","images/PragmaticPlay__Chests_of_Cai_Shen_2__255011.png"
"273298","JILI","Super Ace SPEED","3","4","0","0","1.5% cash 2%","2026-06-10 18:03:54","https://static.ptgaming.ph/images/cd87cbefa9be2afccd19a152f47f60fb.png","images/JILI__Super_Ace_SPEED__273298.png"
"82","FaChai","FIERCE FISHING","3","5","0","0","","2024-02-26 18:44:21","https://static.ptgaming.ph/images/903573b629540e8a4cf5cb445eca82ce.png","images/FaChai__FIERCE_FISHING__82.png"
"311","Evolution","First Person American Roulette","3","5","0","0","","2024-02-26 18:44:21","https://static.ptgaming.ph/images/0fa35d5f8bc428a4a68f85d3fcac419c.png","images/Evolution__First_Person_American_Roulette__311.png"
"827","RTG","Rudolphs Revenge","3","5","0","0","","2024-02-26 18:44:21","https://static.ptgaming.ph/images/e54ec70c473929a944c2a7987e4ab445.png","images/RTG__Rudolphs_Revenge__827.png"
"20104","SAGaming","M Blackjack","3","5","0","0","","2024-02-26 18:44:21","https://static.ptgaming.ph/images/c4e7de17e7725d3d0da1d82ad2c17062.png","images/SAGaming__M_Blackjack__20104.png"
"21103","SAGaming","Baccarat C05","3","5","0","0","","2024-02-26 18:44:21","https://static.ptgaming.ph/images/f5799bc7c9bea46230316eabdcb28f79.png","images/SAGaming__Baccarat_C05__21103.png"
"22243","PragmaticPlay","Speed Baccarat 16","3","5","0","0","","2024-02-26 18:44:21","https://static.ptgaming.ph/images/9a33a0584150d4b2f6fe64857120357b.png","images/PragmaticPlay__Speed_Baccarat_16__22243.png"
"23141","PragmaticPlay","Chicken Chase","3","5","0","0","","2024-02-26 18:44:21","https://static.ptgaming.ph/images/bc2a40588ade6dd837de8f75975eb354.png","images/PragmaticPlay__Chicken_Chase__23141.png"
"43007","JDB","Piggy Bank","3","5","0","0","","2024-05-29 10:55:10","https://static.ptgaming.ph/images/3c2cc5fa8856e79239588838ad53555f.png","images/JDB__Piggy_Bank__43007.png"
"64002","JDB","Fortune Jewel","3","5","0","0","","2024-12-16 15:54:09","https://static.ptgaming.ph/images/68179174b603801db933ac6f4c757396.png","images/JDB__Fortune_Jewel__64002.png"
"240297","5G","DRAGON TIGER SHOWDOWN","3","5","0","0","","2026-01-02 11:43:47","https://static.ptgaming.ph/images/861ec92d9d95985f087c411f80fb646c.png","images/5G__DRAGON_TIGER_SHOWDOWN__240297.png"
"244349","PragmaticPlay","Sweet Bonanza 2500","3","5","0","0","1.5% cash 2%","2026-04-30 17:22:54","https://static.ptgaming.ph/images/5caa2808fc76a94607c4015a6c5fce15.jpg","images/PragmaticPlay__Sweet_Bonanza_2500__244349.jpg"
"249371","FaChai","SUPER ELEMENTS 2","3","5","0","1","1.5% cash 2%","2026-04-06 16:04:44","https://static.ptgaming.ph/images/f88538a726b1e08483b4314ca4974142.png","images/FaChai__SUPER_ELEMENTS_2__249371.png"
"252363","JILI","3 Lightning Blitz","3","5","0","0","","2026-01-22 12:50:35","https://static.ptgaming.ph/images/ec23906f558d7e315b0d86573376c22f.png","images/JILI__3_Lightning_Blitz__252363.png"
"265292","YellowBat","Sexy Joker Deluxe","3","5","0","0","","2026-05-06 16:17:34","https://static.ptgaming.ph/images/128f57d134f9fff511d660a261dca6d6.jpg","images/YellowBat__Sexy_Joker_Deluxe__265292.jpg"
"283002","JILI","Fortune Garuda 1000","3","5","1","1","Exclusive ZI","2026-06-22 14:38:45","https://static.ptgaming.ph/images/c528a4dabbc320ab3d9c28a75765d285.png","images/JILI__Fortune_Garuda_1000__283002.png"
"439","JILI","Dinosaur Tycoon II","3","6","0","0","10%包赔","2024-02-26 18:44:21","https://static.ptgaming.ph/images/6e24f6f2b4531be5aa6610aa03d668d7.png","images/JILI__Dinosaur_Tycoon_II__439.png"
"519","JILI","Fortune Bingo","3","6","0","0","","2024-02-26 18:44:21","https://static.ptgaming.ph/images/299668abe3153136f8f20b7ac3e4a8f1.png","images/JILI__Fortune_Bingo__519.png"
"656","RTG","Deuces Wild","3","6","0","0","","2024-02-26 18:44:21","https://static.ptgaming.ph/images/d06f93c70aff6a6c98068704dd5bcf12.png","images/RTG__Deuces_Wild__656.png"
"721","RTG","High Fashion","3","6","0","0","","2024-02-26 18:44:21","https://static.ptgaming.ph/images/948bce6629439270d54c60b595b8f977.png","images/RTG__High_Fashion__721.png"
"20042","JDB","DragonsGate","3","6","0","0","","2024-02-26 18:44:21","https://static.ptgaming.ph/images/dc0b5decbf13287db2a6ed4d48a1c26d.png","images/JDB__DragonsGate__20042.png"
"21102","SAGaming","Baccarat C04","3","6","0","0","","2024-02-26 18:44:21","https://static.ptgaming.ph/images/9a5dea76dc5bdd70da3cdf535cfaab20.png","images/SAGaming__Baccarat_C04__21102.png"
"22248","PragmaticPlay","Speed Roulette 2","3","6","0","0","","2024-02-26 18:44:21","https://static.ptgaming.ph/images/356e234dc873dce8bda9d16cce4e7209.png","images/PragmaticPlay__Speed_Roulette_2__22248.png"
"23209","PragmaticPlay","Speed Baccarat 15","3","6","0","0","","2024-02-26 18:44:21","https://static.ptgaming.ph/images/863a8a2f3070fb0ea606ad492b6ee537.png","images/PragmaticPlay__Speed_Baccarat_15__23209.png"
"23216","PragmaticPlay","Shining Hot 5","3","6","0","0","","2024-02-26 18:44:21","https://static.ptgaming.ph/images/2fe5acb52e236a867f57c0a12614119a.png","images/PragmaticPlay__Shining_Hot_5__23216.png"
"247351","5G","FORTUNE LION","3","6","0","1","1.5% cash 2%","2026-06-10 18:15:30","https://static.ptgaming.ph/images/630330d0b4809453cab1a9e547b60fd9.png","images/5G__FORTUNE_LION__247351.png"
"436","JILI","Boom Legend","3","7","0","0","10%包赔","2024-02-26 18:44:21","https://static.ptgaming.ph/images/35f7b6a2ca45de3ed9549ce5c45599f9.png","images/JILI__Boom_Legend__436.png"
"533","JILI","Candyland Bingo","3","7","0","0","","2024-02-26 18:44:21","https://static.ptgaming.ph/images/3c449430089ba66685a914cfebcd2edd.png","images/JILI__Candyland_Bingo__533.png"
"670","RTG","Double Jackpot Poker","3","7","0","0","","2024-02-26 18:44:21","https://static.ptgaming.ph/images/0b6faa51e66ae9b33433d3f7de8e0204.png","images/RTG__Double_Jackpot_Poker__670.png"
"729","RTG","IC Wins","3","7","0","0","","2024-02-26 18:44:21","https://static.ptgaming.ph/images/4ab2108de3907f13ef5bb9ee82e0ce6a.png","images/RTG__IC_Wins__729.png"
"20041","JDB","Billionaire","3","7","0","0","","2024-02-26 18:44:21","https://static.ptgaming.ph/images/df0daeb62fcc60a360f5399bfbf8b180.png","images/JDB__Billionaire__20041.png"
"20099","SAGaming","Baccarat C03","3","7","0","0","","2024-02-26 18:44:21","https://static.ptgaming.ph/images/befc7bf39746600cb0691127a16520c7.png","images/SAGaming__Baccarat_C03__20099.png"
"22235","PragmaticPlay","Speed Baccarat 14","3","7","0","0","","2024-02-26 18:44:21","https://static.ptgaming.ph/images/473c7c69fb0bb9d15792e480a4be6e86.png","images/PragmaticPlay__Speed_Baccarat_14__22235.png"
"22247","PragmaticPlay","Speed Roulette 1","3","7","0","0","","2024-02-26 18:44:21","https://static.ptgaming.ph/images/de5c993549202c58c5592a333ca0cde3.png","images/PragmaticPlay__Speed_Roulette_1__22247.png"
"232005","PlayTech","Beastwood","3","7","0","0","","2025-07-28 15:12:25","https://static.ptgaming.ph/images/dd2cc6254b76c409410a96ae46c63651.png","images/PlayTech__Beastwood__232005.png"
"434","JILI","Dragon Fortune","3","8","0","0","","2024-02-26 18:44:21","https://static.ptgaming.ph/images/848e8aeb201eafd705874f0bb388cbce.png","images/JILI__Dragon_Fortune__434.png"
"522","JILI","Bingo Carnaval","3","8","0","0","","2024-02-26 18:44:21","https://static.ptgaming.ph/images/207329e89a2d2fa7dc4f76f131fd66e6.png","images/JILI__Bingo_Carnaval__522.png"
"551","JILI","TeenPatti Joker","3","8","0","0","","2024-02-26 18:44:21","https://static.ptgaming.ph/images/938c12fb0f01e16002f5ae85ad123e0e.png","images/JILI__TeenPatti_Joker__551.png"
"685","RTG","Fantasy Mission Force","3","8","0","0","","2024-02-26 18:44:21","https://static.ptgaming.ph/images/a7b2000cd13b586a21429217bd1b5fdf.png","images/RTG__Fantasy_Mission_Force__685.png"
"20040","JDB","Fortune Neko","3","8","0","0","","2024-02-26 18:44:21","https://static.ptgaming.ph/images/78f81213511ad4d12a4b846de5a93a90.png","images/JDB__Fortune_Neko__20040.png"
"21101","SAGaming","Baccarat C02","3","8","0","0","","2024-02-26 18:44:21","https://static.ptgaming.ph/images/15ccccde497c7f3bcbc39943af4b200c.png","images/SAGaming__Baccarat_C02__21101.png"
"22236","PragmaticPlay","Speed Baccarat 13","3","8","0","0","","2024-02-26 18:44:21","https://static.ptgaming.ph/images/434e7d037912af2fe02a143be1176847.png","images/PragmaticPlay__Speed_Baccarat_13__22236.png"
"23215","PragmaticPlay","Shining Hot 20","3","8","0","0","","2024-02-26 18:44:21","https://static.ptgaming.ph/images/28b179ce884f4e24b39af4ef830d1dae.png","images/PragmaticPlay__Shining_Hot_20__23215.png"
"23346","PragmaticPlay","Auto Roulette","3","8","0","0","","2024-02-26 18:44:21","https://static.ptgaming.ph/images/eb83261fca47fd8d60db078caa2d345a.png","images/PragmaticPlay__Auto_Roulette__23346.png"
"263336","FaChai","DJ BOOM BOOM","3","8","0","1","1.5% cash 2%","2026-01-14 09:57:37","https://static.ptgaming.ph/images/85c9c633ce4cf6eeddec811fe5191677.png","images/FaChai__DJ_BOOM_BOOM__263336.png"
"276351","JILI","High Noon","3","8","0","0","Exclusive ZI","2026-05-25 11:15:13","https://static.ptgaming.ph/images/d94b775a99afa1bc5250e605c3714b1e.jpg","images/JILI__High_Noon__276351.jpg"
"84","FaChai","STAR HUNTER","3","9","0","0","10%包赔","2024-02-26 18:44:21","https://static.ptgaming.ph/images/1d67a9b80ff111bfcdb965cd9f8fff52.png","images/FaChai__STAR_HUNTER__84.png"
"438","JILI","All-star Fishing","3","9","0","0","","2024-02-26 18:44:21","https://static.ptgaming.ph/images/8e7e84e218361a4df593da55a6b323e7.png","images/JILI__All-star_Fishing__438.png"
"552","JILI","Callbreak Quick","3","9","0","0","","2024-02-26 18:44:21","https://static.ptgaming.ph/images/41520bf02391e2dc3b4f919b862d9494.png","images/JILI__Callbreak_Quick__552.png"
"695","RTG","Frog Fortunes","3","9","0","0","","2024-02-26 18:44:21","https://static.ptgaming.ph/images/2618b069db2d6d1f5deae4158f491e70.png","images/RTG__Frog_Fortunes__695.png"
"20039","JDB","Dragon","3","9","0","0","","2024-02-26 18:44:21","https://static.ptgaming.ph/images/8161036ad8f631f2eccdb6392bcf8bd3.png","images/JDB__Dragon__20039.png"
"20097","SAGaming","Baccarat C01","3","9","0","0","","2024-02-26 18:44:21","https://static.ptgaming.ph/images/7e48b5cb9a0b35822fe62987fc8522e9.png","images/SAGaming__Baccarat_C01__20097.png"
"22237","PragmaticPlay","Speed Baccarat 12","3","9","0","0","","2024-02-26 18:44:21","https://static.ptgaming.ph/images/c3b76d49137d955994cfa2b56ac125d6.png","images/PragmaticPlay__Speed_Baccarat_12__22237.png"
"23193","PragmaticPlay","Fire Hot 5","3","9","0","0","","2024-02-26 18:44:21","https://static.ptgaming.ph/images/61392b53e7d60bba7b357d2c9665d45b.png","images/PragmaticPlay__Fire_Hot_5__23193.png"
"222020","YGR","Cash Maker 3","3","9","0","0","","2025-07-30 11:33:35","https://static.ptgaming.ph/images/bd01eb0ca0fc099b73131fcd86eb57f3.png","images/YGR__Cash_Maker_3__222020.png"
"546","JILI","TeenPatti","3","10","0","0","","2024-02-26 18:44:21","https://static.ptgaming.ph/images/2152e8e088b2d51e6421e001c0130f92.png","images/JILI__TeenPatti__546.png"
"788","RTG","Naughty or Nice","3","10","0","0","","2024-02-26 18:44:21","https://static.ptgaming.ph/images/f62ed74857e739cd2f6446452ffaf66c.png","images/RTG__Naughty_or_Nice__788.png"
"20095","SAGaming","Baccarat D07","3","10","0","0","","2024-02-26 18:44:21","https://static.ptgaming.ph/images/ba017071302844422d9039570a123b21.png","images/SAGaming__Baccarat_D07__20095.png"
"21044","JDB","Spindrift2","3","10","0","0","","2024-02-26 18:44:21","https://static.ptgaming.ph/images/c80aa9e17613a17fda915654bbbceada.png","images/JDB__Spindrift2__21044.png"
"21106","SAGaming","Speed Baccarat D08","3","10","0","0","","2024-02-26 18:44:21","https://static.ptgaming.ph/images/2b515865f466d4937ba7f185199418e1.png","images/SAGaming__Speed_Baccarat_D08__21106.png"
"22180","PragmaticPlay","Speed Baccarat 11","3","10","0","0","","2024-02-26 18:44:21","https://static.ptgaming.ph/images/bba0699efd18b8984a6055f047ad1214.png","images/PragmaticPlay__Speed_Baccarat_11__22180.png"
"23130","PragmaticPlay","Cash Bonanza","3","10","0","0","","2024-02-26 18:44:21","https://static.ptgaming.ph/images/958516d62c7023eff749855806a56fad.png","images/PragmaticPlay__Cash_Bonanza__23130.png"
"40007","JILI","Fortune Gems 3","3","10","0","1","1.5% cash 2%","2024-04-17 15:58:24","https://static.ptgaming.ph/images/a8de42b89706dc9fe37bc9e32e443737.png","images/JILI__Fortune_Gems_3__40007.png"
"42028","PragmaticPlay","Buffalo King Untamed Megaways","3","10","0","0","","2024-06-20 00:10:32","https://static.ptgaming.ph/images/945335294fea1399d781396059298629.png","images/PragmaticPlay__Buffalo_King_Untamed_Megaways__42028.png"
"46026","PragmaticPlay","Dragon Gold 88","3","10","0","0","","2024-08-26 00:16:40","https://static.ptgaming.ph/images/43dd07bf0cf21c4bdf79e07c12d9851d.png","images/PragmaticPlay__Dragon_Gold_88__46026.png"
"242237","SparkGame","Hagorn's Gold","3","10","0","1","Exclusive ZI","2026-05-07 14:53:29","https://static.ptgaming.ph/images/48e2c0a47ac70a6708b62c82fec9a282.png","images/SparkGame__Hagorn_s_Gold__242237.png"
"260339","Jumbo","Champion Dunk","3","10","0","0","","2026-05-15 15:08:59","https://static.ptgaming.ph/images/1b84799fec7156273487ecd97786530d.png","images/Jumbo__Champion_Dunk__260339.png"
"261313","SparkGame","Tongits Jackpot Spin","3","10","0","0","Exclusive ZI","2026-05-07 14:55:23","https://static.ptgaming.ph/images/be95bd13854c4bdb34d6548aa7892fb9.png","images/SparkGame__Tongits_Jackpot_Spin__261313.png"
"276344","5G","NEKO X NEKO","3","10","0","1","Exclusive ZI","2026-01-15 15:38:20","https://static.ptgaming.ph/images/b721a4d8f39054dc1ec061d7602ae0c9.png","images/5G__NEKO_X_NEKO__276344.png"
"431","JILI","Bombing Fishing","3","11","0","0","","2024-02-26 18:44:21","https://static.ptgaming.ph/images/cd4ad1b25a23dbdd6c9b466a05dbdf35.png","images/JILI__Bombing_Fishing__431.png"
"666","RTG","Double Double Bonus Poker","3","11","0","0","","2024-02-26 18:44:21","https://static.ptgaming.ph/images/d86d8991867453fc84f5b8285a93f77f.png","images/RTG__Double_Double_Bonus_Poker__666.png"
"778","RTG","Mermaid Royale","3","11","0","0","","2024-02-26 18:44:21","https://static.ptgaming.ph/images/235933cf33615e9bce2f3c177cf68202.png","images/RTG__Mermaid_Royale__778.png"
"20094","SAGaming","Baccarat D06","3","11","0","0","","2024-02-26 18:44:21","https://static.ptgaming.ph/images/37697d004c7c70bd6ce666da749144ef.png","images/SAGaming__Baccarat_D06__20094.png"
"21043","JDB","Moneybags Man","3","11","0","0","","2024-02-26 18:44:21","https://static.ptgaming.ph/images/442293e78a874673041ca588444a88a7.png","images/JDB__Moneybags_Man__21043.png"
"23177","PragmaticPlay","Speed Baccarat 10","3","11","0","0","","2024-02-26 18:44:21","https://static.ptgaming.ph/images/661a698ba4ccb8967d4b1684fa6247bd.png","images/PragmaticPlay__Speed_Baccarat_10__23177.png"
"23284","PragmaticPlay","Roulette Green","3","11","0","0","","2024-02-26 18:44:21","https://static.ptgaming.ph/images/5d0671c79cc1f194d0730ee77d056c59.png","images/PragmaticPlay__Roulette_Green__23284.png"
"42030","PragmaticPlay","Sweet Kingdom","3","11","0","0","","2024-07-01 00:26:28","https://static.ptgaming.ph/images/a9b3247cf93eaa1f1ad5722d23d9b503.png","images/PragmaticPlay__Sweet_Kingdom__42030.png"
"232003","PlayTech","Buffalo Blitz: Cash Collect","3","11","0","0","","2025-07-28 15:08:20","https://static.ptgaming.ph/images/e1cbf3dba13265465ab1051c22144934.png","images/PlayTech__Buffalo_Blitz_Cash_Collect__232003.png"
"664","RTG","Double Bonus Poker","3","12","0","0","","2024-02-26 18:44:21","https://static.ptgaming.ph/images/ad73ef62f835d02faa325b5a831aa999.png","images/RTG__Double_Bonus_Poker__664.png"
"822","RTG","Ritchie Valens™ La Bamba","3","12","0","0","","2024-02-26 18:44:21","https://static.ptgaming.ph/images/127c4962499b32b8765cfb15af7be0e4.png","images/RTG__Ritchie_Valens_La_Bamba__822.png"
"20038","JDB","SuperNiubi","3","12","0","0","","2024-02-26 18:44:21","https://static.ptgaming.ph/images/83b1b19135e721bff8219275f80769de.png","images/JDB__SuperNiubi__20038.png"
"21100","SAGaming","Baccarat D05","3","12","0","0","","2024-02-26 18:44:21","https://static.ptgaming.ph/images/ff760229cd0bd616bab8adf5f62f0ed7.png","images/SAGaming__Baccarat_D05__21100.png"
"22143","PragmaticPlay","Roulette Azure","3","12","0","0","","2024-02-26 18:44:21","https://static.ptgaming.ph/images/985bf8e222377b01d9277e009e6a3674.png","images/PragmaticPlay__Roulette_Azure__22143.png"
"22239","PragmaticPlay","Speed Baccarat 9","3","12","0","0","","2024-02-26 18:44:21","https://static.ptgaming.ph/images/e4ce0460493629f2acdbad38d6f3b494.png","images/PragmaticPlay__Speed_Baccarat_9__22239.png"
"23087","PragmaticPlay","Wild Gladiator","3","12","0","0","","2024-02-26 18:44:21","https://static.ptgaming.ph/images/21b3ebe83d671808837451f6735a4106.png","images/PragmaticPlay__Wild_Gladiator__23087.png"
"43012","PragmaticPlay","Hand of Midas 2","3","12","0","0","","2024-06-27 00:24:08","https://static.ptgaming.ph/images/f70763352b165c8df484f8c530f1aa96.png","images/PragmaticPlay__Hand_of_Midas_2__43012.png"
"235004","PlayTech","Sticky Bandits Thunder Rail","3","12","0","0","","2025-07-28 15:15:55","https://static.ptgaming.ph/images/ea48aa178837473a1ee0f87eedf9ec43.png","images/PlayTech__Sticky_Bandits_Thunder_Rail__235004.png"
"432","JILI","Dinosaur Tycoon","3","13","0","0","","2024-02-26 18:44:21","https://static.ptgaming.ph/images/43d867a73ac1e3100da61a96983573d3.png","images/JILI__Dinosaur_Tycoon__432.png"
"600","RTG","All American Poker","3","13","0","0","","2024-02-26 18:44:21","https://static.ptgaming.ph/images/15cbcd9bd04cd9e3cca86ce14c54452f.png","images/RTG__All_American_Poker__600.png"
"836","RTG","Secret Jungle","3","13","0","0","","2024-02-26 18:44:21","https://static.ptgaming.ph/images/8e06c163924285271484b9505fe4636b.png","images/RTG__Secret_Jungle__836.png"
"20037","JDB","Winning Mask II","3","13","0","0","","2024-02-26 18:44:21","https://static.ptgaming.ph/images/1776cf62b204baef90a27aec0acdbe3c.png","images/JDB__Winning_Mask_II__20037.png"
"21099","SAGaming","Baccarat D04","3","13","0","0","","2024-02-26 18:44:21","https://static.ptgaming.ph/images/9244e221a7e7fc59ec189f4528181e28.png","images/SAGaming__Baccarat_D04__21099.png"
"22167","PragmaticPlay","Speed Baccarat 8","3","13","0","0","","2024-02-26 18:44:21","https://static.ptgaming.ph/images/505d76205cda52440b9ba65c607faab0.png","images/PragmaticPlay__Speed_Baccarat_8__22167.png"
"22216","PragmaticPlay","Fruit Rainbow","3","13","0","0","","2024-02-26 18:44:21","https://static.ptgaming.ph/images/76f045860b63bff8f75668137b590724.png","images/PragmaticPlay__Fruit_Rainbow__22216.png"
"43015","PragmaticPlay","Crank it Up","3","13","0","0","","2024-07-04 00:20:04","https://static.ptgaming.ph/images/f6491babbbaaffa4daacc93db00df870.png","images/PragmaticPlay__Crank_it_Up__43015.png"
"164002","JILI","Circus Joker 4096","3","13","0","0","","2025-05-01 10:34:10","https://static.ptgaming.ph/images/ec6bbfe9aeb318f34c0f208923081503.png","images/JILI__Circus_Joker_4096__164002.png"
"708","RTG","Goblins: Gluttony of Gems","3","14","0","0","","2024-02-26 18:44:21","https://static.ptgaming.ph/images/ff2c9eea8b1200d3532117ed4eec1680.png","images/RTG__Goblins_Gluttony_of_Gems__708.png"
"838","RTG","Sevens Wild","3","14","0","0","","2024-02-26 18:44:21","https://static.ptgaming.ph/images/e87f474e56517f265d387f2933013c36.png","images/RTG__Sevens_Wild__838.png"
"20093","SAGaming","Baccarat D03","3","14","0","0","","2024-02-26 18:44:21","https://static.ptgaming.ph/images/857380f10cb2e6bdb292b4b520009fde.png","images/SAGaming__Baccarat_D03__20093.png"
"21042","JDB","Kingsman","3","14","0","0","","2024-02-26 18:44:21","https://static.ptgaming.ph/images/2d375a4e5fb02956abe3aa16632c138b.png","images/JDB__Kingsman__21042.png"
"22151","PragmaticPlay","Speed Baccarat 7","3","14","0","0","","2024-02-26 18:44:21","https://static.ptgaming.ph/images/803f8983ef5951beb4177492b1164ee7.png","images/PragmaticPlay__Speed_Baccarat_7__22151.png"
"23271","PragmaticPlay","Lucky Dragons","3","14","0","0","","2024-02-26 18:44:21","https://static.ptgaming.ph/images/9b898883fab6ef5c9d3039b9ccf10a34.png","images/PragmaticPlay__Lucky_Dragons__23271.png"
"43016","PragmaticPlay","Samurai Code","3","14","0","0","","2024-07-08 00:42:23","https://static.ptgaming.ph/images/136afcb002ff784236e73c26d303a188.png","images/PragmaticPlay__Samurai_Code__43016.png"
"621","RTG","Bonus Deuces Wild","3","15","0","0","","2024-02-26 18:44:21","https://static.ptgaming.ph/images/b0c6407ef60b7a6651f47e265961794a.png","images/RTG__Bonus_Deuces_Wild__621.png"
"815","RTG","Pulsar","3","15","0","0","","2024-02-26 18:44:21","https://static.ptgaming.ph/images/25efc45da427edb48dbba7a2a717ca47.png","images/RTG__Pulsar__815.png"
"20036","JDB","Lucky Dragons","3","15","0","0","","2024-02-26 18:44:21","https://static.ptgaming.ph/images/01a529d9603e1650e5d9062979ddfbcd.png","images/JDB__Lucky_Dragons__20036.png"
"20092","SAGaming","Baccarat D02","3","15","0","0","","2024-02-26 18:44:21","https://static.ptgaming.ph/images/8d898386d79cafce9d31cd0d523b6ee9.png","images/SAGaming__Baccarat_D02__20092.png"
"23197","PragmaticPlay","Speed Baccarat 6","3","15","0","0","","2024-02-26 18:44:21","https://static.ptgaming.ph/images/a45c24fd93e5dd3542fef6cf30fced57.png","images/PragmaticPlay__Speed_Baccarat_6__23197.png"
"23269","PragmaticPlay","Hercules Son Of Zeus","3","15","0","0","","2024-02-26 18:44:21","https://static.ptgaming.ph/images/5d119309940fefe8858787921d6a5b3c.png","images/PragmaticPlay__Hercules_Son_Of_Zeus__23269.png"
"43018","PragmaticPlay","6 Jokers","3","15","0","0","1% UNLIMITED","2024-07-15 00:12:00","https://static.ptgaming.ph/images/5bfa658d01dc63a4e7f00e2f5b8f2a68.png","images/PragmaticPlay__6_Jokers__43018.png"
"43031","PragmaticPlay","Sumo Supreme Megaways","3","15","0","0","","2024-08-19 00:35:02","https://static.ptgaming.ph/images/d7985743c4227d539ff87eb98edee088.png","images/PragmaticPlay__Sumo_Supreme_Megaways__43031.png"
"46016","JILI","Super Ace Scratch","3","15","0","0","","2024-07-30 17:20:26","https://static.ptgaming.ph/images/1c48fdd333ebec437ac8d99141db8307.png","images/JILI__Super_Ace_Scratch__46016.png"
"524","JILI","Lucky Bingo","3","16","0","0","","2024-02-26 18:44:21","https://static.ptgaming.ph/images/b609957c57148733bcf96eadc5395340.png","images/JILI__Lucky_Bingo__524.png"
"773","RTG","Meerkat Misfits","3","16","0","0","","2024-02-26 18:44:21","https://static.ptgaming.ph/images/e9db4acc44d820a0601e7450357845e1.png","images/RTG__Meerkat_Misfits__773.png"
"21074","JDB","Dragon Master","3","16","0","0","","2024-02-26 18:44:21","https://static.ptgaming.ph/images/38282009510036feb2ac606e7438e4e1.png","images/JDB__Dragon_Master__21074.png"
"22207","PragmaticPlay","Emerald King","3","16","0","0","","2024-02-26 18:44:21","https://static.ptgaming.ph/images/ce3e072dc794557fc9d1b6aa1c699e52.png","images/PragmaticPlay__Emerald_King__22207.png"
"23244","PragmaticPlay","Speed Baccarat 5","3","16","0","0","","2024-02-26 18:44:21","https://static.ptgaming.ph/images/8d1ab60a80554542747ce9b4dba52dbb.png","images/PragmaticPlay__Speed_Baccarat_5__23244.png"
"43024","PragmaticPlay","Money Stacks","3","16","0","0","","2024-08-01 00:24:36","https://static.ptgaming.ph/images/b71d9a10303ba807474aa95ebf41ff4b.png","images/PragmaticPlay__Money_Stacks__43024.png"
"594","RTG","Aces and Eights","3","17","0","0","","2024-02-26 18:44:21","https://static.ptgaming.ph/images/9bdbe6d074ffe12e46e101ad030de622.png","images/RTG__Aces_and_Eights__594.png"
"844","RTG","Snowmania","3","17","0","0","","2024-02-26 18:44:21","https://static.ptgaming.ph/images/8f4cc94f780de9dd9b0a626f7745cc95.png","images/RTG__Snowmania__844.png"
"21041","JDB","New Year","3","17","0","0","","2024-02-26 18:44:21","https://static.ptgaming.ph/images/2185f232d6e073167b15817c51355ded.png","images/JDB__New_Year__21041.png"
"22133","PragmaticPlay","Speed Baccarat 3","3","17","0","0","","2024-02-26 18:44:21","https://static.ptgaming.ph/images/3afd1198cb4299f84c84952fa0b7bbf3.png","images/PragmaticPlay__Speed_Baccarat_3__22133.png"
"23194","PragmaticPlay","Shining Hot 100","3","17","0","0","","2024-02-26 18:44:21","https://static.ptgaming.ph/images/a9255e1a856684a8c6d6c89dcc3a8e6a.png","images/PragmaticPlay__Shining_Hot_100__23194.png"
"44006","PragmaticPlay","Wildies","3","17","0","0","","2024-06-05 21:08:53","https://static.ptgaming.ph/images/9f8884a4d72f178800f2d081c50243f2.png","images/PragmaticPlay__Wildies__44006.png"
"625","RTG","Bonus Poker Deluxe","3","18","0","0","","2024-02-26 18:44:21","https://static.ptgaming.ph/images/44b2a897beec40b0547d926f6a75f9e5.png","images/RTG__Bonus_Poker_Deluxe__625.png"
"767","RTG","Magic Mushroom","3","18","0","0","","2024-02-26 18:44:21","https://static.ptgaming.ph/images/6f2d8af88cf24538a4f93ffb55da0c60.png","images/RTG__Magic_Mushroom__767.png"
"21040","JDB","Moneybags Man 2","3","18","0","0","","2024-02-26 18:44:21","https://static.ptgaming.ph/images/ad45ec58f45397893ee57bce53fe16c4.png","images/JDB__Moneybags_Man_2__21040.png"
"605","RTG","Asgard","3","19","0","0","","2024-02-26 18:44:21","https://static.ptgaming.ph/images/f5bb019ab3d9387e30221c3864ab2027.png","images/RTG__Asgard__605.png"
"21039","JDB","POP POP CANDY","3","19","0","0","","2024-02-26 18:44:21","https://static.ptgaming.ph/images/5b6d136f3f027ed4734e521df54014e0.png","images/JDB__POP_POP_CANDY__21039.png"
"21147","Evolution","Speed Baccarat 4","3","19","0","0","","2024-02-26 18:44:21","https://static.ptgaming.ph/images/ebcd21302a812bf7240e45f93170eec6.png","images/Evolution__Speed_Baccarat_4__21147.png"
"23273","PragmaticPlay","Lady Godiva","3","19","0","0","","2024-02-26 18:44:21","https://static.ptgaming.ph/images/8ca6747b8a5ee46563d5f042e7ade12e.png","images/PragmaticPlay__Lady_Godiva__23273.png"
"44008","PragmaticPlay","Devilicious","3","19","0","0","","2024-06-10 21:26:07","https://static.ptgaming.ph/images/c72869b290e2162a41a9fc7d5b25b441.png","images/PragmaticPlay__Devilicious__44008.png"
"245","Evolution","Infinite Blackjack","3","20","0","0","","2024-02-26 18:44:21","https://static.ptgaming.ph/images/c7a553c1e800b1317034c28262b55a8d.png","images/Evolution__Infinite_Blackjack__245.png"
"653","RTG","Cubee","3","20","0","0","","2024-02-26 18:44:21","https://static.ptgaming.ph/images/6e040b48adce8a8a3bf60a07b7c366a4.png","images/RTG__Cubee__653.png"
"930","Evolution","Mega Ball","3","20","0","0","Exclusive ZI","2024-02-26 18:44:21","https://static.ptgaming.ph/images/4a9ba0c4cd0cf00e45ddac95e7b96a13.png","images/Evolution__Mega_Ball__930.png"
"21038","JDB","LanternWealth","3","20","0","0","","2024-02-26 18:44:21","https://static.ptgaming.ph/images/275d63cccfb3b903301ed7651f930afc.png","images/JDB__LanternWealth__21038.png"
"21129","Evolution","Baccarat C","3","20","0","0","","2024-02-26 18:44:21","https://static.ptgaming.ph/images/58ca8277966b2101f89df9ee279b5c69.png","images/Evolution__Baccarat_C__21129.png"
"23253","PragmaticPlay","John Hunter and the Aztec Treasure","3","20","0","0","","2024-02-26 18:44:21","https://static.ptgaming.ph/images/578228c5dc672d8d29bc85b217b5ba79.png","images/PragmaticPlay__John_Hunter_and_the_Aztec_Treasure__23253.png"
"43025","JILI","Jhandi Munda","3","20","0","0","","2024-08-01 19:02:32","https://static.ptgaming.ph/images/4093342985ee1b73faaa52898caa12d5.png","images/JILI__Jhandi_Munda__43025.png"
"44009","PragmaticPlay","Big Bass Bonanza - Reel Action","3","20","0","0","","2024-06-10 21:33:54","https://static.ptgaming.ph/images/d8dcce6446e9afdf18882616a8f83a14.png","images/PragmaticPlay__Big_Bass_Bonanza_-_Reel_Action__44009.png"
"45013","SAGaming","D Blackjack","3","20","0","0","","2024-08-05 22:21:50","https://static.ptgaming.ph/images/04e95428e1cb1cf8b19bb3e9469976a9.png","images/SAGaming__D_Blackjack__45013.png"
"172007","JILI","3 LUCKY LION","3","20","0","0","","2025-05-22 17:52:57","https://static.ptgaming.ph/images/2175a8575a4fed604b937ff36421d9a0.png","images/JILI__3_LUCKY_LION__172007.png"
"247343","JILI","Cash Stack","3","20","0","0","","2026-01-21 15:00:06","https://static.ptgaming.ph/images/ac2ca1b7d749a6b17d69ddbc777c5f72.png","images/JILI__Cash_Stack__247343.png"
"255315","FaChai","GOLDEN IDOL","3","20","0","1","","2026-05-13 15:39:21","https://static.ptgaming.ph/images/f779aa6aa18adce472f6c9bc425dcc63.png","images/FaChai__GOLDEN_IDOL__255315.png"
"269290","JILI","Golden Treasure Lightning","3","20","0","0","","2026-01-10 11:43:51","https://static.ptgaming.ph/images/5d4f70fa04101a4c86c0f07510496999.png","images/JILI__Golden_Treasure_Lightning__269290.png"
"728","RTG","""I, Zombie (Jiang Shi)""","3","21","0","0","","2024-02-26 18:44:21","https://static.ptgaming.ph/images/c94afb5d3af1c1749eae6e67b981a357.png","images/RTG__I_Zombie_Jiang_Shi__728.png"
"743","RTG","Keno","3","21","0","0","","2024-02-26 18:44:21","https://static.ptgaming.ph/images/f87a421a82ccce2fbbb09262f9ac0f69.png","images/RTG__Keno__743.png"
"942","Evolution","Caribbean Stud Poker","3","21","0","0","","2024-02-26 18:44:21","https://static.ptgaming.ph/images/b8b3613c8925c062eb909d201aa740b8.png","images/Evolution__Caribbean_Stud_Poker__942.png"
"21073","JDB","Dragon Fishing","3","21","0","0","","2024-02-26 18:44:21","https://static.ptgaming.ph/images/0381b0245f6d3f930ce49e502e05e732.png","images/JDB__Dragon_Fishing__21073.png"
"23148","PragmaticPlay","Leprechaun Song","3","21","0","0","","2024-02-26 18:44:21","https://static.ptgaming.ph/images/a0625e858aafbf19a21d4ec2c1c756a0.png","images/PragmaticPlay__Leprechaun_Song__23148.png"
"23282","PragmaticPlay","Baccarat 8","3","21","0","0","","2024-02-26 18:44:21","https://static.ptgaming.ph/images/9bb6f2adbad74942ceeab05ccaa80ac0.png","images/PragmaticPlay__Baccarat_8__23282.png"
"44011","PragmaticPlay","Medusa's Stone","3","21","0","0","","2024-06-12 20:42:32","https://static.ptgaming.ph/images/92ed1ad38322ea50728309295f8d6ff2.png","images/PragmaticPlay__Medusa_s_Stone__44011.png"
"240303","Evolution","Perya Classic Blackjack 1","3","21","0","0","","2026-01-19 17:06:06","https://static.ptgaming.ph/images/9e0cb74f0a209abb714807f9298cf0c7.png","images/Evolution__Perya_Classic_Blackjack_1__240303.png"
"629","RTG","Bubble Bubble","3","22","0","0","","2024-02-26 18:44:21","https://static.ptgaming.ph/images/50542597a1c50f1d9793ff38498cd8e6.png","images/RTG__Bubble_Bubble__629.png"
"22083","PragmaticPlay","Dwarven Gold Deluxe","3","22","0","0","","2024-02-26 18:44:21","https://static.ptgaming.ph/images/fd003d14fbb4e79e0461cdd37550583c.png","images/PragmaticPlay__Dwarven_Gold_Deluxe__22083.png"
"23281","PragmaticPlay","Baccarat 7","3","22","0","0","","2024-02-26 18:44:21","https://static.ptgaming.ph/images/d365a9074d9d7540f0300eb73298146a.png","images/PragmaticPlay__Baccarat_7__23281.png"
"44012","PragmaticPlay","Big Bass Mission Fishin","3","22","0","0","","2024-06-17 20:52:49","https://static.ptgaming.ph/images/9ce276750564d1c473071038b558754a.png","images/PragmaticPlay__Big_Bass_Mission_Fishin__44012.png"
"554","JILI","Ludo Quick","3","23","0","0","","2024-02-26 18:44:21","https://static.ptgaming.ph/images/f759e69a023d6f7636f9f3849a3479d4.png","images/JILI__Ludo_Quick__554.png"
"678","RTG","Epic Holiday Party","3","23","0","0","","2024-02-26 18:44:21","https://static.ptgaming.ph/images/e36eed54b3c5c1d86f9350065e17b873.png","images/RTG__Epic_Holiday_Party__678.png"
"21037","JDB","Elemental Link Fire","3","23","0","0","","2024-02-26 18:44:21","https://static.ptgaming.ph/images/4a6ae3da7beebcbd704e14942b15f7ed.png","images/JDB__Elemental_Link_Fire__21037.png"
"22211","PragmaticPlay","Baccarat 6","3","23","0","0","","2024-02-26 18:44:21","https://static.ptgaming.ph/images/a14b29410050d05c8afb5ccdccc7ffc7.png","images/PragmaticPlay__Baccarat_6__22211.png"
"45002","PragmaticPlay","Hot To Burn Multiplier","3","23","0","0","","2024-07-11 00:21:05","https://static.ptgaming.ph/images/a61e96673b5207a055dbc42a9554cd68.png","images/PragmaticPlay__Hot_To_Burn_Multiplier__45002.png"
"681","RTG","European Roulette","3","24","0","0","","2024-02-26 18:44:21","https://static.ptgaming.ph/images/e64613d70737295ddc515efa59df2cf3.png","images/RTG__European_Roulette__681.png"
"779","RTG","Mermaid's Pearls","3","24","0","0","","2024-02-26 18:44:21","https://static.ptgaming.ph/images/f00380694ce66c310e943bb6803647da.png","images/RTG__Mermaid_s_Pearls__779.png"
"21036","JDB","OPEN SESAME MEGA","3","24","0","0","","2024-02-26 18:44:21","https://static.ptgaming.ph/images/c33396bb83c4bc98d571f7ed50e20949.png","images/JDB__OPEN_SESAME_MEGA__21036.png"
"23146","PragmaticPlay","Star Pirates Code","3","24","0","0","","2024-02-26 18:44:21","https://static.ptgaming.ph/images/e9c399381a2564d5360a46a11271ee47.png","images/PragmaticPlay__Star_Pirates_Code__23146.png"
"23243","PragmaticPlay","Baccarat 5","3","24","0","0","","2024-02-26 18:44:21","https://static.ptgaming.ph/images/f576d72d750bf23980c51286ac6c4393.png","images/PragmaticPlay__Baccarat_5__23243.png"
"46014","PragmaticPlay","Bow of Artemis","3","24","0","0","","2024-07-29 15:38:05","https://static.ptgaming.ph/images/458f2f7ed52922ba308e73e598620745.png","images/PragmaticPlay__Bow_of_Artemis__46014.png"
"703","RTG","Gemtopia","3","25","0","0","","2024-02-26 18:44:21","https://static.ptgaming.ph/images/ef97404643a8b8739063408f03e14469.png","images/RTG__Gemtopia__703.png"
"20035","JDB","SuperNiubiDeluxe","3","25","0","0","","2024-02-26 18:44:21","https://static.ptgaming.ph/images/ac00bc5efa0fd6c00a5e40ce073d514f.png","images/JDB__SuperNiubiDeluxe__20035.png"
"20139","Evolution","Bonsai Speed Baccarat C","3","25","0","0","","2024-02-26 18:44:21","https://static.ptgaming.ph/images/da5eec18ce4d423ed4c0a899171f9c8e.png","images/Evolution__Bonsai_Speed_Baccarat_C__20139.png"
"22077","PragmaticPlay","Wild Walker","3","25","0","0","","2024-02-26 18:44:21","https://static.ptgaming.ph/images/f5d6a27d45ffb6d4c24a5b2e9f1a0e3b.png","images/PragmaticPlay__Wild_Walker__22077.png"
"22238","PragmaticPlay","Baccarat 3","3","25","0","0","","2024-02-26 18:44:21","https://static.ptgaming.ph/images/e78dc96923bcbfc31938c099c6667a5e.png","images/PragmaticPlay__Baccarat_3__22238.png"
"45012","JILI","Crash Cricket","3","25","0","0","","2024-08-02 17:40:48","https://static.ptgaming.ph/images/80b0b61c9c52c1729b59e74a0a6ae650.png","images/JILI__Crash_Cricket__45012.png"
"46015","PragmaticPlay","Dynamite Diggin Doug","3","25","0","0","","2024-07-29 16:05:40","https://static.ptgaming.ph/images/1ac023bfab380789f2a995de9bdd8b6f.png","images/PragmaticPlay__Dynamite_Diggin_Doug__46015.png"
"46018","SAGaming","D Dragon Tiger","3","25","0","0","","2024-08-05 14:06:25","https://static.ptgaming.ph/images/a1898390ead75e6884079c2468a2205e.png","images/SAGaming__D_Dragon_Tiger__46018.png"
"193","Evolution","Super Andar Bahar","3","26","0","0","","2024-02-26 18:44:21","https://static.ptgaming.ph/images/e8d9d570a9427ebb77bc40d3ecb031e0.png","images/Evolution__Super_Andar_Bahar__193.png"
"553","JILI","TeenPatti 20-20","3","26","0","0","10%包赔","2024-02-26 18:44:21","https://static.ptgaming.ph/images/14430971f3ebb3cfec1972061f9e88c0.png","images/JILI__TeenPatti_20-20__553.png"
"705","RTG","Giant Fortunes","3","26","0","0","","2024-02-26 18:44:21","https://static.ptgaming.ph/images/d8bac59c79019878d901ce194cf43ee4.png","images/RTG__Giant_Fortunes__705.png"
"21035","JDB","CAISHEN COMING","3","26","0","0","","2024-02-26 18:44:21","https://static.ptgaming.ph/images/383e29db59f0d640a946bcdc584ff844.png","images/JDB__CAISHEN_COMING__21035.png"
"21123","Evolution","Bonsai Speed Baccarat B","3","26","0","0","1% Cashback EVO","2024-02-26 18:44:21","https://static.ptgaming.ph/images/1cb1737891f89639cea8fc92acd12bf0.png","images/Evolution__Bonsai_Speed_Baccarat_B__21123.png"
"23154","PragmaticPlay","Baccarat 2","3","26","0","0","1% UNLIMITED","2024-02-26 18:44:21","https://static.ptgaming.ph/images/fd7fa3849cb315820578a75391c80f6f.png","images/PragmaticPlay__Baccarat_2__23154.png"
"23263","PragmaticPlay","7 Piggies","3","26","0","0","","2024-02-26 18:44:21","https://static.ptgaming.ph/images/645237862395f408f66cce7d79510638.png","images/PragmaticPlay__7_Piggies__23263.png"
"43026","PragmaticPlay","Running Sushi","3","26","0","0","","2024-08-05 00:11:55","https://static.ptgaming.ph/images/38bbccd07ce8e443b93f721c4bf18df0.png","images/PragmaticPlay__Running_Sushi__43026.png"
"45007","Evolution","Salon Privé Baccarat N","3","26","0","0","","2024-07-24 14:49:18","https://static.ptgaming.ph/images/e08c7e530b0219259a95df524deed662.png","images/Evolution__Salon_Priv_Baccarat_N__45007.png"
"149","Evolution","First Person Dragon Tiger","3","27","0","0","","2024-02-26 18:44:21","https://static.ptgaming.ph/images/ccb8e3532c0fa82d454db3851ba7ae23.png","images/Evolution__First_Person_Dragon_Tiger__149.png"
"848","RTG","Stardust","3","27","0","0","","2024-02-26 18:44:21","https://static.ptgaming.ph/images/3fdf196de16e4d267d626b933c4a2fb5.png","images/RTG__Stardust__848.png"
"20034","JDB","Big Three Dragons","3","27","0","0","","2024-02-26 18:44:21","https://static.ptgaming.ph/images/1f704517a1b3ec03e1a8a03eccafe8ad.png","images/JDB__Big_Three_Dragons__20034.png"
"623","RTG","Bonus Poker","3","28","0","0","","2024-02-26 18:44:21","https://static.ptgaming.ph/images/47793ebd505824545a39625e510e0ea9.png","images/RTG__Bonus_Poker__623.png"
"795","RTG","Ocean Oddities","3","28","0","0","","2024-02-26 18:44:21","https://static.ptgaming.ph/images/da884f9adac4f3937070d715cfba5fa2.png","images/RTG__Ocean_Oddities__795.png"
"20033","JDB","Open SesameII","3","28","0","0","","2024-02-26 18:44:21","https://static.ptgaming.ph/images/f242f33ed447926594ff4b7698ec4931.png","images/JDB__Open_SesameII__20033.png"
"23092","PragmaticPlay","7 Monkeys","3","28","0","0","","2024-02-26 18:44:21","https://static.ptgaming.ph/images/18744ea797bec273632adc73d7a8659e.png","images/PragmaticPlay__7_Monkeys__23092.png"
"798","RTG","Paddy's Lucky Forest","3","29","0","0","","2024-02-26 18:44:21","https://static.ptgaming.ph/images/7f6d16b649a006f180114045cb6c4558.png","images/RTG__Paddy_s_Lucky_Forest__798.png"
"22218","PragmaticPlay","Super Joker","3","29","0","0","","2024-02-26 18:44:21","https://static.ptgaming.ph/images/20dacd4b5a6122f52c8ee5155a599b56.png","images/PragmaticPlay__Super_Joker__22218.png"
"46011","Evolution","Salon Privé Baccarat M","3","29","0","0","","2024-07-24 14:52:12","https://static.ptgaming.ph/images/cb3cfe8d44078736a03d6dff9000cf09.png","images/Evolution__Salon_Priv_Baccarat_M__46011.png"
"741","RTG","Joker Poker","3","30","0","0","","2024-02-26 18:44:21","https://static.ptgaming.ph/images/730d0a19afde4c57892ac822ca51e5b6.png","images/RTG__Joker_Poker__741.png"
"828","RTG","Run Rabbit, Run","3","30","0","0","","2024-02-26 18:44:21","https://static.ptgaming.ph/images/6dae42fe041d0d07d1937f6e140be5c6.png","images/RTG__Run_Rabbit_Run__828.png"
"21034","JDB","MayaGoldCrazy","3","30","0","0","","2024-02-26 18:44:21","https://static.ptgaming.ph/images/ab93885681ec6771f69a3e8750780cba.png","images/JDB__MayaGoldCrazy__21034.png"
"23232","PragmaticPlay","Joker King","3","30","0","0","","2024-02-26 18:44:21","https://static.ptgaming.ph/images/32cef10cd9c3aa7814aa4591137676ef.png","images/PragmaticPlay__Joker_King__23232.png"
"45015","JILI","Party Star","3","30","0","0","","2024-08-08 12:03:33","https://static.ptgaming.ph/images/afb93446685b11d8403e9f8dd9bdd22c.png","images/JILI__Party_Star__45015.png"
"45017","JILI","Boxing Extravaganza","3","30","0","0","","2024-08-21 15:24:06","https://static.ptgaming.ph/images/ed9b2f15a0ae7a30db26534195915a79.png","images/JILI__Boxing_Extravaganza__45017.png"
"45024","FaChai","FORTUNE MONEY BOOM","3","30","0","0","","2024-09-12 14:52:55","https://static.ptgaming.ph/images/3ed71e89b0c11ebff8d3d946dd0e38ad.png","images/FaChai__FORTUNE_MONEY_BOOM__45024.png"
"46019","PragmaticPlay","Yeti Quest","3","30","0","0","","2024-08-08 00:17:50","https://static.ptgaming.ph/images/c813bf1dea6a77cc195ff0f4e0ac7f8b.png","images/PragmaticPlay__Yeti_Quest__46019.png"
"69002","Evolution","Crazy Balls","3","30","0","0","1% UNLIMITED","2024-12-05 10:23:30","https://static.ptgaming.ph/images/09f7790222520d1765a87987508ee88b.png","images/Evolution__Crazy_Balls__69002.png"
"79002","YellowBat","CRAZY COLOR","3","30","0","1","10%包赔","2024-12-16 17:13:15","https://static.ptgaming.ph/images/0033a767bf16f03c0c655ecbad530613.png","images/YellowBat__CRAZY_COLOR__79002.png"
"244343","Jumbo","Super Gems","3","30","0","1","1.5% cash 2%","2026-02-09 16:45:13","https://static.ptgaming.ph/images/c4b513488994b679817d4a416e47ce91.png","images/Jumbo__Super_Gems__244343.png"
"245349","JILI","Jackpot Fishing 2","3","30","0","0","10%包赔","2026-01-16 14:09:36","https://static.ptgaming.ph/images/1b850aa6e783fa259ac348bb7d80ff53.png","images/JILI__Jackpot_Fishing_2__245349.png"
"246324","JILI","Mines Cricket","3","30","0","0","","2026-03-02 13:36:30","https://static.ptgaming.ph/images/5b231f1110d97645fc4d881fb24bf4ac.png","images/JILI__Mines_Cricket__246324.png"
"250317","JILI","Chicken Dash 10000","3","30","0","0","","2026-01-10 11:43:04","https://static.ptgaming.ph/images/50e5db81be6b7dbe25429cde56bf351f.png","images/JILI__Chicken_Dash_10000__250317.png"
"252373","JILI","Blazing Train","3","30","0","0","Exclusive ZI","2026-05-11 11:30:22","https://static.ptgaming.ph/images/8838a75a7ba229e6f88960103181612c.png","images/JILI__Blazing_Train__252373.png"
"679","RTG","Eternal Love","3","31","0","0","","2024-02-26 18:44:21","https://static.ptgaming.ph/images/809d942d5fa8ce6369d566dfcc082418.png","images/RTG__Eternal_Love__679.png"
"22233","PragmaticPlay","Hot Safari","3","31","0","0","","2024-02-26 18:44:21","https://static.ptgaming.ph/images/68931b26699a09bd919e797f2b2cc13c.png","images/PragmaticPlay__Hot_Safari__22233.png"
"870","RTG","The Three Stooges II","3","32","0","0","","2024-02-26 18:44:21","https://static.ptgaming.ph/images/0a84db1b12ca033777945d4eaf2423b3.png","images/RTG__The_Three_Stooges_II__870.png"
"951","JILI","Miniflush","3","32","0","0","","2024-02-26 18:44:21","https://static.ptgaming.ph/images/7da3966b9b4946b1e81f4c6617fdf6a3.png","images/JILI__Miniflush__951.png"
"21033","JDB","Open Sesame","3","32","0","0","","2024-02-26 18:44:21","https://static.ptgaming.ph/images/648328d7bdd1936dd5e6ce6da789f85c.png","images/JDB__Open_Sesame__21033.png"
"22076","PragmaticPlay","Pixie Wings","3","32","0","0","","2024-02-26 18:44:21","https://static.ptgaming.ph/images/338498cb0ec1e5b3c0e689abeded3e3a.png","images/PragmaticPlay__Pixie_Wings__22076.png"
"521","JILI","Super Bingo","3","33","0","0","","2024-02-26 18:44:21","https://static.ptgaming.ph/images/7a04c0508df68b3f040e35e373de98ed.png","images/JILI__Super_Bingo__521.png"
"716","RTG","Green Light","3","33","0","0","","2024-02-26 18:44:21","https://static.ptgaming.ph/images/74024302e362a35b0179ef5f1c9ef7de.png","images/RTG__Green_Light__716.png"
"20030","JDB","FRUITY BONANZA","3","33","0","0","","2024-02-26 18:44:21","https://static.ptgaming.ph/images/02e3a6fd39d264166b6928b49aa76814.png","images/JDB__FRUITY_BONANZA__20030.png"
"21072","JDB","Fishing YiLuFa","3","33","0","0","","2024-02-26 18:44:21","https://static.ptgaming.ph/images/a5ceb658ab6c3205be981e1d442bf1aa.png","images/JDB__Fishing_YiLuFa__21072.png"
"23240","PragmaticPlay","Street Racer","3","33","0","0","","2024-02-26 18:44:21","https://static.ptgaming.ph/images/a59fec171fb1927dedac431085cc4713.png","images/PragmaticPlay__Street_Racer__23240.png"
"245002","SparkGame","BINGO PINOY","3","33","1","1","1.5% cashbacky","2025-08-21 09:23:11","https://static.ptgaming.ph/images/c717c753b4b0a2bc26a5e36c17e6bbe4.png","images/SparkGame__BINGO_PINOY__245002.png"
"655","RTG","Desert Raider","3","34","0","0","","2024-02-26 18:44:21","https://static.ptgaming.ph/images/05ded153ad216d77bcf48b3c80353503.png","images/RTG__Desert_Raider__655.png"
"738","RTG","Jacks or Better","3","34","0","0","","2024-02-26 18:44:21","https://static.ptgaming.ph/images/9b4f5c27295ed9bfccb2b73e603c8809.png","images/RTG__Jacks_or_Better__738.png"
"939","Evolution","2 Hand Casino Hold'em","3","34","0","0","","2024-02-26 18:44:21","https://static.ptgaming.ph/images/2aaf1c5e9cba64371b92c4465cfad3d6.png","images/Evolution__2_Hand_Casino_Hold_em__939.png"
"21032","JDB","Blossom of Wealth","3","34","0","0","","2024-02-26 18:44:21","https://static.ptgaming.ph/images/3e8a5445fd217ad9b01228303fc37e51.png","images/JDB__Blossom_of_Wealth__21032.png"
"73003","YellowBat","MONEY BINGO","3","34","1","0","hot","2024-12-16 16:43:33","https://static.ptgaming.ph/images/58dd74e15818de19016efa5d00136248.png","images/YellowBat__MONEY_BINGO__73003.png"
"516","JILI","iRich Bingo","3","35","1","0","hot","2024-02-26 18:44:21","https://static.ptgaming.ph/images/47121cb2861912868ffc7915940005c3.png","images/JILI__iRich_Bingo__516.png"
"549","JILI","Rummy","3","35","0","0","","2024-02-26 18:44:21","https://static.ptgaming.ph/images/7dd1ca0b26bdd392b5faf77b9a562766.png","images/JILI__Rummy__549.png"
"894","RTG","Wild Hog Luau","3","35","0","0","","2024-02-26 18:44:21","https://static.ptgaming.ph/images/89e1bf42692a2d9bdaee9b816510584a.png","images/RTG__Wild_Hog_Luau__894.png"
"22013","Evolution","Speed VIP Blackjack R","3","35","0","0","","2024-02-26 18:44:21","https://static.ptgaming.ph/images/d3e8435616f7f21bec9eb8f89b68f0b8.png","images/Evolution__Speed_VIP_Blackjack_R__22013.png"
"22187","PragmaticPlay","Snakes & Ladders - Snake Eyes","3","35","0","0","","2024-02-26 18:44:21","https://static.ptgaming.ph/images/afce0988cdbdd9415fc62b983f8036ee.png","images/PragmaticPlay__Snakes_Ladders_-_Snake_Eyes__22187.png"
"23015","Evolution","Speed VIP Blackjack Q","3","35","0","0","","2024-02-26 18:44:21","https://static.ptgaming.ph/images/008069fac2145eb6f7c47402d082fbfc.png","images/Evolution__Speed_VIP_Blackjack_Q__23015.png"
"437","JILI","Happy Fishing","3","36","0","0","","2024-02-26 18:44:21","https://static.ptgaming.ph/images/dc61c63639b1627382b0fa335640e277.png","images/JILI__Happy_Fishing__437.png"
"901","RTG","Zhanshi","3","36","0","0","","2024-02-26 18:44:21","https://static.ptgaming.ph/images/e59cc0d7744cb34c87eb9fce9844ce9c.png","images/RTG__Zhanshi__901.png"
"20032","JDB","Kong","3","36","0","0","","2024-02-26 18:44:21","https://static.ptgaming.ph/images/ea3f8ab9c4be3b432167dcfa262f15d5.png","images/JDB__Kong__20032.png"
"20067","JDB","Shade Dragons Fishing","3","36","0","0","10%包赔","2024-02-26 18:44:21","https://static.ptgaming.ph/images/8ea86037ed24c54b3f8ea165a1ca9c8b.png","images/JDB__Shade_Dragons_Fishing__20067.png"
"23075","PragmaticPlay","Floating Dragon New Year Festival Ultra Megaways","3","36","0","0","","2024-02-26 18:44:21","https://static.ptgaming.ph/images/576bdc29fa3b5a740dcef2dddfc2ed10.png","images/PragmaticPlay__Floating_Dragon_New_Year_Festival_Ultra_Megaways__23075.png"
"717","RTG","Halloween Treasures","3","37","0","0","","2024-02-26 18:44:21","https://static.ptgaming.ph/images/8aef397e8b2e99d2fe301c373c4d3eb8.png","images/RTG__Halloween_Treasures__717.png"
"23091","PragmaticPlay","Mysterious","3","37","0","0","","2024-02-26 18:44:21","https://static.ptgaming.ph/images/ab0ef561c0972858f6ea8ed0a16ec33e.png","images/PragmaticPlay__Mysterious__23091.png"
"201","Evolution","Teen Patti","3","38","0","0","","2024-02-26 18:44:21","https://static.ptgaming.ph/images/2d41160c8567d117648cc58758230d6e.png","images/Evolution__Teen_Patti__201.png"
"514","JILI","Poker King","3","38","0","0","","2024-02-26 18:44:21","https://static.ptgaming.ph/images/397b9e704f3c3f79f6722f7ed9cf8e75.png","images/JILI__Poker_King__514.png"
"597","RTG","Achilles Deluxe","3","38","0","0","","2024-02-26 18:44:21","https://static.ptgaming.ph/images/6176c143f75b18d5e534d2aecb7843ed.png","images/RTG__Achilles_Deluxe__597.png"
"23156","PragmaticPlay","Gems of Serengeti","3","38","0","0","","2024-02-26 18:44:21","https://static.ptgaming.ph/images/221ddb65837803a06643d6a9c294fd4a.png","images/PragmaticPlay__Gems_of_Serengeti__23156.png"
"433","JILI","Jackpot Fishing","3","39","1","0","10%包赔","2024-02-26 18:44:21","https://static.ptgaming.ph/images/16210b302342467e7b28ec8ca5734903.png","images/JILI__Jackpot_Fishing__433.png"
"435","JILI","Mega Fishing","3","39","0","0","10%包赔","2024-02-26 18:44:21","https://static.ptgaming.ph/images/6850e5a814349ce4957ef28c3fbd1528.png","images/JILI__Mega_Fishing__435.png"
"548","JILI","Andar Bahar","3","39","0","0","","2024-02-26 18:44:21","https://static.ptgaming.ph/images/0288e6b00a69221d7d63d24ec6a28935.png","images/JILI__Andar_Bahar__548.png"
"866","RTG","The Naughty List","3","39","0","0","","2024-02-26 18:44:21","https://static.ptgaming.ph/images/4c549d7cfbda3d92e5e62203092b1cef.png","images/RTG__The_Naughty_List__866.png"
"21031","JDB","TreasureBowl","3","39","0","0","","2024-02-26 18:44:21","https://static.ptgaming.ph/images/c2c7ea6bd1cf8c2ffc412f8d9e06a3df.png","images/JDB__TreasureBowl__21031.png"
"23019","Evolution","Speed VIP Blackjack P","3","39","0","0","","2024-02-26 18:44:21","https://static.ptgaming.ph/images/0a0eab34a4b2600c99a981323d2e77fc.png","images/Evolution__Speed_VIP_Blackjack_P__23019.png"
"543","JILI","Keno","3","40","0","0","","2024-02-26 18:44:21","https://static.ptgaming.ph/images/9cb976ebdc604e07088c31ac7c4c3f92.png","images/JILI__Keno__543.png"
"891","RTG","Warrior Conquest","3","40","0","0","","2024-02-26 18:44:21","https://static.ptgaming.ph/images/694f1a288bcbb0deb455aa0c49673a30.png","images/RTG__Warrior_Conquest__891.png"
"22012","Evolution","Speed VIP Blackjack O","3","40","0","0","","2024-02-26 18:44:21","https://static.ptgaming.ph/images/3804bb7f403b9805406b8895fb513fa4.png","images/Evolution__Speed_VIP_Blackjack_O__22012.png"
"22188","PragmaticPlay","Fire Hot 100","3","40","0","0","","2024-02-26 18:44:21","https://static.ptgaming.ph/images/42fb0c900006ab2169b2970c507d341e.png","images/PragmaticPlay__Fire_Hot_100__22188.png"
"43027","PGSoft","Yakuza Honor","3","40","0","0","","2024-08-14 11:49:36","https://static.ptgaming.ph/images/1b7e6ae432595f5b4d6a63884479d064.png","images/PGSoft__Yakuza_Honor__43027.png"
"43028","JILI","Egypt's Glow","3","40","0","0","","2024-08-14 18:05:35","https://static.ptgaming.ph/images/1031716da5b6446eb686158ffd6f8bc3.png","images/JILI__Egypt_s_Glow__43028.png"
"45001","JDB","Magic Ace","3","40","0","0","","2024-07-08 16:54:08","https://static.ptgaming.ph/images/78514bf59de99b55d050314db03ddc98.png","images/JDB__Magic_Ace__45001.png"
"65004","YellowBat","GOLDEN AZTEC MEGA","3","40","0","0","","2024-12-16 16:28:59","https://static.ptgaming.ph/images/dff6149cf800e518848687fef9f20b3d.png","images/YellowBat__GOLDEN_AZTEC_MEGA__65004.png"
"837","RTG","Secret Symbol","3","41","0","0","","2024-02-26 18:44:21","https://static.ptgaming.ph/images/f2bb3d8fd008381e9a3295d728824437.png","images/RTG__Secret_Symbol__837.png"
"291","Evolution","Football Studio","3","42","0","0","","2024-02-26 18:44:21","https://static.ptgaming.ph/images/9cc55bd4bb6a92bf88d26394c15b74ce.png","images/Evolution__Football_Studio__291.png"
"540","JILI","Limbo","3","42","0","0","","2024-02-26 18:44:21","https://static.ptgaming.ph/images/b0bb3e8198d77f0a15aecbb666bb846b.png","images/JILI__Limbo__540.png"
"701","RTG","Gem Fruits","3","42","0","0","","2024-02-26 18:44:21","https://static.ptgaming.ph/images/6b18c2b81a59d80d788a657f24570714.png","images/RTG__Gem_Fruits__701.png"
"21155","Evolution","Speed VIP Blackjack N","3","42","0","0","","2024-02-26 18:44:21","https://static.ptgaming.ph/images/12e0f775a6bd370cd62a2ecf8a5dd9e8.png","images/Evolution__Speed_VIP_Blackjack_N__21155.png"
"22126","PragmaticPlay","Treasure Horse","3","42","0","0","","2024-02-26 18:44:21","https://static.ptgaming.ph/images/0369594852f6760349fc2937f2347ef6.png","images/PragmaticPlay__Treasure_Horse__22126.png"
"79001","YellowBat","HEAT BINGO","3","42","1","1","hot","2024-12-16 16:43:13","https://static.ptgaming.ph/images/22c30925a851b6ea737c8452a8412b7d.png","images/YellowBat__HEAT_BINGO__79001.png"
"882","RTG","Twister Wilds","3","43","0","0","","2024-02-26 18:44:21","https://static.ptgaming.ph/images/4b0f6636f0e2249dcd27794c9e36156f.png","images/RTG__Twister_Wilds__882.png"
"20031","JDB","Trump Card","3","43","0","0","","2024-02-26 18:44:21","https://static.ptgaming.ph/images/e20869ca16cd1a193daf3c246d0694f4.png","images/JDB__Trump_Card__20031.png"
"545","JILI","Crash Bonus","3","44","0","0","","2024-02-26 18:44:21","https://static.ptgaming.ph/images/da2032e7089a5dee4cca4a9c30b57bc9.png","images/JILI__Crash_Bonus__545.png"
"752","RTG","Loch Ness Loot","3","44","0","0","","2024-02-26 18:44:21","https://static.ptgaming.ph/images/78118546b1f6f30b208d9e370f8ab472.png","images/RTG__Loch_Ness_Loot__752.png"
"840","RTG","Shanghai Lights","3","45","0","0","","2024-02-26 18:44:21","https://static.ptgaming.ph/images/671b4db7d4a751c63343f35a70b54031.png","images/RTG__Shanghai_Lights__840.png"
"23088","PragmaticPlay","Voodoo Magic","3","45","0","0","","2024-02-26 18:44:21","https://static.ptgaming.ph/images/13c078de16aa575ea25af6e75e8912e0.png","images/PragmaticPlay__Voodoo_Magic__23088.png"
"45003","PGSoft","Shark Bounty","3","45","0","0","","2024-07-15 19:47:40","https://static.ptgaming.ph/images/0fc60d806852dc4d0bc6e17060739f80.png","images/PGSoft__Shark_Bounty__45003.png"
"604","RTG","Ancient Gods (Yuan Gu Sheng Shou)","3","46","0","0","","2024-02-26 18:44:21","https://static.ptgaming.ph/images/c161605f41df858f33bb270930333f16.png","images/RTG__Ancient_Gods_Yuan_Gu_Sheng_Shou__604.png"
"22004","Evolution","Blackjack VIP 6","3","46","0","0","","2024-02-26 18:44:21","https://static.ptgaming.ph/images/c41f9d1bc43f5d910b86e0230e02191b.png","images/Evolution__Blackjack_VIP_6__22004.png"
"520","JILI","Sic Bo","3","47","0","0","10%包赔","2024-02-26 18:44:21","https://static.ptgaming.ph/images/90e832521afdaa4d9a160878a9854b72.png","images/JILI__Sic_Bo__520.png"
"648","RTG","Count Spectacular","3","47","0","0","","2024-02-26 18:44:21","https://static.ptgaming.ph/images/7e420644a3d386ac5d3065423d069d4d.png","images/RTG__Count_Spectacular__648.png"
"558","JILI","Blackjack Lucky Ladies","3","48","0","0","","2024-02-26 18:44:21","https://static.ptgaming.ph/images/b1236ef6728453d20fc1febde818095a.png","images/JILI__Blackjack_Lucky_Ladies__558.png"
"812","RTG","Popiñata","3","48","0","0","","2024-02-26 18:44:21","https://static.ptgaming.ph/images/c6eec2606883ef73bd25adc4a260f88e.png","images/RTG__Popi_ata__812.png"
"22130","PragmaticPlay","The Red Queen","3","48","0","0","","2024-02-26 18:44:21","https://static.ptgaming.ph/images/9f6fc946c22a9705413a9c90dc46b7e6.png","images/PragmaticPlay__The_Red_Queen__22130.png"
"286","Evolution","Blackjack VIP 14","3","49","0","0","","2024-02-26 18:44:21","https://static.ptgaming.ph/images/181e98ddccc5461ed8d5a318fdee4b53.png","images/Evolution__Blackjack_VIP_14__286.png"
"529","JILI","PAPPU","3","49","0","0","","2024-02-26 18:44:21","https://static.ptgaming.ph/images/80b0dc8798850bee51697fdd0e33b71b.png","images/JILI__PAPPU__529.png"
"863","RTG","Thai Emerald","3","49","0","0","","2024-02-26 18:44:21","https://static.ptgaming.ph/images/dc99cc3c044bd4283be2faeab2da2190.png","images/RTG__Thai_Emerald__863.png"
"23090","PragmaticPlay","Wild Pixies","3","49","0","0","","2024-02-26 18:44:21","https://static.ptgaming.ph/images/b10728e7c7663bfaba8a44aab1ccd308.png","images/PragmaticPlay__Wild_Pixies__23090.png"
"845","RTG","Sparky 7","3","50","0","0","","2024-02-26 18:44:21","https://static.ptgaming.ph/images/5a521560f79b07ef7a7e75a35eb7be82.png","images/RTG__Sparky_7__845.png"
"876","RTG","Tri-Card Poker","3","50","0","0","","2024-02-26 18:44:21","https://static.ptgaming.ph/images/7a13fff11e69c4f3e7fa79f470a020d4.png","images/RTG__Tri-Card_Poker__876.png"
"22128","PragmaticPlay","Smugglers Cove","3","50","0","0","","2024-02-26 18:44:21","https://static.ptgaming.ph/images/538e8b1db04e86896c12bcea571cca2b.png","images/PragmaticPlay__Smugglers_Cove__22128.png"
"43035","PragmaticPlay","Gem Elevator","3","50","0","0","","2024-08-29 00:16:37","https://static.ptgaming.ph/images/bdef266d83dc672ef8469b41b68fa0d4.png","images/PragmaticPlay__Gem_Elevator__43035.png"
"43038","JDB","Bull Treasure","3","50","0","0","","2024-09-06 12:36:37","https://static.ptgaming.ph/images/4e4d5d6c2a30f034e9ca68c631c934c6.png","images/JDB__Bull_Treasure__43038.png"
"45009","FaChai","LUCKY FORTUNES 3x3","3","50","0","0","","2024-07-25 20:21:20","https://static.ptgaming.ph/images/d0d380196f77a5c29e2d131b5bff18a9.png","images/FaChai__LUCKY_FORTUNES_3x3__45009.png"
"45014","Evolution","Lightning Ball","3","50","0","0","","2024-08-07 16:02:22","https://static.ptgaming.ph/images/48bbf32eafed31c57ff0e400bb6115bb.png","images/Evolution__Lightning_Ball__45014.png"
"46021","PragmaticPlay","Joker’s Jewels Hot","3","50","0","0","","2024-08-20 17:56:16","https://static.ptgaming.ph/images/30da9d2d3f3ec292287937336ce4999e.png","images/PragmaticPlay__Joker_s_Jewels_Hot__46021.png"
"46027","JILI","Thai Hilo","3","50","0","0","","2024-09-02 20:14:07","https://static.ptgaming.ph/images/afcf62084a8d0df4deb4476dc43a9876.png","images/JILI__Thai_Hilo__46027.png"
"60002","YellowBat","OCEAN PHOENIX","3","50","0","0","","2024-12-16 16:41:51","https://static.ptgaming.ph/images/94ec8c4b8bc5435d173b554fdb400b7a.png","images/YellowBat__OCEAN_PHOENIX__60002.png"
"122004","JILI","Super Ace Joker","3","50","0","0","1.5% cash 2%","2025-03-05 15:57:14","https://static.ptgaming.ph/images/3b31468c9607e4f119c6ee57bceef0b2.png","images/JILI__Super_Ace_Joker__122004.png"
"166002","JILI","Witches Night","3","50","0","0","","2025-05-02 19:52:06","https://static.ptgaming.ph/images/f685dd337b109899617f614527b5c414.png","images/JILI__Witches_Night__166002.png"
"178003","CQ9","Funky Bingo","3","50","0","0","","2025-05-22 14:50:45","https://static.ptgaming.ph/images/71573fbf9b1fa63c79519f18b445c063.png","images/CQ9__Funky_Bingo__178003.png"
"188012","JILI","FORTUNE ZOMBIE","3","50","0","0","10%包赔","2025-06-03 23:14:11","https://static.ptgaming.ph/images/34d4da8bb3e357918ff3fd4a2ba8562b.png","images/JILI__FORTUNE_ZOMBIE__188012.png"
"195005","JILI","Fortune Gems 500","3","50","0","1","1.5% cash 2%","2025-06-16 16:05:53","https://static.ptgaming.ph/images/38b6d280d49c8143fc6656dc2dd7586a.png","images/JILI__Fortune_Gems_500__195005.png"
"215003","PlayStar","PlayTime NECRO•S","3","50","0","0","Exclusive ZI","2025-07-09 14:56:40","https://static.ptgaming.ph/images/e1015d20469e0cf3124d8311aed9b8fb.png","images/PlayStar__PlayTime_NECRO_S__215003.png"
"239007","JILI","Chicken Dash","3","50","0","0","","2025-09-17 10:53:55","https://static.ptgaming.ph/images/991cf823c45242c4c7bb00d655b932e8.png","images/JILI__Chicken_Dash__239007.png"
"512","JILI","Number King","3","51","0","0","","2024-02-26 18:44:21","https://static.ptgaming.ph/images/bc3df8c29e9e46e8ca17f6fb1abcfe9d.png","images/JILI__Number_King__512.png"
"525","JILI","Jackpot Bingo","3","51","1","0","hot","2024-02-26 18:44:21","https://static.ptgaming.ph/images/8e4044c4143532fdc7b3e359ae572e40.png","images/JILI__Jackpot_Bingo__525.png"
"774","RTG","Megaquarium","3","51","0","0","","2024-02-26 18:44:21","https://static.ptgaming.ph/images/43341a0c4b40a7382888bc46820e774c.png","images/RTG__Megaquarium__774.png"
"23231","PragmaticPlay","Fishin Reels","3","51","0","0","","2024-02-26 18:44:21","https://static.ptgaming.ph/images/63622b40ebb98d73646ef4adc01f4552.png","images/PragmaticPlay__Fishin_Reels__23231.png"
"699","RTG","Fucanglong","3","52","0","0","","2024-02-26 18:44:21","https://static.ptgaming.ph/images/98fa71429182d3c761279d20f890c575.png","images/RTG__Fucanglong__699.png"
"22219","PragmaticPlay","Vampires VS Wolves","3","52","0","0","","2024-02-26 18:44:21","https://static.ptgaming.ph/images/6f85eae6ac895a83b3fe2dac5bff1da4.png","images/PragmaticPlay__Vampires_VS_Wolves__22219.png"
"662","RTG","Divas of Darkness","3","53","0","0","","2024-02-26 18:44:21","https://static.ptgaming.ph/images/32d40aa4505b32aebf5488da955eccec.png","images/RTG__Divas_of_Darkness__662.png"
"941","Evolution","Texas Hold'em Bonus Poker","3","53","0","0","","2024-02-26 18:44:21","https://static.ptgaming.ph/images/96f3a6da9f248aa451b8a29ce14cb25a.png","images/Evolution__Texas_Hold_em_Bonus_Poker__941.png"
"23203","PragmaticPlay","Hot Chilli","3","53","0","0","","2024-02-26 18:44:21","https://static.ptgaming.ph/images/c0227964586d55c7166479acbcb7bbb7.png","images/PragmaticPlay__Hot_Chilli__23203.png"
"702","RTG","Gem Strike","3","54","0","0","","2024-02-26 18:44:21","https://static.ptgaming.ph/images/66d310a1fb817e605ee6ba4f9e7165a1.png","images/RTG__Gem_Strike__702.png"
"23233","PragmaticPlay","Dragon Kingdom - Eyes of Fire","3","54","0","0","","2024-02-26 18:44:21","https://static.ptgaming.ph/images/6241c082033821d95bc89f977535637c.png","images/PragmaticPlay__Dragon_Kingdom_-_Eyes_of_Fire__23233.png"
"834","RTG","Scuba Fishing","3","55","0","0","","2024-02-26 18:44:21","https://static.ptgaming.ph/images/5cf1f536e2e85ff5bde6e0a98a77e1e8.png","images/RTG__Scuba_Fishing__834.png"
"905","Evolution","First Person Prosperity Tree Baccarat","3","55","0","0","10%包赔","2024-02-26 18:44:21","https://static.ptgaming.ph/images/149f1ede9ea45a6c69570937aa1cd0fe.png","images/Evolution__First_Person_Prosperity_Tree_Baccarat__905.png"
"43030","PragmaticPlay","Hot to Burn – 7 Deadly Free Spins","3","55","0","0","","2024-08-19 00:16:02","https://static.ptgaming.ph/images/1a7f030d2b55a8eb42523b520b869de9.png","images/PragmaticPlay__Hot_to_Burn_7_Deadly_Free_Spins__43030.png"
"46028","PragmaticPlay","Mustang Gold Megaways","3","55","0","0","","2024-09-05 00:29:39","https://static.ptgaming.ph/images/bf4c566f038882b715aa7b4bb33d804d.png","images/PragmaticPlay__Mustang_Gold_Megaways__46028.png"
"515","JILI","Dragon & Tiger","3","56","0","0","","2024-02-26 18:44:21","https://static.ptgaming.ph/images/9d59f8ad7a52828b6fd3097f1c528361.png","images/JILI__Dragon_Tiger__515.png"
"750","RTG","Lil Red","3","56","0","0","","2024-02-26 18:44:21","https://static.ptgaming.ph/images/a5407679a701ee2ad6beb6826c3f3f2c.png","images/RTG__Lil_Red__750.png"
"22229","PragmaticPlay","Dragon Kingdom","3","56","0","0","","2024-02-26 18:44:21","https://static.ptgaming.ph/images/b649517233b268a477e0f88368f34e42.png","images/PragmaticPlay__Dragon_Kingdom__22229.png"
"259","Evolution","Football Studio Dice","3","57","0","0","","2024-02-26 18:44:21","https://static.ptgaming.ph/images/eaba00357e8ec3a02191a45877996cd9.png","images/Evolution__Football_Studio_Dice__259.png"
"534","JILI","Color Prediction","3","57","0","0","","2024-02-26 18:44:21","https://static.ptgaming.ph/images/6b02edc8f02f6240387c22f654cd38e2.png","images/JILI__Color_Prediction__534.png"
"727","RTG","Hyper Wins","3","57","0","0","","2024-02-26 18:44:21","https://static.ptgaming.ph/images/1a98067d88602a2dcf316ac66a7cc210.png","images/RTG__Hyper_Wins__727.png"
"23258","PragmaticPlay","Fairytale Fortune","3","57","0","0","","2024-02-26 18:44:21","https://static.ptgaming.ph/images/2df7be5f2729fe25db5f01c595f82be8.png","images/PragmaticPlay__Fairytale_Fortune__23258.png"
"632","RTG","Builder Beaver","3","58","0","0","","2024-02-26 18:44:21","https://static.ptgaming.ph/images/8e6810bca1f0981838d3493088eb201f.png","images/RTG__Builder_Beaver__632.png"
"23188","PragmaticPlay","Striking Hot 5","3","58","0","0","","2024-02-26 18:44:21","https://static.ptgaming.ph/images/cd07da37784eae3af770a6ff5fc50a4f.png","images/PragmaticPlay__Striking_Hot_5__23188.png"
"310","Evolution","First Person XXXtreme Lightning Roulette","3","59","0","0","10%包赔","2024-02-26 18:44:21","https://static.ptgaming.ph/images/f70e8ba4c26ae234eb02ce3f68416521.png","images/Evolution__First_Person_XXXtreme_Lightning_Roulette__310.png"
"663","RTG","Doragon's Gems","3","59","0","0","","2024-02-26 18:44:21","https://static.ptgaming.ph/images/1f43473e79a071a2c3ba4daeabbb2d40.png","images/RTG__Doragon_s_Gems__663.png"
"22170","PragmaticPlay","Crown of Fire","3","59","0","0","","2024-02-26 18:44:21","https://static.ptgaming.ph/images/65c79c6df23458c0f995994521626134.png","images/PragmaticPlay__Crown_of_Fire__22170.png"
"647","RTG","Count Cashtacular","3","60","0","0","","2024-02-26 18:44:21","https://static.ptgaming.ph/images/3c5e3596f9c67bc1ddab8bf74d19dad5.png","images/RTG__Count_Cashtacular__647.png"
"23254","PragmaticPlay","Leprechaun Carol","3","60","0","0","","2024-02-26 18:44:21","https://static.ptgaming.ph/images/ddb79216ad88ad50ded43ad7d02e1b3e.png","images/PragmaticPlay__Leprechaun_Carol__23254.png"
"43029","PragmaticPlay","Forging Wilds","3","60","0","0","","2024-08-15 00:17:27","https://static.ptgaming.ph/images/4091ecbc3b88912e5030a8cf2558faeb.png","images/PragmaticPlay__Forging_Wilds__43029.png"
"51003","YellowBat","ROYAL ACE","3","60","0","1","","2024-12-16 16:34:51","https://static.ptgaming.ph/images/28a52e376fb03081685cca23b1839d51.png","images/YellowBat__ROYAL_ACE__51003.png"
"141004","PragmaticPlay","Lucky’s Wild Pub","3","60","0","0","","2025-03-13 13:44:08","https://static.ptgaming.ph/images/67b3c04176e306deadc48d0874e1ce59.png","images/PragmaticPlay__Lucky_s_Wild_Pub__141004.png"
"178013","JILI","Lucky Jaguar 2","3","60","0","0","","2025-06-16 16:05:18","https://static.ptgaming.ph/images/7097576b0c4ac3912835d4c28a890dbc.png","images/JILI__Lucky_Jaguar_2__178013.png"
"184009","YellowBat","PIRATE LEGENDS","3","60","0","0","","2025-06-03 11:47:48","https://static.ptgaming.ph/images/b32c7eff8c0385df25f80901fd724cb3.png","images/YellowBat__PIRATE_LEGENDS__184009.png"
"189008","CQ9","Mahjong Rich Ways","3","60","0","0","","2025-06-04 16:24:31","https://static.ptgaming.ph/images/1d7f759572acb5c16d0df2ce6fe59d6e.png","images/CQ9__Mahjong_Rich_Ways__189008.png"
"202008","PragmaticPlay","Mahjong Wins Super Scatter","3","60","0","0","","2025-06-02 16:32:45","https://static.ptgaming.ph/images/98189a0b468a00da0a6be7ed58a60f9f.png","images/PragmaticPlay__Mahjong_Wins_Super_Scatter__202008.png"
"210","Evolution","Imperial Quest","3","61","0","0","","2024-02-26 18:44:21","https://static.ptgaming.ph/images/6fb1cbd6a91b801665412acfd13a95fe.png","images/Evolution__Imperial_Quest__210.png"
"814","RTG","Princess Warrior","3","61","0","0","","2024-02-26 18:44:21","https://static.ptgaming.ph/images/14cc0588b0f384013b46a26a007951ed.png","images/RTG__Princess_Warrior__814.png"
"23239","PragmaticPlay","Jungle Gorilla","3","61","0","0","","2024-02-26 18:44:21","https://static.ptgaming.ph/images/eeefef0f180a0fa288d37ba8034b41b8.png","images/PragmaticPlay__Jungle_Gorilla__23239.png"
"122","FaChai","Super Color Game","3","62","0","0","10%包赔","2024-02-26 18:44:21","https://static.ptgaming.ph/images/602107aaf920a2adc9943cb00ead2439.png","images/FaChai__Super_Color_Game__122.png"
"867","RTG","The Nice List","3","62","0","0","","2024-02-26 18:44:21","https://static.ptgaming.ph/images/2cc340cfb2d72a28fa5c69d1896b7751.png","images/RTG__The_Nice_List__867.png"
"159002","PlayStar","CUBE?","3","62","0","0","","2025-04-24 14:16:41","https://static.ptgaming.ph/images/820483fb4af29c67f7aebe90ebe2b9e7.png","images/PlayStar__CUBE__159002.png"
"606","RTG","Asgard Deluxe","3","63","0","0","","2024-02-26 18:44:21","https://static.ptgaming.ph/images/1117e2574cb79a1a6e7b64b99a140d72.png","images/RTG__Asgard_Deluxe__606.png"
"536","JILI","Go Rush","3","64","0","0","10%包赔","2024-02-26 18:44:21","https://static.ptgaming.ph/images/1c529ec168803e3c43a40485fd6dee5b.png","images/JILI__Go_Rush__536.png"
"858","RTG","Swindle All The Way","3","64","0","0","","2024-02-26 18:44:21","https://static.ptgaming.ph/images/e0cb5116c05529521ccf3ba7b971fc95.png","images/RTG__Swindle_All_The_Way__858.png"
"938","Evolution","Casino Hold'em","3","64","0","0","","2024-02-26 18:44:21","https://static.ptgaming.ph/images/65853d5e3947ba935926ab1aed97700a.png","images/Evolution__Casino_Hold_em__938.png"
"539","JILI","HILO","3","65","0","0","10%包赔","2024-02-26 18:44:21","https://static.ptgaming.ph/images/2fe35fe1b293695c5af4812b1218ae4f.png","images/JILI__HILO__539.png"
"599","RTG","Alien Wins","3","65","0","0","","2024-02-26 18:44:21","https://static.ptgaming.ph/images/e126b220ba285ec34ad78834e30200d6.png","images/RTG__Alien_Wins__599.png"
"22183","PragmaticPlay","Honey Honey Honey","3","65","0","0","","2024-02-26 18:44:21","https://static.ptgaming.ph/images/c78445721ec5cbe522f9d245814d38e5.png","images/PragmaticPlay__Honey_Honey_Honey__22183.png"
"523","JILI","Win Drop","3","66","0","0","","2024-02-26 18:44:21","https://static.ptgaming.ph/images/be022c0fb0070137a66fb93d99c60f56.png","images/JILI__Win_Drop__523.png"
"723","RTG","Hillbillies","3","66","0","0","","2024-02-26 18:44:21","https://static.ptgaming.ph/images/6d967c349b0933a3e24d2307a700c229.png","images/RTG__Hillbillies__723.png"
"22073","PragmaticPlay","The Great Chicken Escape","3","66","0","0","","2024-02-26 18:44:21","https://static.ptgaming.ph/images/fe8e812c703df606f47f0d1ef281054b.png","images/PragmaticPlay__The_Great_Chicken_Escape__22073.png"
"305","Evolution","Fan Tan","3","67","0","0","","2024-02-26 18:44:21","https://static.ptgaming.ph/images/4896ac0516c867afdd867ca66023d139.png","images/Evolution__Fan_Tan__305.png"
"537","JILI","Tower","3","67","0","0","10%包赔","2024-02-26 18:44:21","https://static.ptgaming.ph/images/c11845799277e7f4533121c9dfa8508a.png","images/JILI__Tower__537.png"
"888","RTG","Voodoo Magic","3","67","0","0","","2024-02-26 18:44:21","https://static.ptgaming.ph/images/fee984f9d95d9a988e104669c3a6f33d.png","images/RTG__Voodoo_Magic__888.png"
"22174","PragmaticPlay","Hot to Burn Extreme","3","67","0","0","","2024-02-26 18:44:21","https://static.ptgaming.ph/images/17a4d0d386b81e0b8f2421d03bc10df6.png","images/PragmaticPlay__Hot_to_Burn_Extreme__22174.png"
"22070","PragmaticPlay","The Wild Machine","3","68","0","0","","2024-02-26 18:44:21","https://static.ptgaming.ph/images/2d597762474db4a87336263927eb5eb0.png","images/PragmaticPlay__The_Wild_Machine__22070.png"
"864","RTG","The Big Bopper®","3","69","0","0","","2024-02-26 18:44:21","https://static.ptgaming.ph/images/39ffe08653df0158757594b4afa35885.png","images/RTG__The_Big_Bopper__864.png"
"22203","PragmaticPlay","John Hunter and the Mayan Gods","3","69","0","0","","2024-02-26 18:44:21","https://static.ptgaming.ph/images/d029a672ef1fc8bcf20ad4e6db08a1ad.png","images/PragmaticPlay__John_Hunter_and_the_Mayan_Gods__22203.png"
"793","RTG","Nova 7s","3","70","0","0","","2024-02-26 18:44:21","https://static.ptgaming.ph/images/ac7a068e9691ce035bf30d840bb8f5f7.png","images/RTG__Nova_7s__793.png"
"906","Evolution","First Person XXXtreme Lightning Baccarat","3","70","0","0","","2024-02-26 18:44:21","https://static.ptgaming.ph/images/3e4dfb18523734345e5923ec649dbddf.png","images/Evolution__First_Person_XXXtreme_Lightning_Baccarat__906.png"
"23144","PragmaticPlay","Rainbow Gold","3","70","0","0","","2024-02-26 18:44:21","https://static.ptgaming.ph/images/90fb98927582203bb5a350ce2ce48c44.png","images/PragmaticPlay__Rainbow_Gold__23144.png"
"172008","YellowBat","Magical Alchemist","3","70","0","0","1.5% cash 2%","2025-06-03 11:48:16","https://static.ptgaming.ph/images/0e3d06d005c8a3b990a1dc5256362012.png","images/YellowBat__Magical_Alchemist__172008.png"
"207004","PragmaticPlay","Waves of Poseidon","3","70","0","0","","2025-07-03 14:36:27","https://static.ptgaming.ph/images/fbfab5a8a07260e8e096122538eab822.png","images/PragmaticPlay__Waves_of_Poseidon__207004.png"
"211004","CQ9","Watah Master 2","3","70","0","0","","2025-07-09 10:36:18","https://static.ptgaming.ph/images/243d89160b9ec002c4d86f03a5c63f4e.png","images/CQ9__Watah_Master_2__211004.png"
"212004","CQ9","Mahjong Wilds","3","70","0","0","","2025-07-09 10:36:41","https://static.ptgaming.ph/images/3a563575ee6a461e4f182f3aa4883e23.png","images/CQ9__Mahjong_Wilds__212004.png"
"220003","CQ9","Disco Piggy","3","70","0","0","","2025-07-09 10:36:58","https://static.ptgaming.ph/images/029b7efb727425ab63eb00904c949d2d.png","images/CQ9__Disco_Piggy__220003.png"
"617","RTG","Blackjack","3","71","0","0","","2024-02-26 18:44:21","https://static.ptgaming.ph/images/2e39dfaf7f39ae704c5d4a3deb245875.png","images/RTG__Blackjack__617.png"
"777","RTG","Mermaid Queen","3","71","0","0","","2024-02-26 18:44:21","https://static.ptgaming.ph/images/151f86bd179cde3d2782cdf716f48c2a.png","images/RTG__Mermaid_Queen__777.png"
"23038","PragmaticPlay","Juicy Fruits Multihold","3","71","0","0","","2024-02-26 18:44:21","https://static.ptgaming.ph/images/3624e84c01ef2b0c97e68368f4186edf.png","images/PragmaticPlay__Juicy_Fruits_Multihold__23038.png"
"769","RTG","Masks of Atlantis","3","72","0","0","","2024-02-26 18:44:21","https://static.ptgaming.ph/images/414cc03d36156cff79363035577b7923.png","images/RTG__Masks_of_Atlantis__769.png"
"22220","PragmaticPlay","Egyptian Fortunes","3","72","0","0","","2024-02-26 18:44:21","https://static.ptgaming.ph/images/a5fc0f6d96e7a2519cd55ea8816c2e39.png","images/PragmaticPlay__Egyptian_Fortunes__22220.png"
"123","FaChai","Lucky 9","3","73","0","0","","2024-02-26 18:44:21","https://static.ptgaming.ph/images/fde7f29979d7888a64fd1659b82ebf63.png","images/FaChai__Lucky_9__123.png"
"800","RTG","Panda Magic","3","73","0","0","","2024-02-26 18:44:21","https://static.ptgaming.ph/images/12fccf90cc435514265571402d0079de.png","images/RTG__Panda_Magic__800.png"
"20068","JDB","PUSOY","3","73","0","0","","2024-02-26 18:44:21","https://static.ptgaming.ph/images/507c18773261b20c8d6d74f4360f8e57.png","images/JDB__PUSOY__20068.png"
"23264","PragmaticPlay","Vegas Nights","3","73","0","0","","2024-02-26 18:44:21","https://static.ptgaming.ph/images/99616a466881cbe527d8ce460b20ca67.png","images/PragmaticPlay__Vegas_Nights__23264.png"
"218","Evolution","Bac Bo","3","74","0","0","1% UNLIMITED","2024-02-26 18:44:21","https://static.ptgaming.ph/images/54aebe6e80bc51bf8c814353756e9b9e.png","images/Evolution__Bac_Bo__218.png"
"557","JILI","Blackjack","3","74","0","0","","2024-02-26 18:44:21","https://static.ptgaming.ph/images/fec57d72732c6e6f4cd3171c10c0bf98.png","images/JILI__Blackjack__557.png"
"896","RTG","Witchy Wins","3","74","0","0","","2024-02-26 18:44:21","https://static.ptgaming.ph/images/e439c83ddc4a8ff79ea7161d7d674e99.png","images/RTG__Witchy_Wins__896.png"
"23230","PragmaticPlay","Wild Booster","3","74","0","0","","2024-02-26 18:44:21","https://static.ptgaming.ph/images/b845f7cb911b040788b82abc4a234f92.png","images/PragmaticPlay__Wild_Booster__23230.png"
"544","JILI","Plinko","3","75","0","0","","2024-02-26 18:44:21","https://static.ptgaming.ph/images/85d941d1eb09fe477aa972f9facd450f.png","images/JILI__Plinko__544.png"
"830","RTG","Samba Sunset","3","75","0","0","","2024-02-26 18:44:21","https://static.ptgaming.ph/images/c0cb9b1af6342fa4184e81e987ee06e1.png","images/RTG__Samba_Sunset__830.png"
"22447","Evolution","Evo Speed Blackjack 8","3","75","0","0","","2024-03-27 18:07:32","https://static.ptgaming.ph/images/0e4cd7c74a18873e62f70c52c7d99798.png","images/Evolution__Evo_Speed_Blackjack_8__22447.png"
"23458","JILI","Video Poker","3","75","0","0","","2024-03-05 14:56:52","https://static.ptgaming.ph/images/ed9953be5bbc60dc799cd5b0971d0a67.png","images/JILI__Video_Poker__23458.png"
"150","Evolution","Emperor Sic Bo A","3","76","0","0","","2024-02-26 18:44:21","https://static.ptgaming.ph/images/c1a1283de0a102662018df4fc982ca40.png","images/Evolution__Emperor_Sic_Bo_A__150.png"
"542","JILI","Mines Gold","3","76","0","0","10%包赔","2024-02-26 18:44:21","https://static.ptgaming.ph/images/dfccda0cbb7dcc409a8b97c013861d26.png","images/JILI__Mines_Gold__542.png"
"790","RTG","Neon Wheel 7s","3","76","0","0","","2024-02-26 18:44:21","https://static.ptgaming.ph/images/87f61efc7d68253b8057dee8cf0adc93.png","images/RTG__Neon_Wheel_7s__790.png"
"251","Evolution","Emperor Dragon Tiger","3","77","0","0","","2024-02-26 18:44:21","https://static.ptgaming.ph/images/642f1fa02c00be30afae4328b2206517.png","images/Evolution__Emperor_Dragon_Tiger__251.png"
"690","RTG","Football Fortunes","3","77","0","0","","2024-02-26 18:44:21","https://static.ptgaming.ph/images/20506417cdb4ab9e7c7f94bbfe10d986.png","images/RTG__Football_Fortunes__690.png"
"23086","PragmaticPlay","Mysterious Egypt","3","77","0","0","","2024-02-26 18:44:21","https://static.ptgaming.ph/images/bab5a55a55b3cf2415c0d37bc7afac83.png","images/PragmaticPlay__Mysterious_Egypt__23086.png"
"833","RTG","Santastic","3","78","0","0","","2024-02-26 18:44:21","https://static.ptgaming.ph/images/93791b2945166e2a2ab3fb3a87acae37.png","images/RTG__Santastic__833.png"
"23224","PragmaticPlay","Day of Dead","3","78","0","0","","2024-02-26 18:44:21","https://static.ptgaming.ph/images/b740d2298c38ef042f360bb773aa86b6.png","images/PragmaticPlay__Day_of_Dead__23224.png"
"207","Evolution","Craps","3","79","0","0","1% UNLIMITED","2024-02-26 18:44:21","https://static.ptgaming.ph/images/3e47a03d33eddc0dc33b78c486ddb61d.png","images/Evolution__Craps__207.png"
"23247","PragmaticPlay","Hot to Burn","3","79","0","0","","2024-02-26 18:44:21","https://static.ptgaming.ph/images/6e177285e1d819a6d415993d87dedb8e.png","images/PragmaticPlay__Hot_to_Burn__23247.png"
"885","RTG","Vegas XL","3","80","0","0","","2024-02-26 18:44:21","https://static.ptgaming.ph/images/e647f7797f54f86a684a8246c6e3a18b.png","images/RTG__Vegas_XL__885.png"
"948","JILI","Ocean King Jackpot","3","80","1","0","10%包赔","2024-02-26 18:44:21","https://static.ptgaming.ph/images/7422285dfa047a6bf7561ddf0af4e721.png","images/JILI__Ocean_King_Jackpot__948.png"
"194008","PragmaticPlay","Fiesta Fortune","3","80","0","0","","2025-06-04 17:14:48","https://static.ptgaming.ph/images/5c804f334610fe234a9523eb9b8148f7.png","images/PragmaticPlay__Fiesta_Fortune__194008.png"
"791","RTG","Nine Realms","3","81","0","0","","2024-02-26 18:44:21","https://static.ptgaming.ph/images/9ca2cbed34092d084dfedffefcb30946.png","images/RTG__Nine_Realms__791.png"
"23235","PragmaticPlay","Emerald King Rainbow Road","3","81","0","0","","2024-02-26 18:44:21","https://static.ptgaming.ph/images/d67c84a96e525275c4d4e7ef91f26c4f.png","images/PragmaticPlay__Emerald_King_Rainbow_Road__23235.png"
"792","RTG","Ninja Star","3","82","0","0","","2024-02-26 18:44:21","https://static.ptgaming.ph/images/abc16a4b797b9cfc39a01a033bc857fb.png","images/RTG__Ninja_Star__792.png"
"904","Evolution","Power Blackjack","3","82","0","0","","2024-02-26 18:44:21","https://static.ptgaming.ph/images/3890423b1faa28a9f4dc025e33af0f39.png","images/Evolution__Power_Blackjack__904.png"
"22079","PragmaticPlay","North Guardians","3","82","0","0","","2024-02-26 18:44:21","https://static.ptgaming.ph/images/d0e7d8aeeb710799493a421937882794.png","images/PragmaticPlay__North_Guardians__22079.png"
"314","Evolution","Emperor Sic Bo","3","83","0","0","","2024-02-26 18:44:21","https://static.ptgaming.ph/images/a141876aa1e711bf265a17a60e3ee758.png","images/Evolution__Emperor_Sic_Bo__314.png"
"641","RTG","Cash Bandits 2","3","83","0","0","","2024-02-26 18:44:21","https://static.ptgaming.ph/images/11ab0d6a6b712d2685236a058e54e774.png","images/RTG__Cash_Bandits_2__641.png"
"23191","PragmaticPlay","Magic Money Maze","3","83","0","0","","2024-02-26 18:44:21","https://static.ptgaming.ph/images/106e160835ab6c00001e052423386a0a.png","images/PragmaticPlay__Magic_Money_Maze__23191.png"
"188","Evolution","First Person Roulette","3","84","0","0","10%包赔","2024-02-26 18:44:21","https://static.ptgaming.ph/images/abc5c9920377be39cdb8717eb80f5271.png","images/Evolution__First_Person_Roulette__188.png"
"640","RTG","Cash Bandits","3","84","0","0","","2024-02-26 18:44:21","https://static.ptgaming.ph/images/f717421ff5e58b11148f9ad1c32be3e5.png","images/RTG__Cash_Bandits__640.png"
"22148","PragmaticPlay","African Elephant","3","84","0","0","","2024-02-26 18:44:21","https://static.ptgaming.ph/images/3883e2ecbed0f2bb3f8cbbfeb6943dd8.png","images/PragmaticPlay__African_Elephant__22148.png"
"144","Evolution","First Person Golden Wealth Baccarat","3","85","0","0","10%包赔","2024-02-26 18:44:21","https://static.ptgaming.ph/images/defce5076e2c9986c009107d87bdc55c.png","images/Evolution__First_Person_Golden_Wealth_Baccarat__144.png"
"899","RTG","Wu Zetian","3","85","0","0","","2024-02-26 18:44:21","https://static.ptgaming.ph/images/35060046288ba2afc6d6031f61d2a57e.png","images/RTG__Wu_Zetian__899.png"
"944","Evolution","Lightning Dice","3","85","0","0","","2024-02-26 18:44:21","https://static.ptgaming.ph/images/32c49103b793c738ec1d7a65e952bb54.png","images/Evolution__Lightning_Dice__944.png"
"22208","PragmaticPlay","The Dragon Tiger","3","85","0","0","","2024-02-26 18:44:21","https://static.ptgaming.ph/images/b5a784365289e8ea42423667ff5cc019.png","images/PragmaticPlay__The_Dragon_Tiger__22208.png"
"832","RTG","Santa's Reel Wheel","3","86","0","0","","2024-02-26 18:44:21","https://static.ptgaming.ph/images/fd9ef8deccda81bd5c7afcc5f99e5317.png","images/RTG__Santa_s_Reel_Wheel__832.png"
"23229","PragmaticPlay","The Magic Cauldron","3","86","0","0","","2024-02-26 18:44:21","https://static.ptgaming.ph/images/5f136f081f123379a1191a3941abe73d.png","images/PragmaticPlay__The_Magic_Cauldron__23229.png"
"674","RTG","Eagle Shadow Fist","3","87","0","0","","2024-02-26 18:44:21","https://static.ptgaming.ph/images/e51be635ed67e819dd66ab779ae47a13.png","images/RTG__Eagle_Shadow_Fist__674.png"
"23262","PragmaticPlay","Santa","3","87","0","0","","2024-02-26 18:44:21","https://static.ptgaming.ph/images/4863a470c329464920afa0f2c7d96f83.png","images/PragmaticPlay__Santa__23262.png"
"760","RTG","Lucky 8","3","88","0","0","","2024-02-26 18:44:21","https://static.ptgaming.ph/images/7cbe565a3eef16ab73d2a541fd76e8c1.png","images/RTG__Lucky_8__760.png"
"23261","PragmaticPlay","Monkey Madness","3","88","0","0","","2024-02-26 18:44:21","https://static.ptgaming.ph/images/a60e7c5ed7b1b8a63410722ed079a21b.png","images/PragmaticPlay__Monkey_Madness__23261.png"
"857","RTG","Sweet Shop Collect","3","89","0","0","","2024-02-26 18:44:21","https://static.ptgaming.ph/images/738ad2b0bad1ca840188941511c0860d.png","images/RTG__Sweet_Shop_Collect__857.png"
"180004","CQ9","Paradise","3","89","0","0","","2025-05-22 15:06:01","https://static.ptgaming.ph/images/63242b9192320b18ec86e4715c92636a.png","images/CQ9__Paradise__180004.png"
"194","Evolution","Dream Catcher","3","90","0","0","","2024-02-26 18:44:21","https://static.ptgaming.ph/images/47dce7d270b5d6d68c4c801e85ed5e6c.png","images/Evolution__Dream_Catcher__194.png"
"757","RTG","Lucha Libre","3","90","0","0","","2024-02-26 18:44:21","https://static.ptgaming.ph/images/4de349b73337b9a683c1b55cbc51ad14.png","images/RTG__Lucha_Libre__757.png"
"23236","PragmaticPlay","Book of Kingdoms","3","90","0","0","","2024-02-26 18:44:21","https://static.ptgaming.ph/images/b31c3f73adfdeb58c96a57ac3a5edf2b.png","images/PragmaticPlay__Book_of_Kingdoms__23236.png"
"110003","PragmaticPlay","Wild Wild Pearls","3","90","0","0","","2025-01-20 11:34:05","https://static.ptgaming.ph/images/d3bf614aa6f22b3070dae12d892d2f3e.png","images/PragmaticPlay__Wild_Wild_Pearls__110003.png"
"174004","Evolution","Fireball Roulette","3","90","0","0","","2025-05-21 11:39:01","https://static.ptgaming.ph/images/cfe0ec80ab54717f364e0c474f12f21b.png","images/Evolution__Fireball_Roulette__174004.png"
"180002","PlayStar","PlayTime COLOR GAME","3","90","0","1","10%包赔","2025-05-21 15:47:27","https://static.ptgaming.ph/images/80a23f4d6f850d88d0c43cd880f0f46c.png","images/PlayStar__PlayTime_COLOR_GAME__180002.png"
"183002","CQ9","Oneshot Fishing","3","90","0","0","","2025-05-22 14:50:00","https://static.ptgaming.ph/images/c10743f6d36f158790973f20d288f733.png","images/CQ9__Oneshot_Fishing__183002.png"
"194007","YellowBat","LIGHT OF APOLLO","3","90","0","1","","2025-05-26 14:49:25","https://static.ptgaming.ph/images/2516ba833740a5de2c141725c50bf1a9.png","images/YellowBat__LIGHT_OF_APOLLO__194007.png"
"207024","JILI","Crazy777 2","3","90","0","0","","2025-08-06 10:46:33","https://static.ptgaming.ph/images/c8934b6ae21f2a3c574e94f7fd3b29c5.png","images/JILI__Crazy777_2__207024.png"
"211003","PlayStar","NECROMANCER SHA","3","90","0","0","","2025-07-02 13:56:58","https://static.ptgaming.ph/images/79d3f1a7a2439bac3a796980c863ecab.png","images/PlayStar__NECROMANCER_SHA__211003.png"
"219003","JILI","Super Ace II","3","90","0","0","1.5% cash 2%","2025-07-02 16:05:23","https://static.ptgaming.ph/images/5c170cd1c4c21a84e0f18612863c787c.png","images/JILI__Super_Ace_II__219003.png"
"354","PGSoft","Gem Saviour","3","91","0","0","","2024-02-26 18:44:21","https://static.ptgaming.ph/images/da39814a25067abc973b37c75adaacd7.png","images/PGSoft__Gem_Saviour__354.png"
"934","Evolution","Monopoly Live","3","91","0","0","1% UNLIMITED","2024-02-26 18:44:21","https://static.ptgaming.ph/images/fff331d8f68c5aa0159882bbb78ee6ff.png","images/Evolution__Monopoly_Live__934.png"
"22118","PragmaticPlay","Jasmine Dreams","3","91","0","0","","2024-02-26 18:44:21","https://static.ptgaming.ph/images/9b36a0ae21530ced65fbcafd96988544.png","images/PragmaticPlay__Jasmine_Dreams__22118.png"
"709","RTG","God of Wealth","3","92","0","0","","2024-02-26 18:44:21","https://static.ptgaming.ph/images/894317cf75706815ae6716236691b000.png","images/RTG__God_of_Wealth__709.png"
"22221","PragmaticPlay","Master Chen's Fortune","3","92","0","0","","2024-02-26 18:44:21","https://static.ptgaming.ph/images/15b6b3585c5f48e6de057aead6041135.png","images/PragmaticPlay__Master_Chen_s_Fortune__22221.png"
"257","Evolution","First Person Mega Ball","3","93","0","0","","2024-02-26 18:44:21","https://static.ptgaming.ph/images/705647a938b5f1430d17b57eb019e9a1.png","images/Evolution__First_Person_Mega_Ball__257.png"
"697","RTG","Fruit Frenzy","3","93","0","0","","2024-02-26 18:44:21","https://static.ptgaming.ph/images/6f1e2779e87ea64a6e760b841fd3a76d.png","images/RTG__Fruit_Frenzy__697.png"
"23270","PragmaticPlay","Journey to the West","3","93","0","0","","2024-02-26 18:44:21","https://static.ptgaming.ph/images/a08caef51f3f42843cda339e56a9b33a.png","images/PragmaticPlay__Journey_to_the_West__23270.png"
"776","RTG","Merlin's Riches","3","94","0","0","","2024-02-26 18:44:21","https://static.ptgaming.ph/images/2fed256fb9ca280b380c862af51ce346.png","images/RTG__Merlin_s_Riches__776.png"
"22150","PragmaticPlay","Madame Destiny","3","94","0","0","","2024-02-26 18:44:21","https://static.ptgaming.ph/images/aaa392716bb623e00d9140a7071916d3.png","images/PragmaticPlay__Madame_Destiny__22150.png"
"710","RTG","Gods of Nature (Tian Di Yuan Su)","3","95","0","0","","2024-02-26 18:44:21","https://static.ptgaming.ph/images/4d393036a683ca3578ae5925985a1840.png","images/RTG__Gods_of_Nature_Tian_Di_Yuan_Su__710.png"
"935","Evolution","Monopoly Big Baller","3","95","0","0","1% UNLIMITED","2024-02-26 18:44:21","https://static.ptgaming.ph/images/5cff465ee1c5418ed35391d155b05887.png","images/Evolution__Monopoly_Big_Baller__935.png"
"22145","PragmaticPlay","Eye of Cleopatra","3","95","0","0","","2024-02-26 18:44:21","https://static.ptgaming.ph/images/a43d637e721bc283524a9cab7ce8f219.png","images/PragmaticPlay__Eye_of_Cleopatra__22145.png"
"872","RTG","Tiger Treasures","3","96","0","0","","2024-02-26 18:44:21","https://static.ptgaming.ph/images/1c0b4b37b5ac00f486b85b78b27b2722.png","images/RTG__Tiger_Treasures__872.png"
"23251","PragmaticPlay","Hercules and Pegasus","3","96","0","0","","2024-02-26 18:44:21","https://static.ptgaming.ph/images/27f6229ddcb427b701b07a65501c1b9e.png","images/PragmaticPlay__Hercules_and_Pegasus__23251.png"
"643","RTG","Cash Bandits Museum Heist","3","97","0","0","","2024-02-26 18:44:21","https://static.ptgaming.ph/images/db194ca6fc3b459e17ef703c9a64bb6f.png","images/RTG__Cash_Bandits_Museum_Heist__643.png"
"22175","PragmaticPlay","Queen of Gods","3","97","0","0","","2024-02-26 18:44:21","https://static.ptgaming.ph/images/edaec26b1d8e50fd30843747d784f35e.png","images/PragmaticPlay__Queen_of_Gods__22175.png"
"269","Evolution","Crazy Coin Flip","3","98","0","0","","2024-02-26 18:44:21","https://static.ptgaming.ph/images/80c3f3bf3acaccdb04c3da837c1b965d.png","images/Evolution__Crazy_Coin_Flip__269.png"
"762","RTG","Lucky Catch","3","98","0","0","","2024-02-26 18:44:21","https://static.ptgaming.ph/images/8d51d1445e2c2fe3d70c84bef0294a6c.png","images/RTG__Lucky_Catch__762.png"
"22224","PragmaticPlay","Asgard","3","98","0","0","","2024-02-26 18:44:21","https://static.ptgaming.ph/images/3bbf57f16403bc03af45037a166a46dc.png","images/PragmaticPlay__Asgard__22224.png"
"187002","CQ9","Hot Spin","3","98","0","0","","2025-05-22 15:08:16","https://static.ptgaming.ph/images/1f107f40d0eddcce84d01761ad80ecd5.png","images/CQ9__Hot_Spin__187002.png"
"758","RTG","Lucha Libre 2","3","99","0","0","","2024-02-26 18:44:21","https://static.ptgaming.ph/images/192e83de13b73ebaa12106ab04f88dea.png","images/RTG__Lucha_Libre_2__758.png"
"22200","PragmaticPlay","Mystic Chief","3","99","0","0","","2024-02-26 18:44:21","https://static.ptgaming.ph/images/764ede6b34c85fc0ee88d457d37216d3.png","images/PragmaticPlay__Mystic_Chief__22200.png"
"184002","CQ9","Mr. Miser","3","99","0","0","","2025-05-22 15:06:43","https://static.ptgaming.ph/images/eb284262642344b9873fb295f4436d56.png","images/CQ9__Mr._Miser__184002.png"
"219002","JILI","3 Coin Golden OX","3","99","0","0","","2025-06-30 18:02:32","https://static.ptgaming.ph/images/c1aaed657272c65e3c3a601b12747349.png","images/JILI__3_Coin_Golden_OX__219002.png"
"759","RTG","Lucky 6","3","100","0","0","","2024-02-26 18:44:21","https://static.ptgaming.ph/images/6227f0d3d456ba40deb917a302e2a0fa.png","images/RTG__Lucky_6__759.png"
"20059","JDB","MINES","3","100","1","0","10%包赔","2024-02-26 18:44:21","https://static.ptgaming.ph/images/da8004de26b6aff34d5221aa41b249d4.png","images/JDB__MINES__20059.png"
"22435","PragmaticPlay","Rise of Samurai 4","3","100","0","0","","2024-03-18 16:58:38","https://static.ptgaming.ph/images/d22cd1b03dbc33b46a727263fabd8216.png","images/PragmaticPlay__Rise_of_Samurai_4__22435.png"
"22443","PragmaticPlay","Cyber Heist","3","100","0","0","","2024-03-26 14:23:12","https://static.ptgaming.ph/images/8b6af54052dfaf1cfbbf60d934ab1db1.png","images/PragmaticPlay__Cyber_Heist__22443.png"
"23456","PragmaticPlay","Gates of Gatot Kaca 1000","3","100","0","0","1.5% cash 2%","2024-03-04 21:58:14","https://static.ptgaming.ph/images/a18cbe1eb75dcfd52706044fbe502003.png","images/PragmaticPlay__Gates_of_Gatot_Kaca_1000__23456.png"
"42015","PragmaticPlay","Joker’s Jewels Wild","3","100","0","0","","2024-05-06 18:18:39","https://static.ptgaming.ph/images/b6a5a7ff9693af64fcd051cfb436e423.png","images/PragmaticPlay__Joker_s_Jewels_Wild__42015.png"
"43040","PragmaticPlay","Oodles of Noodles","3","100","0","0","","2024-09-18 13:36:46","https://static.ptgaming.ph/images/6d03a214f76eb908afd6ac9646e7a697.png","images/PragmaticPlay__Oodles_of_Noodles__43040.png"
"43083","Evolution","Bounty Raid","3","100","0","0","","2024-10-22 12:27:36","https://static.ptgaming.ph/images/915abe8eda8813c7607fd1e8cc952de4.png","images/Evolution__Bounty_Raid__43083.png"
"45023","JILI","3 Lucky Piggy","3","100","0","0","","2024-09-05 13:30:57","https://static.ptgaming.ph/images/cfd4d1ad26d4d31fb53f9753b457cccd.png","images/JILI__3_Lucky_Piggy__45023.png"
"46001","PragmaticPlay","Football Blitz Top Card","3","100","0","0","","2024-07-17 17:52:59","https://static.ptgaming.ph/images/402652bc54d5a8c4a8ab026facfff9da.png","images/PragmaticPlay__Football_Blitz_Top_Card__46001.png"
"46025","Evolution","Lightning Storm","3","100","0","0","1% UNLIMITED","2024-08-23 17:23:18","https://static.ptgaming.ph/images/06543cebe0eca08c4f4129de33dc1b80.png","images/Evolution__Lightning_Storm__46025.png"
"46039","RTG","Great Golden Lion","3","100","0","0","","2024-09-26 12:39:39","https://static.ptgaming.ph/images/69b64d43f9ef30412dcd05882ce23c4d.png","images/RTG__Great_Golden_Lion__46039.png"
"115006","PragmaticPlay","Raging Waterfall Megaways","3","100","0","0","","2025-03-06 01:17:25","https://static.ptgaming.ph/images/cae9a369e4f5d4121afa8d95e2e04bf1.png","images/PragmaticPlay__Raging_Waterfall_Megaways__115006.png"
"119013","PragmaticPlay","Volcano Goddess","3","100","0","0","","2025-03-17 00:56:50","https://static.ptgaming.ph/images/64d56d9500afd3a9dc3537b9bafc5907.png","images/PragmaticPlay__Volcano_Goddess__119013.png"
"138005","PragmaticPlay","Wild Wild Joker","3","100","0","0","","2025-03-10 01:46:38","https://static.ptgaming.ph/images/7d25909bfe1167ea5651ee0da82736bd.png","images/PragmaticPlay__Wild_Wild_Joker__138005.png"
"180003","CQ9","Money Tree","3","100","0","0","","2025-05-22 14:49:35","https://static.ptgaming.ph/images/3c74a186a3f80a07e0dd1bd9fad16747.png","images/CQ9__Money_Tree__180003.png"
"183011","PragmaticPlay","Jumbo Safari","3","100","0","0","","2025-06-04 17:16:57","https://static.ptgaming.ph/images/2298962eefb7eb0fe9498ec14cf062d1.png","images/PragmaticPlay__Jumbo_Safari__183011.png"
"184007","JILI","Color Game Extreme","3","100","0","0","10%包赔","2025-05-29 15:33:30","https://static.ptgaming.ph/images/1754d6241448a3be40dd1092bf960d4f.png","images/JILI__Color_Game_Extreme__184007.png"
"184008","JILI","20 Blazing Clover","3","100","0","0","","2025-06-02 16:29:02","https://static.ptgaming.ph/images/9ee56a9a573ee824be21afc7ac7aa1cf.png","images/JILI__20_Blazing_Clover__184008.png"
"184010","PragmaticPlay","Sleeping Dragon","3","100","0","0","","2025-06-04 17:15:17","https://static.ptgaming.ph/images/f0a8b6874d8bfa44e8d6a644b8fafb03.png","images/PragmaticPlay__Sleeping_Dragon__184010.png"
"187011","PragmaticPlay","Wild West Gold Blazing Bounty","3","100","0","0","","2025-06-04 17:17:40","https://static.ptgaming.ph/images/d6d35b8d9618ed6de3691af26cc455bd.png","images/PragmaticPlay__Wild_West_Gold_Blazing_Bounty__187011.png"
"187012","PragmaticPlay","Cash Surge","3","100","0","0","","2025-06-04 17:19:29","https://static.ptgaming.ph/images/99a16713cc788eae38e0900c623353cb.png","images/PragmaticPlay__Cash_Surge__187012.png"
"189009","PragmaticPlay","5 Lions Reborn","3","100","0","0","","2025-06-04 17:19:06","https://static.ptgaming.ph/images/1decf381db09e8cbca0977926dcab6f0.png","images/PragmaticPlay__5_Lions_Reborn__189009.png"
"189010","PragmaticPlay","Big Bass Bonanza 1000","3","100","0","0","","2025-06-04 17:19:59","https://static.ptgaming.ph/images/87652f7d1af4a66e3bb4e6c034fd974f.png","images/PragmaticPlay__Big_Bass_Bonanza_1000__189010.png"
"190010","PragmaticPlay","Joker’s Jewels Cash","3","100","0","0","","2025-06-04 17:18:25","https://static.ptgaming.ph/images/936ddb7b5ae1647f431ad27eceaca9e3.png","images/PragmaticPlay__Joker_s_Jewels_Cash__190010.png"
"191012","PragmaticPlay","Triple Pot Gold","3","100","0","0","","2025-06-04 17:15:49","https://static.ptgaming.ph/images/53a6ba180942b90b242f0873f046aeb0.png","images/PragmaticPlay__Triple_Pot_Gold__191012.png"
"192012","PragmaticPlay","Bandit Megaways","3","100","0","0","","2025-06-04 17:18:02","https://static.ptgaming.ph/images/ddb9afb3146cf619d607eab07ac0b61c.png","images/PragmaticPlay__Bandit_Megaways__192012.png"
"199010","PragmaticPlay","Majestic Express – Gold Run","3","100","0","0","","2025-06-04 17:17:19","https://static.ptgaming.ph/images/55e2e797772a2abe9a56dd8eed488cc7.png","images/PragmaticPlay__Majestic_Express_Gold_Run__199010.png"
"200009","PragmaticPlay","Witch Heart Megaways","3","100","0","0","","2025-06-04 17:16:36","https://static.ptgaming.ph/images/b22545a7635804a266674ee8794dff33.png","images/PragmaticPlay__Witch_Heart_Megaways__200009.png"
"202009","PragmaticPlay","Resurrecting Riches","3","100","0","0","","2025-06-04 17:16:14","https://static.ptgaming.ph/images/056035e762fcad8f41b235af3136a322.png","images/PragmaticPlay__Resurrecting_Riches__202009.png"
"202010","PragmaticPlay","Ride The Lightning","3","100","0","0","","2025-06-04 17:18:46","https://static.ptgaming.ph/images/b5fe1f211b8657af80b11b99bc97b589.png","images/PragmaticPlay__Ride_The_Lightning__202010.png"
"225023","PragmaticPlay","Sweet Bonanza Super Scatter","3","100","0","0","","2025-07-30 14:35:53","https://static.ptgaming.ph/images/1fe918b4b8131d824578c21369bc448e.png","images/PragmaticPlay__Sweet_Bonanza_Super_Scatter__225023.png"
"265295","5G","PINATA 1000","3","100","0","1","Exclusive ZI","2026-05-20 18:01:55","https://static.ptgaming.ph/images/577d09837c654a858713c870d3eba141.png","images/5G__PINATA_1000__265295.png"
"636","RTG","Cai Hong","3","101","0","0","","2024-02-26 18:44:21","https://static.ptgaming.ph/images/19858263fb289d3d192525669d047e95.png","images/RTG__Cai_Hong__636.png"
"23268","PragmaticPlay","Gold Train","3","101","0","0","","2024-02-26 18:44:21","https://static.ptgaming.ph/images/eb7bb8a61329bfa7262ceeac817109ae.png","images/PragmaticPlay__Gold_Train__23268.png"
"46024","Evolution","Balloon Race","3","101","0","0","","2024-08-23 17:13:43","https://static.ptgaming.ph/images/463b4fc7c4635affb96fb14535b14540.png","images/Evolution__Balloon_Race__46024.png"
"843","RTG","Small Fortune","3","102","0","0","","2024-02-26 18:44:21","https://static.ptgaming.ph/images/3e3e2e344eb4931ff38d284ccc56a3bb.png","images/RTG__Small_Fortune__843.png"
"22196","PragmaticPlay","Colossal Cash Zone","3","102","0","0","","2024-02-26 18:44:21","https://static.ptgaming.ph/images/9fd36bbd39de63cd85c222f8c624770d.png","images/PragmaticPlay__Colossal_Cash_Zone__22196.png"
"805","RTG","Penguin Palooza","3","103","0","0","","2024-02-26 18:44:21","https://static.ptgaming.ph/images/345af32362ae553b538192cd68c27067.png","images/RTG__Penguin_Palooza__805.png"
"921","Evolution","Salon Privé Baccarat L","3","103","0","0","","2024-02-26 18:44:21","https://static.ptgaming.ph/images/d72f2fc31a2de722b2a5313169300708.png","images/Evolution__Salon_Priv_Baccarat_L__921.png"
"23256","PragmaticPlay","Vegas Magic","3","103","0","0","","2024-02-26 18:44:21","https://static.ptgaming.ph/images/7eea760b1e26ad0ee2b622370dd44525.png","images/PragmaticPlay__Vegas_Magic__23256.png"
"358","PGSoft","Mr. Hallow-Win","3","104","0","0","","2024-02-26 18:44:21","https://static.ptgaming.ph/images/7ca10db6bdfe84753ab2f738fb1bda0e.png","images/PGSoft__Mr._Hallow-Win__358.png"
"920","Evolution","Salon Privé Baccarat K","3","104","0","0","","2024-02-26 18:44:21","https://static.ptgaming.ph/images/ad77f5f0d7047466370d983e949da4b6.png","images/Evolution__Salon_Priv_Baccarat_K__920.png"
"23170","PragmaticPlay","Jane Hunter and the Mask of Montezuma","3","104","0","0","","2024-02-26 18:44:21","https://static.ptgaming.ph/images/c8090487dafd7e85d53c904ea9141488.png","images/PragmaticPlay__Jane_Hunter_and_the_Mask_of_Montezuma__23170.png"
"816","RTG","Purrfect Pets","3","105","0","0","","2024-02-26 18:44:21","https://static.ptgaming.ph/images/2edda66d6ab3c8d0c4ef43103ffe2aa0.png","images/RTG__Purrfect_Pets__816.png"
"1015","Evolution","Salon Privé Baccarat 10","3","105","0","0","","2024-02-26 18:44:21","https://static.ptgaming.ph/images/c766106c60c4bc33a00f61a2d529070b.png","images/Evolution__Salon_Priv_Baccarat_10__1015.png"
"22192","PragmaticPlay","Snakes and Ladders Megadice","3","105","0","0","","2024-02-26 18:44:21","https://static.ptgaming.ph/images/3bf4a9b40453fa4d1a976f556ca07fcf.png","images/PragmaticPlay__Snakes_and_Ladders_Megadice__22192.png"
"352","PGSoft","Medusa","3","106","0","0","","2024-02-26 18:44:21","https://static.ptgaming.ph/images/b24da90ce2cd86a3207c86a4d5da8ed8.png","images/PGSoft__Medusa__352.png"
"538","JILI","Mines","3","106","1","0","10%包赔","2024-02-26 18:44:21","https://static.ptgaming.ph/images/7986db8f5bcaab6ac0725eab6b0790c1.png","images/JILI__Mines__538.png"
"1014","Evolution","Salon Privé Baccarat 09","3","106","0","0","","2024-02-26 18:44:21","https://static.ptgaming.ph/images/4f8c1201eadba982449f0b68958644fb.png","images/Evolution__Salon_Priv_Baccarat_09__1014.png"
"22157","PragmaticPlay","Kingdom of The Dead","3","106","0","0","","2024-02-26 18:44:21","https://static.ptgaming.ph/images/764b15475f9d14f6c250d3572b19354d.png","images/PragmaticPlay__Kingdom_of_The_Dead__22157.png"
"46056","JDB","WILD LOCK","3","106","0","0","","2024-10-07 17:10:20","https://static.ptgaming.ph/images/5c9b8b31099f33adaae887af22d0ebe1.png","images/JDB__WILD_LOCK__46056.png"
"675","RTG","Egyptian Gold","3","107","0","0","","2024-02-26 18:44:21","https://static.ptgaming.ph/images/e610bb82b77180beb507ee90155459bf.png","images/RTG__Egyptian_Gold__675.png"
"1013","Evolution","Salon Privé Baccarat 08","3","107","0","0","","2024-02-26 18:44:21","https://static.ptgaming.ph/images/083deb503d3a3401a4369e8488e5ccd5.png","images/Evolution__Salon_Priv_Baccarat_08__1013.png"
"23136","PragmaticPlay","Goblin Heist Powernudge","3","107","0","0","","2024-02-26 18:44:21","https://static.ptgaming.ph/images/385a1b0ff8a6c19c8b5fbf64a612ec4c.png","images/PragmaticPlay__Goblin_Heist_Powernudge__23136.png"
"598","RTG","Aladdin's Wishes","3","108","0","0","","2024-02-26 18:44:21","https://static.ptgaming.ph/images/6e55ad1be721485ceb057b193ba26115.png","images/RTG__Aladdin_s_Wishes__598.png"
"1012","Evolution","Salon Privé Baccarat 07","3","108","0","0","","2024-02-26 18:44:21","https://static.ptgaming.ph/images/e5bfcb965e39bedd73f1347850839165.png","images/Evolution__Salon_Priv_Baccarat_07__1012.png"
"23217","PragmaticPlay","The Ultimate 5","3","108","0","0","","2024-02-26 18:44:21","https://static.ptgaming.ph/images/966db102c50d192881a331387a6f0379.png","images/PragmaticPlay__The_Ultimate_5__23217.png"
"855","RTG","Sweet 16","3","109","0","0","","2024-02-26 18:44:21","https://static.ptgaming.ph/images/12db347b088ec0353003ae9a397ab249.png","images/RTG__Sweet_16__855.png"
"1011","Evolution","Salon Privé Baccarat 06","3","109","0","0","","2024-02-26 18:44:21","https://static.ptgaming.ph/images/5278a0cddb9c960dea1f0db004107979.png","images/Evolution__Salon_Priv_Baccarat_06__1011.png"
"22223","PragmaticPlay","Peking Luck","3","109","0","0","","2024-02-26 18:44:21","https://static.ptgaming.ph/images/0bcc8a44ccb771a6988805768cfee123.png","images/PragmaticPlay__Peking_Luck__22223.png"
"847","RTG","Spring Wilds","3","110","0","0","","2024-02-26 18:44:21","https://static.ptgaming.ph/images/47111bda6266ed273c99b7c63619351f.png","images/RTG__Spring_Wilds__847.png"
"1010","Evolution","Salon Privé Baccarat 05","3","110","0","0","","2024-02-26 18:44:21","https://static.ptgaming.ph/images/abef6567ef05c76f7d650ea0de3cb6cb.png","images/Evolution__Salon_Priv_Baccarat_05__1010.png"
"20058","JDB","LUCKY COLOR GAME","3","110","0","0","","2024-02-26 18:44:21","https://static.ptgaming.ph/images/0b26e7896c642781cb07434d4aa23ae5.png","images/JDB__LUCKY_COLOR_GAME__20058.png"
"20113","Evolution","Speed Baccarat 2","3","110","0","0","","2024-02-26 18:44:21","https://static.ptgaming.ph/images/90c3be9b403ae9698564e052bb4174e5.png","images/Evolution__Speed_Baccarat_2__20113.png"
"21111","Evolution","Speed Baccarat 1","3","110","0","0","1% Cashback EVO","2024-02-26 18:44:21","https://static.ptgaming.ph/images/74e2d02bb2ce961f05321f0972409aca.png","images/Evolution__Speed_Baccarat_1__21111.png"
"609","RTG","Aztec's Treasure Feature Guarantee","3","111","0","0","","2024-02-26 18:44:21","https://static.ptgaming.ph/images/ae9048d4f86f7f3b887dc557e06a1503.png","images/RTG__Aztec_s_Treasure_Feature_Guarantee__609.png"
"1009","Evolution","Salon Privé Baccarat 04","3","111","0","0","","2024-02-26 18:44:21","https://static.ptgaming.ph/images/209541ba31f8770c357f58bd583dab05.png","images/Evolution__Salon_Priv_Baccarat_04__1009.png"
"23246","PragmaticPlay","Three Star Fortune","3","111","0","0","","2024-02-26 18:44:21","https://static.ptgaming.ph/images/6524fff0948f323096d0db54eb412f2c.png","images/PragmaticPlay__Three_Star_Fortune__23246.png"
"649","RTG","Coyote Cash","3","112","0","0","","2024-02-26 18:44:21","https://static.ptgaming.ph/images/0faa201424e631b59e4550c34abb53f9.png","images/RTG__Coyote_Cash__649.png"
"1008","Evolution","Salon Privé Baccarat 03","3","112","0","0","","2024-02-26 18:44:21","https://static.ptgaming.ph/images/56029bf93da189410586995ecfd741e5.png","images/Evolution__Salon_Priv_Baccarat_03__1008.png"
"23186","PragmaticPlay","John Hunter & the Book of Tut Respin","3","112","0","0","","2024-02-26 18:44:21","https://static.ptgaming.ph/images/1fc7ee31f6f582dcffa8af5747fc9b6c.png","images/PragmaticPlay__John_Hunter_the_Book_of_Tut_Respin__23186.png"
"895","RTG","Witch's Brew","3","113","0","0","","2024-02-26 18:44:21","https://static.ptgaming.ph/images/de917a9c59689e4445b90a5b1c378ad4.png","images/RTG__Witch_s_Brew__895.png"
"1007","Evolution","Salon Privé Baccarat 02","3","113","0","0","","2024-02-26 18:44:21","https://static.ptgaming.ph/images/97d2e6b63a3d78113cbd019df0fedf66.png","images/Evolution__Salon_Priv_Baccarat_02__1007.png"
"22165","PragmaticPlay","Wild Wild Bananas","3","113","0","0","","2024-02-26 18:44:21","https://static.ptgaming.ph/images/d832572a5a71267e3cc53b84d7757385.png","images/PragmaticPlay__Wild_Wild_Bananas__22165.png"
"893","RTG","Wild Fire 7s","3","114","0","0","","2024-02-26 18:44:21","https://static.ptgaming.ph/images/91e54152256c0d2a2d5761c3fcb943bc.png","images/RTG__Wild_Fire_7s__893.png"
"23098","PragmaticPlay","Snakes & Ladders Live","3","114","0","0","","2024-02-26 18:44:21","https://static.ptgaming.ph/images/fa19b6c81d14fe079b03d472a50ec7a4.png","images/PragmaticPlay__Snakes_Ladders_Live__23098.png"
"23205","PragmaticPlay","Elemental Gems Megaways","3","114","0","0","","2024-02-26 18:44:21","https://static.ptgaming.ph/images/be9e4178cd1a9249b5a0c7be65ad10f2.png","images/PragmaticPlay__Elemental_Gems_Megaways__23205.png"
"23259","PragmaticPlay","Gold Rush","3","114","0","0","","2024-02-26 18:44:21","https://static.ptgaming.ph/images/b925c8686a6d64db7ea05ab675d2a07d.png","images/PragmaticPlay__Gold_Rush__23259.png"
"387","PGSoft","Galactic Gems","3","115","0","0","","2024-02-26 18:44:21","https://static.ptgaming.ph/images/b79bb5e382bfb571ebc1047e68a729e3.png","images/PGSoft__Galactic_Gems__387.png"
"631","RTG","Bubble Bubble 3","3","116","0","0","","2024-02-26 18:44:21","https://static.ptgaming.ph/images/f74dbd7f4827ce7706a7eac89b2c5457.png","images/RTG__Bubble_Bubble_3__631.png"
"22222","PragmaticPlay","Da Vinci's Treasure","3","116","0","0","","2024-02-26 18:44:21","https://static.ptgaming.ph/images/00d97467c3b1d913fae2390e49b571c5.png","images/PragmaticPlay__Da_Vinci_s_Treasure__22222.png"
"687","RTG","Fire Dragon","3","117","0","0","","2024-02-26 18:44:21","https://static.ptgaming.ph/images/9baaf4892adbe2f504c0e406d76a82b6.png","images/RTG__Fire_Dragon__687.png"
"21122","Evolution","Speed Baccarat 3","3","117","0","0","","2024-02-26 18:44:21","https://static.ptgaming.ph/images/57d487b1dc1acd3dfeef3467cad538d5.png","images/Evolution__Speed_Baccarat_3__21122.png"
"21139","Evolution","Speed Baccarat X","3","117","0","0","1% Cashback EVO","2024-02-26 18:44:21","https://static.ptgaming.ph/images/fa2c6e27d3b79106b5c58abda768f115.png","images/Evolution__Speed_Baccarat_X__21139.png"
"23238","PragmaticPlay","Star Bounty","3","117","0","0","","2024-02-26 18:44:21","https://static.ptgaming.ph/images/a3c69ef027a10919157487c9ddeba84e.png","images/PragmaticPlay__Star_Bounty__23238.png"
"608","RTG","Aztec's Treasure","3","118","0","0","","2024-02-26 18:44:21","https://static.ptgaming.ph/images/c456ab96820be0cc4de93b39706e048a.png","images/RTG__Aztec_s_Treasure__608.png"
"23171","PragmaticPlay","The Knightu King","3","118","0","0","","2024-02-26 18:44:21","https://static.ptgaming.ph/images/344c28dfc7dae13594cebfb20763fa5c.png","images/PragmaticPlay__The_Knightu_King__23171.png"
"386","PGSoft","Jack Frost's Winter","3","119","0","0","","2024-02-26 18:44:21","https://static.ptgaming.ph/images/30571631ada8eb80b91415500436a5f8.png","images/PGSoft__Jack_Frost_s_Winter__386.png"
"875","RTG","T-Rex II","3","120","0","0","","2024-02-26 18:44:21","https://static.ptgaming.ph/images/bf013b320d319327d5b885b3cf591798.png","images/RTG__T-Rex_II__875.png"
"23185","PragmaticPlay","Towering Fortunes","3","120","0","0","","2024-02-26 18:44:21","https://static.ptgaming.ph/images/936afece454a97ef4427177e2ef7eae0.png","images/PragmaticPlay__Towering_Fortunes__23185.png"
"806","RTG","Penguin Power","3","121","0","0","","2024-02-26 18:44:21","https://static.ptgaming.ph/images/c294a5e098f4c3c0dc495499bde772ec.png","images/RTG__Penguin_Power__806.png"
"23211","PragmaticPlay","Temujin Treasures","3","121","0","0","","2024-02-26 18:44:21","https://static.ptgaming.ph/images/0bd22c870db0c9584ca23f4c25750484.png","images/PragmaticPlay__Temujin_Treasures__23211.png"
"673","RTG","Dragon Orb","3","122","0","0","","2024-02-26 18:44:21","https://static.ptgaming.ph/images/d8ff12fa3f01b5f51063a22461de46d8.png","images/RTG__Dragon_Orb__673.png"
"22214","PragmaticPlay","John Hunter and the Book of Tut","3","122","0","0","","2024-02-26 18:44:21","https://static.ptgaming.ph/images/9204275b6f0c2764fc97487a2b351474.png","images/PragmaticPlay__John_Hunter_and_the_Book_of_Tut__22214.png"
"715","RTG","Great Temple","3","123","0","0","","2024-02-26 18:44:21","https://static.ptgaming.ph/images/338fe9e5a0d0b19b912436df509fdf10.png","images/RTG__Great_Temple__715.png"
"22156","PragmaticPlay","Knight Hot Spotz","3","123","0","0","","2024-02-26 18:44:21","https://static.ptgaming.ph/images/953eeffb4fae2d6a72c20b13d2582bb4.png","images/PragmaticPlay__Knight_Hot_Spotz__22156.png"
"730","RTG","Icy Hot Multi-Game","3","124","0","0","","2024-02-26 18:44:21","https://static.ptgaming.ph/images/68212437382ff7b899a79548352d3a0b.png","images/RTG__Icy_Hot_Multi-Game__730.png"
"23095","PragmaticPlay","3 Genie Wishes","3","124","0","0","","2024-02-26 18:44:21","https://static.ptgaming.ph/images/bdaece8799f13f85dae96280321f7758.png","images/PragmaticPlay__3_Genie_Wishes__23095.png"
"119011","PlayStar","SUGAR BOOM","3","124","0","1","","2025-03-11 17:23:27","https://static.ptgaming.ph/images/95384f0924ecc8207b76985a1e385122.png","images/PlayStar__SUGAR_BOOM__119011.png"
"713","RTG","Golden Lotus","3","125","0","0","","2024-02-26 18:44:21","https://static.ptgaming.ph/images/0ed56b3045effabdabf2c65cea34fa5e.png","images/RTG__Golden_Lotus__713.png"
"23222","PragmaticPlay","Big Juan","3","125","0","0","","2024-02-26 18:44:21","https://static.ptgaming.ph/images/67d018a934dcfa2f97a79ac0ea6ce74c.png","images/PragmaticPlay__Big_Juan__23222.png"
"627","RTG","Bonus Wheel Jungle","3","126","0","0","","2024-02-26 18:44:21","https://static.ptgaming.ph/images/567bff03afc1e21a1444c4bab5267682.png","images/RTG__Bonus_Wheel_Jungle__627.png"
"23196","PragmaticPlay","Master Joker","3","126","0","0","","2024-02-26 18:44:21","https://static.ptgaming.ph/images/19755464566a5d8113f13b39a7966a95.png","images/PragmaticPlay__Master_Joker__23196.png"
"810","RTG","Plentiful Treasure","3","127","0","0","","2024-02-26 18:44:21","https://static.ptgaming.ph/images/7242d72c31e053810f3a3514845c1b01.png","images/RTG__Plentiful_Treasure__810.png"
"20128","Evolution","Speed Baccarat Z","3","127","0","0","","2024-02-26 18:44:21","https://static.ptgaming.ph/images/a59345f21b0616d93e64154ecb173fae.png","images/Evolution__Speed_Baccarat_Z__20128.png"
"21135","Evolution","Speed Baccarat W","3","127","0","0","","2024-02-26 18:44:21","https://static.ptgaming.ph/images/f111372331f1bf80ce0172b221f80e5b.png","images/Evolution__Speed_Baccarat_W__21135.png"
"22204","PragmaticPlay","Pirate Gold Deluxe","3","127","0","0","","2024-02-26 18:44:21","https://static.ptgaming.ph/images/93ad79ebe9cfa225ab8123a8aff2312f.png","images/PragmaticPlay__Pirate_Gold_Deluxe__22204.png"
"614","RTG","Big Cat Links","3","128","0","0","","2024-02-26 18:44:21","https://static.ptgaming.ph/images/a265d66410e9c21ec075accc94ed6af7.png","images/RTG__Big_Cat_Links__614.png"
"20137","Evolution","Speed Baccarat S","3","128","0","0","1% Cashback EVO","2024-02-26 18:44:21","https://static.ptgaming.ph/images/3b510ee53663b19b2cd9e1fc9e0a74e8.png","images/Evolution__Speed_Baccarat_S__20137.png"
"21118","Evolution","Speed Baccarat V","3","128","0","0","1% Cashback EVO","2024-02-26 18:44:21","https://static.ptgaming.ph/images/4983f1c9bc5bd893007219b09cdfb1b9.png","images/Evolution__Speed_Baccarat_V__21118.png"
"23212","PragmaticPlay","Diamonds of Egypt","3","128","0","0","","2024-02-26 18:44:21","https://static.ptgaming.ph/images/09ef94dd913741300b71924900beb047.png","images/PragmaticPlay__Diamonds_of_Egypt__23212.png"
"746","RTG","Kung Fu Rooster","3","129","0","0","","2024-02-26 18:44:21","https://static.ptgaming.ph/images/00a0d881c16d3f79bb5ba56b0a0f6ac6.png","images/RTG__Kung_Fu_Rooster__746.png"
"789","RTG","Naughty or Nice III (Car Wash)","3","130","0","0","","2024-02-26 18:44:21","https://static.ptgaming.ph/images/783670b912556eb6840433b10dfd2f82.png","images/RTG__Naughty_or_Nice_III_Car_Wash__789.png"
"23083","PragmaticPlay","Gates of Valhalla","3","130","0","0","","2024-02-26 18:44:21","https://static.ptgaming.ph/images/82254d5c38c09a9460dc0f2e865824c3.png","images/PragmaticPlay__Gates_of_Valhalla__23083.png"
"139006","PlayStar","CYBERCUBE","3","130","0","0","","2025-03-11 17:26:21","https://static.ptgaming.ph/images/a1c229341c9970bd4659212906243042.png","images/PlayStar__CYBERCUBE__139006.png"
"780","RTG","Miami Jackpots","3","131","0","0","","2024-02-26 18:44:21","https://static.ptgaming.ph/images/5cb2645b146689ed219386de85eb5e6c.png","images/RTG__Miami_Jackpots__780.png"
"376","PGSoft","Reel Love","3","132","0","0","","2024-02-26 18:44:21","https://static.ptgaming.ph/images/5b927df9d6fe89d53772895da6cc71f5.png","images/PGSoft__Reel_Love__376.png"
"883","RTG","Vegas Lux","3","133","0","0","","2024-02-26 18:44:21","https://static.ptgaming.ph/images/9db1efedd4db154dbc3009be46d85d33.png","images/RTG__Vegas_Lux__883.png"
"23187","PragmaticPlay","Tropical Tiki","3","133","0","0","","2024-02-26 18:44:21","https://static.ptgaming.ph/images/525c934b1cfb8592d941cb9a8acef7ce.png","images/PragmaticPlay__Tropical_Tiki__23187.png"
"21133","Evolution","Speed Baccarat U","3","134","0","0","1% Cashback EVO","2024-02-26 18:44:21","https://static.ptgaming.ph/images/08bb0c816735b11cdd8b889d75f2feda.png","images/Evolution__Speed_Baccarat_U__21133.png"
"22225","PragmaticPlay","Fire 88","3","134","0","0","","2024-02-26 18:44:21","https://static.ptgaming.ph/images/d9ded723f616c741def6fde87a2424f8.png","images/PragmaticPlay__Fire_88__22225.png"
"768","RTG","Mardi Gras Magic","3","135","0","0","","2024-02-26 18:44:21","https://static.ptgaming.ph/images/a5e0ee68c360d49fc4abd38d2079e2c5.png","images/RTG__Mardi_Gras_Magic__768.png"
"21144","Evolution","Speed Baccarat T","3","135","0","0","1% Cashback EVO","2024-02-26 18:44:21","https://static.ptgaming.ph/images/4f6086c078c03f76a7fc8b5800e56261.png","images/Evolution__Speed_Baccarat_T__21144.png"
"136006","PlayStar","TREASURES OF AZTEC Z","3","135","0","1","","2025-03-11 17:23:09","https://static.ptgaming.ph/images/a2e6a61f2d6e3c665535eb496e088736.png","images/PlayStar__TREASURES_OF_AZTEC_Z__136006.png"
"748","RTG","Legend of the High Seas","3","136","0","0","","2024-02-26 18:44:21","https://static.ptgaming.ph/images/1b1cfac6b2760aedc3f976f3d14e16c6.png","images/RTG__Legend_of_the_High_Seas__748.png"
"22166","PragmaticPlay","Pirate Golden Age","3","136","0","0","","2024-02-26 18:44:21","https://static.ptgaming.ph/images/e750d9137d46e4598d7d1608cb2b4b5c.png","images/PragmaticPlay__Pirate_Golden_Age__22166.png"
"871","RTG","Three Kingdom Wars (San Guo Zheng Ba)","3","137","0","0","","2024-02-26 18:44:21","https://static.ptgaming.ph/images/19676f14271a6c7a7e76cde097cb578b.png","images/RTG__Three_Kingdom_Wars_San_Guo_Zheng_Ba__871.png"
"23260","PragmaticPlay","Triple Tigers","3","137","0","0","","2024-02-26 18:44:21","https://static.ptgaming.ph/images/c7d4aa6e7869171dc2ea43a362cec596.png","images/PragmaticPlay__Triple_Tigers__23260.png"
"658","RTG","Diamond Dozen","3","138","0","0","","2024-02-26 18:44:21","https://static.ptgaming.ph/images/5bea41fd6d37093b78798a71fde98ff8.png","images/RTG__Diamond_Dozen__658.png"
"21137","Evolution","Speed Baccarat R","3","138","0","0","1% Cashback EVO","2024-02-26 18:44:21","https://static.ptgaming.ph/images/497dfeae172c0a21ab95d04d5e4768f1.png","images/Evolution__Speed_Baccarat_R__21137.png"
"23175","PragmaticPlay","Secret City Gold","3","138","0","0","","2024-02-26 18:44:21","https://static.ptgaming.ph/images/0056d81cd13f0f82ccbc36df60640e4c.png","images/PragmaticPlay__Secret_City_Gold__23175.png"
"698","RTG","Fu Chi","3","139","0","0","","2024-02-26 18:44:21","https://static.ptgaming.ph/images/714cf039e9f13b058d3144efc1350fd3.png","images/RTG__Fu_Chi__698.png"
"20129","Evolution","Speed Baccarat Q","3","139","0","0","1% Cashback EVO","2024-02-26 18:44:21","https://static.ptgaming.ph/images/73af1cdbac678d6e24da48d081cfea86.png","images/Evolution__Speed_Baccarat_Q__20129.png"
"22074","PragmaticPlay","Wild Spells","3","139","0","0","","2024-02-26 18:44:21","https://static.ptgaming.ph/images/86be5411504b8ebedd97a0ed4e540945.png","images/PragmaticPlay__Wild_Spells__22074.png"
"371","PGSoft","Flirting Scholar","3","140","0","0","","2024-02-26 18:44:21","https://static.ptgaming.ph/images/8d616342bf13402896bdeb3f6ac7da43.png","images/PGSoft__Flirting_Scholar__371.png"
"23084","PragmaticPlay","Bomb Bonanza","3","140","0","0","","2024-02-26 18:44:21","https://static.ptgaming.ph/images/e909ef63421bfbf9e5f35d98f68e9cc7.png","images/PragmaticPlay__Bomb_Bonanza__23084.png"
"247004","JILI","Plinko of Mine","3","140","0","0","","2025-09-24 16:48:45","https://static.ptgaming.ph/images/cc1fdb3d39c04e5682b6f267634a6e2d.png","images/JILI__Plinko_of_Mine__247004.png"
"711","RTG","Goldbeard","3","141","0","0","","2024-02-26 18:44:21","https://static.ptgaming.ph/images/513492462928ef36e0ab0f90c3902850.png","images/RTG__Goldbeard__711.png"
"21132","Evolution","Speed Baccarat N","3","141","0","0","1% Cashback EVO","2024-02-26 18:44:21","https://static.ptgaming.ph/images/9b87bd490a00ef7e20a058235e37b62d.png","images/Evolution__Speed_Baccarat_N__21132.png"
"367","PGSoft","Emperor's Favour","3","142","0","0","","2024-02-26 18:44:21","https://static.ptgaming.ph/images/b8b580f167e90dd7d9e50936b595e42e.png","images/PGSoft__Emperor_s_Favour__367.png"
"22231","PragmaticPlay","Caishen's Gold","3","142","0","0","","2024-02-26 18:44:21","https://static.ptgaming.ph/images/a45990a35e5bb2d9d6ce6b7230bccfcc.png","images/PragmaticPlay__Caishen_s_Gold__22231.png"
"869","RTG","The Three Stooges® Brideless Groom","3","143","0","0","","2024-02-26 18:44:21","https://static.ptgaming.ph/images/1acb97de600fa898f6cb240ebb501053.png","images/RTG__The_Three_Stooges_Brideless_Groom__869.png"
"20136","Evolution","Speed Baccarat L","3","143","0","0","1% Cashback EVO","2024-02-26 18:44:21","https://static.ptgaming.ph/images/640462707ca073c8f770f7b72cd1610e.png","images/Evolution__Speed_Baccarat_L__20136.png"
"22124","PragmaticPlay","5 Lions Dance","3","143","0","0","","2024-02-26 18:44:21","https://static.ptgaming.ph/images/8efa712340e41ea94396ec7ebe7d8ead.png","images/PragmaticPlay__5_Lions_Dance__22124.png"
"23041","PragmaticPlay","Dragon Tiger","3","143","0","0","","2024-02-26 18:44:21","https://static.ptgaming.ph/images/ecbfff5be2e59f8af8f04002b9bf2e3d.png","images/PragmaticPlay__Dragon_Tiger__23041.png"
"765","RTG","Lucky Tiger","3","144","0","0","","2024-02-26 18:44:21","https://static.ptgaming.ph/images/34198fe3deb61328a1980116553d7eb2.png","images/RTG__Lucky_Tiger__765.png"
"659","RTG","Diamond Fiesta","3","145","0","0","","2024-02-26 18:44:21","https://static.ptgaming.ph/images/0dd2230176975a7805aee83cfdfab97a.png","images/RTG__Diamond_Fiesta__659.png"
"23223","PragmaticPlay","John Hunter and the Quest for Bermuda Riches","3","145","0","0","","2024-02-26 18:44:21","https://static.ptgaming.ph/images/d21a46e17c923778f17006f02f2a5d5a.png","images/PragmaticPlay__John_Hunter_and_the_Quest_for_Bermuda_Riches__23223.png"
"353","PGSoft","Plushie Frenzy","3","146","0","0","","2024-02-26 18:44:21","https://static.ptgaming.ph/images/92f71a22124eb51cd098834415a466cf.png","images/PGSoft__Plushie_Frenzy__353.png"
"22190","PragmaticPlay","Queenie","3","146","0","0","","2024-02-26 18:44:21","https://static.ptgaming.ph/images/15fbdcbce6098870a5712f6c74600339.png","images/PragmaticPlay__Queenie__22190.png"
"860","RTG","Tarot Destiny","3","147","0","0","","2024-02-26 18:44:21","https://static.ptgaming.ph/images/406692680ec8f77b0de6e87b46cf9683.png","images/RTG__Tarot_Destiny__860.png"
"23176","PragmaticPlay","Pinup Girls","3","147","0","0","","2024-02-26 18:44:21","https://static.ptgaming.ph/images/fc4d0284ee26a478a523922254ad34df.png","images/PragmaticPlay__Pinup_Girls__23176.png"
"347","PGSoft","Honey Trap of Diao Chan","3","148","0","0","","2024-02-26 18:44:21","https://static.ptgaming.ph/images/6bf38b9c07d2da28fc452770b6da7be6.png","images/PGSoft__Honey_Trap_of_Diao_Chan__347.png"
"23241","PragmaticPlay","Drago - Jewels of Fortune","3","148","0","0","","2024-02-26 18:44:21","https://static.ptgaming.ph/images/09c6b2db87126df9a796e97a453bd0a5.png","images/PragmaticPlay__Drago_-_Jewels_of_Fortune__23241.png"
"556","JILI","Pusoy Go","3","149","0","0","10%包赔","2024-02-26 18:44:21","https://static.ptgaming.ph/images/23dd2ad45cc2014d1ee8af0059359bed.png","images/JILI__Pusoy_Go__556.png"
"652","RTG","Crystal Waters","3","149","0","0","","2024-02-26 18:44:21","https://static.ptgaming.ph/images/dce02230585becf1c9abd5b13fd2b7af.png","images/RTG__Crystal_Waters__652.png"
"23125","PragmaticPlay","Cash Box","3","149","0","0","","2024-02-26 18:44:21","https://static.ptgaming.ph/images/f22782ca4b80fd6c429910a9f60fa3d2.png","images/PragmaticPlay__Cash_Box__23125.png"
"239294","JILI","Amar Akbar Anthony","3","149","0","0","","2026-02-09 09:48:30","https://static.ptgaming.ph/images/a54e8efad4563cd5976d976c11d35baf.png","images/JILI__Amar_Akbar_Anthony__239294.png"
"273296","JILI","Lucky Roulette","3","149","0","0","10%包赔","2026-03-17 11:13:02","https://static.ptgaming.ph/images/42c1a7633a99b9d95a32a3dae41aaea1.png","images/JILI__Lucky_Roulette__273296.png"
"615","RTG","Big Santa","3","150","0","0","","2024-02-26 18:44:21","https://static.ptgaming.ph/images/130ef852253a6ed1c30b55cb1734f531.png","images/RTG__Big_Santa__615.png"
"22185","PragmaticPlay","Chicken Drop","3","150","0","0","","2024-02-26 18:44:21","https://static.ptgaming.ph/images/27f78a6fd7f8fbfe2426df1672f893e8.png","images/PragmaticPlay__Chicken_Drop__22185.png"
"76036","FaChai","POKER WIN","3","150","0","0","1.5% cash 2%","2025-01-03 14:39:50","https://static.ptgaming.ph/images/78a94da1cc9ef1b2b9e501ecc103392b.png","images/FaChai__POKER_WIN__76036.png"
"114005","PlayStar","SUPER POWERFUL","3","150","0","0","","2025-03-11 17:00:44","https://static.ptgaming.ph/images/b8b06ff97c4a0f2a64d1873d85d7a001.png","images/PlayStar__SUPER_POWERFUL__114005.png"
"220002","FaChai","JUNGLE BANG BANG","3","150","0","1","1.5% cash 2%","2025-07-01 10:55:07","https://static.ptgaming.ph/images/807563a246e7f0d11c765b6e5e614fa7.png","images/FaChai__JUNGLE_BANG_BANG__220002.png"
"245009","JILI","Drop Ball","3","150","0","0","","2025-10-15 13:21:38","https://static.ptgaming.ph/images/999dc8d0e03373f0d12c6a79b339cd88.png","images/JILI__Drop_Ball__245009.png"
"369","PGSoft","Jungle Delight","3","151","0","0","","2024-02-26 18:44:21","https://static.ptgaming.ph/images/26284edbf0c8c4c94b19abb89f3c01a8.png","images/PGSoft__Jungle_Delight__369.png"
"23079","PragmaticPlay","Lamp Of Infinity","3","151","0","0","","2024-02-26 18:44:21","https://static.ptgaming.ph/images/5c74ab16790cb2fce2ce4b3ec6ed0757.png","images/PragmaticPlay__Lamp_Of_Infinity__23079.png"
"361","PGSoft","Hip Hop Panda","3","152","0","0","","2024-02-26 18:44:21","https://static.ptgaming.ph/images/3cc16da49ae3867d96bc18c108bda5b8.png","images/PGSoft__Hip_Hop_Panda__361.png"
"22189","PragmaticPlay","Fire Strike 2","3","152","0","0","","2024-02-26 18:44:21","https://static.ptgaming.ph/images/9c6b7015869858fc5c2801be5cdfc37e.png","images/PragmaticPlay__Fire_Strike_2__22189.png"
"849","RTG","Storm Lords","3","153","0","0","","2024-02-26 18:44:21","https://static.ptgaming.ph/images/71276c6178d9ea797cf051a46ba15e28.png","images/RTG__Storm_Lords__849.png"
"23167","PragmaticPlay","Lobster Bob's Crazy Crab Shack","3","153","0","0","","2024-02-26 18:44:21","https://static.ptgaming.ph/images/db31c5196fdb67b3f5571e8e70cc071b.png","images/PragmaticPlay__Lobster_Bob_s_Crazy_Crab_Shack__23167.png"
"541","JILI","Wheel","3","154","0","0","","2024-02-26 18:44:21","https://static.ptgaming.ph/images/dc5e662995e71bfb4223eb6a8c2dda41.png","images/JILI__Wheel__541.png"
"23225","PragmaticPlay","Piggy Bank Bills","3","154","0","0","","2024-02-26 18:44:21","https://static.ptgaming.ph/images/9f8c6bc12e6423babf727ab9d9fbb5c3.png","images/PragmaticPlay__Piggy_Bank_Bills__23225.png"
"130008","PlayStar","SUPER AWESOME","3","154","0","1","","2025-03-11 17:12:40","https://static.ptgaming.ph/images/0ca743fd57dad11081fa1079f18b9670.png","images/PlayStar__SUPER_AWESOME__130008.png"
"826","RTG","Rudolph Awakens","3","155","0","0","","2024-02-26 18:44:21","https://static.ptgaming.ph/images/e48161ea66931585f0944f3e38dab5d5.png","images/RTG__Rudolph_Awakens__826.png"
"23257","PragmaticPlay","Jade Butterfly","3","155","0","0","","2024-02-26 18:44:21","https://static.ptgaming.ph/images/ab5af45951ebe5f3b5511230db582522.png","images/PragmaticPlay__Jade_Butterfly__23257.png"
"140005","PlayStar","SUPER LUCKY","3","155","0","0","","2025-03-11 17:25:10","https://static.ptgaming.ph/images/b8ac3dfcbdad053530ccbacd09488e71.png","images/PlayStar__SUPER_LUCKY__140005.png"
"877","RTG","Trigger Happy","3","156","0","0","","2024-02-26 18:44:21","https://static.ptgaming.ph/images/8e9e64803396f3a1fbd4f8e1ed1b59f4.png","images/RTG__Trigger_Happy__877.png"
"23043","PragmaticPlay","Mega Wheel","3","156","0","0","","2024-02-26 18:44:21","https://static.ptgaming.ph/images/be69684974017b62e0a36bc059240085.png","images/PragmaticPlay__Mega_Wheel__23043.png"
"364","PGSoft","Gem Saviour Sword","3","157","0","0","","2024-02-26 18:44:21","https://static.ptgaming.ph/images/810e0377a3fa203ee0b675914bff8425.png","images/PGSoft__Gem_Saviour_Sword__364.png"
"378","PGSoft","Shaolin Soccer","3","158","0","0","","2024-02-26 18:44:21","https://static.ptgaming.ph/images/829037515ab62d3eedd8e597bfba8e4e.png","images/PGSoft__Shaolin_Soccer__378.png"
"23149","PragmaticPlay","Hellvis Wild","3","158","0","0","","2024-02-26 18:44:21","https://static.ptgaming.ph/images/8f55969b7d4bbf250a7228c27f42bcca.png","images/PragmaticPlay__Hellvis_Wild__23149.png"
"360","PGSoft","Prosperity Lion","3","159","0","0","","2024-02-26 18:44:21","https://static.ptgaming.ph/images/989a6578612bd2c62bfff169e019f850.png","images/PGSoft__Prosperity_Lion__360.png"
"23266","PragmaticPlay","Wolf Gold","3","159","0","0","","2024-02-26 18:44:21","https://static.ptgaming.ph/images/d8f860d9b1d0027777f1a9265461988b.png","images/PragmaticPlay__Wolf_Gold__23266.png"
"23267","PragmaticPlay","3 Kingdoms - Battle of Red Cliffs","3","159","0","0","","2024-02-26 18:44:21","https://static.ptgaming.ph/images/d536fc2493ba3846c8167476e8d901e9.png","images/PragmaticPlay__3_Kingdoms_-_Battle_of_Red_Cliffs__23267.png"
"45027","SparkGame","TONGITS JOKER","3","159","1","1","10%包赔","2024-09-20 11:33:01","https://static.ptgaming.ph/images/fe065d7812dfe052938b1243eea79cc4.png","images/SparkGame__TONGITS_JOKER__45027.png"
"377","PGSoft","Gem Saviour Conquest","3","160","0","0","","2024-02-26 18:44:21","https://static.ptgaming.ph/images/9a7918274a8494b7faaaf2dcd530c848.png","images/PGSoft__Gem_Saviour_Conquest__377.png"
"23085","PragmaticPlay","Drill that Gold","3","160","0","0","","2024-02-26 18:44:21","https://static.ptgaming.ph/images/9e47969d095a6fbc85a8ac02dd9c2f86.png","images/PragmaticPlay__Drill_that_Gold__23085.png"
"45010","SparkGame","TONGITS PINOY","3","160","1","1","Exclusive ZI","2024-07-27 12:44:10","https://static.ptgaming.ph/images/a0c0fa735c7e469cfcb5b129660b1792.png","images/SparkGame__TONGITS_PINOY__45010.png"
"384","PGSoft","Vampire's Charm","3","161","0","0","","2024-02-26 18:44:21","https://static.ptgaming.ph/images/bab5eb6996d72ae6064270f998aaf56c.png","images/PGSoft__Vampire_s_Charm__384.png"
"517","JILI","7up7down","3","162","0","0","10%包赔","2024-02-26 18:44:21","https://static.ptgaming.ph/images/15a26038375f971c2534ec7ee46500a6.png","images/JILI__7up7down__517.png"
"801","RTG","Panda's Gold","3","162","0","0","","2024-02-26 18:44:21","https://static.ptgaming.ph/images/b1e29f591d4003200b8db26f44efb3d7.png","images/RTG__Panda_s_Gold__801.png"
"359","PGSoft","Legend of Hou Yi","3","163","0","0","","2024-02-26 18:44:21","https://static.ptgaming.ph/images/a138a7b2ebe18a60de1f0c1352beba87.png","images/PGSoft__Legend_of_Hou_Yi__359.png"
"22120","PragmaticPlay","Wild Hop & Drop","3","163","0","0","","2024-02-26 18:44:21","https://static.ptgaming.ph/images/876493108d30a3de71cb6b7efb9dfb07.png","images/PragmaticPlay__Wild_Hop_Drop__22120.png"
"821","RTG","Regal Riches","3","164","0","0","","2024-02-26 18:44:21","https://static.ptgaming.ph/images/258b16cc00bc79117cf1409dbeb860e7.png","images/RTG__Regal_Riches__821.png"
"23242","PragmaticPlay","Pyramid King","3","164","0","0","","2024-02-26 18:44:21","https://static.ptgaming.ph/images/ab5e2ab5b879fed0ccbbd1b30366072b.png","images/PragmaticPlay__Pyramid_King__23242.png"
"400","PGSoft","Emoji Riches","3","165","0","0","","2024-02-26 18:44:21","https://static.ptgaming.ph/images/8795d2edd78b59db03edaa5a513c52f1.png","images/PGSoft__Emoji_Riches__400.png"
"23218","PragmaticPlay","Wild Depths","3","165","0","0","","2024-02-26 18:44:21","https://static.ptgaming.ph/images/ea9aa3343a28a82bdb9a2a52fdcbf1ca.png","images/PragmaticPlay__Wild_Depths__23218.png"
"133010","PlayStar","MAHJONG WAYS 3 PLUS","3","165","0","1","","2025-03-11 17:22:55","https://static.ptgaming.ph/images/43794fa012a5e9d5e9ba5d354bd41590.png","images/PlayStar__MAHJONG_WAYS_3_PLUS__133010.png"
"809","RTG","Pig Winner","3","166","0","0","","2024-02-26 18:44:21","https://static.ptgaming.ph/images/a75aa967c23b8333783d34f7045adb9a.png","images/RTG__Pig_Winner__809.png"
"23226","PragmaticPlay","Chilli Heat Megaways","3","166","0","0","","2024-02-26 18:44:21","https://static.ptgaming.ph/images/1763c15ae7f8f6b3df8adfd8d0e4dd92.png","images/PragmaticPlay__Chilli_Heat_Megaways__23226.png"
"646","RTG","Copy Cat Fortune","3","167","0","0","","2024-02-26 18:44:21","https://static.ptgaming.ph/images/02e8ad5b16a09e97f8109ead24079563.png","images/RTG__Copy_Cat_Fortune__646.png"
"23221","PragmaticPlay","Big Bass Bonanza Megaways","3","167","0","0","","2024-02-26 18:44:21","https://static.ptgaming.ph/images/b1960bf2a9438849bc6ee9bfe9ba9818.png","images/PragmaticPlay__Big_Bass_Bonanza_Megaways__23221.png"
"350","PGSoft","Medusa II","3","168","0","0","","2024-02-26 18:44:21","https://static.ptgaming.ph/images/646d558e38efd652fd0c034f7476a0a1.png","images/PGSoft__Medusa_II__350.png"
"22171","PragmaticPlay","Down the Rails","3","168","0","0","","2024-02-26 18:44:21","https://static.ptgaming.ph/images/8cd8297e04ab45073c0a3cde55999433.png","images/PragmaticPlay__Down_the_Rails__22171.png"
"23017","Evolution","Speed VIP Blackjack I","3","168","0","0","","2024-02-26 18:44:21","https://static.ptgaming.ph/images/615c3759b8f54c7278bb9f83da582d29.png","images/Evolution__Speed_VIP_Blackjack_I__23017.png"
"782","RTG","Mighty Drums","3","169","0","0","","2024-02-26 18:44:21","https://static.ptgaming.ph/images/49bee36f7b138b0f54ad2bc3ac02cbbe.png","images/RTG__Mighty_Drums__782.png"
"22121","PragmaticPlay","Pirates Pub","3","169","0","0","","2024-02-26 18:44:21","https://static.ptgaming.ph/images/21bfce643399da2df4f46fd088dc6d0b.png","images/PragmaticPlay__Pirates_Pub__22121.png"
"23010","Evolution","Speed VIP Blackjack H","3","169","0","0","","2024-02-26 18:44:21","https://static.ptgaming.ph/images/27db4f591a9c7d999168277a0bdf7b4c.png","images/Evolution__Speed_VIP_Blackjack_H__23010.png"
"861","RTG","Texan Tycoon","3","170","0","0","","2024-02-26 18:44:21","https://static.ptgaming.ph/images/7ccbd74a47374d1ecf14f521e2bde944.png","images/RTG__Texan_Tycoon__861.png"
"21148","Evolution","Speed VIP Blackjack J","3","170","0","0","","2024-02-26 18:44:21","https://static.ptgaming.ph/images/b93371e5d996ac06b3ca8f98929f6235.png","images/Evolution__Speed_VIP_Blackjack_J__21148.png"
"23252","PragmaticPlay","Tree of Riches","3","170","0","0","","2024-02-26 18:44:21","https://static.ptgaming.ph/images/e46f1befc5bf59322321412139202b4b.png","images/PragmaticPlay__Tree_of_Riches__23252.png"
"383","PGSoft","Secrets of Cleopatra","3","171","0","0","","2024-02-26 18:44:21","https://static.ptgaming.ph/images/912bc20ef4dc1683fb6e9627b684c812.png","images/PGSoft__Secrets_of_Cleopatra__383.png"
"22084","PragmaticPlay","Ding Dong Christmas Bells","3","171","0","0","","2024-02-26 18:44:21","https://static.ptgaming.ph/images/59e9a0f95d07455e20d5443d4923b6db.png","images/PragmaticPlay__Ding_Dong_Christmas_Bells__22084.png"
"388","PGSoft","Guardians of Ice and Fire","3","172","0","0","","2024-02-26 18:44:21","https://static.ptgaming.ph/images/c2c410af0a5c67a3c3ef0f3478504b33.png","images/PGSoft__Guardians_of_Ice_and_Fire__388.png"
"351","PGSoft","Tree of Fortune","3","173","0","0","","2024-02-26 18:44:21","https://static.ptgaming.ph/images/48a2f9fde10ca4ad7cc05857b230a8d6.png","images/PGSoft__Tree_of_Fortune__351.png"
"23250","PragmaticPlay","Greek Gods","3","173","0","0","","2024-02-26 18:44:21","https://static.ptgaming.ph/images/fbf42a1ef15ba4646fa441707dd2bd07.png","images/PragmaticPlay__Greek_Gods__23250.png"
"115009","PlayStar","ATHENA-LUCKY SPREAD","3","173","0","1","","2025-03-11 17:24:19","https://static.ptgaming.ph/images/135bc9c734f3cc5803c491e5a5abdc98.png","images/PlayStar__ATHENA-LUCKY_SPREAD__115009.png"
"737","RTG","Jackpot Saloon","3","174","0","0","","2024-02-26 18:44:21","https://static.ptgaming.ph/images/e5fce4f7f9a54abc56d5c3e535b448f1.png","images/RTG__Jackpot_Saloon__737.png"
"22122","PragmaticPlay","The Great Stick-Up","3","174","0","0","","2024-02-26 18:44:21","https://static.ptgaming.ph/images/6298289bc32ce14917c9075902602cee.png","images/PragmaticPlay__The_Great_Stick-Up__22122.png"
"356","PGSoft","Hotpot","3","175","0","0","","2024-02-26 18:44:21","https://static.ptgaming.ph/images/456019ee560cd31923b2c0df3b1f7e85.png","images/PGSoft__Hotpot__356.png"
"23138","PragmaticPlay","Amazing Money Machine","3","175","0","0","","2024-02-26 18:44:21","https://static.ptgaming.ph/images/6fec1c5d167845ad6cd2468fa9ff3c05.png","images/PragmaticPlay__Amazing_Money_Machine__23138.png"
"136008","PlayStar","HORDE 2 WINTER","3","175","0","1","","2025-03-12 17:28:03","https://static.ptgaming.ph/images/0d4a93f8f2f8c7522822016b7c6654a6.png","images/PlayStar__HORDE_2_WINTER__136008.png"
"372","PGSoft","Ninja vs Samurai","3","176","0","0","","2024-02-26 18:44:21","https://static.ptgaming.ph/images/81cd1a49d3037f54c5be88a33479abce.png","images/PGSoft__Ninja_vs_Samurai__372.png"
"22154","PragmaticPlay","Diamond Cascade","3","176","0","0","","2024-02-26 18:44:21","https://static.ptgaming.ph/images/b7228937bb2c8f1414f02985d2b0267f.png","images/PragmaticPlay__Diamond_Cascade__22154.png"
"829","RTG","Samba Jackpots","3","177","0","0","","2024-02-26 18:44:21","https://static.ptgaming.ph/images/afa57cc0913f35dcf1a78c9d8dfdebb3.png","images/RTG__Samba_Jackpots__829.png"
"23073","PragmaticPlay","Mega Sic Bo","3","177","0","0","","2024-02-26 18:44:21","https://static.ptgaming.ph/images/51eaf2060a667e5b041fcba7e276952e.png","images/PragmaticPlay__Mega_Sic_Bo__23073.png"
"880","RTG","Triple Twister","3","178","0","0","","2024-02-26 18:44:21","https://static.ptgaming.ph/images/da8820d053dc654bd5056ee40fdd72da.png","images/RTG__Triple_Twister__880.png"
"23121","PragmaticPlay","Timber Stacks","3","178","0","0","","2024-02-26 18:44:21","https://static.ptgaming.ph/images/0cd3ceeece5691c38e26b5b752890765.png","images/PragmaticPlay__Timber_Stacks__23121.png"
"349","PGSoft","Win Win Won","3","179","0","0","","2024-02-26 18:44:21","https://static.ptgaming.ph/images/020aee6dc6da359fe6d87e89adc69f54.png","images/PGSoft__Win_Win_Won__349.png"
"22197","PragmaticPlay","Super X","3","179","0","0","","2024-02-26 18:44:21","https://static.ptgaming.ph/images/c3d374b27999df190aaedf18a0dd9de7.png","images/PragmaticPlay__Super_X__22197.png"
"382","PGSoft","Circus Delight","3","180","0","0","","2024-02-26 18:44:21","https://static.ptgaming.ph/images/b043c243a3a8febf8804bd74d7977e28.png","images/PGSoft__Circus_Delight__382.png"
"22102","PragmaticPlay","Demon Pots","3","180","0","0","","2024-02-26 18:44:21","https://static.ptgaming.ph/images/c13729a0d79c03a1e99c6739e47c130f.png","images/PragmaticPlay__Demon_Pots__22102.png"
"23018","Evolution","Speed VIP Blackjack G","3","180","0","0","","2024-02-26 18:44:21","https://static.ptgaming.ph/images/9de092c132f3c818cbc871117643b7e3.png","images/Evolution__Speed_VIP_Blackjack_G__23018.png"
"208003","YellowBat","Fortune X Ace","3","180","0","1","","2025-07-15 14:52:34","https://static.ptgaming.ph/images/2e46832d8a077c87b313c93e7fead972.png","images/YellowBat__Fortune_X_Ace__208003.png"
"642","RTG","Cash Bandits 3","3","181","0","0","","2024-02-26 18:44:21","https://static.ptgaming.ph/images/48b53acd899122c555fa00d574cf1da5.png","images/RTG__Cash_Bandits_3__642.png"
"22201","PragmaticPlay","Rise of Giza PowerNudge","3","181","0","0","","2024-02-26 18:44:21","https://static.ptgaming.ph/images/de02139d83158e9de661dce3ad96d048.png","images/PragmaticPlay__Rise_of_Giza_PowerNudge__22201.png"
"200","Evolution","Peek Baccarat","3","182","0","0","1% Cashback EVO","2024-02-26 18:44:21","https://static.ptgaming.ph/images/3b828f34b4d843ec5d87e51ed397ff18.png","images/Evolution__Peek_Baccarat__200.png"
"348","PGSoft","Fortune Gods","3","182","0","0","","2024-02-26 18:44:21","https://static.ptgaming.ph/images/f4b583242c1dab47f93e67e25c87ad73.png","images/PGSoft__Fortune_Gods__348.png"
"22114","PragmaticPlay","Chase for Glory","3","182","0","0","","2024-02-26 18:44:21","https://static.ptgaming.ph/images/8defbaca7d7cb9ef2bc951f136c9992a.png","images/PragmaticPlay__Chase_for_Glory__22114.png"
"401","PGSoft","Mask Carnival","3","183","0","0","","2024-02-26 18:44:21","https://static.ptgaming.ph/images/96ce44bbafe33951b0df0a60cd259707.png","images/PGSoft__Mask_Carnival__401.png"
"23013","Evolution","Speed VIP Blackjack F","3","183","0","0","","2024-02-26 18:44:21","https://static.ptgaming.ph/images/908d03bdad989a1951bbe309e7cda24a.png","images/Evolution__Speed_VIP_Blackjack_F__23013.png"
"409","PGSoft","Win Win Fish Prawn Crab","3","184","0","0","","2024-02-26 18:44:21","https://static.ptgaming.ph/images/3f18df53973b734d31183e20ada1a0bc.png","images/PGSoft__Win_Win_Fish_Prawn_Crab__409.png"
"22217","PragmaticPlay","Super 7s","3","184","0","0","","2024-02-26 18:44:21","https://static.ptgaming.ph/images/c89595002c11a90335e645037837b55f.png","images/PragmaticPlay__Super_7s__22217.png"
"118006","PlayStar","SUPER WIN","3","184","0","1","","2025-03-11 17:07:31","https://static.ptgaming.ph/images/cf3d15ec1f055a2e049fcd2e40be33fc.png","images/PlayStar__SUPER_WIN__118006.png"
"375","PGSoft","Fortune Mouse","3","185","0","0","","2024-02-26 18:44:21","https://static.ptgaming.ph/images/2496dcf487baa11012130e7ed3db2feb.png","images/PGSoft__Fortune_Mouse__375.png"
"23172","PragmaticPlay","Mystery Of The Orient","3","185","0","0","","2024-02-26 18:44:21","https://static.ptgaming.ph/images/779899359c21ab35d0ad91c81bfa0162.png","images/PragmaticPlay__Mystery_Of_The_Orient__23172.png"
"186","Evolution","Baccarat Control Squeeze","3","186","0","0","1% Cashback EVO","2024-02-26 18:44:21","https://static.ptgaming.ph/images/0721e125646ca806a82d7623eac206e5.png","images/Evolution__Baccarat_Control_Squeeze__186.png"
"373","PGSoft","Muay Thai Champion","3","186","0","0","","2024-02-26 18:44:21","https://static.ptgaming.ph/images/3a4edec5cb2e6e706956241b593cbdca.png","images/PGSoft__Muay_Thai_Champion__373.png"
"23127","PragmaticPlay","Curse of the Werewolf Megaways","3","186","0","0","","2024-02-26 18:44:21","https://static.ptgaming.ph/images/581b541caf818372aa976319e966dc94.png","images/PragmaticPlay__Curse_of_the_Werewolf_Megaways__23127.png"
"389","PGSoft","Opera Dynasty","3","187","0","0","","2024-02-26 18:44:21","https://static.ptgaming.ph/images/7305e4a844645b00f573e4fb53369c04.png","images/PGSoft__Opera_Dynasty__389.png"
"22008","Evolution","Speed VIP Blackjack K","3","187","0","0","","2024-02-26 18:44:21","https://static.ptgaming.ph/images/da5395ca34a409e1101da8fb8b867bb6.png","images/Evolution__Speed_VIP_Blackjack_K__22008.png"
"23228","PragmaticPlay","Heart of Rio","3","187","0","0","","2024-02-26 18:44:21","https://static.ptgaming.ph/images/41fd64ad11abfb92b957c1be04dc76d8.png","images/PragmaticPlay__Heart_of_Rio__23228.png"
"357","PGSoft","Dragon Legend","3","188","0","0","","2024-02-26 18:44:21","https://static.ptgaming.ph/images/56127f3c6646a0c64c8b445ca429ee89.png","images/PGSoft__Dragon_Legend__357.png"
"23165","PragmaticPlay","Gold Oasis","3","188","0","0","","2024-02-26 18:44:21","https://static.ptgaming.ph/images/972c3c48efaa81fc896bf9a773691bb5.png","images/PragmaticPlay__Gold_Oasis__23165.png"
"677","RTG","Enchanted Garden II","3","189","0","0","","2024-02-26 18:44:21","https://static.ptgaming.ph/images/d2eaeaa8119904cb50f7be0d5f3673fb.png","images/RTG__Enchanted_Garden_II__677.png"
"1006","Evolution","Salon Privé Baccarat A","3","189","0","0","1% Cashback EVO","2024-02-26 18:44:21","https://static.ptgaming.ph/images/87b7a84ce7616b0d63693c76c12f16d1.png","images/Evolution__Salon_Priv_Baccarat_A__1006.png"
"22181","PragmaticPlay","Baccarat 9","3","189","0","0","","2024-02-26 18:44:21","https://static.ptgaming.ph/images/444cb055346c47c516d8f5d3f91aefa1.png","images/PragmaticPlay__Baccarat_9__22181.png"
"23032","Evolution","Speed VIP Blackjack L","3","189","0","0","","2024-02-26 18:44:21","https://static.ptgaming.ph/images/4f48d51eb472e8b3a072297166438344.png","images/Evolution__Speed_VIP_Blackjack_L__23032.png"
"363","PGSoft","Baccarat Deluxe","3","190","1","0","10%包赔","2024-02-26 18:44:21","https://static.ptgaming.ph/images/be4c2fd8af2f69df71219f4bb309560e.png","images/PGSoft__Baccarat_Deluxe__363.png"
"704","RTG","Ghost Ship","3","190","0","0","","2024-02-26 18:44:21","https://static.ptgaming.ph/images/6aa5bad4670330bb012910ec9e06c01e.png","images/RTG__Ghost_Ship__704.png"
"22011","Evolution","Speed VIP Blackjack E","3","190","0","0","","2024-02-26 18:44:21","https://static.ptgaming.ph/images/0711371c0646a4bd4e39539f01961ccc.png","images/Evolution__Speed_VIP_Blackjack_E__22011.png"
"22016","Evolution","Speed VIP Blackjack M","3","190","0","0","","2024-02-26 18:44:21","https://static.ptgaming.ph/images/dd9b0d12970c97e5e3341658172db448.png","images/Evolution__Speed_VIP_Blackjack_M__22016.png"
"22117","PragmaticPlay","Juicy Fruits","3","190","0","0","","2024-02-26 18:44:21","https://static.ptgaming.ph/images/930e09780f2b946189ee3bdf412f0e84.png","images/PragmaticPlay__Juicy_Fruits__22117.png"
"747","RTG","Legend of Helios","3","191","0","0","","2024-02-26 18:44:21","https://static.ptgaming.ph/images/9d839e137c9c054e78c9948c2484d87e.png","images/RTG__Legend_of_Helios__747.png"
"22010","Evolution","Speed VIP Blackjack D","3","191","0","0","","2024-02-26 18:44:21","https://static.ptgaming.ph/images/e3bffa5bcc59dbdc4d0eae02d44c6037.png","images/Evolution__Speed_VIP_Blackjack_D__22010.png"
"23129","PragmaticPlay","Greedy Wolf","3","191","0","0","","2024-02-26 18:44:21","https://static.ptgaming.ph/images/4510ed02e1bbed6ef9c51b75fb51598b.png","images/PragmaticPlay__Greedy_Wolf__23129.png"
"428","PGSoft","Ninja Racoon Frenzy","3","192","0","0","","2024-02-26 18:44:21","https://static.ptgaming.ph/images/4732b2b3438922b35452f274ebeaeb0d.png","images/PGSoft__Ninja_Racoon_Frenzy__428.png"
"23008","Evolution","Speed VIP Blackjack C","3","192","0","0","","2024-02-26 18:44:21","https://static.ptgaming.ph/images/9a1e55b5aa4128e3b1e50c4311c9dd1b.png","images/Evolution__Speed_VIP_Blackjack_C__23008.png"
"23206","PragmaticPlay","Bounty Gold","3","192","0","0","","2024-02-26 18:44:21","https://static.ptgaming.ph/images/da5facc4d614d065c9fdae6c77056ef4.png","images/PragmaticPlay__Bounty_Gold__23206.png"
"644","RTG","Cleopatra's Gold","3","193","0","0","","2024-02-26 18:44:21","https://static.ptgaming.ph/images/e2c83ac86b972185777c64163f6b9b7e.png","images/RTG__Cleopatra_s_Gold__644.png"
"500","JILI","Cricket King 18","3","194","0","0","","2024-02-26 18:44:21","https://static.ptgaming.ph/images/c59935bcb54fd3104506643138fcdcdb.png","images/JILI__Cricket_King_18__500.png"
"22007","Evolution","Speed VIP Blackjack A","3","194","0","0","","2024-02-26 18:44:21","https://static.ptgaming.ph/images/eeb7cdc63771a022090f2a073712e9a7.png","images/Evolution__Speed_VIP_Blackjack_A__22007.png"
"23181","PragmaticPlay","Shield of Sparta","3","194","0","0","","2024-02-26 18:44:21","https://static.ptgaming.ph/images/504e1f22de9888300c52131bd7378551.png","images/PragmaticPlay__Shield_of_Sparta__23181.png"
"418","PGSoft","Hawaiian Tiki","3","195","0","0","","2024-02-26 18:44:21","https://static.ptgaming.ph/images/28dc9e0096d668ff8782d2560b127d84.png","images/PGSoft__Hawaiian_Tiki__418.png"
"23124","PragmaticPlay","Candy Stars","3","195","0","0","","2024-02-26 18:44:21","https://static.ptgaming.ph/images/5ac0578710a70cda9b896fcd180d5cb0.png","images/PragmaticPlay__Candy_Stars__23124.png"
"590","RTG","5 Wishes","3","196","0","0","","2024-02-26 18:44:21","https://static.ptgaming.ph/images/37f2735d1de622cb7c43966cd08c7fb3.png","images/RTG__5_Wishes__590.png"
"22226","PragmaticPlay","Chilli Heat","3","196","0","0","","2024-02-26 18:44:21","https://static.ptgaming.ph/images/2a169cb5ae9c0d506c3eecc401270c7c.png","images/PragmaticPlay__Chilli_Heat__22226.png"
"374","PGSoft","Dragon Tiger Luck","3","197","0","0","","2024-02-26 18:44:21","https://static.ptgaming.ph/images/fc565fb921b3b14bc9ae29edd068a1a3.png","images/PGSoft__Dragon_Tiger_Luck__374.png"
"23139","PragmaticPlay","Spirit of Adventure","3","197","0","0","","2024-02-26 18:44:21","https://static.ptgaming.ph/images/a63b2abff64d3369fb061963e8fb515e.png","images/PragmaticPlay__Spirit_of_Adventure__23139.png"
"692","RTG","Fortunate Buddha","3","198","0","0","","2024-02-26 18:44:21","https://static.ptgaming.ph/images/7ac4b781fd0637b071290525ad41a97c.png","images/RTG__Fortunate_Buddha__692.png"
"22140","PragmaticPlay","Caishen's Cash","3","198","0","0","","2024-02-26 18:44:21","https://static.ptgaming.ph/images/b017303bf3a542a4883695f5f7e9dc25.png","images/PragmaticPlay__Caishen_s_Cash__22140.png"
"362","PGSoft","Santa's Gift Rush","3","199","0","0","","2024-02-26 18:44:21","https://static.ptgaming.ph/images/c6ccbd4048b162f3d441291b10e73385.png","images/PGSoft__Santa_s_Gift_Rush__362.png"
"22178","PragmaticPlay","Sword of Ares","3","199","0","0","","2024-02-26 18:44:21","https://static.ptgaming.ph/images/16a5224b604b101f9c2972800987d398.png","images/PragmaticPlay__Sword_of_Ares__22178.png"
"247","Evolution","Blackjack VIP 26","3","200","0","0","","2024-02-26 18:44:21","https://static.ptgaming.ph/images/b95c087ff8913098ef1ab142eb67055f.png","images/Evolution__Blackjack_VIP_26__247.png"
"392","PGSoft","Heist Stakes","3","200","0","0","","2024-02-26 18:44:21","https://static.ptgaming.ph/images/12ea875bcb9e9400e9956e9872dad29f.png","images/PGSoft__Heist_Stakes__392.png"
"22050","PragmaticPlay","Sweet Bonanza Candyland","3","200","0","0","","2024-02-26 18:44:21","https://static.ptgaming.ph/images/a02094820b623040401bbcd192fabbe6.png","images/PragmaticPlay__Sweet_Bonanza_Candyland__22050.png"
"23093","PragmaticPlay","The Wild Gang","3","200","0","0","","2024-02-26 18:44:21","https://static.ptgaming.ph/images/df9a7b0635a03f7ba9bcd0b714b5a404.png","images/PragmaticPlay__The_Wild_Gang__23093.png"
"253341","FaChai","BAD RICH WOLF","3","200","0","0","","2026-01-14 10:47:02","https://static.ptgaming.ph/images/31e1984b113e2da19a0a0fa9b33082fd.png","images/FaChai__BAD_RICH_WOLF__253341.png"
"269292","JILI","Fortune Garuda 500","3","200","0","1","1.5% cash 2%","2026-02-10 11:48:08","https://static.ptgaming.ph/images/2a5fb30381cb4ba2508e63ae1381c84b.png","images/JILI__Fortune_Garuda_500__269292.png"
"380","PGSoft","Bikini Paradise","3","201","0","0","","2024-02-26 18:44:21","https://static.ptgaming.ph/images/e58b88823f2f0949b16a961fd69bdfca.png","images/PGSoft__Bikini_Paradise__380.png"
"23094","PragmaticPlay","Sweet Powernudge","3","201","0","0","","2024-02-26 18:44:21","https://static.ptgaming.ph/images/6dc578e9925527e1bd10877654024247.png","images/PragmaticPlay__Sweet_Powernudge__23094.png"
"307","Evolution","VIP Roulette","3","202","0","0","","2024-02-26 18:44:21","https://static.ptgaming.ph/images/4e646f69d23e6b979e8278b1951d62f2.png","images/Evolution__VIP_Roulette__307.png"
"394","PGSoft","Mermaid Riches","3","202","0","0","","2024-02-26 18:44:21","https://static.ptgaming.ph/images/8132f7b1784b9868281625e3a2635630.png","images/PGSoft__Mermaid_Riches__394.png"
"23147","PragmaticPlay","Wild Wild Riches","3","202","0","0","","2024-02-26 18:44:21","https://static.ptgaming.ph/images/9905380b1104b5b4cc2ca7c4a5374524.png","images/PragmaticPlay__Wild_Wild_Riches__23147.png"
"162002","PlayStar","PlayTime HORDE 2 WINTER BLACK","3","202","0","1","Exclusive ZI","2025-04-28 15:14:38","https://static.ptgaming.ph/images/9d1414c84115bc5786d5c5e2c17c2fb3.png","images/PlayStar__PlayTime_HORDE_2_WINTER_BLACK__162002.png"
"417","PGSoft","Rave Party Fever","3","203","0","0","","2024-02-26 18:44:21","https://static.ptgaming.ph/images/7d7549d8a7fcdd5401e9e58f08752a50.png","images/PGSoft__Rave_Party_Fever__417.png"
"46038","PragmaticPlay","Wisdom of Athena 1000","3","203","0","0","","2024-09-26 12:34:17","https://static.ptgaming.ph/images/e99192ca07f4a6a3e9c2ff66c9cecffd.png","images/PragmaticPlay__Wisdom_of_Athena_1000__46038.png"
"46086","Evolution","777 Strike","3","203","0","0","","2024-10-22 12:21:46","https://static.ptgaming.ph/images/439a85182d9268d7fda65ed7e7ceb04d.png","images/Evolution__777_Strike__46086.png"
"328","PGSoft","The Great Icescape","3","204","0","0","","2024-02-26 18:44:21","https://static.ptgaming.ph/images/0e06e14867419e9d8057cdfd1589920d.png","images/PGSoft__The_Great_Icescape__328.png"
"22215","PragmaticPlay","Dance Party","3","204","0","0","","2024-02-26 18:44:21","https://static.ptgaming.ph/images/3b0f2ff85ea58369a983ee9f9c55e1ab.png","images/PragmaticPlay__Dance_Party__22215.png"
"61001","PragmaticPlay","Gates of Olympus Xmas 1000","3","204","0","0","","2024-11-28 13:16:43","https://static.ptgaming.ph/images/46b61baf1f326b8345233933bc23ea2a.png","images/PragmaticPlay__Gates_of_Olympus_Xmas_1000__61001.png"
"97029","YellowBat","Dragon Gems","3","204","0","1","","2025-01-03 10:33:41","https://static.ptgaming.ph/images/d6998f0c43a42ffbbcfb5b1dd4929828.png","images/YellowBat__Dragon_Gems__97029.png"
"399","PGSoft","Spirited Wonders","3","205","0","0","","2024-02-26 18:44:21","https://static.ptgaming.ph/images/29fc861b989d9b9bd6b4223c6dd1bcad.png","images/PGSoft__Spirited_Wonders__399.png"
"1027","Evolution","Salon Privé Roulette","3","205","0","0","","2024-02-26 18:44:21","https://static.ptgaming.ph/images/0e1ddae639ce43c8bc2bf33d54174253.png","images/Evolution__Salon_Priv_Roulette__1027.png"
"22109","PragmaticPlay","Heist for the Golden Nuggets","3","205","0","0","","2024-02-26 18:44:21","https://static.ptgaming.ph/images/adcb770089b413962c475b4fc4a35768.png","images/PragmaticPlay__Heist_for_the_Golden_Nuggets__22109.png"
"45008","Evolution","Three Card Poker","3","205","0","0","","2024-07-24 17:25:02","https://static.ptgaming.ph/images/3f907305f579707183b11a35032b6270.png","images/Evolution__Three_Card_Poker__45008.png"
"113008","PlayStar","MAHJONG WAYS 3+ BLACK","3","205","0","0","","2025-03-12 16:23:18","https://static.ptgaming.ph/images/9d4f3c67e65e08149998895cd4d813a3.png","images/PlayStar__MAHJONG_WAYS_3_BLACK__113008.png"
"142005","Evolution","Marble Race","3","205","0","0","","2025-04-10 13:46:34","https://static.ptgaming.ph/images/ff31f76881c67d2ed098e8b71ad1f697.png","images/Evolution__Marble_Race__142005.png"
"92","FaChai","DA LE MEN","3","206","0","0","","2024-02-26 18:44:21","https://static.ptgaming.ph/images/abcd8718a9f55a903ed74515985b1fba.png","images/FaChai__DA_LE_MEN__92.png"
"142","Evolution","Roulette","3","206","0","0","","2024-02-26 18:44:21","https://static.ptgaming.ph/images/29d01a5c85c487d5525f51e4b0a9010a.png","images/Evolution__Roulette__142.png"
"23151","PragmaticPlay","Book of Golden Sands","3","206","0","0","","2024-02-26 18:44:21","https://static.ptgaming.ph/images/3c209d59cef1c929e335e16e59a3c654.png","images/PragmaticPlay__Book_of_Golden_Sands__23151.png"
"43021","Evolution","Ultimate Texas Hold'em","3","206","0","0","","2024-07-23 19:59:29","https://static.ptgaming.ph/images/0294f996342ee2dfa1349930a10500e3.png","images/Evolution__Ultimate_Texas_Hold_em__43021.png"
"139007","PlayStar","FOR THE HORDE BLACK","3","206","0","0","","2025-03-12 16:24:36","https://static.ptgaming.ph/images/6b1c5feaa3ab8c99bc307172844bee5a.png","images/PlayStar__FOR_THE_HORDE_BLACK__139007.png"
"381","PGSoft","Genie's 3 Wishes","3","207","0","0","","2024-02-26 18:44:21","https://static.ptgaming.ph/images/ebfb3ba9c6791b430efe1dfde8817749.png","images/PGSoft__Genie_s_3_Wishes__381.png"
"20118","Evolution","Extra Chilli Epic Spins","3","207","0","0","","2024-02-26 18:44:21","https://static.ptgaming.ph/images/bcea77142f7056b301ea860136b68e7a.png","images/Evolution__Extra_Chilli_Epic_Spins__20118.png"
"184","Evolution","Auto-Roulette VIP","3","208","0","0","","2024-02-26 18:44:21","https://static.ptgaming.ph/images/91e2398630c0bdd0d241bfe676f7b779.png","images/Evolution__Auto-Roulette_VIP__184.png"
"501","JILI","Cricket Sah 75","3","208","0","0","","2024-02-26 18:44:21","https://static.ptgaming.ph/images/58ff87a60509b76faa72abb84c3aaaa7.png","images/JILI__Cricket_Sah_75__501.png"
"22153","PragmaticPlay","Piggy Bankers","3","208","0","0","","2024-02-26 18:44:21","https://static.ptgaming.ph/images/7b8ff77851324d91d49a42f017ed0741.png","images/PragmaticPlay__Piggy_Bankers__22153.png"
"95","FaChai","HAPPY DUO BAO","3","209","0","0","","2024-02-26 18:44:21","https://static.ptgaming.ph/images/83dc954a433cfc4e9bb5c34b5ca10e99.png","images/FaChai__HAPPY_DUO_BAO__95.png"
"22113","PragmaticPlay","Aztec Blaze","3","209","0","0","","2024-02-26 18:44:21","https://static.ptgaming.ph/images/6a7e4aa19c2d0d0ed022d099754b1504.png","images/PragmaticPlay__Aztec_Blaze__22113.png"
"817","RTG","Rain Dance","3","210","0","0","","2024-02-26 18:44:21","https://static.ptgaming.ph/images/0c116af5879cd9b645c90caeb05d3d35.png","images/RTG__Rain_Dance__817.png"
"22193","PragmaticPlay","Might of Ra","3","210","0","0","","2024-02-26 18:44:21","https://static.ptgaming.ph/images/be6c0e183525e9bafe6fcc9380f005e5.png","images/PragmaticPlay__Might_of_Ra__22193.png"
"55002","YellowBat","CRAZY MONEY","3","210","0","1","","2024-12-16 16:26:33","https://static.ptgaming.ph/images/4be7af852ca5f8109f2879d02d4c1fe8.png","images/YellowBat__CRAZY_MONEY__55002.png"
"99","FaChai","WAR OF THE UNIVERSE","3","211","0","0","","2024-02-26 18:44:21","https://static.ptgaming.ph/images/bff88830480fbc174e8ffaab61241a8d.png","images/FaChai__WAR_OF_THE_UNIVERSE__99.png"
"368","PGSoft","Ganesha Gold","3","212","0","0","","2024-02-26 18:44:21","https://static.ptgaming.ph/images/69e238552b343fb9b29e635dd35ca1ef.png","images/PGSoft__Ganesha_Gold__368.png"
"23249","PragmaticPlay","Money Mouse","3","212","0","0","","2024-02-26 18:44:21","https://static.ptgaming.ph/images/ecb0649d47739a2a3bff984887172480.png","images/PragmaticPlay__Money_Mouse__23249.png"
"385","PGSoft","Jewels of Prosperity","3","213","0","0","","2024-02-26 18:44:21","https://static.ptgaming.ph/images/8f4262aa8ba08032df5012267c74ffe6.png","images/PGSoft__Jewels_of_Prosperity__385.png"
"23137","PragmaticPlay","Fat Panda","3","213","0","0","","2024-02-26 18:44:21","https://static.ptgaming.ph/images/32c2c5ece3af44b1809688d59df70184.png","images/PragmaticPlay__Fat_Panda__23137.png"
"412","PGSoft","Totem Wonders","3","214","0","0","","2024-02-26 18:44:21","https://static.ptgaming.ph/images/181ed120ed7dfd5a067e05698edbbd1b.png","images/PGSoft__Totem_Wonders__412.png"
"23166","PragmaticPlay","Cyclops Smash","3","214","0","0","","2024-02-26 18:44:21","https://static.ptgaming.ph/images/a90f6e30680a90328b8d28bd5e21e80d.png","images/PragmaticPlay__Cyclops_Smash__23166.png"
"130","Evolution","Speed Auto Roulette","3","215","0","0","","2024-02-26 18:44:21","https://static.ptgaming.ph/images/fd8a51eaf77801e278b10073a460bd9e.png","images/Evolution__Speed_Auto_Roulette__130.png"
"153","Evolution","Football Studio Roulette","3","215","0","0","","2024-02-26 18:44:21","https://static.ptgaming.ph/images/fce5e47019c7b91d8595d8145a811e97.png","images/Evolution__Football_Studio_Roulette__153.png"
"162","Evolution","Immersive Roulette","3","215","0","0","","2024-02-26 18:44:21","https://static.ptgaming.ph/images/2d767e7ae4ec1c02cd9d1377d3c761c5.png","images/Evolution__Immersive_Roulette__162.png"
"390","PGSoft","Majestic Treasures","3","215","0","0","","2024-02-26 18:44:21","https://static.ptgaming.ph/images/7cbe016b9701a82d21b4da37ea5c7c71.png","images/PGSoft__Majestic_Treasures__390.png"
"22080","PragmaticPlay","Safari King","3","215","0","0","","2024-02-26 18:44:21","https://static.ptgaming.ph/images/2c1927b8dfa2a25c2f2a04b9667a682e.png","images/PragmaticPlay__Safari_King__22080.png"
"23362","Evolution","Red Door Roulette","3","215","0","0","","2024-02-27 16:52:02","https://static.ptgaming.ph/images/eca1c23ed8504bf42b694e690c4c4694.png","images/Evolution__Red_Door_Roulette__23362.png"
"366","PGSoft","Symbols of Egypt","3","216","0","0","","2024-02-26 18:44:21","https://static.ptgaming.ph/images/7c444e8fde5fa5a49ba76669c5d616e3.png","images/PGSoft__Symbols_of_Egypt__366.png"
"925","Evolution","Double Ball Roulette","3","216","0","0","","2024-02-26 18:44:21","https://static.ptgaming.ph/images/02b37da39727883a13a69a9040fde1df.png","images/Evolution__Double_Ball_Roulette__925.png"
"23189","PragmaticPlay","Black Bull","3","216","0","0","","2024-02-26 18:44:21","https://static.ptgaming.ph/images/074ff2efac73b7cdc4df007275cbb049.png","images/PragmaticPlay__Black_Bull__23189.png"
"120","FaChai","FA CHAI DOZER","3","217","0","0","","2024-02-26 18:44:21","https://static.ptgaming.ph/images/a70bf8e988a0ebffd9122a3aef582582.png","images/FaChai__FA_CHAI_DOZER__120.png"
"406","PGSoft","Rooster Rumble","3","218","0","0","","2024-02-26 18:44:21","https://static.ptgaming.ph/images/e8e6be2ea45f7cab7752c52aef5c5c48.png","images/PGSoft__Rooster_Rumble__406.png"
"22147","PragmaticPlay","Tundra’s Fortune","3","218","0","0","","2024-02-26 18:44:21","https://static.ptgaming.ph/images/3b54057fca26b5c0bdc72515f5713374.png","images/PragmaticPlay__Tundra_s_Fortune__22147.png"
"23066","PragmaticPlay","Mega Roulette","3","218","0","0","","2024-02-26 18:44:21","https://static.ptgaming.ph/images/37bff872b78f0d4d325305cdde054db8.png","images/PragmaticPlay__Mega_Roulette__23066.png"
"408","PGSoft","Battleground Royale","3","219","0","0","","2024-02-26 18:44:21","https://static.ptgaming.ph/images/9c4bc462e2221febf6eb7d30699735c2.png","images/PGSoft__Battleground_Royale__408.png"
"23227","PragmaticPlay","Empty the Bank","3","219","0","0","","2024-02-26 18:44:21","https://static.ptgaming.ph/images/44f5900ebfe8c36c8939fcc4a56e3745.png","images/PragmaticPlay__Empty_the_Bank__23227.png"
"635","RTG","Caesar's Empire","3","220","0","0","","2024-02-26 18:44:21","https://static.ptgaming.ph/images/afaa9c2072068f480ebcd2ae47564286.png","images/RTG__Caesar_s_Empire__635.png"
"246","Evolution","Auto Lightning Roulette","3","221","0","0","","2024-02-26 18:44:21","https://static.ptgaming.ph/images/ab8449a0b32f5531728677384eb1e7c3.png","images/Evolution__Auto_Lightning_Roulette__246.png"
"413","PGSoft","Alchemy Gold","3","221","0","0","","2024-02-26 18:44:21","https://static.ptgaming.ph/images/d054b6dd146270968bb299fa24ab090e.png","images/PGSoft__Alchemy_Gold__413.png"
"23234","PragmaticPlay","Congo Cash","3","221","0","0","","2024-02-26 18:44:21","https://static.ptgaming.ph/images/e5ca886cc7162c1852061e8cd55daf13.png","images/PragmaticPlay__Congo_Cash__23234.png"
"322","PGSoft","Captain's Bounty","3","222","0","0","","2024-02-26 18:44:21","https://static.ptgaming.ph/images/aa50e47d9f4314d748f41005e9a95383.png","images/PGSoft__Captain_s_Bounty__322.png"
"22179","PragmaticPlay","Wild Beach Party","3","222","0","0","","2024-02-26 18:44:21","https://static.ptgaming.ph/images/61b8fc70297aaf413c3fee47101f77c7.png","images/PragmaticPlay__Wild_Beach_Party__22179.png"
"88","FaChai","PANDA DRAGON BOAT","3","223","0","0","","2024-02-26 18:44:21","https://static.ptgaming.ph/images/a5c3d75f5c9141d876bb13d0c00582fa.png","images/FaChai__PANDA_DRAGON_BOAT__88.png"
"22158","PragmaticPlay","Gods of Giza","3","223","0","0","","2024-02-26 18:44:21","https://static.ptgaming.ph/images/e855cc9d7d7168e3d2de5deb2cf4c9b3.png","images/PragmaticPlay__Gods_of_Giza__22158.png"
"475","JILI","Agent Ace","3","224","0","0","","2024-02-26 18:44:21","https://static.ptgaming.ph/images/9702ce9d61a164877e03e064815a97eb.png","images/JILI__Agent_Ace__475.png"
"22161","PragmaticPlay","8 Dragons","3","224","0","0","","2024-02-26 18:44:21","https://static.ptgaming.ph/images/3ad6000e9a4ec95b87f19139fea1d695.png","images/PragmaticPlay__8_Dragons__22161.png"
"804","RTG","Pay Dirt","3","225","0","0","","2024-02-26 18:44:21","https://static.ptgaming.ph/images/a6c8baca88fa64447d02abb9cf818927.png","images/RTG__Pay_Dirt__804.png"
"22110","PragmaticPlay","Release the Kraken","3","225","0","0","","2024-02-26 18:44:21","https://static.ptgaming.ph/images/608a14266d0bc20e29a6f5fc5977f7c7.png","images/PragmaticPlay__Release_the_Kraken__22110.png"
"104","FaChai","GLORY OF ROME","3","226","0","0","","2024-02-26 18:44:21","https://static.ptgaming.ph/images/858c3378805d498328826e0e0dd70b04.png","images/FaChai__GLORY_OF_ROME__104.png"
"23128","PragmaticPlay","Fire Archer","3","226","0","0","","2024-02-26 18:44:21","https://static.ptgaming.ph/images/23ac6bc63624806a99d8649a0fb92f67.png","images/PragmaticPlay__Fire_Archer__23128.png"
"355","PGSoft","Hood vs Wolf","3","227","0","0","","2024-02-26 18:44:21","https://static.ptgaming.ph/images/d4043262d92faf307a65ae028bacb466.png","images/PGSoft__Hood_vs_Wolf__355.png"
"22205","PragmaticPlay","Cowboys Gold","3","227","0","0","","2024-02-26 18:44:21","https://static.ptgaming.ph/images/a2053f61e527a054816361c213a6f42f.png","images/PragmaticPlay__Cowboys_Gold__22205.png"
"482","JILI","Happy Taxi","3","228","0","0","","2024-02-26 18:44:21","https://static.ptgaming.ph/images/9ef19fb2c7366c8894cd0e7a14eb092e.png","images/JILI__Happy_Taxi__482.png"
"465","JILI","Secret Treasure","3","229","0","0","","2024-02-26 18:44:21","https://static.ptgaming.ph/images/b2d01bceb864cbdbb65c6546cea671af.png","images/JILI__Secret_Treasure__465.png"
"22137","PragmaticPlay","Pub Kings","3","229","0","0","","2024-02-26 18:44:21","https://static.ptgaming.ph/images/3675ffe73ad22b25f64072ed20a635ce.png","images/PragmaticPlay__Pub_Kings__22137.png"
"223","Evolution","Blackjack VIP 20","3","230","0","0","","2024-02-26 18:44:21","https://static.ptgaming.ph/images/f7dcc80a2ac6c59b04883ae9556c2dcc.png","images/Evolution__Blackjack_VIP_20__223.png"
"450","JILI","Bao boon chin","3","230","0","0","","2024-02-26 18:44:21","https://static.ptgaming.ph/images/510dba10e41b8ac953c8656587726b09.png","images/JILI__Bao_boon_chin__450.png"
"22206","PragmaticPlay","Spartan King","3","230","0","0","","2024-02-26 18:44:21","https://static.ptgaming.ph/images/98cceebaa1f7ea88c56fbbf865d952a9.png","images/PragmaticPlay__Spartan_King__22206.png"
"365","PGSoft","Piggy Gold","3","231","0","0","","2024-02-26 18:44:21","https://static.ptgaming.ph/images/1027df8ca412d119a9ae6cc9f2ed5ae4.png","images/PGSoft__Piggy_Gold__365.png"
"23245","PragmaticPlay","Mustang Gold","3","231","0","0","","2024-02-26 18:44:21","https://static.ptgaming.ph/images/cac31a183322d9577d151b2b901520bd.png","images/PragmaticPlay__Mustang_Gold__23245.png"
"693","RTG","Fortunes Of Olympus","3","232","0","0","","2024-02-26 18:44:21","https://static.ptgaming.ph/images/609482f5170d29fb5dfca9bd7ae6de87.png","images/RTG__Fortunes_Of_Olympus__693.png"
"22108","PragmaticPlay","Rainbow Reels","3","232","0","0","","2024-02-26 18:44:21","https://static.ptgaming.ph/images/80e1b7b7188dfcbeb7b347a27d954eb6.png","images/PragmaticPlay__Rainbow_Reels__22108.png"
"441","JILI","Chin Shi Huang","3","233","0","0","","2024-02-26 18:44:21","https://static.ptgaming.ph/images/62fe3893724b779e59aab93d8123c8bb.png","images/JILI__Chin_Shi_Huang__441.png"
"94","FaChai","HOT POT PARTY","3","234","0","0","","2024-02-26 18:44:21","https://static.ptgaming.ph/images/7a951220b80ed3ef8d36419596c21929.png","images/FaChai__HOT_POT_PARTY__94.png"
"22168","PragmaticPlay","Firebird Spirit","3","234","0","0","","2024-02-26 18:44:21","https://static.ptgaming.ph/images/1e081ae6265913b05cd41404824aab68.png","images/PragmaticPlay__Firebird_Spirit__22168.png"
"592","RTG","777","3","235","0","0","","2024-02-26 18:44:21","https://static.ptgaming.ph/images/0582df4c778d8212c2f8ad7a1f3664c5.png","images/RTG__777__592.png"
"22052","PragmaticPlay","Nile Fortunes","3","235","0","0","","2024-02-26 18:44:21","https://static.ptgaming.ph/images/c44397185d14ecb6db1e2113aa460595.png","images/PragmaticPlay__Nile_Fortunes__22052.png"
"320","PGSoft","Leprechaun Riches","3","236","0","0","","2024-02-26 18:44:21","https://static.ptgaming.ph/images/bc247bcc43f54bb9def2912261f4205e.png","images/PGSoft__Leprechaun_Riches__320.png"
"22123","PragmaticPlay","Phoenix Forge","3","236","0","0","","2024-02-26 18:44:21","https://static.ptgaming.ph/images/2619b1ab694360f07863c9ba14f019fd.png","images/PragmaticPlay__Phoenix_Forge__22123.png"
"338","PGSoft","Wild Fireworks","3","237","0","0","","2024-02-26 18:44:21","https://static.ptgaming.ph/images/24f75743d5269cdf60c51f77f08aab00.png","images/PGSoft__Wild_Fireworks__338.png"
"23192","PragmaticPlay","Gorilla Mayhem","3","237","0","0","","2024-02-26 18:44:21","https://static.ptgaming.ph/images/0a2f116711569e270a278026b1b72972.png","images/PragmaticPlay__Gorilla_Mayhem__23192.png"
"490","JILI","Samba","3","238","0","0","1.5% cash 2%","2024-02-26 18:44:21","https://static.ptgaming.ph/images/22f4e39b5c43e7fbb5233b92a044c0d8.png","images/JILI__Samba__490.png"
"23082","PragmaticPlay","Monster Superlanche","3","238","0","0","","2024-02-26 18:44:21","https://static.ptgaming.ph/images/e21f969770dbc4027ba2bdb3ba58b0ff.png","images/PragmaticPlay__Monster_Superlanche__23082.png"
"379","PGSoft","Candy Burst","3","239","0","0","","2024-02-26 18:44:21","https://static.ptgaming.ph/images/9fbe97f2b963a6945fabf95babeb4811.png","images/PGSoft__Candy_Burst__379.png"
"22132","PragmaticPlay","Fruit Party 2","3","239","0","0","","2024-02-26 18:44:21","https://static.ptgaming.ph/images/8a4a59b00fe38727e6f03ce6963a598f.png","images/PragmaticPlay__Fruit_Party_2__22132.png"
"86","FaChai","THREE LITTLE PIGS","3","240","0","0","1.5% cash 2%","2024-02-26 18:44:21","https://static.ptgaming.ph/images/dcab67d99f442ce3a1ef60a043a5b913.png","images/FaChai__THREE_LITTLE_PIGS__86.png"
"23202","PragmaticPlay","Jewel Rush","3","240","0","0","","2024-02-26 18:44:21","https://static.ptgaming.ph/images/eed92fa30c4425fcfa86de126133b3d1.png","images/PragmaticPlay__Jewel_Rush__23202.png"
"112007","FaChai","sugar bang bang 2","3","240","0","1","1.5% cash 2%","2025-03-14 16:23:41","https://static.ptgaming.ph/images/d266a489020982cf8e21580a46d9e04f.png","images/FaChai__sugar_bang_bang_2__112007.png"
"93","FaChai","ANIMAL RACING","3","241","0","0","","2024-02-26 18:44:21","https://static.ptgaming.ph/images/caa4373a71fa2f825f9fb05a612a3583.png","images/FaChai__ANIMAL_RACING__93.png"
"23132","PragmaticPlay","Diamond Strike","3","241","0","0","","2024-02-26 18:44:21","https://static.ptgaming.ph/images/6932b7b4729484a248ce156401de9021.png","images/PragmaticPlay__Diamond_Strike__23132.png"
"492","JILI","Wild Racer","3","242","0","0","","2024-02-26 18:44:21","https://static.ptgaming.ph/images/2f4a8b7194ba90e07001b6cac3fb6333.png","images/JILI__Wild_Racer__492.png"
"22164","PragmaticPlay","Frozen Tropics","3","242","0","0","","2024-02-26 18:44:21","https://static.ptgaming.ph/images/b3baf3fb18cd5e0456f8a2eb520b1bd6.png","images/PragmaticPlay__Frozen_Tropics__22164.png"
"485","JILI","Crazy Pusher","3","243","0","0","","2024-02-26 18:44:21","https://static.ptgaming.ph/images/de14fb1b6f0ece83b7b38d17746d5430.png","images/JILI__Crazy_Pusher__485.png"
"23062","PragmaticPlay","Octobeer Fortunes","3","243","0","0","","2024-02-26 18:44:21","https://static.ptgaming.ph/images/fcba0c136340f2b91dc899ea35e6f7ba.png","images/PragmaticPlay__Octobeer_Fortunes__23062.png"
"874","RTG","T-Rex","3","244","0","0","","2024-02-26 18:44:21","https://static.ptgaming.ph/images/a5117c50d8b3646b5eec1a6a7b211431.png","images/RTG__T-Rex__874.png"
"23061","PragmaticPlay","Spellbinding Mystery","3","244","0","0","","2024-02-26 18:44:21","https://static.ptgaming.ph/images/09bba1a53fe726323859b24ff9a03b77.png","images/PragmaticPlay__Spellbinding_Mystery__23061.png"
"445","JILI","Fa Fa Fa","3","245","0","0","","2024-02-26 18:44:21","https://static.ptgaming.ph/images/b1b54f3b5258652bca9f95a4d5dbdbb2.png","images/JILI__Fa_Fa_Fa__445.png"
"23119","PragmaticPlay","Book of Tut Megaways","3","245","0","0","","2024-02-26 18:44:21","https://static.ptgaming.ph/images/fadfef22bd6a5f052bd4cb41bd810daa.png","images/PragmaticPlay__Book_of_Tut_Megaways__23119.png"
"323","PGSoft","Queen of Bounty","3","246","0","0","1.5% cash 2%","2024-02-26 18:44:21","https://static.ptgaming.ph/images/76a2dde05ae341945bf432f37b80ccf2.png","images/PGSoft__Queen_of_Bounty__323.png"
"22056","PragmaticPlay","Great Rhino","3","246","0","0","","2024-02-26 18:44:21","https://static.ptgaming.ph/images/ff4dd80d7cc6078d00265256cabc7459.png","images/PragmaticPlay__Great_Rhino__22056.png"
"491","JILI","Neko Fortune","3","247","0","0","","2024-02-26 18:44:21","https://static.ptgaming.ph/images/44611600848b335818e76efa34fb94f3.png","images/JILI__Neko_Fortune__491.png"
"23060","PragmaticPlay","Crystal Caverns Megaways","3","247","0","0","","2024-02-26 18:44:21","https://static.ptgaming.ph/images/b77648291678e486464b1f346c0a4179.png","images/PragmaticPlay__Crystal_Caverns_Megaways__23060.png"
"596","RTG","Achilles","3","248","0","0","","2024-02-26 18:44:21","https://static.ptgaming.ph/images/9bac760aaf7d9fd3f2c5c54d34cc93d6.png","images/RTG__Achilles__596.png"
"22055","PragmaticPlay","Treasure Wild","3","248","0","0","","2024-02-26 18:44:21","https://static.ptgaming.ph/images/4ce603007782a5de871a9e3756b6b3bc.png","images/PragmaticPlay__Treasure_Wild__22055.png"
"395","PGSoft","Raider Jane's Crypt of Fortune","3","249","0","0","","2024-02-26 18:44:21","https://static.ptgaming.ph/images/aa74487deeb9ab922c6b049611cb3bbc.png","images/PGSoft__Raider_Jane_s_Crypt_of_Fortune__395.png"
"22119","PragmaticPlay","Kraken's Sky Bounty","3","249","0","0","","2024-02-26 18:44:21","https://static.ptgaming.ph/images/21425560ae885389d2a082e7a7d6b7d6.png","images/PragmaticPlay__Kraken_s_Sky_Bounty__22119.png"
"125","Evolution","Speed Roulette","3","250","0","0","","2024-02-26 18:44:21","https://static.ptgaming.ph/images/555c2ef4cf5d513d0bd694af99bfd5c5.png","images/Evolution__Speed_Roulette__125.png"
"197","Evolution","First Person Lightning Baccarat","3","250","0","0","","2024-02-26 18:44:21","https://static.ptgaming.ph/images/05558ee34fa75d4cfa57ebcd0a2a1f69.png","images/Evolution__First_Person_Lightning_Baccarat__197.png"
"340","PGSoft","Bali Vacation","3","250","0","0","1.5% cash 2%","2024-02-26 18:44:21","https://static.ptgaming.ph/images/6114c8771c115f733b4bd77486a4fd00.png","images/PGSoft__Bali_Vacation__340.png"
"23118","PragmaticPlay","Floating Dragon Megaways","3","250","0","0","","2024-02-26 18:44:21","https://static.ptgaming.ph/images/9936f9e837b165ee725fda0010d50475.png","images/PragmaticPlay__Floating_Dragon_Megaways__23118.png"
"43009","PragmaticPlay","Sweet Bonanza 1000","3","250","0","1","1.5% cash 2%","2024-06-03 21:05:41","https://static.ptgaming.ph/images/0e5289181839e03c39994b8d0a1aec16.png","images/PragmaticPlay__Sweet_Bonanza_1000__43009.png"
"446","JILI","God Of Martial","3","251","0","0","","2024-02-26 18:44:21","https://static.ptgaming.ph/images/ba3ebef2c46623b076637ff9a459bb0e.png","images/JILI__God_Of_Martial__446.png"
"458","JILI","Dragon Treasure","3","252","0","0","","2024-02-26 18:44:21","https://static.ptgaming.ph/images/c0ecd3292cdb58c5e0d67d9a7ecb648c.png","images/JILI__Dragon_Treasure__458.png"
"22054","PragmaticPlay","Hot Pepper","3","252","0","0","","2024-02-26 18:44:21","https://static.ptgaming.ph/images/84e55d5ea036dde8a92cd2565ced2c76.png","images/PragmaticPlay__Hot_Pepper__22054.png"
"505","JILI","Bangla Beauty","3","253","0","0","","2024-02-26 18:44:21","https://static.ptgaming.ph/images/1bc0dfd3c29e538c3d995478c208025b.png","images/JILI__Bangla_Beauty__505.png"
"23074","PragmaticPlay","5 Frozen Charms Megaways","3","253","0","0","","2024-02-26 18:44:21","https://static.ptgaming.ph/images/3fe2b6c6c2db7752e5291963e8260a99.png","images/PragmaticPlay__5_Frozen_Charms_Megaways__23074.png"
"452","JILI","XiYangYang","3","254","0","0","","2024-02-26 18:44:21","https://static.ptgaming.ph/images/56baa1c02119026e16959d02baf883ef.png","images/JILI__XiYangYang__452.png"
"22099","PragmaticPlay","Cash Chips","3","254","0","0","","2024-02-26 18:44:21","https://static.ptgaming.ph/images/5fb5bc67e912074e5ed86886ebe630b9.png","images/PragmaticPlay__Cash_Chips__22099.png"
"121005","JDB","Fruity Playtime","3","254","0","0","","2025-02-19 10:27:57","https://static.ptgaming.ph/images/9d7a89f8df43b62a0270302263e9f39a.png","images/JDB__Fruity_Playtime__121005.png"
"443","JILI","Fortune Tree","3","255","0","0","","2024-02-26 18:44:21","https://static.ptgaming.ph/images/cdc4443ac356dbafaf7668fb53c646b1.png","images/JILI__Fortune_Tree__443.png"
"23116","PragmaticPlay","Gravity Bonanza","3","255","0","0","","2024-02-26 18:44:21","https://static.ptgaming.ph/images/59c3d8fb8838896ee9bee231dbdc0443.png","images/PragmaticPlay__Gravity_Bonanza__23116.png"
"404","PGSoft","Destiny of Sun & Moon","3","256","0","0","","2024-02-26 18:44:21","https://static.ptgaming.ph/images/85dbec456d806dfca48114acfea29325.png","images/PGSoft__Destiny_of_Sun_Moon__404.png"
"22053","PragmaticPlay","Reel Banks","3","256","0","0","","2024-02-26 18:44:21","https://static.ptgaming.ph/images/4c27e435228f300ab7acc81a38977537.png","images/PragmaticPlay__Reel_Banks__22053.png"
"473","JILI","Party Night","3","257","0","0","","2024-02-26 18:44:21","https://static.ptgaming.ph/images/a8e5213d35d6d33d812daccee14f9570.png","images/JILI__Party_Night__473.png"
"440","JILI","Hot Chilli","3","258","0","0","","2024-02-26 18:44:21","https://static.ptgaming.ph/images/658aa362e1d1215c2379f4d6e4f84144.png","images/JILI__Hot_Chilli__440.png"
"23058","PragmaticPlay","Dragon Hot Hold and Spin","3","258","0","0","","2024-02-26 18:44:21","https://static.ptgaming.ph/images/a6e5b5451911a3b5623b916601c2f000.png","images/PragmaticPlay__Dragon_Hot_Hold_and_Spin__23058.png"
"402","PGSoft","Oriental Prosperity","3","259","0","0","","2024-02-26 18:44:21","https://static.ptgaming.ph/images/50f62e1f5b067667fdcbd591d0dcbc7c.png","images/PGSoft__Oriental_Prosperity__402.png"
"23057","PragmaticPlay","5 Lions","3","259","0","0","","2024-02-26 18:44:21","https://static.ptgaming.ph/images/b3628737c78ad936d4f555c3b19cf303.png","images/PragmaticPlay__5_Lions__23057.png"
"370","PGSoft","Journey to the Wealth","3","260","0","0","","2024-02-26 18:44:21","https://static.ptgaming.ph/images/807851ebb0a07563802471677e6ce9ca.png","images/PGSoft__Journey_to_the_Wealth__370.png"
"22098","PragmaticPlay","888 Dragons","3","260","0","0","","2024-02-26 18:44:21","https://static.ptgaming.ph/images/3b0a0250146f73b625741b5a50279359.png","images/PragmaticPlay__888_Dragons__22098.png"
"398","PGSoft","Legendary Monkey King","3","261","0","0","","2024-02-26 18:44:21","https://static.ptgaming.ph/images/4cc87c3c4ae33eabc004062ba58a6f63.png","images/PGSoft__Legendary_Monkey_King__398.png"
"23056","PragmaticPlay","Magician's Secrets","3","261","0","0","","2024-02-26 18:44:21","https://static.ptgaming.ph/images/e52517527744d23280823a0c4c00b9f7.png","images/PragmaticPlay__Magician_s_Secrets__23056.png"
"425","PGSoft","Cruise Royale","3","262","0","0","","2024-02-26 18:44:21","https://static.ptgaming.ph/images/ab607f11af4c0f314c870d2d662f0753.png","images/PGSoft__Cruise_Royale__425.png"
"22051","PragmaticPlay","Excalibur Unleashed","3","262","0","0","","2024-02-26 18:44:21","https://static.ptgaming.ph/images/2c0bdb04c3e365489fcf14cbd092b9fe.png","images/PragmaticPlay__Excalibur_Unleashed__22051.png"
"481","JILI","Thor X","3","263","0","0","","2024-02-26 18:44:21","https://static.ptgaming.ph/images/2708381691eb925af8b24dc862b6a737.png","images/JILI__Thor_X__481.png"
"22169","PragmaticPlay","Aztec Bonanza","3","263","0","0","","2024-02-26 18:44:21","https://static.ptgaming.ph/images/0249459bb2fcfb8164b5761830c14298.png","images/PragmaticPlay__Aztec_Bonanza__22169.png"
"419","PGSoft","Bakery Bonanza","3","264","0","0","","2024-02-26 18:44:21","https://static.ptgaming.ph/images/d0c37f058516c7bf3e52aaefc0742b8d.png","images/PGSoft__Bakery_Bonanza__419.png"
"22097","PragmaticPlay","8 Golden Dragon Challenge","3","264","0","0","","2024-02-26 18:44:21","https://static.ptgaming.ph/images/cacd6611f0c14c53f7253d621d58f480.png","images/PragmaticPlay__8_Golden_Dragon_Challenge__22097.png"
"495","JILI","Master Tiger","3","265","0","0","","2024-02-26 18:44:21","https://static.ptgaming.ph/images/ed9e41f61754acae45fc73102443780c.png","images/JILI__Master_Tiger__495.png"
"23054","PragmaticPlay","Release the Kraken 2","3","265","0","0","","2024-02-26 18:44:21","https://static.ptgaming.ph/images/6989d72d9519d7686caa1a46a221211f.png","images/PragmaticPlay__Release_the_Kraken_2__23054.png"
"461","JILI","Golden Queen","3","266","0","0","","2024-02-26 18:44:21","https://static.ptgaming.ph/images/c3058fa78119e580ebee82a44720d814.png","images/JILI__Golden_Queen__461.png"
"23115","PragmaticPlay","Big Bass Hold & Spinner Megaways","3","266","0","0","","2024-02-26 18:44:21","https://static.ptgaming.ph/images/950600a5eae44b7fb06f505b87ae69cb.png","images/PragmaticPlay__Big_Bass_Hold_Spinner_Megaways__23115.png"
"488","JILI","Bonus Hunter","3","267","0","0","","2024-02-26 18:44:21","https://static.ptgaming.ph/images/252a73cdfb6eac4aba63992ba212bf9e.png","images/JILI__Bonus_Hunter__488.png"
"23053","PragmaticPlay","Fire Strike","3","267","0","0","","2024-02-26 18:44:21","https://static.ptgaming.ph/images/b61fafbff0acb46dba10c538540b0363.png","images/PragmaticPlay__Fire_Strike__23053.png"
"426","PGSoft","Safari Wilds","3","268","0","0","","2024-02-26 18:44:21","https://static.ptgaming.ph/images/871a23da092a53a40d72a22a14e7084c.png","images/PGSoft__Safari_Wilds__426.png"
"23114","PragmaticPlay","Aztec Gems Deluxe","3","268","0","0","","2024-02-26 18:44:21","https://static.ptgaming.ph/images/df6be063d86eb7e36ece519c4f5dc1ea.png","images/PragmaticPlay__Aztec_Gems_Deluxe__23114.png"
"344","PGSoft","Fortune Tiger","3","269","0","0","","2024-02-26 18:44:21","https://static.ptgaming.ph/images/a60afd13d86e32a5fa94fa0ca6c082a4.png","images/PGSoft__Fortune_Tiger__344.png"
"463","JILI","Jungle King","3","271","0","0","","2024-02-26 18:44:21","https://static.ptgaming.ph/images/8382feb1724fa6ab380815d57e4faef3.png","images/JILI__Jungle_King__463.png"
"22048","PragmaticPlay","Cosmic Cash","3","271","0","0","","2024-02-26 18:44:21","https://static.ptgaming.ph/images/af8230863349cf2ee5ed2ad4ecea483d.png","images/PragmaticPlay__Cosmic_Cash__22048.png"
"407","PGSoft","The Queen's Banquet","3","272","0","0","1.5% cash 2%","2024-02-26 18:44:21","https://static.ptgaming.ph/images/fa64220debb01ce977fadca868bef886.png","images/PGSoft__The_Queen_s_Banquet__407.png"
"23112","PragmaticPlay","John Hunter and the Tomb of the Scarab Queen","3","272","0","0","","2024-02-26 18:44:21","https://static.ptgaming.ph/images/c7e15ab9af161a740a1c31ecee15ac47.png","images/PragmaticPlay__John_Hunter_and_the_Tomb_of_the_Scarab_Queen__23112.png"
"469","JILI","RomaX","3","273","0","0","1.5% cash 2%","2024-02-26 18:44:21","https://static.ptgaming.ph/images/ba9ab17961557b8b0b6266e0ebf91115.png","images/JILI__RomaX__469.png"
"22047","PragmaticPlay","Book of Fallen","3","273","0","0","","2024-02-26 18:44:21","https://static.ptgaming.ph/images/68d71741b5036dbdc2354a40610fe337.png","images/PragmaticPlay__Book_of_Fallen__22047.png"
"326","PGSoft","Dragon Hatch","3","274","0","0","","2024-02-26 18:44:21","https://static.ptgaming.ph/images/47a8b0b99d9c3fa9df0f45dc4e5e1740.png","images/PGSoft__Dragon_Hatch__326.png"
"22046","PragmaticPlay","Santa's Wonderland","3","274","0","0","","2024-02-26 18:44:21","https://static.ptgaming.ph/images/1a5aee5dfcf38e4bfc155fdcb70dca41.png","images/PragmaticPlay__Santa_s_Wonderland__22046.png"
"424","PGSoft","Fruity Candy","3","275","0","0","","2024-02-26 18:44:21","https://static.ptgaming.ph/images/74e84b4b3593fcd688b6ae0491f4e0d4.png","images/PGSoft__Fruity_Candy__424.png"
"444","JILI","Shanghai Beauty","3","276","0","0","","2024-02-26 18:44:21","https://static.ptgaming.ph/images/91ce29ac37bfdc44e1aa127250192d87.png","images/JILI__Shanghai_Beauty__444.png"
"23111","PragmaticPlay","Mustang Trail","3","276","0","0","","2024-02-26 18:44:21","https://static.ptgaming.ph/images/a4c08dca7d2b1d28394672758856a209.png","images/PragmaticPlay__Mustang_Trail__23111.png"
"403","PGSoft","Garuda Gems","3","277","0","0","","2024-02-26 18:44:21","https://static.ptgaming.ph/images/614ece61b53ca9ace02736782d7efe63.png","images/PGSoft__Garuda_Gems__403.png"
"22044","PragmaticPlay","Cowboy Coins","3","277","0","0","","2024-02-26 18:44:21","https://static.ptgaming.ph/images/d7ec53a6caad44919efafc027cc72552.png","images/PragmaticPlay__Cowboy_Coins__22044.png"
"22043","PragmaticPlay","Monkey Warrior","3","278","0","0","","2024-02-26 18:44:21","https://static.ptgaming.ph/images/aa8005433031643bfc60bb726cde97a9.png","images/PragmaticPlay__Monkey_Warrior__22043.png"
"335","PGSoft","Diner Delights","3","279","0","0","","2024-02-26 18:44:21","https://static.ptgaming.ph/images/deb1554ec3b512bbe4120c3b04a945e8.png","images/PGSoft__Diner_Delights__335.png"
"22042","PragmaticPlay","Peak Power","3","279","0","0","","2024-02-26 18:44:21","https://static.ptgaming.ph/images/fd40a60429865164d2679e2559722a08.png","images/PragmaticPlay__Peak_Power__22042.png"
"165","Evolution","Blackjack VIP 12","3","280","0","0","","2024-02-26 18:44:21","https://static.ptgaming.ph/images/01bfadc60d7ef5c3987ad6c267693b8d.png","images/Evolution__Blackjack_VIP_12__165.png"
"468","JILI","Super Rich","3","280","0","0","","2024-02-26 18:44:21","https://static.ptgaming.ph/images/7a8b2433ff7230e8d86b0338cfda93bc.png","images/JILI__Super_Rich__468.png"
"22041","PragmaticPlay","3 Dancing Monkeys","3","280","0","0","","2024-02-26 18:44:21","https://static.ptgaming.ph/images/02c10eda7d24a0cee65bc0ff6dc057cd.png","images/PragmaticPlay__3_Dancing_Monkeys__22041.png"
"337","PGSoft","Phoenix Rises","3","281","0","0","","2024-02-26 18:44:21","https://static.ptgaming.ph/images/c2d895de9ad0bb117a2ea83c14579840.png","images/PGSoft__Phoenix_Rises__337.png"
"23052","PragmaticPlay","Tic Tac Take","3","281","0","0","","2024-02-26 18:44:21","https://static.ptgaming.ph/images/6a14321ce5f3c7c173c559843c0fc061.png","images/PragmaticPlay__Tic_Tac_Take__23052.png"
"455","JILI","Fengshen","3","282","0","0","","2024-02-26 18:44:21","https://static.ptgaming.ph/images/39d922d8fc18bb8bf67d3468134c3f78.png","images/JILI__Fengshen__455.png"
"22040","PragmaticPlay","Ancient Egypt Classic","3","282","0","0","","2024-02-26 18:44:21","https://static.ptgaming.ph/images/903ddb1d69ac8bf3196c35a696af7d66.png","images/PragmaticPlay__Ancient_Egypt_Classic__22040.png"
"22418","PragmaticPlay","Ancient Egypt","3","282","0","0","","2024-03-08 09:38:49","https://static.ptgaming.ph/images/7931ed50f2e984ca281cef9b99c0570e.png","images/PragmaticPlay__Ancient_Egypt__22418.png"
"397","PGSoft","Buffalo Win","3","283","0","0","","2024-02-26 18:44:21","https://static.ptgaming.ph/images/4a74075293969fdffd2e37e67f1574b8.png","images/PGSoft__Buffalo_Win__397.png"
"23089","PragmaticPlay","Ultra Burn","3","283","0","0","","2024-02-26 18:44:21","https://static.ptgaming.ph/images/acf892d314a5dabb04d0f84330e4da03.png","images/PragmaticPlay__Ultra_Burn__23089.png"
"476","JILI","TWIN WINS","3","284","0","0","","2024-02-26 18:44:21","https://static.ptgaming.ph/images/08ce448b8151fb7dd23bca79718b325f.png","images/JILI__TWIN_WINS__476.png"
"22039","PragmaticPlay","Eye of the Storm","3","284","0","0","","2024-02-26 18:44:21","https://static.ptgaming.ph/images/e6037b7548ef4cc523703a0dbceee2de.png","images/PragmaticPlay__Eye_of_the_Storm__22039.png"
"246315","FaChai","MUSCLE FORTUNE CAT","3","284","0","1","1.5% cash 2%","2025-12-16 14:35:12","https://static.ptgaming.ph/images/e7b0c71bee668157ef2e9c1fcd73e626.png","images/FaChai__MUSCLE_FORTUNE_CAT__246315.png"
"330","PGSoft","Ganesha Fortune","3","285","0","0","","2024-02-26 18:44:21","https://static.ptgaming.ph/images/d193f71857cfed9195f90e7eb284ccf9.png","images/PGSoft__Ganesha_Fortune__330.png"
"22038","PragmaticPlay","Big Bass Amazon Xtreme","3","285","0","0","","2024-02-26 18:44:21","https://static.ptgaming.ph/images/cc732e47e393254645417f10896304ab.png","images/PragmaticPlay__Big_Bass_Amazon_Xtreme__22038.png"
"266294","JILI","Lucky Jaguar 500","3","285","0","0","1.5% cash 2%","2025-11-17 14:21:37","https://static.ptgaming.ph/images/ca2053244b3832a5d7b80b7782752763.png","images/JILI__Lucky_Jaguar_500__266294.png"
"427","PGSoft","Gladiator's Glory","3","286","0","0","","2024-02-26 18:44:21","https://static.ptgaming.ph/images/70cd5c466211d1025174c62a35391661.png","images/PGSoft__Gladiator_s_Glory__427.png"
"22037","PragmaticPlay","Great Rhino Deluxe","3","286","0","0","","2024-02-26 18:44:21","https://static.ptgaming.ph/images/d394ff64b346ace1c985cbc1642bbc1b.png","images/PragmaticPlay__Great_Rhino_Deluxe__22037.png"
"213018","JILI","PlayTime Fortune Gems 500","3","286","0","0","1.5% cash 2%","2025-07-28 17:56:38","https://static.ptgaming.ph/images/b39a67ce99cd84987d75d942bf1a9549.png","images/JILI__PlayTime_Fortune_Gems_500__213018.png"
"249002","PragmaticPlay","Jackpot Blaze","3","286","0","0","","2025-08-23 10:32:25","https://static.ptgaming.ph/images/ba09111c5196552e5981d3d9307df703.png","images/PragmaticPlay__Jackpot_Blaze__249002.png"
"339","PGSoft","Thai River Wonders","3","287","0","0","","2024-02-26 18:44:21","https://static.ptgaming.ph/images/bc5e4b4d992c7bc9496039f8fd286000.png","images/PGSoft__Thai_River_Wonders__339.png"
"22036","PragmaticPlay","Ultra Hold and Spin","3","287","0","0","","2024-02-26 18:44:21","https://static.ptgaming.ph/images/bf831d141a424c676808eeb770367d15.png","images/PragmaticPlay__Ultra_Hold_and_Spin__22036.png"
"210003","JILI","Fortune Coins 2","3","287","0","0","1.5% cash 2%","2025-07-14 15:12:06","https://static.ptgaming.ph/images/2b2d5ebc0b91e69c48ecd7af62ddf2da.png","images/JILI__Fortune_Coins_2__210003.png"
"242005","JDB","Piggy Bank 99","3","287","0","0","","2025-09-04 16:36:23","https://static.ptgaming.ph/images/15dbe3a850847f07534374e341255b5f.png","images/JDB__Piggy_Bank_99__242005.png"
"327","PGSoft","Double Fortune","3","288","0","0","","2024-02-26 18:44:21","https://static.ptgaming.ph/images/e4de085c730f2c555c974955870fc82b.png","images/PGSoft__Double_Fortune__327.png"
"22035","PragmaticPlay","Big Bass Bonanza - Keeping it Reel","3","288","0","0","","2024-02-26 18:44:21","https://static.ptgaming.ph/images/fce2e6b7275f7d4d6e49422337a0b0d2.png","images/PragmaticPlay__Big_Bass_Bonanza_-_Keeping_it_Reel__22035.png"
"489","JILI","World Cup","3","290","0","0","","2024-02-26 18:44:21","https://static.ptgaming.ph/images/40c152d796b49df7d6c987253cc51245.png","images/JILI__World_Cup__489.png"
"23051","PragmaticPlay","Extra Juicy Megaways","3","290","0","0","","2024-02-26 18:44:21","https://static.ptgaming.ph/images/a230b7719e4fd42c2ec6f799de2f9c19.png","images/PragmaticPlay__Extra_Juicy_Megaways__23051.png"
"396","PGSoft","Supermarket Spree","3","291","0","0","","2024-02-26 18:44:21","https://static.ptgaming.ph/images/584dda06b17e6996b6df6618e8b47d92.png","images/PGSoft__Supermarket_Spree__396.png"
"23050","PragmaticPlay","Dragon Hero","3","291","0","0","","2024-02-26 18:44:21","https://static.ptgaming.ph/images/2676cda7bafb0b54373d7677f0fec881.png","images/PragmaticPlay__Dragon_Hero__23050.png"
"346","PGSoft","Legend of Perseus","3","292","0","0","","2024-02-26 18:44:21","https://static.ptgaming.ph/images/5d0b2b194a91fc1810a7c9417b955d24.png","images/PGSoft__Legend_of_Perseus__346.png"
"22034","PragmaticPlay","Cash Patrol","3","292","0","0","","2024-02-26 18:44:21","https://static.ptgaming.ph/images/47de416851a7e5decdcb55e25fc221d4.png","images/PragmaticPlay__Cash_Patrol__22034.png"
"110","FaChai","MERGE MAGIC","3","293","0","0","","2024-02-26 18:44:21","https://static.ptgaming.ph/images/ed7ecebb53f1769a02b7cd2b1964ec56.png","images/FaChai__MERGE_MAGIC__110.png"
"23048","PragmaticPlay","Pirate Gold","3","293","0","0","","2024-02-26 18:44:21","https://static.ptgaming.ph/images/ef60a24045331592b73f8f684bf0f81b.png","images/PragmaticPlay__Pirate_Gold__23048.png"
"332","PGSoft","Fortune Ox","3","294","0","0","","2024-02-26 18:44:21","https://static.ptgaming.ph/images/e2f38276c3feae2c7ba0e43ab0214cb6.png","images/PGSoft__Fortune_Ox__332.png"
"23080","PragmaticPlay","Big Bass Christmas Bash","3","294","0","0","","2024-02-26 18:44:21","https://static.ptgaming.ph/images/19652ba0767d8373f1f1a7f642b71fc7.png","images/PragmaticPlay__Big_Bass_Christmas_Bash__23080.png"
"454","JILI","Candy Baby","3","295","0","0","","2024-02-26 18:44:21","https://static.ptgaming.ph/images/d5d2dcf062ed6758e87fb8e234687421.png","images/JILI__Candy_Baby__454.png"
"22033","PragmaticPlay","Big Bass Splash","3","295","0","0","","2024-02-26 18:44:21","https://static.ptgaming.ph/images/5d0e8246ffa05e35ec998f4129389bb7.png","images/PragmaticPlay__Big_Bass_Splash__22033.png"
"336","PGSoft","Egypt's Book of Mystery","3","296","0","0","1.5% cash 2%","2024-02-26 18:44:21","https://static.ptgaming.ph/images/09ff083abf7a5d9c61517ea32f187495.png","images/PGSoft__Egypt_s_Book_of_Mystery__336.png"
"90","FaChai","PONG PONG HU","3","297","0","0","","2024-02-26 18:44:21","https://static.ptgaming.ph/images/212ca42dcaddc9e4f3f3adde2c1d140d.png","images/FaChai__PONG_PONG_HU__90.png"
"22032","PragmaticPlay","Extra Juicy","3","297","0","0","","2024-02-26 18:44:21","https://static.ptgaming.ph/images/cc95e745086ca771347bdcae6d9dc5a3.png","images/PragmaticPlay__Extra_Juicy__22032.png"
"474","JILI","Magic Lamp","3","298","0","0","","2024-02-26 18:44:21","https://static.ptgaming.ph/images/a2b800644edcabcd31ef72d86c5af489.png","images/JILI__Magic_Lamp__474.png"
"331","PGSoft","Dreams of Macau","3","299","0","0","","2024-02-26 18:44:21","https://static.ptgaming.ph/images/673f22c2e31a3ce9271c858f60d19409.png","images/PGSoft__Dreams_of_Macau__331.png"
"22063","PragmaticPlay","The Money Men Megaways","3","299","0","0","","2024-02-26 18:44:21","https://static.ptgaming.ph/images/e8d4d6efa362b7de63123d293c3cc179.png","images/PragmaticPlay__The_Money_Men_Megaways__22063.png"
"244","Evolution","First Person Baccarat","3","300","1","0","10%包赔","2024-02-26 18:44:21","https://static.ptgaming.ph/images/aa9e405fdffb2964844598000b2016ef.png","images/Evolution__First_Person_Baccarat__244.png"
"341","PGSoft","Crypto Gold","3","300","0","0","","2024-02-26 18:44:21","https://static.ptgaming.ph/images/e528ee2c84c5d01ccbc9bb0d9d1cc32d.png","images/PGSoft__Crypto_Gold__341.png"
"22031","PragmaticPlay","Zombie Carnival","3","300","0","0","","2024-02-26 18:44:21","https://static.ptgaming.ph/images/55226be3752b20be125cccdd7367cd8d.png","images/PragmaticPlay__Zombie_Carnival__22031.png"
"226003","Evolution","Ice Fishing","3","300","0","1","1% UNLIMITED","2025-07-25 16:23:37","https://static.ptgaming.ph/images/ed45122726b709a5ca6e56fde508d826.png","images/Evolution__Ice_Fishing__226003.png"
"946","PGSoft","Wild Heist Cashout","3","301","0","0","","2024-02-26 18:44:21","https://static.ptgaming.ph/images/d96df1e594a3816e4d8a6165b99de24a.png","images/PGSoft__Wild_Heist_Cashout__946.png"
"22094","PragmaticPlay","Gold Party","3","301","0","0","","2024-02-26 18:44:21","https://static.ptgaming.ph/images/36f15ae57c01deef9a631d0d5731ce9f.png","images/PragmaticPlay__Gold_Party__22094.png"
"421","PGSoft","Mystical Spirits","3","302","0","0","","2024-02-26 18:44:21","https://static.ptgaming.ph/images/2fe63049c296d21daac8177c285d8ef1.png","images/PGSoft__Mystical_Spirits__421.png"
"22030","PragmaticPlay","Fury of Odin Megaways","3","302","0","0","","2024-02-26 18:44:21","https://static.ptgaming.ph/images/c6f913ca3765f3491c4cc7bd3c9203a8.png","images/PragmaticPlay__Fury_of_Odin_Megaways__22030.png"
"466","JILI","Pharaoh Treasure","3","303","0","0","","2024-02-26 18:44:21","https://static.ptgaming.ph/images/97797aa8cc62528dcf146c7f27a01bcb.png","images/JILI__Pharaoh_Treasure__466.png"
"23047","PragmaticPlay","Cash Elevator","3","303","0","0","","2024-02-26 18:44:21","https://static.ptgaming.ph/images/863bb98c3cb68825d1d281c3d966c087.png","images/PragmaticPlay__Cash_Elevator__23047.png"
"429","PGSoft","Ultimate Striker","3","304","0","0","1.5% cash 2%","2024-02-26 18:44:21","https://static.ptgaming.ph/images/4ffd8d9547c0f7df1ff9b085200c2b24.png","images/PGSoft__Ultimate_Striker__429.png"
"449","JILI","Bubble Beauty","3","305","0","0","","2024-02-26 18:44:21","https://static.ptgaming.ph/images/ffc10aee2db20c05a02010b2373dcd23.png","images/JILI__Bubble_Beauty__449.png"
"22448","Evolution","Evo Speed Blackjack 6","3","305","0","0","","2024-03-27 19:29:50","https://static.ptgaming.ph/images/87468a327e297bf658c3adeb8bc553fd.png","images/Evolution__Evo_Speed_Blackjack_6__22448.png"
"23046","PragmaticPlay","Yum Yum Powerways","3","305","0","0","","2024-02-26 18:44:21","https://static.ptgaming.ph/images/77f9e6fa45f3d8a5cb17d1ffc5ba491a.png","images/PragmaticPlay__Yum_Yum_Powerways__23046.png"
"456","JILI","Golden Bank","3","306","0","0","","2024-02-26 18:44:21","https://static.ptgaming.ph/images/27d1d8f5b1c679a0b1a62f396e91f5b7.png","images/JILI__Golden_Bank__456.png"
"23045","PragmaticPlay","Christmas Big Bass Bonanza","3","306","0","0","","2024-02-26 18:44:21","https://static.ptgaming.ph/images/b71552dbd04dcc60fb7c30873e9e265c.png","images/PragmaticPlay__Christmas_Big_Bass_Bonanza__23045.png"
"91","FaChai","FORTUNE KOI","3","307","0","0","","2024-02-26 18:44:21","https://static.ptgaming.ph/images/70556190fd5f46b402b76c4b3c1adffe.png","images/FaChai__FORTUNE_KOI__91.png"
"23107","PragmaticPlay","3 Buzzing Wilds","3","307","0","0","","2024-02-26 18:44:21","https://static.ptgaming.ph/images/dd71c80a96fe20c22f623b3416292619.png","images/PragmaticPlay__3_Buzzing_Wilds__23107.png"
"472","JILI","Crazy Hunter","3","308","0","0","","2024-02-26 18:44:21","https://static.ptgaming.ph/images/5d7f6aac01573d41cc790a3637371796.png","images/JILI__Crazy_Hunter__472.png"
"23044","PragmaticPlay","Rabbit Garden","3","308","0","0","","2024-02-26 18:44:21","https://static.ptgaming.ph/images/e9a09058d56771c7934e0dc37be077fa.png","images/PragmaticPlay__Rabbit_Garden__23044.png"
"420","PGSoft","Songkran Splash","3","309","0","0","","2024-02-26 18:44:21","https://static.ptgaming.ph/images/76656a31ad48e89c65f55c518977dbc0.png","images/PGSoft__Songkran_Splash__420.png"
"22029","PragmaticPlay","Big Bass Bonanza","3","309","0","0","","2024-02-26 18:44:21","https://static.ptgaming.ph/images/e873001c3df3dcf088f31a9ed4bbd566.png","images/PragmaticPlay__Big_Bass_Bonanza__22029.png"
"410","PGSoft","Lucky Piggy","3","310","0","0","","2024-02-26 18:44:21","https://static.ptgaming.ph/images/643ba63f29f2747efcd6c23cc9e313fa.png","images/PGSoft__Lucky_Piggy__410.png"
"22093","PragmaticPlay","Infective Wild","3","310","0","0","","2024-02-26 18:44:21","https://static.ptgaming.ph/images/1cb28c2b0570fd4993588e385d759260.png","images/PragmaticPlay__Infective_Wild__22093.png"
"23106","PragmaticPlay","Hot to Burn Hold and Spin","3","311","0","0","","2024-02-26 18:44:21","https://static.ptgaming.ph/images/67ed8b3dacaf0d56248ae302f4de7611.png","images/PragmaticPlay__Hot_to_Burn_Hold_and_Spin__23106.png"
"447","JILI","SevenSeven Seven","3","312","0","0","","2024-02-26 18:44:21","https://static.ptgaming.ph/images/3e39b51684ce9bfb4b0160c3cb439140.png","images/JILI__SevenSeven_Seven__447.png"
"405","PGSoft","Butterfly Blossom","3","313","0","0","","2024-02-26 18:44:21","https://static.ptgaming.ph/images/45ee81438ac8bf5103f055681f9936ae.png","images/PGSoft__Butterfly_Blossom__405.png"
"22027","PragmaticPlay","Sticky Bees","3","313","0","0","","2024-02-26 18:44:21","https://static.ptgaming.ph/images/9a290a0a0362077b2568bae248eb9e44.png","images/PragmaticPlay__Sticky_Bees__22027.png"
"480","JILI","Book of Gold","3","314","0","0","","2024-02-26 18:44:21","https://static.ptgaming.ph/images/f98a391835031074e340c945b540c09e.png","images/JILI__Book_of_Gold__480.png"
"486","JILI","Bone Fortune","3","315","0","0","","2024-02-26 18:44:21","https://static.ptgaming.ph/images/1a3a8b7eee45e80ad0512f9415280550.png","images/JILI__Bone_Fortune__486.png"
"22023","PragmaticPlay","Lucky Lightning","3","315","0","0","","2024-02-26 18:44:21","https://static.ptgaming.ph/images/3a3bd78c063c4278c4c6589a5e0d5651.png","images/PragmaticPlay__Lucky_Lightning__22023.png"
"496","JILI","Sweet Land","3","316","0","0","","2024-02-26 18:44:21","https://static.ptgaming.ph/images/08888db178b0802a9d128fbbbba8b8dd.png","images/JILI__Sweet_Land__496.png"
"23096","PragmaticPlay","The Hand of Midas","3","316","0","0","","2024-02-26 18:44:21","https://static.ptgaming.ph/images/30e2ff8aec314fcd75cf44b74862fff8.png","images/PragmaticPlay__The_Hand_of_Midas__23096.png"
"115","FaChai","FORTUNE EGG","3","317","0","0","","2024-02-26 18:44:21","https://static.ptgaming.ph/images/f0df7b3f902f3230a39efad9e82a99ea.png","images/FaChai__FORTUNE_EGG__115.png"
"317","PGSoft","Mahjong Ways","3","317","0","0","","2024-02-26 18:44:21","https://static.ptgaming.ph/images/b39996be7ce86881bf19a1c4e610e578.png","images/PGSoft__Mahjong_Ways__317.png"
"22022","PragmaticPlay","Wild West Gold Megaways","3","317","0","0","","2024-02-26 18:44:21","https://static.ptgaming.ph/images/435e683ac4466db70b5530a2b44bdb87.png","images/PragmaticPlay__Wild_West_Gold_Megaways__22022.png"
"442","JILI","War Of Dragons","3","318","0","0","","2024-02-26 18:44:21","https://static.ptgaming.ph/images/514e0b06eb4d88fd8fc49f4ceccb02d8.png","images/JILI__War_Of_Dragons__442.png"
"23040","PragmaticPlay","Joker's Jewels","3","318","0","0","","2024-02-26 18:44:21","https://static.ptgaming.ph/images/e2e32ec5a6631d0a4da4bdbc63c1fea0.png","images/PragmaticPlay__Joker_s_Jewels__23040.png"
"416","PGSoft","Fortune Rabbit","3","319","0","0","","2024-02-26 18:44:21","https://static.ptgaming.ph/images/0ef8497ea445dc1e2168fa728c6c59e0.png","images/PGSoft__Fortune_Rabbit__416.png"
"22021","PragmaticPlay","Wild West Duels","3","319","0","0","","2024-02-26 18:44:21","https://static.ptgaming.ph/images/d836d9c954fd8a1ea578fd5d29619128.png","images/PragmaticPlay__Wild_West_Duels__22021.png"
"503","JILI","Golden Temple","3","321","0","0","","2024-02-26 18:44:21","https://static.ptgaming.ph/images/1e97a1d3ed5572d5abbb057e92733fdd.png","images/JILI__Golden_Temple__503.png"
"114","FaChai","WIN WIN NEKO","3","322","0","0","","2024-02-26 18:44:21","https://static.ptgaming.ph/images/795bf691f5f566b7e3a9eddaad7ff019.png","images/FaChai__WIN_WIN_NEKO__114.png"
"467","JILI","Lucky Coming","3","323","0","0","","2024-02-26 18:44:21","https://static.ptgaming.ph/images/684074d3fa3dfc68b30d99a05687126c.png","images/JILI__Lucky_Coming__467.png"
"23102","PragmaticPlay","Fortunes of Aztec","3","323","0","0","","2024-02-26 18:44:21","https://static.ptgaming.ph/images/3452bb7155585ac007d988fabe87d8a2.png","images/PragmaticPlay__Fortunes_of_Aztec__23102.png"
"121","FaChai","LIGHTNING BOMB","3","324","0","0","","2024-02-26 18:44:21","https://static.ptgaming.ph/images/213152649003e73f3192846810f630f1.png","images/FaChai__LIGHTNING_BOMB__121.png"
"23025","PragmaticPlay","5 Lions Gold","3","324","0","0","","2024-02-26 18:44:21","https://static.ptgaming.ph/images/5bb28dbcb64d80c3859e79a10f07c03b.png","images/PragmaticPlay__5_Lions_Gold__23025.png"
"499","JILI","Elf Bingo","3","325","0","0","1.5% cash 2%","2024-02-26 18:44:21","https://static.ptgaming.ph/images/20a38c768e3758640403e4f2d20b7d92.png","images/JILI__Elf_Bingo__499.png"
"23037","PragmaticPlay","Wild Celebrity Bus Megaways","3","325","0","0","","2024-02-26 18:44:21","https://static.ptgaming.ph/images/42f3e6a9dc215f157a1b3c6bec0f67f6.png","images/PragmaticPlay__Wild_Celebrity_Bus_Megaways__23037.png"
"98","FaChai","LUXURY GOLDEN PANTHER","3","326","0","0","","2024-02-26 18:44:21","https://static.ptgaming.ph/images/0daae5b15189a69d816e7d89f50051d2.png","images/FaChai__LUXURY_GOLDEN_PANTHER__98.png"
"1025","Evolution","Salon Privé Blackjack J","3","326","0","0","","2024-02-26 18:44:21","https://static.ptgaming.ph/images/14ed773e151d251c4100885d1d2cad81.png","images/Evolution__Salon_Priv_Blackjack_J__1025.png"
"23036","PragmaticPlay","Clover Gold","3","326","0","0","","2024-02-26 18:44:21","https://static.ptgaming.ph/images/8de4796b301b7502bb18bbb9e659f9a9.png","images/PragmaticPlay__Clover_Gold__23036.png"
"483","JILI","Gold Rush","3","327","0","0","","2024-02-26 18:44:21","https://static.ptgaming.ph/images/92d63278dade42d35ef52d88fc79409f.png","images/JILI__Gold_Rush__483.png"
"1024","Evolution","Salon Privé Blackjack I","3","327","0","0","","2024-02-26 18:44:21","https://static.ptgaming.ph/images/43a18671fe867ca77e11a8663b75d5b5.png","images/Evolution__Salon_Priv_Blackjack_I__1024.png"
"451","JILI","Crazy FaFaFa","3","328","0","0","","2024-02-26 18:44:21","https://static.ptgaming.ph/images/f84e21d104d466ea8aa28c6b99ba5eaf.png","images/JILI__Crazy_FaFaFa__451.png"
"1023","Evolution","Salon Privé Blackjack H","3","328","0","0","","2024-02-26 18:44:21","https://static.ptgaming.ph/images/8264962b4fd5690de854ad1390e4360c.png","images/Evolution__Salon_Priv_Blackjack_H__1023.png"
"21025","PragmaticPlay","Bigger Bass Blizzard - Christmas Catch","3","328","0","0","","2024-02-26 18:44:21","https://static.ptgaming.ph/images/4450a026289a853e7c97e4e2e3d91a00.png","images/PragmaticPlay__Bigger_Bass_Blizzard_-_Christmas_Catch__21025.png"
"97","FaChai","COWBOYS","3","329","0","0","","2024-02-26 18:44:21","https://static.ptgaming.ph/images/4ff39d6610e1422a5f811970de0e268c.png","images/FaChai__COWBOYS__97.png"
"1022","Evolution","Salon Privé Blackjack G","3","329","0","0","","2024-02-26 18:44:21","https://static.ptgaming.ph/images/ec66ec2555b3a5095e8fc3de15c65cb8.png","images/Evolution__Salon_Priv_Blackjack_G__1022.png"
"101","FaChai","GOLD RUSH","3","330","0","0","","2024-02-26 18:44:21","https://static.ptgaming.ph/images/7d2a76e7f073fe68398ed207cd709703.png","images/FaChai__GOLD_RUSH__101.png"
"1021","Evolution","Salon Privé Blackjack F","3","330","0","0","","2024-02-26 18:44:21","https://static.ptgaming.ph/images/9f876fea6291f9a0b1969a95f7558c50.png","images/Evolution__Salon_Priv_Blackjack_F__1021.png"
"21024","PragmaticPlay","Mochimon","3","330","0","0","","2024-02-26 18:44:21","https://static.ptgaming.ph/images/7a11e9dca214a29663441aa9b4652aa9.png","images/PragmaticPlay__Mochimon__21024.png"
"494","JILI","Pirate Queen","3","331","0","0","","2024-02-26 18:44:21","https://static.ptgaming.ph/images/83b04bc6ac701505051a2cad7ebd457f.png","images/JILI__Pirate_Queen__494.png"
"20026","PragmaticPlay","Santa's Great Gifts","3","331","0","0","","2024-02-26 18:44:21","https://static.ptgaming.ph/images/d47bc83b1357264754b98a872006d116.png","images/PragmaticPlay__Santa_s_Great_Gifts__20026.png"
"393","PGSoft","Rise of Apollo","3","332","0","0","","2024-02-26 18:44:21","https://static.ptgaming.ph/images/874a24b4f432ebb78fa55e319c173d6c.png","images/PGSoft__Rise_of_Apollo__393.png"
"1019","Evolution","Salon Privé Blackjack D","3","332","0","0","","2024-02-26 18:44:21","https://static.ptgaming.ph/images/e72567b7397384262b366f00675fe035.png","images/Evolution__Salon_Priv_Blackjack_D__1019.png"
"20066","PragmaticPlay","Forge of Olympus","3","332","0","0","","2024-02-26 18:44:21","https://static.ptgaming.ph/images/b46d57a18fb05f9e65a0f140c5d25051.png","images/PragmaticPlay__Forge_of_Olympus__20066.png"
"411","PGSoft","Wild Coaster","3","333","0","0","","2024-02-26 18:44:21","https://static.ptgaming.ph/images/e88824e39863cfe15a579b5a65542e5d.png","images/PGSoft__Wild_Coaster__411.png"
"20025","PragmaticPlay","Wild Bison Charge","3","333","0","0","","2024-02-26 18:44:21","https://static.ptgaming.ph/images/0921e705becd53a4da2d661f91a595b0.png","images/PragmaticPlay__Wild_Bison_Charge__20025.png"
"484","JILI","Mayan Empire","3","334","0","0","","2024-02-26 18:44:21","https://static.ptgaming.ph/images/f608e2d8b14686aa84851c8438bf4865.png","images/JILI__Mayan_Empire__484.png"
"1020","Evolution","Salon Privé Blackjack E","3","334","0","0","","2024-02-26 18:44:21","https://static.ptgaming.ph/images/22b821f55226b1ee7fbb138c607e24bb.png","images/Evolution__Salon_Priv_Blackjack_E__1020.png"
"20024","PragmaticPlay","Fish Eye","3","334","0","0","","2024-02-26 18:44:21","https://static.ptgaming.ph/images/20912fc6eed317fc039514c021b2bbb9.png","images/PragmaticPlay__Fish_Eye__20024.png"
"102","FaChai","RICH MAN","3","335","0","0","","2024-02-26 18:44:21","https://static.ptgaming.ph/images/7610bebaaad0f41e30e68bd29c349423.png","images/FaChai__RICH_MAN__102.png"
"21023","PragmaticPlay","Spin & Score Megaways","3","335","0","0","","2024-02-26 18:44:21","https://static.ptgaming.ph/images/0b99a9af5e52689e7e2167fc4ad93b10.png","images/PragmaticPlay__Spin_Score_Megaways__21023.png"
"240","Evolution","Blackjack VIP Beta","3","336","0","0","","2024-02-26 18:44:21","https://static.ptgaming.ph/images/23a79024808bd6457bc7749d65a6dba4.png","images/Evolution__Blackjack_VIP_Beta__240.png"
"493","JILI","Golden Joker","3","336","0","0","","2024-02-26 18:44:21","https://static.ptgaming.ph/images/7c7cfe74527513c5e8434e28b067bac0.png","images/JILI__Golden_Joker__493.png"
"20023","PragmaticPlay","Rock Vegas","3","336","0","0","","2024-02-26 18:44:21","https://static.ptgaming.ph/images/1d88ed5d8276008ac0ce27d0f3d07fb8.png","images/PragmaticPlay__Rock_Vegas__20023.png"
"181","Evolution","Blackjack VIP Alpha","3","337","0","0","","2024-02-26 18:44:21","https://static.ptgaming.ph/images/e2850ced4ee092bc74ac2ba0859e7294.png","images/Evolution__Blackjack_VIP_Alpha__181.png"
"415","PGSoft","Midas Fortune","3","337","0","0","","2024-02-26 18:44:21","https://static.ptgaming.ph/images/07aa90e215635eaf79f214b31a6ff22d.png","images/PGSoft__Midas_Fortune__415.png"
"20021","PragmaticPlay","PIZZA! PIZZA? PIZZA!","3","338","0","0","","2024-02-26 18:44:21","https://static.ptgaming.ph/images/1f88edac96662e9c1e41ca39bc58ca99.png","images/PragmaticPlay__PIZZA_PIZZA_PIZZA__20021.png"
"487","JILI","JILI CAISHEN","3","339","0","0","","2024-02-26 18:44:21","https://static.ptgaming.ph/images/62f274510af5a185e4c79e66ebd8bdba.png","images/JILI__JILI_CAISHEN__487.png"
"20065","PragmaticPlay","Sugar Supreme Powernudge","3","339","0","0","","2024-02-26 18:44:21","https://static.ptgaming.ph/images/2988899ce971e1d123690ca454394a5d.png","images/PragmaticPlay__Sugar_Supreme_Powernudge__20065.png"
"106","FaChai","LUCKY FORTUNES","3","340","0","1","","2024-02-26 18:44:21","https://static.ptgaming.ph/images/b206af0bf90d8f138bc5055548c45a9d.png","images/FaChai__LUCKY_FORTUNES__106.png"
"457","JILI","Lucky Goldbricks","3","340","0","0","","2024-02-26 18:44:21","https://static.ptgaming.ph/images/c7435cfd8ea347f36ab65e5eca1c99bf.png","images/JILI__Lucky_Goldbricks__457.png"
"342","PGSoft","Jurassic Kingdom","3","341","0","0","","2024-02-26 18:44:21","https://static.ptgaming.ph/images/bbf7cd463e131054f3d93cd8075f3e1c.png","images/PGSoft__Jurassic_Kingdom__342.png"
"20020","PragmaticPlay","Wild Wild Riches Megaways","3","341","0","0","","2024-02-26 18:44:21","https://static.ptgaming.ph/images/08f4367390fcd2e795c3fd8f47866431.png","images/PragmaticPlay__Wild_Wild_Riches_Megaways__20020.png"
"504","JILI","Devil Fire","3","342","0","0","1.5% cash 2%","2024-02-26 18:44:21","https://static.ptgaming.ph/images/a396c09ea8f5dfa63a0f5565053ef094.png","images/JILI__Devil_Fire__504.png"
"21030","PragmaticPlay","Floating Dragon","3","342","0","0","","2024-02-26 18:44:21","https://static.ptgaming.ph/images/756744da48e4e292fe613569038ee8a4.png","images/PragmaticPlay__Floating_Dragon__21030.png"
"119","FaChai","CIRCUS DOZER","3","343","0","0","","2024-02-26 18:44:21","https://static.ptgaming.ph/images/77bd4ce8cdb6ae0250233c9b5a2984da.png","images/FaChai__CIRCUS_DOZER__119.png"
"422","PGSoft","Super Golf Drive","3","344","0","0","","2024-02-26 18:44:21","https://static.ptgaming.ph/images/12edd7fdb3fc6cf143601970c8130290.png","images/PGSoft__Super_Golf_Drive__422.png"
"103","FaChai","GRAND BLUE","3","345","0","0","","2024-02-26 18:44:21","https://static.ptgaming.ph/images/f745a1d622cda3c763660aaaa6834371.png","images/FaChai__GRAND_BLUE__103.png"
"22160","PragmaticPlay","Big Bass – Hold & Spinner","3","345","0","0","","2024-02-26 18:44:21","https://static.ptgaming.ph/images/f9e96519dd68147ffcb8511932fe32b5.png","images/PragmaticPlay__Big_Bass_Hold_Spinner__22160.png"
"334","PGSoft","Prosperity Fortune Tree","3","346","0","0","","2024-02-26 18:44:21","https://static.ptgaming.ph/images/69a34645a4fd366eb574d52292752e41.png","images/PGSoft__Prosperity_Fortune_Tree__334.png"
"21020","PragmaticPlay","Hot Fiesta","3","346","0","0","","2024-02-26 18:44:21","https://static.ptgaming.ph/images/b3c1e85a72f20974170aa9e719861a5e.png","images/PragmaticPlay__Hot_Fiesta__21020.png"
"329","PGSoft","Caishen Wins","3","347","0","0","","2024-02-26 18:44:21","https://static.ptgaming.ph/images/0bc94d1c396e36ee04cb7f82292dae32.png","images/PGSoft__Caishen_Wins__329.png"
"20019","PragmaticPlay","Big Bass Halloween","3","347","0","0","","2024-02-26 18:44:21","https://static.ptgaming.ph/images/b29270b699099483c227a96040066c34.png","images/PragmaticPlay__Big_Bass_Halloween__20019.png"
"21019","PragmaticPlay","Christmas Carol Megaways","3","348","0","0","","2024-02-26 18:44:21","https://static.ptgaming.ph/images/a06921b168095831b62008f115d0cfaa.png","images/PragmaticPlay__Christmas_Carol_Megaways__21019.png"
"109","FaChai","SUGAR BANG BANG","3","349","0","1","1.5% cash 2%","2024-02-26 18:44:21","https://static.ptgaming.ph/images/ab6274305b9e47ec0eff2652b09860cc.png","images/FaChai__SUGAR_BANG_BANG__109.png"
"414","PGSoft","Asgardian Rising","3","349","0","0","","2024-02-26 18:44:21","https://static.ptgaming.ph/images/5cf629966aab96fdda88c89110449d3f.png","images/PGSoft__Asgardian_Rising__414.png"
"325","PGSoft","Ways of the Qilin","3","350","0","0","","2024-02-26 18:44:21","https://static.ptgaming.ph/images/9bc5c54162a109475b65eb39a57a2e39.png","images/PGSoft__Ways_of_the_Qilin__325.png"
"21018","PragmaticPlay","Bigger Bass Bonanza","3","350","0","0","","2024-02-26 18:44:21","https://static.ptgaming.ph/images/6b13eb9ba8429e0240f8d62c9343373e.png","images/PragmaticPlay__Bigger_Bass_Bonanza__21018.png"
"85","FaChai","GOLDEN PANTHER","3","351","0","0","","2024-02-26 18:44:21","https://static.ptgaming.ph/images/8fa4592af80819cc227ed2e49ff1e6f0.png","images/FaChai__GOLDEN_PANTHER__85.png"
"345","PGSoft","Speed Winner","3","351","0","0","","2024-02-26 18:44:21","https://static.ptgaming.ph/images/b20beba507ea33000f563261784fe9a2.png","images/PGSoft__Speed_Winner__345.png"
"21017","PragmaticPlay","Return of the Dead","3","351","0","0","","2024-02-26 18:44:21","https://static.ptgaming.ph/images/247e65895f21383b8483e5ac491859fc.png","images/PragmaticPlay__Return_of_the_Dead__21017.png"
"118","FaChai","MONEY TREE DOZER","3","352","0","0","","2024-02-26 18:44:21","https://static.ptgaming.ph/images/25b02b6f8bf87adfffc4aff73570234c.png","images/FaChai__MONEY_TREE_DOZER__118.png"
"453","JILI","FortunePig","3","353","0","0","","2024-02-26 18:44:21","https://static.ptgaming.ph/images/9a8b98928a162a96b09b669471762ed5.png","images/JILI__FortunePig__453.png"
"20018","PragmaticPlay","Floating Dragon - Dragon Boat Festival","3","353","0","0","","2024-02-26 18:44:21","https://static.ptgaming.ph/images/fcc1ec7d907d719458a8cb8f81af8009.png","images/PragmaticPlay__Floating_Dragon_-_Dragon_Boat_Festival__20018.png"
"107","FaChai","CHINESE NEW YEAR 2","3","354","0","1","1.5% cash 2%","2024-02-26 18:44:21","https://static.ptgaming.ph/images/64c3b0716515e2005f803666b1cb35a2.png","images/FaChai__CHINESE_NEW_YEAR_2__107.png"
"20017","PragmaticPlay","Club Tropicana","3","354","0","0","","2024-02-26 18:44:21","https://static.ptgaming.ph/images/a1845b4f283bfc0b356380865ed566b5.png","images/PragmaticPlay__Club_Tropicana__20017.png"
"502","JILI","Aztec Priestess","3","355","0","0","","2024-02-26 18:44:21","https://static.ptgaming.ph/images/6740805d2869a0f3d7ad94cb2c616454.png","images/JILI__Aztec_Priestess__502.png"
"21070","PragmaticPlay","Rujak Bonanza","3","355","0","0","","2024-02-26 18:44:21","https://static.ptgaming.ph/images/9b9726a3d619dc6b20cbce11a46893d7.png","images/PragmaticPlay__Rujak_Bonanza__21070.png"
"949","JILI","Fortune Monkey","3","356","0","0","1.5% cash 2%","2024-02-26 18:44:21","https://static.ptgaming.ph/images/64e547c9acaf8586cd14361520c23a21.png","images/JILI__Fortune_Monkey__949.png"
"20016","PragmaticPlay","Rocket Blast Megaways","3","356","0","0","","2024-02-26 18:44:21","https://static.ptgaming.ph/images/0e4d06b2787c113b5b6f15328cc93b1f.png","images/PragmaticPlay__Rocket_Blast_Megaways__20016.png"
"100","FaChai","MAGIC BEANS","3","357","0","0","","2024-02-26 18:44:21","https://static.ptgaming.ph/images/778e6c333b5f8f6f2372be50be638f16.png","images/FaChai__MAGIC_BEANS__100.png"
"985","Evolution","Blackjack VIP 37","3","357","0","0","","2024-02-26 18:44:21","https://static.ptgaming.ph/images/7824e17b14aa549168e5bc47660c61a7.png","images/Evolution__Blackjack_VIP_37__985.png"
"21016","PragmaticPlay","The Dog House Multihold","3","357","0","0","","2024-02-26 18:44:21","https://static.ptgaming.ph/images/49f1cd62eef1fca1de4f36f27bc6d276.png","images/PragmaticPlay__The_Dog_House_Multihold__21016.png"
"105","FaChai","ROBIN HOOD","3","358","0","0","","2024-02-26 18:44:21","https://static.ptgaming.ph/images/82bc0c104a8021d47abb9084a9dbb575.png","images/FaChai__ROBIN_HOOD__105.png"
"20015","PragmaticPlay","Muertos Multiplier Megaways","3","358","0","0","","2024-02-26 18:44:21","https://static.ptgaming.ph/images/ee5d345aaa8ae1a3236d559f8de38522.png","images/PragmaticPlay__Muertos_Multiplier_Megaways__20015.png"
"477","JILI","Ali Baba","3","359","0","0","","2024-02-26 18:44:21","https://static.ptgaming.ph/images/d05837f5f534c86bf3c2dc51cc0bcc5a.png","images/JILI__Ali_Baba__477.png"
"20014","PragmaticPlay","Mammoth Gold Megaways","3","359","0","0","","2024-02-26 18:44:21","https://static.ptgaming.ph/images/a19abe8ef4af53896a8dc989f4249f34.png","images/PragmaticPlay__Mammoth_Gold_Megaways__20014.png"
"324","PGSoft","Wild Bandito","3","360","0","1","1.5% cash 2%","2024-02-26 18:44:21","https://static.ptgaming.ph/images/8da0f2cdfc8b59845b00a77965d7a4bb.png","images/PGSoft__Wild_Bandito__324.png"
"111","FaChai","GOLDEN GENIE","3","361","0","1","1.5% cash 2%","2024-02-26 18:44:21","https://static.ptgaming.ph/images/eee2a6643ace797c5f29fdf7e6948179.png","images/FaChai__GOLDEN_GENIE__111.png"
"20012","PragmaticPlay","Buffalo King","3","361","0","0","","2024-02-26 18:44:21","https://static.ptgaming.ph/images/381bdb3540a511c9305089efefd0ac58.png","images/PragmaticPlay__Buffalo_King__20012.png"
"21069","PragmaticPlay","Twilight Princess","3","362","0","0","","2024-02-26 18:44:21","https://static.ptgaming.ph/images/58d2e4e737cc2ede3dc6d5bfea42e045.png","images/PragmaticPlay__Twilight_Princess__21069.png"
"112","FaChai","CRAZY BUFFALO","3","363","0","0","","2024-02-26 18:44:21","https://static.ptgaming.ph/images/8110fbdb7894da728e718ba0b4f4b15c.png","images/FaChai__CRAZY_BUFFALO__112.png"
"20013","PragmaticPlay","Starlight Christmas","3","363","0","0","","2024-02-26 18:44:21","https://static.ptgaming.ph/images/13f54cd7e3114a3d21b2227ad3293f27.png","images/PragmaticPlay__Starlight_Christmas__20013.png"
"21068","PragmaticPlay","Candy Blitz","3","363","0","0","","2024-02-26 18:44:21","https://static.ptgaming.ph/images/f9f9dc1c3a730695d1104588b362fc3f.png","images/PragmaticPlay__Candy_Blitz__21068.png"
"87","FaChai","NIGHT MARKET","3","364","0","0","","2024-02-26 18:44:21","https://static.ptgaming.ph/images/a4b90ced6e7ef818433ab3c667d455dd.png","images/FaChai__NIGHT_MARKET__87.png"
"478","JILI","Mega Ace","3","365","0","0","1.5% cash 2%","2024-02-26 18:44:21","https://static.ptgaming.ph/images/9db754336e5fbd8177ab5b5e028272f3.png","images/JILI__Mega_Ace__478.png"
"116","FaChai","NIGHT MARKET 2","3","366","0","0","","2024-02-26 18:44:21","https://static.ptgaming.ph/images/f3c1c3e69dad7fa10d4ca7d2eee87126.png","images/FaChai__NIGHT_MARKET_2__116.png"
"21028","PragmaticPlay","Madame Destiny Megaways","3","366","0","0","","2024-02-26 18:44:21","https://static.ptgaming.ph/images/00fc68da17ad7aa995585dd37f771623.png","images/PragmaticPlay__Madame_Destiny_Megaways__21028.png"
"89","FaChai","CHINESE NEW YEAR","3","367","0","0","","2024-02-26 18:44:21","https://static.ptgaming.ph/images/9cab827e6469aba1e463e2d94b6b24b3.png","images/FaChai__CHINESE_NEW_YEAR__89.png"
"319","PGSoft","Treasures of Aztec","3","367","0","1","1.5% cash 2%","2024-02-26 18:44:21","https://static.ptgaming.ph/images/ae2e496596aae353e7b0d531d91c6369.png","images/PGSoft__Treasures_of_Aztec__319.png"
"20011","PragmaticPlay","Cleocatra","3","367","0","0","","2024-02-26 18:44:21","https://static.ptgaming.ph/images/a3bc2ded57a9e2a3423653cb7fbb1977.png","images/PragmaticPlay__Cleocatra__20011.png"
"20010","PragmaticPlay","Aztec Gems","3","368","0","0","","2024-02-26 18:44:21","https://static.ptgaming.ph/images/aab27eb77d1fb27acc8d77738fa8024b.png","images/PragmaticPlay__Aztec_Gems__20010.png"
"161","Evolution","Blackjack VIP 25","3","369","0","0","","2024-02-26 18:44:21","https://static.ptgaming.ph/images/d90d395033bd374e0edb5225f2026a14.png","images/Evolution__Blackjack_VIP_25__161.png"
"343","PGSoft","Cocktail Nights","3","369","0","0","","2024-02-26 18:44:21","https://static.ptgaming.ph/images/711dc5469a206e6398e1db5cb1df7c15.png","images/PGSoft__Cocktail_Nights__343.png"
"21015","PragmaticPlay","Barn Festival","3","369","0","0","","2024-02-26 18:44:21","https://static.ptgaming.ph/images/d1f945c84b9f195c3b0adcfd3aca9945.png","images/PragmaticPlay__Barn_Festival__21015.png"
"318","PGSoft","Mahjong Ways 2","3","370","0","0","1.5% cash 2%","2024-02-26 18:44:21","https://static.ptgaming.ph/images/93be09c56765a913eaad440eb6a3ab1c.png","images/PGSoft__Mahjong_Ways_2__318.png"
"21007","PragmaticPlay","Panda Fortune 2","3","370","0","0","","2024-02-26 18:44:21","https://static.ptgaming.ph/images/b8b0f4f9f00dca957e836f05ade94e8d.png","images/PragmaticPlay__Panda_Fortune_2__21007.png"
"155","Evolution","Blackjack VIP 21","3","371","0","0","","2024-02-26 18:44:21","https://static.ptgaming.ph/images/961e1e58cfe8e4763cf2e85de0ae73fd.png","images/Evolution__Blackjack_VIP_21__155.png"
"459","JILI","Charge Buffalo","3","371","0","0","","2024-02-26 18:44:21","https://static.ptgaming.ph/images/6273e0ce7dcce472915956a933f01ac5.png","images/JILI__Charge_Buffalo__459.png"
"21066","PragmaticPlay","Saiyan Mania","3","371","0","0","","2024-02-26 18:44:21","https://static.ptgaming.ph/images/29e964ba67ae28765e780bcf8cdb04af.png","images/PragmaticPlay__Saiyan_Mania__21066.png"
"497","JILI","Wild Ace","3","372","0","0","1.5% cash 2%","2024-02-26 18:44:21","https://static.ptgaming.ph/images/807a7c578394613b71b56fb1dade15a5.png","images/JILI__Wild_Ace__497.png"
"20009","PragmaticPlay","Fortune of Giza","3","373","0","0","","2024-02-26 18:44:21","https://static.ptgaming.ph/images/c9f0b8ebe196e6962e234ddefd41906f.png","images/PragmaticPlay__Fortune_of_Giza__20009.png"
"20064","PragmaticPlay","Sugar Rush Xmas","3","374","0","0","","2024-02-26 18:44:21","https://static.ptgaming.ph/images/812f12b5dfc58443073aa6a37a665306.png","images/PragmaticPlay__Sugar_Rush_Xmas__20064.png"
"448","JILI","Crazy777","3","375","0","0","1.5% cash 2%","2024-02-26 18:44:21","https://static.ptgaming.ph/images/6a171d29736cfccde513d03bfaaeed70.png","images/JILI__Crazy777__448.png"
"21013","PragmaticPlay","The Dog House","3","375","0","0","","2024-02-26 18:44:21","https://static.ptgaming.ph/images/0ebf96ad45f4423c6f75f88255f05195.png","images/PragmaticPlay__The_Dog_House__21013.png"
"321","PGSoft","Lucky Neko","3","376","0","1","1.5% cash 2%","2024-02-26 18:44:21","https://static.ptgaming.ph/images/0cb15330f9a1a0954d3ccfa018ef7176.png","images/PGSoft__Lucky_Neko__321.png"
"21027","PragmaticPlay","Great Rhino Megaways","3","376","0","0","","2024-02-26 18:44:21","https://static.ptgaming.ph/images/ffbc5e84989f74a33ef278ff61295ca2.png","images/PragmaticPlay__Great_Rhino_Megaways__21027.png"
"108","FaChai","TREASURE RAIDERS","3","377","0","0","","2024-02-26 18:44:21","https://static.ptgaming.ph/images/270f28a4df7c40edd50af88ec3f16046.png","images/FaChai__TREASURE_RAIDERS__108.png"
"113","FaChai","ZEUS","3","377","0","0","","2024-02-26 18:44:21","https://static.ptgaming.ph/images/131fbd91dc7fe7405fd27bc829aa7076.png","images/FaChai__ZEUS__113.png"
"268","Evolution","Blackjack VIP 22","3","377","0","0","","2024-02-26 18:44:21","https://static.ptgaming.ph/images/da1e667b358da075f377ab028a1d1f0b.png","images/Evolution__Blackjack_VIP_22__268.png"
"464","JILI","Boxing King","3","377","0","0","1.5% cash 2%","2024-02-26 18:44:21","https://static.ptgaming.ph/images/1d446820d175d8b4a7c1cb3d2b45b7b3.png","images/JILI__Boxing_King__464.png"
"21012","PragmaticPlay","Power of Merlin Megaways","3","377","0","0","","2024-02-26 18:44:21","https://static.ptgaming.ph/images/b3174e6ff040148fad2178da6dcf172c.png","images/PragmaticPlay__Power_of_Merlin_Megaways__21012.png"
"856","RTG","Sweet 16 Blast!","3","378","0","0","","2024-02-26 18:44:21","https://static.ptgaming.ph/images/2a4761ac256b213bbe97f6263519aef4.png","images/RTG__Sweet_16_Blast__856.png"
"21011","PragmaticPlay","Zeus vs Hades - Gods of War","3","378","0","0","","2024-02-26 18:44:21","https://static.ptgaming.ph/images/bf73e8c1d51d7be7839e1d86cc7db073.png","images/PragmaticPlay__Zeus_vs_Hades_-_Gods_of_War__21011.png"
"676","RTG","Enchanted Garden","3","379","0","0","","2024-02-26 18:44:21","https://static.ptgaming.ph/images/0436f6ab1753731254121bea17f68480.png","images/RTG__Enchanted_Garden__676.png"
"21010","PragmaticPlay","Wisdom of Athena","3","379","0","0","","2024-02-26 18:44:21","https://static.ptgaming.ph/images/9537f8a115d272349b29920f95eeb2b5.png","images/PragmaticPlay__Wisdom_of_Athena__21010.png"
"96","FaChai","TREASURE CRUISE","3","380","0","0","","2024-02-26 18:44:21","https://static.ptgaming.ph/images/31a6133243826448a92f2b8cdacb6ff3.png","images/FaChai__TREASURE_CRUISE__96.png"
"21009","PragmaticPlay","Buffalo King Megaways","3","381","0","0","","2024-02-26 18:44:21","https://static.ptgaming.ph/images/02c9d4751ad4b1669ba08a04e4f13d4d.png","images/PragmaticPlay__Buffalo_King_Megaways__21009.png"
"1030","FaChai","LEGEND OF INCA","3","382","0","0","","2024-02-26 18:44:21","https://static.ptgaming.ph/images/2d63042a828d6297882e7c885a71ba51.png","images/FaChai__LEGEND_OF_INCA__1030.png"
"21008","PragmaticPlay","Power of Thor Megaways","3","382","0","0","","2024-02-26 18:44:21","https://static.ptgaming.ph/images/65b4c9378658fbad620ab0e5fa1e1c13.png","images/PragmaticPlay__Power_of_Thor_Megaways__21008.png"
"462","JILI","Money Coming","3","383","0","0","1.5% cash 2%","2024-02-26 18:44:21","https://static.ptgaming.ph/images/f2cf51ffb3a8459ef04096a0252630a3.png","images/JILI__Money_Coming__462.png"
"21001","PragmaticPlay","Sweet Bonanza","3","383","0","0","","2024-02-26 18:44:21","https://static.ptgaming.ph/images/ece01956c7e20c8a8e6c14dc9db95e1a.png","images/PragmaticPlay__Sweet_Bonanza__21001.png"
"20029","PragmaticPlay","Panda's Fortune","3","384","0","0","","2024-02-26 18:44:21","https://static.ptgaming.ph/images/851af2e5c725cfb0c33307aa0dae37b3.png","images/PragmaticPlay__Panda_s_Fortune__20029.png"
"21006","PragmaticPlay","Wild West Gold","3","385","0","0","","2024-02-26 18:44:21","https://static.ptgaming.ph/images/c82dd2c23f355c35cec7bf99146f0eac.png","images/PragmaticPlay__Wild_West_Gold__21006.png"
"21005","PragmaticPlay","Pyramid Bonanza","3","386","0","0","","2024-02-26 18:44:21","https://static.ptgaming.ph/images/e9ee7a07c6f70c5e79a921b26d3c5242.png","images/PragmaticPlay__Pyramid_Bonanza__21005.png"
"333","PGSoft","Wild Bounty Showdown","3","387","1","1","1.5% cash 2%","2024-02-26 18:44:21","https://static.ptgaming.ph/images/bc967523b6bafa6d8e1fd60ad50ec2f8.png","images/PGSoft__Wild_Bounty_Showdown__333.png"
"21004","PragmaticPlay","Gates of Gatot Kaca","3","387","0","0","","2024-02-26 18:44:21","https://static.ptgaming.ph/images/08023e67eba485ad35a4c36bc5d7bf56.png","images/PragmaticPlay__Gates_of_Gatot_Kaca__21004.png"
"471","JILI","Fortune Gems","3","388","0","0","1.5% cash 2%","2024-02-26 18:44:21","https://static.ptgaming.ph/images/e66fca2d9e673d1e0f7115338b54d7bf.png","images/JILI__Fortune_Gems__471.png"
"498","JILI","Fortune Gems 2","3","388","0","0","1.5% cash 2%","2024-02-26 18:44:21","https://static.ptgaming.ph/images/1228044f1b4ff49cd27e4210c658d2f2.png","images/JILI__Fortune_Gems_2__498.png"
"20006","PragmaticPlay","The Dog House Megaways","3","389","0","0","","2024-02-26 18:44:21","https://static.ptgaming.ph/images/af0fcfccf857bafc43c7c519dd03651a.png","images/PragmaticPlay__The_Dog_House_Megaways__20006.png"
"470","JILI","Golden Empire","3","390","0","0","1.5% cash 2%","2024-02-26 18:44:21","https://static.ptgaming.ph/images/6e3aeec1f42c2e147abb2cbd4ce4cf62.png","images/JILI__Golden_Empire__470.png"
"21003","PragmaticPlay","Sweet Bonanza Xmas","3","390","0","0","","2024-02-26 18:44:21","https://static.ptgaming.ph/images/21a0c2f8e28768040744fbe294ee3141.png","images/PragmaticPlay__Sweet_Bonanza_Xmas__21003.png"
"43037","JILI","Super Ace Deluxe","3","390","0","0","1.5% cash 2%","2024-09-02 20:13:36","https://static.ptgaming.ph/images/255794b39def92c9518d45c89dc46188.png","images/JILI__Super_Ace_Deluxe__43037.png"
"21002","PragmaticPlay","5 Lions Megaways","3","391","0","0","","2024-02-26 18:44:21","https://static.ptgaming.ph/images/2fa433701c3979ba44c3835527fa2c3d.png","images/PragmaticPlay__5_Lions_Megaways__21002.png"
"20004","PragmaticPlay","Starlight Princess 1000","3","392","0","0","1.5% cash 2%","2024-02-26 18:44:21","https://static.ptgaming.ph/images/61824305589e0a3e916f71b90854a2fb.png","images/PragmaticPlay__Starlight_Princess_1000__20004.png"
"20003","PragmaticPlay","Gates of Olympus","3","393","0","0","","2024-02-26 18:44:21","https://static.ptgaming.ph/images/1cb3f6116843fb6ec844a3962cbf298d.png","images/PragmaticPlay__Gates_of_Olympus__20003.png"
"20005","PragmaticPlay","Sugar Rush","3","393","0","0","","2024-02-26 18:44:21","https://static.ptgaming.ph/images/c1bba2083b46667829fe95e3d6f047fe.png","images/PragmaticPlay__Sugar_Rush__20005.png"
"20028","PragmaticPlay","Gates of Olympus 1000","3","394","0","0","1.5% cash 2%","2024-02-26 18:44:21","https://static.ptgaming.ph/images/6b495edebfbf24c52a30769b99f8b1a9.png","images/PragmaticPlay__Gates_of_Olympus_1000__20028.png"
"21026","PragmaticPlay","Starlight Princess","3","395","0","0","","2024-02-26 18:44:21","https://static.ptgaming.ph/images/f7e2e1bf01aba3363b4f81b39a62fcc5.png","images/PragmaticPlay__Starlight_Princess__21026.png"
"191","Evolution","Emperor Roulette","3","399","0","0","","2024-02-26 18:44:21","https://static.ptgaming.ph/images/8f52dcac1424e258c2141db5e40cbef1.png","images/Evolution__Emperor_Roulette__191.png"
"912","Evolution","Blackjack VIP 32","3","400","0","0","","2024-02-26 18:44:21","https://static.ptgaming.ph/images/32a0ae8546236fb939bdaa1b23de1e96.png","images/Evolution__Blackjack_VIP_32__912.png"
"20096","SAGaming","M Roulette","3","400","0","0","","2024-02-26 18:44:21","https://static.ptgaming.ph/images/f96aebc1ecbed77e24461130c5dae1ea.png","images/SAGaming__M_Roulette__20096.png"
"20098","SAGaming","C Roulette","3","400","0","0","","2024-02-26 18:44:21","https://static.ptgaming.ph/images/9f1d158292e15e7861308afe57bd1178.png","images/SAGaming__C_Roulette__20098.png"
"20120","Evolution","Blackjack Party","3","400","0","0","","2024-02-26 18:44:21","https://static.ptgaming.ph/images/e4923ac47bd07d2bbe60a67a71e1410b.png","images/Evolution__Blackjack_Party__20120.png"
"21140","Evolution","Speed Super Sic Bo","3","400","0","0","","2024-02-26 18:44:21","https://static.ptgaming.ph/images/c63a6f0dc224646168cab91296635b07.png","images/Evolution__Speed_Super_Sic_Bo__21140.png"
"22455","Evolution","Evo Speed Blackjack 10","3","400","0","0","","2024-03-28 22:30:01","https://static.ptgaming.ph/images/eabf234cbd5ca5dd4481db7ddd300f89.png","images/Evolution__Evo_Speed_Blackjack_10__22455.png"
"23396","Evolution","Evo Speed Blackjack 11","3","400","0","0","","2024-02-27 20:46:09","https://static.ptgaming.ph/images/3ec4aace51bd7d3605b0e48d081a0b65.png","images/Evolution__Evo_Speed_Blackjack_11__23396.png"
"23287","PragmaticPlay","Speed Auto Roulette","3","401","0","0","","2024-02-26 18:44:21","https://static.ptgaming.ph/images/94a4d1d770c86cb42862accc0930fac6.png","images/PragmaticPlay__Speed_Auto_Roulette__23287.png"
"159","Evolution","Lightning Blackjack","3","403","0","0","","2024-02-26 18:44:21","https://static.ptgaming.ph/images/500dc9edf212680c34dd1d9524185065.png","images/Evolution__Lightning_Blackjack__159.png"
"23195","Evolution","Blackjack VIP A","3","404","0","0","","2024-02-26 18:44:21","https://static.ptgaming.ph/images/3b093e04d29c088843314aad4ff10e69.png","images/Evolution__Blackjack_VIP_A__23195.png"
"134005","JILI","Fortune Coins","3","405","0","0","1.5% cash 2%","2025-03-26 17:20:40","https://static.ptgaming.ph/images/22c6d39175227910162fcaaa683ab0cf.png","images/JILI__Fortune_Coins__134005.png"
"43020","Evolution","Salon Privé Blackjack C","3","410","0","0","","2024-07-23 19:38:34","https://static.ptgaming.ph/images/87dcda47d66016e19f32aa56eef4c0a9.png","images/Evolution__Salon_Priv_Blackjack_C__43020.png"
"911","Evolution","Blackjack VIP 31","3","418","0","0","","2024-02-26 18:44:21","https://static.ptgaming.ph/images/4eeb03f4cee7f8e150f1ddc68156340e.png","images/Evolution__Blackjack_VIP_31__911.png"
"23011","Evolution","Speed VIP Blackjack B","3","420","0","0","","2024-02-26 18:44:21","https://static.ptgaming.ph/images/7af3a5cb31ba1a4b1c24b0b2b23c28e9.png","images/Evolution__Speed_VIP_Blackjack_B__23011.png"
"23179","Evolution","Blackjack VIP C","3","420","0","0","","2024-02-26 18:44:21","https://static.ptgaming.ph/images/522ce183ff811058d256ea85b6c1e482.png","images/Evolution__Blackjack_VIP_C__23179.png"
"114007","SparkGame","Live HILO PINOY","3","430","0","0","Exclusive ZI","2025-03-13 16:13:38","https://static.ptgaming.ph/images/e0e7be6e1bad1cc8c966f15c8793b227.png","images/SparkGame__Live_HILO_PINOY__114007.png"
"213","Evolution","Lightning Baccarat","3","450","0","1","1% Cashback EVO","2024-02-26 18:44:21","https://static.ptgaming.ph/images/30004e7649c65062cf22e32ae9b42464.png","images/Evolution__Lightning_Baccarat__213.png"
"288","Evolution","Blackjack VIP 27","3","450","0","0","","2024-02-26 18:44:21","https://static.ptgaming.ph/images/ad0641d3450e6b3f023c427a0945d3c1.png","images/Evolution__Blackjack_VIP_27__288.png"
"22249","PragmaticPlay","Lucky 6 Roulette","3","450","0","0","","2024-02-26 18:44:21","https://static.ptgaming.ph/images/9f1e4dde518e253b9185a855729aef2c.png","images/PragmaticPlay__Lucky_6_Roulette__22249.png"
"42009","PGSoft","Pinata Wins","3","450","1","1","1.5% cash 2%","2024-04-16 10:07:57","https://static.ptgaming.ph/images/aed16ed04faa063fc9a5958e83302a7c.png","images/PGSoft__Pinata_Wins__42009.png"
"45029","Evolution","Salon Privé Blackjack K","3","450","0","0","","2024-09-20 13:13:47","https://static.ptgaming.ph/images/c83c72bb6120235d27758ec9548da041.png","images/Evolution__Salon_Priv_Blackjack_K__45029.png"
"20117","Evolution","Prosperity Tree Baccarat","3","460","0","0","1% Cashback EVO","2024-02-26 18:44:21","https://static.ptgaming.ph/images/c49d066a228008bf3d7abd4945ba22fd.png","images/Evolution__Prosperity_Tree_Baccarat__20117.png"
"21145","Evolution","Speed Baccarat I","3","470","0","0","","2024-02-26 18:44:21","https://static.ptgaming.ph/images/6b45cebbb43e2775e7b2a6c9d59cb81d.png","images/Evolution__Speed_Baccarat_I__21145.png"
"248","Evolution","Instant Roulette","3","480","0","0","","2024-02-26 18:44:21","https://static.ptgaming.ph/images/2eaf50d87e18ce7ed652cc5d147b6712.png","images/Evolution__Instant_Roulette__248.png"
"931","Evolution","Funky Time","3","480","0","0","1% UNLIMITED","2024-02-26 18:44:21","https://static.ptgaming.ph/images/3fd55f0ba4249f7847d4da6f5cc8e08e.png","images/Evolution__Funky_Time__931.png"
"20106","Evolution","XXXtreme Lightning Roulette","3","481","0","0","1% UNLIMITED","2024-02-26 18:44:21","https://static.ptgaming.ph/images/80f373a0ceaa3013d87c8b605e9d57a4.png","images/Evolution__XXXtreme_Lightning_Roulette__20106.png"
"147","Evolution","Dragon Tiger","3","500","0","1","1% UNLIMITED","2024-02-26 18:44:21","https://static.ptgaming.ph/images/4cb1a3e596d0f59e7a1090bb8643aa49.png","images/Evolution__Dragon_Tiger__147.png"
"229","Evolution","Auto-Roulette","3","500","0","0","1% UNLIMITED","2024-02-26 18:44:21","https://static.ptgaming.ph/images/3002fc144edf452518d944825b6163f9.png","images/Evolution__Auto-Roulette__229.png"
"555","JILI","Tongits Go","3","500","1","0","10%包赔","2024-02-26 18:44:21","https://static.ptgaming.ph/images/75a06a0e074efb33ec7378198fa7771d.png","images/JILI__Tongits_Go__555.png"
"149002","JILI","3 Coin Treasures 2","3","500","0","0","","2025-04-21 15:57:45","https://static.ptgaming.ph/images/274dacd3ef49b49277987412162842ca.png","images/JILI__3_Coin_Treasures_2__149002.png"
"179002","FaChai","PLAYTIME BANG BANG 2","3","500","0","1","1.5% cash 2%","2025-05-20 14:00:12","https://static.ptgaming.ph/images/2b1fdfe583d4c970a2903eff6a97a754.png","images/FaChai__PLAYTIME_BANG_BANG_2__179002.png"
"153003","Evolution","Super Color Game","3","504","0","0","","2025-04-24 11:43:39","https://static.ptgaming.ph/images/062a595204d3d858bc588e77e2cc515d.png","images/Evolution__Super_Color_Game__153003.png"
"20119","Evolution","Speed Baccarat J","3","506","0","0","1% Cashback EVO","2024-02-26 18:44:21","https://static.ptgaming.ph/images/15d1f9f7ecfa1caaa70f316143efb4c7.png","images/Evolution__Speed_Baccarat_J__20119.png"
"23099","PragmaticPlay","Baccarat 1","3","520","0","0","1% UNLIMITED","2024-02-26 18:44:21","https://static.ptgaming.ph/images/2b18d23d805f7e9fb624db999817d8fa.png","images/PragmaticPlay__Baccarat_1__23099.png"
"917","Evolution","XXXtreme lightning Baccarat xxxtreme","3","567","0","0","1% Cashback EVO","2024-02-26 18:44:21","https://static.ptgaming.ph/images/e3d0a8ebc6c3902201b196f4ecc6cbc0.png","images/Evolution__XXXtreme_lightning_Baccarat_xxxtreme__917.png"
"219","Evolution","Golden Wealth Baccarat","3","590","0","1","1% Cashback EVO","2024-02-26 18:44:21","https://static.ptgaming.ph/images/ed130bc30d8c22e2a6b9d82d996f6ad1.png","images/Evolution__Golden_Wealth_Baccarat__219.png"
"74006","Evolution","Always 8 Baccarat","3","593","0","1","1% Cashback EVO","2025-01-02 10:38:09","https://static.ptgaming.ph/images/060feb3bd38ddf51e9c75136d563b977.png","images/Evolution__Always_8_Baccarat__74006.png"
"23078","PragmaticPlay","Speed Baccarat 1","3","595","0","0","1% UNLIMITED","2024-02-26 18:44:21","https://static.ptgaming.ph/images/cf9fd0dbd935a7917b6332c480d67ec8.png","images/PragmaticPlay__Speed_Baccarat_1__23078.png"
"292","Evolution","Super Sic Bo","3","598","0","0","1% UNLIMITED","2024-02-26 18:44:21","https://static.ptgaming.ph/images/5596f210f04f658df55ba2fa075e95fc.png","images/Evolution__Super_Sic_Bo__292.png"
"924","Evolution","Infinite Free Bet Blackjack","3","720","0","0","","2024-02-26 18:44:21","https://static.ptgaming.ph/images/ba29df8ad15625b9f247560492f9cca0.png","images/Evolution__Infinite_Free_Bet_Blackjack__924.png"
"20110","Evolution","Lightning Roulette","3","850","0","0","1% UNLIMITED","2024-02-26 18:44:21","https://static.ptgaming.ph/images/414920ea795783f5c36bd94774cf87e5.png","images/Evolution__Lightning_Roulette__20110.png"
"933","Evolution","Crazy Time A","3","990","0","0","1% UNLIMITED","2024-02-26 18:44:21","https://static.ptgaming.ph/images/65c1c39ed965b4dce313eee0b2610bfe.png","images/Evolution__Crazy_Time_A__933.png"
"45055","Evolution","Super Speed Baccarat","3","993","1","1","1% Cashback EVO","2024-10-16 13:06:06","https://static.ptgaming.ph/images/f84a958fe0cbcd199b0a52b1619f906e.png","images/Evolution__Super_Speed_Baccarat__45055.png"
"932","Evolution","Crazy Time","3","998","1","0","1% UNLIMITED","2024-02-26 18:44:21","https://static.ptgaming.ph/images/345fa73afbd8af717c444ab69edc1b0c.png","images/Evolution__Crazy_Time__932.png"
"21115","Evolution","No Commission Baccarat","3","999","1","1","1% Cashback EVO","2024-02-26 18:44:21","https://static.ptgaming.ph/images/69f0b62fcfb225562cf68af0783a518a.png","images/Evolution__No_Commission_Baccarat__21115.png"
"20122","Evolution","Speed Baccarat A","3","1000","1","1","1% Cashback EVO","2024-02-26 18:44:21","https://static.ptgaming.ph/images/d407ad3a98db9f04728db0ac065090f4.png","images/Evolution__Speed_Baccarat_A__20122.png"
"191011","PragmaticPlay","Gates of Hades","3","1000","0","0","","2025-06-02 13:52:17","https://static.ptgaming.ph/images/b5af6ab41a3c78763167489ea40d9613.png","images/PragmaticPlay__Gates_of_Hades__191011.png"
"139008","PragmaticPlay","Playtime Bonanza 1000","3","1005","0","0","Exclusive ZI","2025-03-20 17:09:16","https://static.ptgaming.ph/images/dd20f01f64a326f56a87d3c05806a87e.png","images/PragmaticPlay__Playtime_Bonanza_1000__139008.png"
"526","JILI","Color Game","3","1180","1","0","hot","2024-02-26 18:44:21","https://static.ptgaming.ph/images/057366f2dce1885e72e315d9b62d83bb.png","images/JILI__Color_Game__526.png"
"460","JILI","Super Ace","3","9999","1","1","1.5% cash 2%","2024-02-26 18:44:21","https://static.ptgaming.ph/images/c2a3eec8960ec27b617a9060b5d31aae.png","images/JILI__Super_Ace__460.png"
"129","Evolution","First Person Top Card","3","0","0","0","","2024-02-26 18:44:21","https://static.ptgaming.ph/images/0ef5b00ffd08fc92df8b1899660dc4b9.png","images/Evolution__First_Person_Top_Card__129.png"
"167","Evolution","First Person Lightning Roulette","3","0","0","0","","2024-02-26 18:44:21","https://static.ptgaming.ph/images/ebcb296ec1bb902f69169122e8087b07.png","images/Evolution__First_Person_Lightning_Roulette__167.png"
"217","Evolution","Blackjack VIP 11","3","0","0","0","","2024-02-26 18:44:21","https://static.ptgaming.ph/images/5ded0571aaff819c7834466acff27fa1.png","images/Evolution__Blackjack_VIP_11__217.png"
"224","Evolution","Blackjack VIP 13","3","0","0","0","","2024-02-26 18:44:21","https://static.ptgaming.ph/images/164d74adf6cf0fb98badb31adba1c654.png","images/Evolution__Blackjack_VIP_13__224.png"
"299","Evolution","First Person Dream Catcher","3","0","0","0","","2024-02-26 18:44:21","https://static.ptgaming.ph/images/0c07059fc8e500da54364a6355ffbe22.png","images/Evolution__First_Person_Dream_Catcher__299.png"
"910","Evolution","Blackjack VIP 30","3","0","0","0","","2024-02-26 18:44:21","https://static.ptgaming.ph/images/b4d5304b109dd61edd96286fb76a8334.png","images/Evolution__Blackjack_VIP_30__910.png"
"947","PGSoft","Forge of Wealth","3","0","0","0","","2024-02-26 18:44:21","https://static.ptgaming.ph/images/9b2ed9c0cad29f9fa8f850fc58d7b8e2.png","images/PGSoft__Forge_of_Wealth__947.png"
"1031","PGSoft","Mafia Mayhem","3","0","0","0","","2024-02-26 18:44:21","https://static.ptgaming.ph/images/7d6b06df908b6b50ba04181c7f833f9f.png","images/PGSoft__Mafia_Mayhem__1031.png"
"1032","JILI","Pool Rummy","3","0","0","0","","2024-02-26 18:44:21","https://static.ptgaming.ph/images/8c664b137a6a1fcbfce09268d08152f6.png","images/JILI__Pool_Rummy__1032.png"
"1033","JILI","Dabanggg","3","0","0","0","","2024-02-26 18:44:21","https://static.ptgaming.ph/images/3ed8fb639f789f842b9ec70a9e993856.png","images/JILI__Dabanggg__1033.png"
"20050","JDB","Book of Mystery","3","0","0","0","","2024-02-26 18:44:21","https://static.ptgaming.ph/images/622349cbd4e9001623ccb5879c0dfabb.png","images/JDB__Book_of_Mystery__20050.png"
"20051","JDB","ProsperityTiger","3","0","0","0","","2024-02-26 18:44:21","https://static.ptgaming.ph/images/df101e35543520110de3b275c5fabecc.png","images/JDB__ProsperityTiger__20051.png"
"20052","JDB","FunkyKingKong","3","0","0","0","","2024-02-26 18:44:21","https://static.ptgaming.ph/images/c87c10c3f10d68b54d29fb20fbd44443.png","images/JDB__FunkyKingKong__20052.png"
"20053","JDB","GoldenDisco","3","0","0","0","","2024-02-26 18:44:21","https://static.ptgaming.ph/images/9998ec683fea3de5b098d51cc4647e0c.png","images/JDB__GoldenDisco__20053.png"
"20056","JDB","Dragon Fishing II","3","0","0","0","","2024-02-26 18:44:21","https://static.ptgaming.ph/images/1919644eb955c46272d4a8e0aab96865.png","images/JDB__Dragon_Fishing_II__20056.png"
"20057","JDB","Fishing Disco","3","0","0","0","","2024-02-26 18:44:21","https://static.ptgaming.ph/images/ad410fa60d98bc6eb7cce255d8669314.png","images/JDB__Fishing_Disco__20057.png"
"20060","JDB","Happy New Year","3","0","0","0","","2024-02-26 18:44:21","https://static.ptgaming.ph/images/55c14de598e764e9b97c59dd71ba5ce8.png","images/JDB__Happy_New_Year__20060.png"
"20069","JDB","TONGITS","3","0","0","0","","2024-02-26 18:44:21","https://static.ptgaming.ph/images/c82365d14f7c79f61fe2e05867642e81.png","images/JDB__TONGITS__20069.png"
"20070","JDB","TONGITS FIGHT","3","0","0","0","","2024-02-26 18:44:21","https://static.ptgaming.ph/images/879041c0eeae0fbef269d53413fe17a2.png","images/JDB__TONGITS_FIGHT__20070.png"
"20071","JDB","DragonsWorld","3","0","0","0","","2024-02-26 18:44:21","https://static.ptgaming.ph/images/172cb4b4213b91d62611f82923641ff0.png","images/JDB__DragonsWorld__20071.png"
"20072","JDB","BirdsParty","3","0","0","0","","2024-02-26 18:44:21","https://static.ptgaming.ph/images/0a4f3c6d7ca32619bb4b8d9cefb13fdf.png","images/JDB__BirdsParty__20072.png"
"20073","JDB","TripleKingKong","3","0","0","0","","2024-02-26 18:44:21","https://static.ptgaming.ph/images/fee1485734dd3e0767ff4e59384007ae.png","images/JDB__TripleKingKong__20073.png"
"20080","JDB","Rooster In Love","3","0","0","0","","2024-02-26 18:44:21","https://static.ptgaming.ph/images/d6e4b9c34c9acc809634e5782fb1c75a.png","images/JDB__Rooster_In_Love__20080.png"
"20081","JDB","XiYangYang","3","0","0","0","","2024-02-26 18:44:21","https://static.ptgaming.ph/images/46d1658150693ec398825bc8b05daf9d.png","images/JDB__XiYangYang__20081.png"
"20082","JDB","FortuneHorse","3","0","0","0","","2024-02-26 18:44:21","https://static.ptgaming.ph/images/dacea5d1979df970e29965d1895c09a8.png","images/JDB__FortuneHorse__20082.png"
"20085","JDB","Mahjong","3","0","0","0","","2024-02-26 18:44:21","https://static.ptgaming.ph/images/68cf99f31c8779459750e4d14f311b62.png","images/JDB__Mahjong__20085.png"
"20089","JDB","Formosa Bear","3","0","0","0","","2024-02-26 18:44:21","https://static.ptgaming.ph/images/8ef2beb0d71165c86f8eaa5a9e139be7.png","images/JDB__Formosa_Bear__20089.png"
"20090","JDB","Winning Mask","3","0","0","0","","2024-02-26 18:44:21","https://static.ptgaming.ph/images/573ed0481cc722f9ca19a2dd08129a15.png","images/JDB__Winning_Mask__20090.png"
"20107","Evolution","Emperor Speed Baccarat D","3","0","0","0","","2024-02-26 18:44:21","https://static.ptgaming.ph/images/94f2cc64a15b21946973c4911e0188ab.png","images/Evolution__Emperor_Speed_Baccarat_D__20107.png"
"20109","Evolution","Emperor Speed Baccarat B","3","0","0","0","","2024-02-26 18:44:21","https://static.ptgaming.ph/images/bc1b1cae00ea987f5646a221c994f9a8.png","images/Evolution__Emperor_Speed_Baccarat_B__20109.png"
"20111","Evolution","Emperor Speed Baccarat A","3","0","0","0","1% Cashback EVO","2024-02-26 18:44:21","https://static.ptgaming.ph/images/b1079c0e0dcbc7dcd49529ec0d2bf060.png","images/Evolution__Emperor_Speed_Baccarat_A__20111.png"
"20115","Evolution","Speed Baccarat H","3","0","0","0","","2024-02-26 18:44:21","https://static.ptgaming.ph/images/9670c643f1019b47cade4b31fd89951e.png","images/Evolution__Speed_Baccarat_H__20115.png"
"20125","Evolution","Speed Baccarat B","3","0","0","0","1% Cashback EVO","2024-02-26 18:44:21","https://static.ptgaming.ph/images/ace517388d4d946cf2a15d952f2a1c67.png","images/Evolution__Speed_Baccarat_B__20125.png"
"20127","Evolution","Speed Baccarat G","3","0","0","0","1% Cashback EVO","2024-02-26 18:44:21","https://static.ptgaming.ph/images/f0de520175d1afe7f53a54c9547bd2bd.png","images/Evolution__Speed_Baccarat_G__20127.png"
"20130","Evolution","Gold Vault Roulette","3","0","0","0","","2024-02-26 18:44:21","https://static.ptgaming.ph/images/7ef07fca0d79e6dc740b31e6f1f1e6d5.png","images/Evolution__Gold_Vault_Roulette__20130.png"
"20133","Evolution","Speed Baccarat C","3","0","0","0","1% Cashback EVO","2024-02-26 18:44:21","https://static.ptgaming.ph/images/226f2da09283582d6a1650c909b0732f.png","images/Evolution__Speed_Baccarat_C__20133.png"
"20134","Evolution","Speed Baccarat F","3","0","0","0","","2024-02-26 18:44:21","https://static.ptgaming.ph/images/be4c5833460d972463b114fa63d987a1.png","images/Evolution__Speed_Baccarat_F__20134.png"
"20138","Evolution","First Person XXXtreme Lightning Baccarat","3","0","0","0","","2024-02-26 18:44:21","https://static.ptgaming.ph/images/f7e5484f2ce736f34e93890300931dc4.png","images/Evolution__First_Person_XXXtreme_Lightning_Baccarat__20138.png"
"20142","Evolution","Blackjack Silver A","3","0","0","0","","2024-02-26 18:44:21","https://static.ptgaming.ph/images/56037e2cb70cc1566a848bf935942ec0.png","images/Evolution__Blackjack_Silver_A__20142.png"
"20144","Evolution","Bonsai Speed Baccarat A","3","0","0","0","1% Cashback EVO","2024-02-26 18:44:21","https://static.ptgaming.ph/images/f6f466d0039f94f17e77a6a3496160ab.png","images/Evolution__Bonsai_Speed_Baccarat_A__20144.png"
"20147","Evolution","Evo Speed Blackjack 2","3","0","0","0","","2024-02-26 18:44:21","https://static.ptgaming.ph/images/c6437d0ed93e678ecab463d4dba8948b.png","images/Evolution__Evo_Speed_Blackjack_2__20147.png"
"21046","JDB","Glamorous Girl","3","0","0","0","","2024-02-26 18:44:21","https://static.ptgaming.ph/images/8d9bc1bd90053b175688be16b7fe74d0.png","images/JDB__Glamorous_Girl__21046.png"
"21049","JDB","Wonder Elephant","3","0","0","0","","2024-02-26 18:44:21","https://static.ptgaming.ph/images/a740ece43e2f4fcb3e0d056d879420ff.png","images/JDB__Wonder_Elephant__21049.png"
"21050","JDB","LuckyDiamond","3","0","0","0","","2024-02-26 18:44:21","https://static.ptgaming.ph/images/b9012e56c50c63e52d5cf975d52fefb5.png","images/JDB__LuckyDiamond__21050.png"
"21054","JDB","MinerBabe","3","0","0","0","","2024-02-26 18:44:21","https://static.ptgaming.ph/images/1025e1b3b7d3efc487867d44277c14fb.png","images/JDB__MinerBabe__21054.png"
"21055","JDB","Spirit Tide Legend","3","0","0","0","","2024-02-26 18:44:21","https://static.ptgaming.ph/images/109ac6c7d8932ac6481cc58c2a5790cf.png","images/JDB__Spirit_Tide_Legend__21055.png"
"21056","JDB","Classic Mario","3","0","0","0","","2024-02-26 18:44:21","https://static.ptgaming.ph/images/791a1f556e76f1a89eea1c4847ec8238.png","images/JDB__Classic_Mario__21056.png"
"21057","JDB","Huaguoshan Legends","3","0","0","0","","2024-02-26 18:44:21","https://static.ptgaming.ph/images/09c2ec7b66a0f66287fdd0b7d8520fd0.png","images/JDB__Huaguoshan_Legends__21057.png"
"21061","JDB","CAISHEN PARTY","3","0","0","0","","2024-02-26 18:44:21","https://static.ptgaming.ph/images/77a5e33d680b2a67a242a4fe8bb9e9dd.png","images/JDB__CAISHEN_PARTY__21061.png"
"21065","JDB","GOAL","3","0","0","0","","2024-02-26 18:44:21","https://static.ptgaming.ph/images/e159906973043ca9ba77c5e9cd9270a5.png","images/JDB__GOAL__21065.png"
"21077","JDB","PUSOY RUSH","3","0","0","0","","2024-02-26 18:44:21","https://static.ptgaming.ph/images/38e962ce9d428db530ba433001043e07.png","images/JDB__PUSOY_RUSH__21077.png"
"21078","JDB","TONGITS RUSH","3","0","0","0","","2024-02-26 18:44:21","https://static.ptgaming.ph/images/272687a4e678bc1fdb77ba80309728ef.png","images/JDB__TONGITS_RUSH__21078.png"
"21082","JDB","GoLaiFu","3","0","0","0","","2024-02-26 18:44:21","https://static.ptgaming.ph/images/6607b1bff087782b023830ab0ac4ee40.png","images/JDB__GoLaiFu__21082.png"
"21083","JDB","OrientAnimals","3","0","0","0","","2024-02-26 18:44:21","https://static.ptgaming.ph/images/959e07a1688be38194684891844f7fbb.png","images/JDB__OrientAnimals__21083.png"
"21084","JDB","LuckySeven","3","0","0","0","","2024-02-26 18:44:21","https://static.ptgaming.ph/images/ca2114577a5adf1b931d595050005850.png","images/JDB__LuckySeven__21084.png"
"21096","JDB","The Llama Adventure","3","0","0","0","","2024-02-26 18:44:21","https://static.ptgaming.ph/images/b7ae944e0dec00d9944224be69b772d3.png","images/JDB__The_Llama_Adventure__21096.png"
"21098","JDB","Flirting Scholar Tang","3","0","0","0","","2024-02-26 18:44:21","https://static.ptgaming.ph/images/1ddb93bf9abb856fbcec44884f96664d.png","images/JDB__Flirting_Scholar_Tang__21098.png"
"21108","SAGaming","M Sic Bo","3","0","0","0","","2024-02-26 18:44:21","https://static.ptgaming.ph/images/f85e608d3b5384775ff3de0c5d65d4e4.png","images/SAGaming__M_Sic_Bo__21108.png"
"21110","Evolution","Baccarat A","3","0","0","0","1% Cashback EVO","2024-02-26 18:44:21","https://static.ptgaming.ph/images/3de30439523af352cc377d006b8bf056.png","images/Evolution__Baccarat_A__21110.png"
"21114","Evolution","First Person Prosperity Tree Baccarat","3","0","0","0","","2024-02-26 18:44:21","https://static.ptgaming.ph/images/06f58877a0ad872feb77b19c9ea639aa.png","images/Evolution__First_Person_Prosperity_Tree_Baccarat__21114.png"
"21116","Evolution","Blackjack A","3","0","0","0","","2024-02-26 18:44:21","https://static.ptgaming.ph/images/c6c3eaa7726dee886f19280b3131cecb.png","images/Evolution__Blackjack_A__21116.png"
"21117","Evolution","Dead or Alive: Saloon","3","0","0","0","","2024-02-26 18:44:21","https://static.ptgaming.ph/images/5635142fcf8f6a68235c6a41d3caf5d9.png","images/Evolution__Dead_or_Alive_Saloon__21117.png"
"21121","Evolution","Baccarat Squeeze","3","0","0","0","1% Cashback EVO","2024-02-26 18:44:21","https://static.ptgaming.ph/images/16fa218a216d7839414e5898847241fd.png","images/Evolution__Baccarat_Squeeze__21121.png"
"21124","Evolution","Emperor Speed Baccarat С","3","0","0","0","","2024-02-26 18:44:21","https://static.ptgaming.ph/images/24b2f1264bf22acb4a4aea484f5ec492.png","images/Evolution__Emperor_Speed_Baccarat__21124.png"
"21126","Evolution","Thai Speed Baccarat A","3","0","0","0","1% Cashback EVO","2024-02-26 18:44:21","https://static.ptgaming.ph/images/cad8d8660712910a8afecb666f60f83d.png","images/Evolution__Thai_Speed_Baccarat_A__21126.png"
"21136","Evolution","Blackjack B","3","0","0","0","","2024-02-26 18:44:21","https://static.ptgaming.ph/images/fd90e1e05a07f0e1cbd8cfa3cd74476e.png","images/Evolution__Blackjack_B__21136.png"
"21138","Evolution","Speed Baccarat E","3","0","0","0","1% Cashback EVO","2024-02-26 18:44:21","https://static.ptgaming.ph/images/de18f5c99504c6194363315ef8a790b0.png","images/Evolution__Speed_Baccarat_E__21138.png"
"21146","Evolution","Blackjack Silver B","3","0","0","0","","2024-02-26 18:44:21","https://static.ptgaming.ph/images/a1507d6a18a550674cca51a5163c34d8.png","images/Evolution__Blackjack_Silver_B__21146.png"
"21149","Evolution","Speed Baccarat D","3","0","0","0","1% Cashback EVO","2024-02-26 18:44:21","https://static.ptgaming.ph/images/cb04030b3edcac10375661e0b9ce2010.png","images/Evolution__Speed_Baccarat_D__21149.png"
"21151","Evolution","Evo Speed Blackjack 4","3","0","0","0","","2024-02-26 18:44:21","https://static.ptgaming.ph/images/2eec17c135c5c8c41110bf85cba007f7.png","images/Evolution__Evo_Speed_Blackjack_4__21151.png"
"21152","Evolution","Evo Speed Blackjack 1","3","0","0","0","","2024-02-26 18:44:21","https://static.ptgaming.ph/images/3b80335882cf3b9c7c5cc82b366ed8b2.png","images/Evolution__Evo_Speed_Blackjack_1__21152.png"
"21153","Evolution","Blackjack C","3","0","0","0","","2024-02-26 18:44:21","https://static.ptgaming.ph/images/d3c0cfff30ece1acbfa160f43baf9764.png","images/Evolution__Blackjack_C__21153.png"
"21156","Evolution","Blackjack VIP U","3","0","0","0","","2024-02-26 18:44:21","https://static.ptgaming.ph/images/82b758b76dda570592e905c3adfe2b25.png","images/Evolution__Blackjack_VIP_U__21156.png"
"21157","Evolution","Blackjack VIP Gamma","3","0","0","0","","2024-02-26 18:44:21","https://static.ptgaming.ph/images/365747faf506385cd7b9ad55d129c4fd.png","images/Evolution__Blackjack_VIP_Gamma__21157.png"
"22003","Evolution","Blackjack VIP 2","3","0","0","0","","2024-02-26 18:44:21","https://static.ptgaming.ph/images/d89e0fc646d16ad8b88f7c9ea962a0c5.png","images/Evolution__Blackjack_VIP_2__22003.png"
"22014","Evolution","Blackjack VIP P","3","0","0","0","","2024-02-26 18:44:21","https://static.ptgaming.ph/images/9dfb2e65b893f048bfb403532bc3520c.png","images/Evolution__Blackjack_VIP_P__22014.png"
"22015","Evolution","Blackjack VIP 18","3","0","0","0","","2024-02-26 18:44:21","https://static.ptgaming.ph/images/6e2d4d440493020912084099392e784e.png","images/Evolution__Blackjack_VIP_18__22015.png"
"22017","Evolution","Blackjack VIP V","3","0","0","0","","2024-02-26 18:44:21","https://static.ptgaming.ph/images/2aec13062cebc7cbf999e153cc4cfe09.png","images/Evolution__Blackjack_VIP_V__22017.png"
"22018","Evolution","Blackjack VIP T","3","0","0","0","","2024-02-26 18:44:21","https://static.ptgaming.ph/images/53385eb92884d9b93c56f4a58f0df609.png","images/Evolution__Blackjack_VIP_T__22018.png"
"22019","Evolution","Blackjack Silver E","3","0","0","0","","2024-02-26 18:44:21","https://static.ptgaming.ph/images/8708daa9a114b5c1254cf778a7a7541e.png","images/Evolution__Blackjack_Silver_E__22019.png"
"22024","Evolution","Blackjack VIP 3","3","0","0","0","","2024-02-26 18:44:21","https://static.ptgaming.ph/images/755bf4d77da7fc9cc975f6cbbd568ad0.png","images/Evolution__Blackjack_VIP_3__22024.png"
"22025","Evolution","Blackjack VIP 10","3","0","0","0","","2024-02-26 18:44:21","https://static.ptgaming.ph/images/c406c9bb1610f4346a3ddc25e641e937.png","images/Evolution__Blackjack_VIP_10__22025.png"
"22026","PragmaticPlay","Fire Stampede","3","0","0","0","","2024-02-26 18:44:21","https://static.ptgaming.ph/images/5c1b61c95c7bf717125d132700555d93.png","images/PragmaticPlay__Fire_Stampede__22026.png"
"22057","PragmaticPlay","PowerUP Roulette","3","0","0","0","","2024-02-26 18:44:21","https://static.ptgaming.ph/images/cdb601ef7cc87aca23054d41799f41a3.png","images/PragmaticPlay__PowerUP_Roulette__22057.png"
"22058","PragmaticPlay","Good Luck & Good Fortune","3","0","0","0","","2024-02-26 18:44:21","https://static.ptgaming.ph/images/a43c32a273376a7d63e42e40bc039c0a.png","images/PragmaticPlay__Good_Luck_Good_Fortune__22058.png"
"22059","PragmaticPlay","Fruit Party","3","0","0","0","","2024-02-26 18:44:21","https://static.ptgaming.ph/images/66d54aee1ebea7d721364ef05ca2a1b3.png","images/PragmaticPlay__Fruit_Party__22059.png"
"22060","PragmaticPlay","Candy Jar Cluster","3","0","0","0","","2024-02-26 18:44:21","https://static.ptgaming.ph/images/5c6d658e011fefba086d7b7880f3c986.png","images/PragmaticPlay__Candy_Jar_Cluster__22060.png"
"22061","PragmaticPlay","The Alter Ego","3","0","0","0","","2024-02-26 18:44:21","https://static.ptgaming.ph/images/0a4cd881b104a5ed5e73d239f2694fc1.png","images/PragmaticPlay__The_Alter_Ego__22061.png"
"22064","PragmaticPlay","Viking Forge","3","0","0","0","","2024-02-26 18:44:21","https://static.ptgaming.ph/images/92bd5af54ecd1eca1f9a28f81444b59f.png","images/PragmaticPlay__Viking_Forge__22064.png"
"22067","PragmaticPlay","Loki's Riches","3","0","0","0","","2024-02-26 18:44:21","https://static.ptgaming.ph/images/f09dc2675cf9471abb5a234b9b08a5da.png","images/PragmaticPlay__Loki_s_Riches__22067.png"
"22068","PragmaticPlay","Year of the Dragon King","3","0","0","0","","2024-02-26 18:44:21","https://static.ptgaming.ph/images/740378797e2f7458b2423171d3d28afd.png","images/PragmaticPlay__Year_of_the_Dragon_King__22068.png"
"22069","PragmaticPlay","Gems Bonanza","3","0","0","0","","2024-02-26 18:44:21","https://static.ptgaming.ph/images/5645142b1469d075a8787d7b23575d99.png","images/PragmaticPlay__Gems_Bonanza__22069.png"
"22071","PragmaticPlay","Aladdin and the Sorcerer","3","0","0","0","","2024-02-26 18:44:21","https://static.ptgaming.ph/images/62431684680f09726e2cf9042464cd51.png","images/PragmaticPlay__Aladdin_and_the_Sorcerer__22071.png"
"22072","PragmaticPlay","Starz Megaways","3","0","0","0","","2024-02-26 18:44:21","https://static.ptgaming.ph/images/00aef4dfc37fd886cde89744db5b6f10.png","images/PragmaticPlay__Starz_Megaways__22072.png"
"22086","Evolution","Blackjack VIP 7","3","0","0","0","","2024-02-26 18:44:21","https://static.ptgaming.ph/images/4ca08505ee39ad126a8ae9459c265507.png","images/Evolution__Blackjack_VIP_7__22086.png"
"22087","Evolution","Blackjack VIP O","3","0","0","0","","2024-02-26 18:44:21","https://static.ptgaming.ph/images/6bcce6da1689d9cf405826ee99799e41.png","images/Evolution__Blackjack_VIP_O__22087.png"
"22088","PragmaticPlay","Mega Baccarat","3","0","0","0","","2024-02-26 18:44:21","https://static.ptgaming.ph/images/fdc5a99053b35ee969197039c1e94049.png","images/PragmaticPlay__Mega_Baccarat__22088.png"
"22090","Evolution","Blackjack VIP F","3","0","0","0","","2024-02-26 18:44:21","https://static.ptgaming.ph/images/175cf44392e5971e6a616166b9a0a65d.png","images/Evolution__Blackjack_VIP_F__22090.png"
"22101","Evolution","Blackjack VIP 8","3","0","0","0","","2024-02-26 18:44:21","https://static.ptgaming.ph/images/3819f8bdb5e3d3300b6a54459dc593eb.png","images/Evolution__Blackjack_VIP_8__22101.png"
"22103","PragmaticPlay","Happy Fortune","3","0","0","0","","2024-02-26 18:44:21","https://static.ptgaming.ph/images/e40db557e5c6ee7c3b3da18343a98485.png","images/PragmaticPlay__Happy_Fortune__22103.png"
"22105","PragmaticPlay","Speed Baccarat 2","3","0","0","0","1% UNLIMITED","2024-02-26 18:44:21","https://static.ptgaming.ph/images/829731aeab235807cefc13d12ce454ca.png","images/PragmaticPlay__Speed_Baccarat_2__22105.png"
"22106","Evolution","Blackjack VIP 15","3","0","0","0","","2024-02-26 18:44:21","https://static.ptgaming.ph/images/1d0667301a5878bf72cf4ca9b105bbbd.png","images/Evolution__Blackjack_VIP_15__22106.png"
"22107","Evolution","Blackjack VIP 9","3","0","0","0","","2024-02-26 18:44:21","https://static.ptgaming.ph/images/48008a5b547a85f0c03d490ea540795b.png","images/Evolution__Blackjack_VIP_9__22107.png"
"22111","Evolution","Blackjack Silver D","3","0","0","0","","2024-02-26 18:44:21","https://static.ptgaming.ph/images/f6d997773e54308cd6397bec3032374a.png","images/Evolution__Blackjack_Silver_D__22111.png"
"22112","Evolution","Blackjack VIP H","3","0","0","0","","2024-02-26 18:44:21","https://static.ptgaming.ph/images/58aba69968b4580a5d8b58ffa9980188.png","images/Evolution__Blackjack_VIP_H__22112.png"
"22115","Evolution","Blackjack Silver F","3","0","0","0","","2024-02-26 18:44:21","https://static.ptgaming.ph/images/2de0d10f37b7da997644cd9a28b8cd05.png","images/Evolution__Blackjack_Silver_F__22115.png"
"22116","Evolution","Blackjack VIP E","3","0","0","0","","2024-02-26 18:44:21","https://static.ptgaming.ph/images/99387e1bc7a002cdc50363bf2f46f44a.png","images/Evolution__Blackjack_VIP_E__22116.png"
"22129","Evolution","Blackjack VIP 16","3","0","0","0","","2024-02-26 18:44:21","https://static.ptgaming.ph/images/a2c3a6cde1c963a778910a8e567a46be.png","images/Evolution__Blackjack_VIP_16__22129.png"
"22131","Evolution","Blackjack VIP N","3","0","0","0","","2024-02-26 18:44:21","https://static.ptgaming.ph/images/ac8865be357715bee71a3893ba2064ab.png","images/Evolution__Blackjack_VIP_N__22131.png"
"22144","PGSoft","Dragon Hatch 2","3","0","0","0","","2024-02-26 18:44:21","https://static.ptgaming.ph/images/d542644ab4e9424d7ec6762733ff6b8b.png","images/PGSoft__Dragon_Hatch_2__22144.png"
"22146","Evolution","Blackjack VIP M","3","0","0","0","","2024-02-26 18:44:21","https://static.ptgaming.ph/images/f5de5c73de4dbbc82c4358bbf66f3756.png","images/Evolution__Blackjack_VIP_M__22146.png"
"22304","RTG","Super 6","3","0","0","0","","2024-02-26 18:44:21","https://static.ptgaming.ph/images/014f38a9dcfbc6c6be1897cf25f9437e.png","images/RTG__Super_6__22304.png"
"22318","Evolution","Crazy Pachinko","3","0","0","0","","2024-02-27 16:51:44","https://static.ptgaming.ph/images/a2355cd18bf661e9f9b07889ce4f8f71.png","images/Evolution__Crazy_Pachinko__22318.png"
"22409","JILI","Arena Fighter","3","0","0","0","","2024-03-05 14:52:05","https://static.ptgaming.ph/images/63c96b17e04114252339413249669b2f.png","images/JILI__Arena_Fighter__22409.png"
"22417","JILI","Gem Party","3","0","0","0","","2024-03-07 23:10:51","https://static.ptgaming.ph/images/67df2880ce7e882f645771b5cadd0954.png","images/JILI__Gem_Party__22417.png"
"22419","JILI","Trial of Phoenix","3","0","0","0","1.5% cash 2%","2024-03-08 11:36:44","https://static.ptgaming.ph/images/c4c39dab850694614c7a53afd52dda41.png","images/JILI__Trial_of_Phoenix__22419.png"
"22420","Evolution","Blackjack VIP G","3","0","0","0","","2024-03-08 14:02:04","https://static.ptgaming.ph/images/b476aaca7953bf5b39a99756ee96450c.png","images/Evolution__Blackjack_VIP_G__22420.png"
"22426","JILI","Jogo do Bicho","3","0","0","0","","2024-03-12 12:03:00","https://static.ptgaming.ph/images/cd236459674d7677ec0aa57896825445.png","images/JILI__Jogo_do_Bicho__22426.png"
"22434","JILI","Charge Buffalo Ascent","3","0","0","0","","2024-03-18 11:41:23","https://static.ptgaming.ph/images/a8c36ec41f9ff3b596734693d885dce6.png","images/JILI__Charge_Buffalo_Ascent__22434.png"
"22436","PragmaticPlay","Pot of Fortune","3","0","0","0","","2024-03-18 17:04:11","https://static.ptgaming.ph/images/bca28147ea7ecd93ef00487f5e7f78eb.png","images/PragmaticPlay__Pot_of_Fortune__22436.png"
"22437","FaChai","GODS GRANT FORTUNE","3","0","0","0","10%包赔","2024-03-21 11:18:15","https://static.ptgaming.ph/images/a96436a4a766c2b19054ca32eaefa98c.png","images/FaChai__GODS_GRANT_FORTUNE__22437.png"
"22439","PragmaticPlay","Fire Hot 40","3","0","0","0","","2024-03-23 21:48:55","https://static.ptgaming.ph/images/d42f47b24af23244c945e16b20b6632b.png","images/PragmaticPlay__Fire_Hot_40__22439.png"
"22444","PragmaticPlay","Fire Portals","3","0","0","0","1.5% cash 2%","2024-03-26 15:23:39","https://static.ptgaming.ph/images/0e942fc9305e9ba9589ff8ebbc081e2b.png","images/PragmaticPlay__Fire_Portals__22444.png"
"22446","JDB","Dice","3","0","0","0","10%包赔","2024-03-27 11:25:55","https://static.ptgaming.ph/images/fdf0d4b2f53808885a9fa839eb1f3ae3.png","images/JDB__Dice__22446.png"
"22451","Evolution","Blackjack VIP 44","3","0","0","0","","2024-03-28 10:52:22","https://static.ptgaming.ph/images/a41bc3fa2de6c90ed4c0da9511cbd145.png","images/Evolution__Blackjack_VIP_44__22451.png"
"22454","Evolution","Blackjack VIP 35","3","0","0","0","","2024-03-28 11:01:57","https://static.ptgaming.ph/images/7845abe28091fad1fee3d7f08a6fb6ce.png","images/Evolution__Blackjack_VIP_35__22454.png"
"22457","JILI","Zeus","3","0","0","0","","2024-03-29 12:25:23","https://static.ptgaming.ph/images/ff69cea0cf08fb8208a8ab911a997a3b.png","images/JILI__Zeus__22457.png"
"22464","Evolution","Blackjack VIP 34","3","0","0","0","","2024-04-01 10:11:08","https://static.ptgaming.ph/images/3b6e6ef30d0f5bd8d47153b78358c33c.png","images/Evolution__Blackjack_VIP_34__22464.png"
"23001","Evolution","Blackjack VIP 1","3","0","0","0","","2024-02-26 18:44:21","https://static.ptgaming.ph/images/a153ac7a647fbd2a743326e4a6419046.png","images/Evolution__Blackjack_VIP_1__23001.png"
"23003","Evolution","Blackjack VIP X","3","0","0","0","","2024-02-26 18:44:21","https://static.ptgaming.ph/images/f53abf77e15b24d04d2df0c5e8983e07.png","images/Evolution__Blackjack_VIP_X__23003.png"
"23004","Evolution","Evo Speed Blackjack 3","3","0","0","0","","2024-02-26 18:44:21","https://static.ptgaming.ph/images/149f310c7c113846b6f00e1d60a8c3b9.png","images/Evolution__Evo_Speed_Blackjack_3__23004.png"
"23005","Evolution","Blackjack VIP R","3","0","0","0","","2024-02-26 18:44:21","https://static.ptgaming.ph/images/16e8d55b6191d9b4524e15ee309df226.png","images/Evolution__Blackjack_VIP_R__23005.png"
"23006","Evolution","Blackjack VIP 5","3","0","0","0","","2024-02-26 18:44:21","https://static.ptgaming.ph/images/66d1167ebd04add668c208d2b4f0cb53.png","images/Evolution__Blackjack_VIP_5__23006.png"
"23020","Evolution","Blackjack VIP Z","3","0","0","0","","2024-02-26 18:44:21","https://static.ptgaming.ph/images/8339d3a2e9c80cc3b035baecc9cbdfc1.png","images/Evolution__Blackjack_VIP_Z__23020.png"
"23022","Evolution","Blackjack VIP S","3","0","0","0","","2024-02-26 18:44:21","https://static.ptgaming.ph/images/1232f588402c056bd14a4f40036da5d9.png","images/Evolution__Blackjack_VIP_S__23022.png"
"23023","Evolution","Blackjack VIP 28","3","0","0","0","","2024-02-26 18:44:21","https://static.ptgaming.ph/images/a4cf9d256ac6762ecb515a716d1ef4e2.png","images/Evolution__Blackjack_VIP_28__23023.png"
"23024","Evolution","Blackjack VIP 19","3","0","0","0","","2024-02-26 18:44:21","https://static.ptgaming.ph/images/21d0433696a1ce65fad85c51eb10c140.png","images/Evolution__Blackjack_VIP_19__23024.png"
"23026","Evolution","Blackjack Silver C","3","0","0","0","","2024-02-26 18:44:21","https://static.ptgaming.ph/images/019c93f4bed2ae3ce000ce5b580944b9.png","images/Evolution__Blackjack_Silver_C__23026.png"
"23027","Evolution","Blackjack VIP 17","3","0","0","0","","2024-02-26 18:44:21","https://static.ptgaming.ph/images/5dc96b6352b99792b000c3ec6dc69dbb.png","images/Evolution__Blackjack_VIP_17__23027.png"
"23049","PragmaticPlay","Blazing Wilds Megaways","3","0","0","0","","2024-02-26 18:44:21","https://static.ptgaming.ph/images/59226bc3545e42f05d0b87b94c3f6af0.png","images/PragmaticPlay__Blazing_Wilds_Megaways__23049.png"
"23064","PragmaticPlay","Trees of Treasure","3","0","0","0","","2024-02-26 18:44:21","https://static.ptgaming.ph/images/62602e635fb7370c03c50fae1effa0df.png","images/PragmaticPlay__Trees_of_Treasure__23064.png"
"23070","PragmaticPlay","The Big Dawgs","3","0","0","0","","2024-02-26 18:44:21","https://static.ptgaming.ph/images/318a214989c67602fbc057ae60c65e88.png","images/PragmaticPlay__The_Big_Dawgs__23070.png"
"23071","PragmaticPlay","Big Bass Floats My Boat","3","0","0","0","","2024-02-26 18:44:21","https://static.ptgaming.ph/images/4f707961bfe79ce387fbcd20a81e8034.png","images/PragmaticPlay__Big_Bass_Floats_My_Boat__23071.png"
"23076","PragmaticPlay","Blade & Fangs","3","0","0","0","","2024-02-26 18:44:21","https://static.ptgaming.ph/images/3481f1521e4b5106a637008f5102c918.png","images/PragmaticPlay__Blade_Fangs__23076.png"
"23077","PragmaticPlay","Castle of Fire","3","0","0","0","","2024-02-26 18:44:21","https://static.ptgaming.ph/images/5b59d3fc67d3cec6b36729861c56a12e.png","images/PragmaticPlay__Castle_of_Fire__23077.png"
"23120","Evolution","Blackjack VIP K","3","0","0","0","","2024-02-26 18:44:21","https://static.ptgaming.ph/images/e03aa8e465f95760369e5ef372a351fd.png","images/Evolution__Blackjack_VIP_K__23120.png"
"23122","Evolution","Blackjack VIP D","3","0","0","0","","2024-02-26 18:44:21","https://static.ptgaming.ph/images/5a67f324b696f41165a83756c4a7f6e6.png","images/Evolution__Blackjack_VIP_D__23122.png"
"23126","Evolution","Blackjack VIP B","3","0","0","0","","2024-02-26 18:44:21","https://static.ptgaming.ph/images/e28eb1cd510650ca95a860b0c02e67a6.png","images/Evolution__Blackjack_VIP_B__23126.png"
"23133","Evolution","Blackjack VIP J","3","0","0","0","","2024-02-26 18:44:21","https://static.ptgaming.ph/images/455f6698d0b71a223c59277ac55b7060.png","images/Evolution__Blackjack_VIP_J__23133.png"
"23134","Evolution","Blackjack Silver G","3","0","0","0","","2024-02-26 18:44:21","https://static.ptgaming.ph/images/5cfceb770168df7865f53bae30c4af0b.png","images/Evolution__Blackjack_Silver_G__23134.png"
"23150","Evolution","Blackjack VIP 4","3","0","0","0","","2024-02-26 18:44:21","https://static.ptgaming.ph/images/7485001b6709992f95ee0648fc547962.png","images/Evolution__Blackjack_VIP_4__23150.png"
"23158","FaChai","GO GO RISE","3","0","0","0","","2024-02-26 18:44:21","https://static.ptgaming.ph/images/9563c607da596270b45920ec459f0a22.png","images/FaChai__GO_GO_RISE__23158.png"
"23160","PGSoft","Fortune Dragon","3","0","0","0","","2024-02-26 18:44:21","https://static.ptgaming.ph/images/dc180b4c7c062cc43b08078e6e3aefca.png","images/PGSoft__Fortune_Dragon__23160.png"
"23161","PGSoft","Werewolf's Hunt","3","0","0","0","","2024-02-26 18:44:21","https://static.ptgaming.ph/images/86484c12b4e0663b2d2d195e0d2052dc.png","images/PGSoft__Werewolf_s_Hunt__23161.png"
"23163","PragmaticPlay","Pompeii Megareels Megaways","3","0","0","0","","2024-02-26 18:44:21","https://static.ptgaming.ph/images/0dad60e5c5172c7fa9992ff57312fa53.png","images/PragmaticPlay__Pompeii_Megareels_Megaways__23163.png"
"23164","PragmaticPlay","Wheel O'Gold","3","0","0","0","","2024-02-26 18:44:21","https://static.ptgaming.ph/images/56c03049d4bb3d9e7fecbd8cc4eadd9d.png","images/PragmaticPlay__Wheel_O_Gold__23164.png"
"23274","PragmaticPlay","Strawberry Cocktail","3","0","0","0","","2024-02-26 18:44:21","https://static.ptgaming.ph/images/46b86aaa295c8b103a4e6de11bdd1dc7.png","images/PragmaticPlay__Strawberry_Cocktail__23274.png"
"23275","PragmaticPlay","Mighty Munching Melons","3","0","0","0","","2024-02-26 18:44:21","https://static.ptgaming.ph/images/1f6bcebee552edba10c7f53808d7ae2e.png","images/PragmaticPlay__Mighty_Munching_Melons__23275.png"
"23345","FaChai","EGYPT BONANZA","3","0","0","0","","2024-02-26 18:44:21","https://static.ptgaming.ph/images/9e976fc24e6ad3b6b7b38ea87c61abf1.png","images/FaChai__EGYPT_BONANZA__23345.png"
"23408","Evolution","Blackjack VIP Q","3","0","0","0","","2024-02-28 00:46:48","https://static.ptgaming.ph/images/357d26e73ceeb2c9bc72479335a268d0.png","images/Evolution__Blackjack_VIP_Q__23408.png"
"23430","Evolution","Blackjack VIP L","3","0","0","0","","2024-02-28 23:36:43","https://static.ptgaming.ph/images/16b39689b988b26f44607d70ed2a0bcc.png","images/Evolution__Blackjack_VIP_L__23430.png"
"23435","PGSoft","Gemstones Gold","3","0","0","0","","2024-02-29 16:48:50","https://static.ptgaming.ph/images/6f56528ceff3df655f96f171db8b95a9.png","images/PGSoft__Gemstones_Gold__23435.png"
"23437","PragmaticPlay","Gears of Horus","3","0","0","0","","2024-02-29 17:51:16","https://static.ptgaming.ph/images/9bd8b0bf6cdd902b1f2a14226c23be5d.png","images/PragmaticPlay__Gears_of_Horus__23437.png"
"23469","PragmaticPlay","Beware The Deep Megaways","3","0","0","0","","2024-03-11 18:59:38","https://static.ptgaming.ph/images/d2c1dc75599cb7189063abe67339c77e.png","images/PragmaticPlay__Beware_The_Deep_Megaways__23469.png"
"23470","PragmaticPlay","Big Bass Day at the Races","3","0","0","0","","2024-03-11 19:03:12","https://static.ptgaming.ph/images/22a80c3d9a63fac3c662d56b9041441d.png","images/PragmaticPlay__Big_Bass_Day_at_the_Races__23470.png"
"23477","PGSoft","Cash Mania","3","0","0","0","","2024-03-18 15:18:02","https://static.ptgaming.ph/images/026ba07e1ce7556843eeb4b86a187c1f.png","images/PGSoft__Cash_Mania__23477.png"
"24004","JILI","Devil Fire 2","3","0","0","0","","2024-03-23 09:13:28","https://static.ptgaming.ph/images/b0dab0803b9187fb50d9784a1e399a19.png","images/JILI__Devil_Fire_2__24004.png"
"24007","JDB","plinko","3","0","0","0","","2024-03-27 11:26:33","https://static.ptgaming.ph/images/0b4296e69e11202e27d958391be0b38d.png","images/JDB__plinko__24007.png"
"24008","Evolution","Evo Speed Blackjack 7","3","0","0","0","","2024-03-27 14:17:18","https://static.ptgaming.ph/images/cc234de0f5e15c72333636f9930dae20.png","images/Evolution__Evo_Speed_Blackjack_7__24008.png"
"24010","Evolution","Evo Speed Blackjack 5","3","0","0","0","","2024-03-27 18:44:40","https://static.ptgaming.ph/images/d3cbb0c973e59ecaae9c5344785ee77d.png","images/Evolution__Evo_Speed_Blackjack_5__24010.png"
"24017","Evolution","Blackjack VIP 33","3","0","0","0","","2024-03-31 10:04:34","https://static.ptgaming.ph/images/ffa3a028d14b36c695e7f96b27eae9e0.png","images/Evolution__Blackjack_VIP_33__24017.png"
"25001","PragmaticPlay","The Dog House Dog or Alive","3","0","0","0","","2024-04-01 20:18:00","https://static.ptgaming.ph/images/54af2bcb58b9744257ec3eecd79f78f5.png","images/PragmaticPlay__The_Dog_House_Dog_or_Alive__25001.png"
"26001","PragmaticPlay","Big Burger Load it up with Xtra Cheese","3","0","0","0","","2024-04-01 21:03:10","https://static.ptgaming.ph/images/57c6e41573d57eb542b7f96d30c06cf8.png","images/PragmaticPlay__Big_Burger_Load_it_up_with_Xtra_Cheese__26001.png"
"40004","Evolution","Blackjack VIP I","3","0","0","0","","2024-04-04 10:15:11","https://static.ptgaming.ph/images/7b0f75d01afee0427fb7768b3eb4237d.png","images/Evolution__Blackjack_VIP_I__40004.png"
"40005","PragmaticPlay","Ripe Rewards","3","0","0","0","","2024-04-15 17:49:01","https://static.ptgaming.ph/images/7d51af5c3ecb2d12c6268689dad0d4cd.png","images/PragmaticPlay__Ripe_Rewards__40005.png"
"40006","PragmaticPlay","Big Bass Secrets of the Golden Lake","3","0","0","0","","2024-04-15 17:55:34","https://static.ptgaming.ph/images/9b70ced9cfe4a8cac5af875a2b28762a.png","images/PragmaticPlay__Big_Bass_Secrets_of_the_Golden_Lake__40006.png"
"40008","PragmaticPlay","Barnyard Megahays Megaways","3","0","0","0","","2024-04-22 18:09:44","https://static.ptgaming.ph/images/f7b3f95360782e332cceae9645c4e974.png","images/PragmaticPlay__Barnyard_Megahays_Megaways__40008.png"
"40009","PragmaticPlay","Ice Lobster","3","0","0","0","","2024-04-22 18:18:41","https://static.ptgaming.ph/images/d6a7e9b013cc9cce1d11eb72b4659af6.png","images/PragmaticPlay__Ice_Lobster__40009.png"
"40010","JDB","MINES 2","3","0","0","0","","2024-04-24 10:55:28","https://static.ptgaming.ph/images/51bcd8406596b10abfc3ae4012b7d86d.png","images/JDB__MINES_2__40010.png"
"40014","PragmaticPlay","Candy Blitz Bombs","3","0","0","0","","2024-04-29 15:08:38","https://static.ptgaming.ph/images/ebebe2c5e925c683a93102dfce43df4e.png","images/PragmaticPlay__Candy_Blitz_Bombs__40014.png"
"40015","JILI","3 Coin Treasures","3","0","0","0","","2024-04-29 15:11:27","https://static.ptgaming.ph/images/d23db6ce3150a6cbe9c63752aacd5e16.png","images/JILI__3_Coin_Treasures__40015.png"
"40016","FaChai","CHILIHUAHUA","3","0","0","0","","2024-04-29 15:58:16","https://static.ptgaming.ph/images/abe6e5fc5718d1039f3ccdb866ff6700.png","images/FaChai__CHILIHUAHUA__40016.png"
"40017","PragmaticPlay","Lobster Bob’s Sea Food and Win It","3","0","0","0","","2024-05-06 18:22:58","https://static.ptgaming.ph/images/32eeaf9aec64946fb81ea1b3d5cb5313.png","images/PragmaticPlay__Lobster_Bob_s_Sea_Food_and_Win_It__40017.png"
"41004","Evolution","Blackjack VIP 41","3","0","0","0","","2024-04-03 11:45:09","https://static.ptgaming.ph/images/9fedc0cfd01198f8b6fd119eb111d820.png","images/Evolution__Blackjack_VIP_41__41004.png"
"41005","Evolution","Blackjack VIP 36","3","0","0","0","","2024-04-04 11:30:11","https://static.ptgaming.ph/images/18aa93284019fd1b68b2e3001b03b0ba.png","images/Evolution__Blackjack_VIP_36__41005.png"
"41007","PragmaticPlay","Release the Bison","3","0","0","0","","2024-04-08 18:05:03","https://static.ptgaming.ph/images/e28837fbc29cd72ca72cf6d2b14deaa6.png","images/PragmaticPlay__Release_the_Bison__41007.png"
"41015","PGSoft","Mystic Potion","3","0","0","0","","2024-05-07 10:11:20","https://static.ptgaming.ph/images/f46a967dfec9c9140bc6916a415e2491.png","images/PGSoft__Mystic_Potion__41015.png"
"41017","PragmaticPlay","Heroic Spin","3","0","0","0","","2024-05-08 19:34:49","https://static.ptgaming.ph/images/1859fdcfeab603ec5635146dd15bfe0c.png","images/PragmaticPlay__Heroic_Spin__41017.png"
"41019","FaChai","MINES","3","0","0","0","10%包赔","2024-05-10 10:24:37","https://static.ptgaming.ph/images/4d83cd448f9ca9c045305382e9070027.png","images/FaChai__MINES__41019.png"
"41020","PragmaticPlay","Heart of Cleopatra","3","0","0","0","","2024-05-13 15:10:39","https://static.ptgaming.ph/images/c3e01948726096561fb0495ff17ebc7a.png","images/PragmaticPlay__Heart_of_Cleopatra__41020.png"
"42004","JILI","Caribbean Stud Poker","3","0","0","0","","2024-04-08 12:55:46","https://static.ptgaming.ph/images/95106a5a3955aacdcd1bbfe256d0cda2.png","images/JILI__Caribbean_Stud_Poker__42004.png"
"42005","PragmaticPlay","Aztec Powernudge","3","0","0","0","","2024-04-08 18:05:11","https://static.ptgaming.ph/images/e4248fb07000771690b83d8c1ced3394.png","images/PragmaticPlay__Aztec_Powernudge__42005.png"
"42006","JILI","Jackpot Joker","3","0","0","0","","2024-04-10 10:22:14","https://static.ptgaming.ph/images/8db8e6171c01ca76da9df0a24574154e.png","images/JILI__Jackpot_Joker__42006.png"
"42007","Evolution","Blackjack VIP 38","3","0","0","0","","2024-04-12 10:51:07","https://static.ptgaming.ph/images/a9ff6f0abab6c70d01d239fe1ef92e09.png","images/Evolution__Blackjack_VIP_38__42007.png"
"42008","PGSoft","Tsar Treasures","3","0","0","0","","2024-04-15 13:42:50","https://static.ptgaming.ph/images/5905786b3a5af92a58b59e5ac68fb3a4.png","images/PGSoft__Tsar_Treasures__42008.png"
"42012","JDB","Fighter Fire","3","0","0","0","","2024-04-24 10:58:44","https://static.ptgaming.ph/images/1a6ef627c2fcaa1f4bc6c81257049182.png","images/JDB__Fighter_Fire__42012.png"
"42017","JDB","Mole Crash","3","0","0","0","","2024-05-15 12:35:10","https://static.ptgaming.ph/images/3a6808e12f30b4ad43ade4a6420434f4.png","images/JDB__Mole_Crash__42017.png"
"42019","PragmaticPlay","Front Runner Odds On","3","0","0","0","","2024-05-15 21:57:36","https://static.ptgaming.ph/images/7327a36448f3cfd790069cabe5b3cf58.png","images/PragmaticPlay__Front_Runner_Odds_On__42019.png"
"42022","PGSoft","Anubis Wrath","3","0","0","0","1.5% cash 2%","2024-05-28 10:49:44","https://static.ptgaming.ph/images/3c89ba0236b8ea432d422a0198da7832.png","images/PGSoft__Anubis_Wrath__42022.png"
"42023","PragmaticPlay","Starlight Princess Pachi","3","0","0","0","","2024-05-30 01:19:28","https://static.ptgaming.ph/images/4b832924361c44e65c0a621ab5a18e1a.png","images/PragmaticPlay__Starlight_Princess_Pachi__42023.png"
"42024","JILI","The Pig House","3","0","0","0","","2024-06-05 10:44:06","https://static.ptgaming.ph/images/ccd6c664421d3cf7aecb451bb3140e07.png","images/JILI__The_Pig_House__42024.png"
"42026","JILI","Crash Goal","3","0","0","0","","2024-06-17 15:10:04","https://static.ptgaming.ph/images/259b93b079d897000063e604a6deffb3.png","images/JILI__Crash_Goal__42026.png"
"43001","JILI","Potion Wizard","3","0","0","0","","2024-05-15 16:46:27","https://static.ptgaming.ph/images/e5e7edb8315e4bd68c0429039079de4c.png","images/JILI__Potion_Wizard__43001.png"
"43002","PGSoft","Wild Ape #3258","3","0","0","0","1.5% cash 2%","2024-05-20 16:51:38","https://static.ptgaming.ph/images/892a1497986f295cb7ecf3d8f0b527b2.png","images/PGSoft__Wild_Ape_3258__43002.png"
"43003","PragmaticPlay","Dwarf & Dragon","3","0","0","0","","2024-05-20 22:56:27","https://static.ptgaming.ph/images/35b0822e1edffa0fdbe365ec87741b4f.png","images/PragmaticPlay__Dwarf_Dragon__43003.png"
"43004","PragmaticPlay","Rise of Pyramids","3","0","0","0","","2024-05-22 23:21:23","https://static.ptgaming.ph/images/a0d2f3179050b63452415526e80ddf93.png","images/PragmaticPlay__Rise_of_Pyramids__43004.png"
"43006","PragmaticPlay","Fruity Treats","3","0","0","0","","2024-05-27 23:33:18","https://static.ptgaming.ph/images/c6f184c89b5174a6f114ed91f2a1212b.png","images/PragmaticPlay__Fruity_Treats__43006.png"
"43008","FaChai","FORTUNE SHEEP","3","0","0","0","","2024-05-31 10:25:43","https://static.ptgaming.ph/images/7969743f4a4626cd59b99f0ff7bb1582.png","images/FaChai__FORTUNE_SHEEP__43008.png"
"43011","PGSoft","Chicky Run","3","0","0","0","","2024-06-24 10:34:58","https://static.ptgaming.ph/images/0f44711a102cef5d0808824a85278619.png","images/PGSoft__Chicky_Run__43011.png"
"43014","JILI","Fish Prawn Crab","3","0","0","0","","2024-06-29 10:25:03","https://static.ptgaming.ph/images/01f119c539398488c356c17ab1cc828d.png","images/JILI__Fish_Prawn_Crab__43014.png"
"43017","PGSoft","Futebol Fever","3","0","0","0","","2024-07-09 18:25:57","https://static.ptgaming.ph/images/84484e70e5d3f0aa6450c524c81e5c2a.png","images/PGSoft__Futebol_Fever__43017.png"
"43041","Evolution","Salon Privé Blackjack L","3","0","0","0","","2024-09-20 13:14:19","https://static.ptgaming.ph/images/872dee7597c28dcb0f45b36de3b6a477.png","images/Evolution__Salon_Priv_Blackjack_L__43041.png"
"43042","PragmaticPlay","Badge Blitz","3","0","0","0","","2024-09-23 12:37:30","https://static.ptgaming.ph/images/52b1e522dfb0454febd59f912f898e62.png","images/PragmaticPlay__Badge_Blitz__43042.png"
"43045","JILI","3 Pot Dragons","3","0","0","0","","2024-09-26 15:20:08","https://static.ptgaming.ph/images/b4d2c9376bbbe67af4cfeba063c24e46.png","images/JILI__3_Pot_Dragons__43045.png"
"43046","SparkGame","PUSOY WILD","3","0","0","0","Exclusive ZI","2024-09-26 15:22:50","https://static.ptgaming.ph/images/27b55403fcd6f620cce39458afd3f12b.png","images/SparkGame__PUSOY_WILD__43046.png"
"43047","RTG","Akbar Romeo Walter","3","0","0","0","","2024-09-30 11:38:41","https://static.ptgaming.ph/images/07a492f3fc11964f692b0d6ee6493497.png","images/RTG__Akbar_Romeo_Walter__43047.png"
"43048","RTG","Ronin","3","0","0","0","","2024-09-30 11:44:21","https://static.ptgaming.ph/images/90236ecb97743cf2235f78e33daea906.png","images/RTG__Ronin__43048.png"
"43049","RTG","Derby Dollars","3","0","0","0","","2024-09-30 11:49:16","https://static.ptgaming.ph/images/866339fa8cc83fd258c4f78d675f22d7.png","images/RTG__Derby_Dollars__43049.png"
"43050","RTG","Mega Monster","3","0","0","0","","2024-09-30 11:57:23","https://static.ptgaming.ph/images/4bec70066aa8c6c82b311833c84d3f36.png","images/RTG__Mega_Monster__43050.png"
"43051","RTG","Sneaky Santa","3","0","0","0","","2024-09-30 11:59:02","https://static.ptgaming.ph/images/68af8110d401b6e6dcb4ba6c8bb6aeaa.png","images/RTG__Sneaky_Santa__43051.png"
"43052","RTG","Paydirt! Go for the Gold","3","0","0","0","","2024-09-30 12:00:08","https://static.ptgaming.ph/images/4719be5fc6ecb00b3b1f90e0be67e34f.png","images/RTG__Paydirt_Go_for_the_Gold__43052.png"
"43053","RTG","Wonder Reels","3","0","0","0","","2024-09-30 12:01:36","https://static.ptgaming.ph/images/b084414694d5c4be34b0a0a50fbf2612.png","images/RTG__Wonder_Reels__43053.png"
"43054","RTG","Magic Forest: Spellbound","3","0","0","0","","2024-09-30 12:03:18","https://static.ptgaming.ph/images/a81c83f0a38f0e94fb49a40e099491d0.png","images/RTG__Magic_Forest_Spellbound__43054.png"
"43055","PragmaticPlay","Privé Lounge Baccarat 2","3","0","0","0","","2024-10-08 09:08:23","https://static.ptgaming.ph/images/e16bacd183966eeb1ef4aa8a183290b7.png","images/PragmaticPlay__Priv_Lounge_Baccarat_2__43055.png"
"43056","PragmaticPlay","Privé Lounge Baccarat 3","3","0","0","0","","2024-10-08 09:08:39","https://static.ptgaming.ph/images/fc193c17679b5c76a8f758c0e9ff949a.png","images/PragmaticPlay__Priv_Lounge_Baccarat_3__43056.png"
"43057","PragmaticPlay","Privé Lounge Baccarat 5","3","0","0","0","","2024-10-08 09:09:10","https://static.ptgaming.ph/images/3da1e4cb5afcdcbd618549bdad0608ee.png","images/PragmaticPlay__Priv_Lounge_Baccarat_5__43057.png"
"43058","JILI","Money Pot","3","0","0","0","","2024-10-08 11:40:06","https://static.ptgaming.ph/images/70675ddbd5647e4074826e826e820f39.png","images/JILI__Money_Pot__43058.png"
"43059","SparkGame","LUCKY9","3","0","0","0","Exclusive ZI","2024-10-14 10:44:08","https://static.ptgaming.ph/images/24da831af5d34f9ff08fe1dd54ab30a1.png","images/SparkGame__LUCKY9__43059.png"
"43060","Evolution","Bonanza","3","0","0","0","","2024-10-21 11:42:50","https://static.ptgaming.ph/images/d7dc51fe96e131e65a5a825dd97f87a0.png","images/Evolution__Bonanza__43060.png"
"43061","Evolution","Golden Catch","3","0","0","0","","2024-10-21 11:51:32","https://static.ptgaming.ph/images/d9d56ba02ae535ba8890d97c93ceeabf.png","images/Evolution__Golden_Catch__43061.png"
"43062","Evolution","Kingmaker Fully Loaded","3","0","0","0","","2024-10-21 11:51:34","https://static.ptgaming.ph/images/7697d27330b1372bfcf48a10ab6ba345.png","images/Evolution__Kingmaker_Fully_Loaded__43062.png"
"43063","Evolution","White Rabbit","3","0","0","0","","2024-10-21 11:53:29","https://static.ptgaming.ph/images/0b1a3cf4eb315049dd08ac9ac4eb2486.png","images/Evolution__White_Rabbit__43063.png"
"43064","Evolution","Spicy Meatballs","3","0","0","0","","2024-10-21 11:55:40","https://static.ptgaming.ph/images/572e105411fb9360b014378dd0a779c3.png","images/Evolution__Spicy_Meatballs__43064.png"
"43065","Evolution","Boo","3","0","0","0","","2024-10-21 11:56:38","https://static.ptgaming.ph/images/1d39fa0948e70e49099c189827cba674.png","images/Evolution__Boo__43065.png"
"43066","Evolution","The Final Countdown","3","0","0","0","","2024-10-21 11:56:59","https://static.ptgaming.ph/images/416d303b0fd08724d7b0ab9056fd34ed.png","images/Evolution__The_Final_Countdown__43066.png"
"43067","Evolution","Wild Portals","3","0","0","0","","2024-10-21 11:57:59","https://static.ptgaming.ph/images/f8cb7f4f377adce65baaa917020de0a6.png","images/Evolution__Wild_Portals__43067.png"
"43068","Evolution","Wild Flower","3","0","0","0","","2024-10-21 11:58:35","https://static.ptgaming.ph/images/3a0619ec295a7c4cd8277bd4498bf75a.png","images/Evolution__Wild_Flower__43068.png"
"43069","Evolution","Cyberslot Megaclusters","3","0","0","0","","2024-10-21 11:58:48","https://static.ptgaming.ph/images/d0f691d02abc9eb31615f649561e1f3a.png","images/Evolution__Cyberslot_Megaclusters__43069.png"
"43070","Evolution","Lucky Streak Mk2","3","0","0","0","","2024-10-21 12:00:16","https://static.ptgaming.ph/images/117dbc38dbb93f55506d24d2a0ec8d06.png","images/Evolution__Lucky_Streak_Mk2__43070.png"
"43071","Evolution","Star Cluster","3","0","0","0","","2024-10-21 12:00:43","https://static.ptgaming.ph/images/84673ef4defb39fcd55f167e5a0836b1.png","images/Evolution__Star_Cluster__43071.png"
"43072","Evolution","Sanctuary","3","0","0","0","","2024-10-21 12:01:41","https://static.ptgaming.ph/images/41978650fac6231937ea1e3862d1f2c2.png","images/Evolution__Sanctuary__43072.png"
"43073","Evolution","Apollo Pays","3","0","0","0","","2024-10-21 12:02:15","https://static.ptgaming.ph/images/06ff542dbe350a65d0ff8f026a4f4ad6.png","images/Evolution__Apollo_Pays__43073.png"
"43074","Evolution","Opal Fruits","3","0","0","0","","2024-10-21 12:05:32","https://static.ptgaming.ph/images/d3ad5a93dcfe1a086e832b05025fe53d.png","images/Evolution__Opal_Fruits__43074.png"
"43075","PragmaticPlay","888 Gold","3","0","0","0","","2024-10-21 20:27:43","https://static.ptgaming.ph/images/8955db925075e8a524f289eb9b1a8fa6.png","images/PragmaticPlay__888_Gold__43075.png"
"43077","Evolution","San Quentin xWays","3","0","0","0","","2024-10-22 11:57:55","https://static.ptgaming.ph/images/4fb7809e52aa76ffc021f816cf805853.png","images/Evolution__San_Quentin_xWays__43077.png"
"43078","Evolution","Tombstone RIP","3","0","0","0","","2024-10-22 12:04:48","https://static.ptgaming.ph/images/05aa65031fb068aa53301586571f0eaa.png","images/Evolution__Tombstone_RIP__43078.png"
"43079","Evolution","Bounty Hunters xNudge","3","0","0","0","","2024-10-22 12:05:53","https://static.ptgaming.ph/images/3f4ee9b365a9393409e2f3e10bfe5099.png","images/Evolution__Bounty_Hunters_xNudge__43079.png"
"43080","Evolution","The Crypt","3","0","0","0","","2024-10-22 12:11:38","https://static.ptgaming.ph/images/08b08635327d273990390f5cc8e568e5.png","images/Evolution__The_Crypt__43080.png"
"43081","Evolution","Harlequin Carnival","3","0","0","0","","2024-10-22 12:12:35","https://static.ptgaming.ph/images/0f01b889a83a2eda19d0a6638bb66692.png","images/Evolution__Harlequin_Carnival__43081.png"
"43082","Evolution","Wixx","3","0","0","0","","2024-10-22 12:16:57","https://static.ptgaming.ph/images/1db917b1543f41685ea8808101b3b7ed.png","images/Evolution__Wixx__43082.png"
"43084","Evolution","Diamond Blitz","3","0","0","0","","2024-10-22 12:30:25","https://static.ptgaming.ph/images/4385e501b3df681d9af79689c56ed8f2.png","images/Evolution__Diamond_Blitz__43084.png"
"43085","Evolution","Cash volt","3","0","0","0","","2024-10-22 12:31:33","https://static.ptgaming.ph/images/3c8294c46bc84257319ddbf484cba245.png","images/Evolution__Cash_volt__43085.png"
"43086","Evolution","Wings of Ra","3","0","0","0","","2024-10-22 12:32:27","https://static.ptgaming.ph/images/1b544265c902b8dc145167a50d694ddd.png","images/Evolution__Wings_of_Ra__43086.png"
"43087","Evolution","Regal Streak","3","0","0","0","","2024-10-22 12:35:06","https://static.ptgaming.ph/images/bb64245fa6ad2366d721a69c5caa737f.png","images/Evolution__Regal_Streak__43087.png"
"43089","Evolution","Aztec Spins","3","0","0","0","","2024-10-22 12:41:40","https://static.ptgaming.ph/images/dea64d7ad8ff48b59654fc37c2802594.png","images/Evolution__Aztec_Spins__43089.png"
"43090","Evolution","Blood Suckers II","3","0","0","0","","2024-10-22 12:57:00","https://static.ptgaming.ph/images/dfabb3916056a7b8d1e3a0e7752c0737.png","images/Evolution__Blood_Suckers_II__43090.png"
"43091","Evolution","Starburst","3","0","0","0","","2024-10-22 13:02:10","https://static.ptgaming.ph/images/49cc249d49a9bc6a55839964f9accf7b.png","images/Evolution__Starburst__43091.png"
"43093","Evolution","Dead or Alive","3","0","0","0","","2024-10-22 13:17:31","https://static.ptgaming.ph/images/c38c0d9d6b20148af3b8cba1d7bd8c2b.png","images/Evolution__Dead_or_Alive__43093.png"
"43094","Evolution","Gonzo's Gold","3","0","0","0","","2024-10-22 13:18:20","https://static.ptgaming.ph/images/84bf18dee08fe39dc4148c3d0170126d.png","images/Evolution__Gonzo_s_Gold__43094.png"
"43095","Evolution","Dazzle Me Megaways","3","0","0","0","","2024-10-22 13:37:10","https://static.ptgaming.ph/images/8cca563d718e4b0fdb81992066b4f1e5.png","images/Evolution__Dazzle_Me_Megaways__43095.png"
"43096","Evolution","Fruit Shop Megaways","3","0","0","0","","2024-10-22 13:38:06","https://static.ptgaming.ph/images/917c45cb0ac57392499f88b5c5a891e9.png","images/Evolution__Fruit_Shop_Megaways__43096.png"
"43097","Evolution","Steam Tower","3","0","0","0","","2024-10-22 13:43:27","https://static.ptgaming.ph/images/dcfb79558c770c82cc50e107c6701562.png","images/Evolution__Steam_Tower__43097.png"
"43098","Evolution","Excalibur","3","0","0","0","","2024-10-22 13:46:44","https://static.ptgaming.ph/images/33a8a8136157c0855085a78b0d45dd83.png","images/Evolution__Excalibur__43098.png"
"43099","Evolution","Crab Trap","3","0","0","0","","2024-10-22 13:51:49","https://static.ptgaming.ph/images/608dc255de6e646847ecd503fff02bd2.png","images/Evolution__Crab_Trap__43099.png"
"43100","Evolution","Beach Invaders","3","0","0","0","","2024-10-22 13:52:53","https://static.ptgaming.ph/images/16e0634120470b7adbaa15be8b07e528.png","images/Evolution__Beach_Invaders__43100.png"
"43101","Evolution","Druid's Magic","3","0","0","0","","2024-10-22 13:55:05","https://static.ptgaming.ph/images/6feb35ac9be73bcc16f845600cf9098a.png","images/Evolution__Druid_s_Magic__43101.png"
"43102","Evolution","Finn and the Candy Spin","3","0","0","0","","2024-10-22 13:56:39","https://static.ptgaming.ph/images/1c323f570bcd13293a7f285fd0c465aa.png","images/Evolution__Finn_and_the_Candy_Spin__43102.png"
"43103","Evolution","Lights, Camera, Cash!","3","0","0","0","","2024-10-22 14:00:54","https://static.ptgaming.ph/images/f19d495fcb48817718291c1d24c960f6.png","images/Evolution__Lights_Camera_Cash__43103.png"
"43104","Evolution","The Wish Master Megaways","3","0","0","0","","2024-10-22 14:01:45","https://static.ptgaming.ph/images/69085e5cd3115603dad778211954da3a.png","images/Evolution__The_Wish_Master_Megaways__43104.png"
"43105","Evolution","Jack Hammer™ 3: Diamond Affair","3","0","0","0","","2024-10-22 14:17:27","https://static.ptgaming.ph/images/32454b727bf461629c3979775f294f68.png","images/Evolution__Jack_Hammer_3_Diamond_Affair__43105.png"
"43106","Evolution","Magic lab","3","0","0","0","","2024-10-22 14:22:13","https://static.ptgaming.ph/images/02c5b9671581c48461a1ad7a8b5699e4.png","images/Evolution__Magic_lab__43106.png"
"43107","PragmaticPlay","Vampy Party","3","0","0","0","","2024-10-22 14:49:23","https://static.ptgaming.ph/images/ac268acc8b5b309fb87ff7845146e0f5.png","images/PragmaticPlay__Vampy_Party__43107.png"
"43108","PragmaticPlay","Big Bass Halloween 2","3","0","0","0","","2024-10-22 14:51:36","https://static.ptgaming.ph/images/7aa26ef586976aa71538aff218fdb5e8.png","images/PragmaticPlay__Big_Bass_Halloween_2__43108.png"
"43109","Evolution","Rainforest Gold™","3","0","0","0","","2024-10-22 15:02:36","https://static.ptgaming.ph/images/dd0ea31a4011166a84b7aac0eeb8d271.png","images/Evolution__Rainforest_Gold__43109.png"
"43110","Evolution","Golden Wheels of Egypt","3","0","0","0","","2024-10-22 15:03:20","https://static.ptgaming.ph/images/7fd3b3b39c491e5b6df888caff5f354c.png","images/Evolution__Golden_Wheels_of_Egypt__43110.png"
"43111","Evolution","Pandora’s Treasure™","3","0","0","0","","2024-10-22 15:05:22","https://static.ptgaming.ph/images/40334cd3dca5ea16e9ad8c490af83651.png","images/Evolution__Pandora_s_Treasure__43111.png"
"43112","Evolution","Gladiator Clash","3","0","0","0","","2024-10-22 15:08:00","https://static.ptgaming.ph/images/de50c01955e36e84616ab08827360838.png","images/Evolution__Gladiator_Clash__43112.png"
"43113","Evolution","American Roulette","3","0","0","0","","2024-10-22 15:13:15","https://static.ptgaming.ph/images/5a2c08853ceeec74359b987fe10fac37.png","images/Evolution__American_Roulette__43113.png"
"43114","Evolution","Berryburst","3","0","0","0","","2024-10-22 15:16:45","https://static.ptgaming.ph/images/6fe9f8ff214621bd6d4575ff92236692.png","images/Evolution__Berryburst__43114.png"
"43115","Evolution","Berryburst MAX","3","0","0","0","","2024-10-22 15:17:33","https://static.ptgaming.ph/images/ed01045880169e1f9d395db6a7506650.png","images/Evolution__Berryburst_MAX__43115.png"
"43116","Evolution","Casino Night","3","0","0","0","","2024-10-22 15:20:50","https://static.ptgaming.ph/images/dd86279c6bc97587822d0eb761c67b5a.png","images/Evolution__Casino_Night__43116.png"
"43117","Evolution","Benji Killed In Vegas","3","0","0","0","","2024-10-22 15:37:01","https://static.ptgaming.ph/images/9a43328782e2657bcdd5da7d11428c61.png","images/Evolution__Benji_Killed_In_Vegas__43117.png"
"43118","Evolution","Blood And Shadow","3","0","0","0","","2024-10-22 15:37:31","https://static.ptgaming.ph/images/65eff566927cabcd544ec79355694d8c.png","images/Evolution__Blood_And_Shadow__43118.png"
"43119","Evolution","Casino Win Spin","3","0","0","0","","2024-10-22 15:40:20","https://static.ptgaming.ph/images/ea3aba8683e11d3120537cbfd7b23478.png","images/Evolution__Casino_Win_Spin__43119.png"
"43120","Evolution","Coins Of Fortune","3","0","0","0","","2024-10-22 15:40:51","https://static.ptgaming.ph/images/5f9dcd4191c5e486929719df0472f5f0.png","images/Evolution__Coins_Of_Fortune__43120.png"
"43121","Evolution","Das xBoot","3","0","0","0","","2024-10-22 15:41:16","https://static.ptgaming.ph/images/de6ea02a5855b2f994989d139d0e5f9d.png","images/Evolution__Das_xBoot__43121.png"
"43122","Evolution","Dragon Tribe","3","0","0","0","","2024-10-22 15:42:39","https://static.ptgaming.ph/images/3dcbaa84ef5345711279f6af17df41d3.png","images/Evolution__Dragon_Tribe__43122.png"
"43123","Evolution","Fruits","3","0","0","0","","2024-10-22 15:46:42","https://static.ptgaming.ph/images/dbe6c2b5be3cf6e68f581e229556f075.png","images/Evolution__Fruits__43123.png"
"43124","Evolution","Hot Nudge","3","0","0","0","","2024-10-22 15:48:24","https://static.ptgaming.ph/images/a40cf2a6fc1fb6608e2ddf3331c087cb.png","images/Evolution__Hot_Nudge__43124.png"
"43125","Evolution","Ice Ice Yeti","3","0","0","0","","2024-10-22 15:48:43","https://static.ptgaming.ph/images/6175304fb43750c9e78b10d3179eb91e.png","images/Evolution__Ice_Ice_Yeti__43125.png"
"43126","Evolution","Manhattan Goes Wild","3","0","0","0","","2024-10-22 15:51:30","https://static.ptgaming.ph/images/5014bd645e520a3fcdd0afd1ef59f870.png","images/Evolution__Manhattan_Goes_Wild__43126.png"
"43127","Evolution","Owls","3","0","0","0","","2024-10-22 15:56:31","https://static.ptgaming.ph/images/f6d97636781bc2d5c0898cd45747db0d.png","images/Evolution__Owls__43127.png"
"43128","Evolution","Pixies vs Pirates","3","0","0","0","","2024-10-22 15:57:31","https://static.ptgaming.ph/images/c4420fecb191842bf1ea5a0a8bc1c0ba.png","images/Evolution__Pixies_vs_Pirates__43128.png"
"43129","Evolution","Poison Eve","3","0","0","0","","2024-10-22 15:58:01","https://static.ptgaming.ph/images/797c566ce36d6ba7f73e9a3075e2f36a.png","images/Evolution__Poison_Eve__43129.png"
"43130","Evolution","Punk Toilet","3","0","0","0","","2024-10-22 15:58:25","https://static.ptgaming.ph/images/b7681c1e28ea16d7b6b3b45af8371b7a.png","images/Evolution__Punk_Toilet__43130.png"
"43131","Evolution","Remember Gulag","3","0","0","0","","2024-10-22 15:59:10","https://static.ptgaming.ph/images/365591f38512f4fe63b98e30080517c9.png","images/Evolution__Remember_Gulag__43131.png"
"43132","Evolution","Tesla Jolt","3","0","0","0","","2024-10-22 16:01:22","https://static.ptgaming.ph/images/03ddc18558cd29a89ed3269d7cbc4ed4.png","images/Evolution__Tesla_Jolt__43132.png"
"43133","Evolution","The Creepy Carnival","3","0","0","0","","2024-10-22 16:02:03","https://static.ptgaming.ph/images/5eed29699257a6b912e70e130f2671fc.png","images/Evolution__The_Creepy_Carnival__43133.png"
"43134","Evolution","Tomb of Akhenhaten","3","0","0","0","","2024-10-22 16:03:10","https://static.ptgaming.ph/images/fc474d7677cbd54a19b211638e440abb.png","images/Evolution__Tomb_of_Akhenhaten__43134.png"
"43137","Evolution","Gluttony","3","0","0","0","","2024-10-22 16:18:02","https://static.ptgaming.ph/images/93755cdf043db620c8b862b8efdedb77.png","images/Evolution__Gluttony__43137.png"
"43138","Evolution","Whacked!","3","0","0","0","","2024-10-22 16:18:20","https://static.ptgaming.ph/images/17a2bd6170926b0fc8c94ef781dfbcd7.png","images/Evolution__Whacked__43138.png"
"43139","Evolution","Disturbed","3","0","0","0","","2024-10-22 16:18:43","https://static.ptgaming.ph/images/1fb85ab16b3489f19555ddcd1b2e2e8c.png","images/Evolution__Disturbed__43139.png"
"43140","Evolution","Space Donkey","3","0","0","0","","2024-10-22 16:21:59","https://static.ptgaming.ph/images/c3656b03680a7a0fc4d866fbf543e133.png","images/Evolution__Space_Donkey__43140.png"
"43141","Evolution","D Day","3","0","0","0","","2024-10-22 16:22:38","https://static.ptgaming.ph/images/01b2078d88581c519ef6ebfe15402903.png","images/Evolution__D_Day__43141.png"
"43142","Evolution","Fire in the Hole 2","3","0","0","0","","2024-10-22 16:23:06","https://static.ptgaming.ph/images/6a65f61358ba03d9e7a109404090d46c.png","images/Evolution__Fire_in_the_Hole_2__43142.png"
"43143","Evolution","Brick Snake 2000","3","0","0","0","","2024-10-22 16:23:40","https://static.ptgaming.ph/images/49427a159d7e4fa8db069bcfec103c39.png","images/Evolution__Brick_Snake_2000__43143.png"
"43144","Evolution","Deadwood R.I.P.","3","0","0","0","","2024-10-22 16:29:07","https://static.ptgaming.ph/images/f76f25a0d56544c22360a10a267a5635.png","images/Evolution__Deadwood_R.I.P.__43144.png"
"43145","Evolution","Apocalypse Super xNudge","3","0","0","0","","2024-10-22 16:29:25","https://static.ptgaming.ph/images/539827f47eba596ba036eb0a1a9e8344.png","images/Evolution__Apocalypse_Super_xNudge__43145.png"
"43146","Evolution","Outsourced","3","0","0","0","","2024-10-22 16:30:07","https://static.ptgaming.ph/images/4503715a4b9da31bbe870fb28bd2a6b4.png","images/Evolution__Outsourced__43146.png"
"43147","Evolution","Dark King: Forbidden Riches","3","0","0","0","","2024-10-22 16:45:50","https://static.ptgaming.ph/images/b29db47d65e2c478b713e3e350a49772.png","images/Evolution__Dark_King_Forbidden_Riches__43147.png"
"43148","Evolution","Divine Fortune Megaways","3","0","0","0","","2024-10-22 17:02:22","https://static.ptgaming.ph/images/2c0a71829e99c9f95cf69355dc0c47da.png","images/Evolution__Divine_Fortune_Megaways__43148.png"
"43149","Evolution","24 Hour Grand Prix","3","0","0","0","","2024-10-22 17:02:38","https://static.ptgaming.ph/images/ef91b48559fb035bde9642662a420b3b.png","images/Evolution__24_Hour_Grand_Prix__43149.png"
"43150","Evolution","Double Stacks","3","0","0","0","","2024-10-22 17:03:00","https://static.ptgaming.ph/images/48bb18e98694c5d725df57bb1923b0b9.png","images/Evolution__Double_Stacks__43150.png"
"43151","Evolution","Drive: Multiplier Mayhem","3","0","0","0","","2024-10-22 17:04:21","https://static.ptgaming.ph/images/0230271d537b8b89301d13dd2879f639.png","images/Evolution__Drive_Multiplier_Mayhem__43151.png"
"43152","Evolution","East Sea Dragon King","3","0","0","0","","2024-10-22 17:05:24","https://static.ptgaming.ph/images/c62e34f315fdc269d0ba504c053547ca.png","images/Evolution__East_Sea_Dragon_King__43152.png"
"43153","Evolution","Atlantis","3","0","0","0","","2024-10-22 17:05:42","https://static.ptgaming.ph/images/b098db972774a50dbbdb6121cc1a3815.png","images/Evolution__Atlantis__43153.png"
"43154","Evolution","Fairytale Legends: Hansel and Gretel","3","0","0","0","","2024-10-22 17:07:38","https://static.ptgaming.ph/images/26f07e8270ed8471fd0656df29c0e063.png","images/Evolution__Fairytale_Legends_Hansel_and_Gretel__43154.png"
"43155","Evolution","Cash Ultimate","3","0","0","0","","2024-10-22 17:07:43","https://static.ptgaming.ph/images/87a5797d88b6147b6a1d74c2342358d9.png","images/Evolution__Cash_Ultimate__43155.png"
"43156","Evolution","Cirque De La Fortune","3","0","0","0","","2024-10-22 17:08:07","https://static.ptgaming.ph/images/052cef8549dae76b955a5e4a646cbff9.png","images/Evolution__Cirque_De_La_Fortune__43156.png"
"43157","Evolution","Fairytale Legends: Mirror Mirror","3","0","0","0","","2024-10-22 17:08:14","https://static.ptgaming.ph/images/3fb10d158d6b0ffff2b34fb6bb1592dd.png","images/Evolution__Fairytale_Legends_Mirror_Mirror__43157.png"
"43158","Evolution","Clash of the Beasts","3","0","0","0","","2024-10-22 17:09:09","https://static.ptgaming.ph/images/08143470641d72749a8776a11068a5fb.png","images/Evolution__Clash_of_the_Beasts__43158.png"
"43159","Evolution","Finn and the Swirly Spin","3","0","0","0","","2024-10-22 17:09:32","https://static.ptgaming.ph/images/fcdd57cae07c2a43f17c055e527f3012.png","images/Evolution__Finn_and_the_Swirly_Spin__43159.png"
"43160","Evolution","Da Vinci's Mystery","3","0","0","0","","2024-10-22 17:09:50","https://static.ptgaming.ph/images/17669c0816fe2e3e1abc04b6c9510f1a.png","images/Evolution__Da_Vinci_s_Mystery__43160.png"
"43161","Evolution","Finn's Golden Tavern","3","0","0","0","","2024-10-22 17:10:13","https://static.ptgaming.ph/images/21b2a69405c193c4a533489498b449e4.png","images/Evolution__Finn_s_Golden_Tavern__43161.png"
"43162","Evolution","Dynamite Riches","3","0","0","0","","2024-10-22 17:12:54","https://static.ptgaming.ph/images/89ee1a19820a04cc7f493be43e5d0834.png","images/Evolution__Dynamite_Riches__43162.png"
"43163","Evolution","Eagle Riches","3","0","0","0","","2024-10-22 17:14:10","https://static.ptgaming.ph/images/19612cac4f854304203827eed4ad967b.png","images/Evolution__Eagle_Riches__43163.png"
"43164","Evolution","Fortune Rangers","3","0","0","0","","2024-10-22 17:16:31","https://static.ptgaming.ph/images/0ee2fd62758441f16d7d0eebbe403cac.png","images/Evolution__Fortune_Rangers__43164.png"
"43165","Evolution","Golden Cryptex","3","0","0","0","","2024-10-22 17:16:41","https://static.ptgaming.ph/images/2eb52afb8453e244858bffcd133563d4.png","images/Evolution__Golden_Cryptex__43165.png"
"43166","Evolution","Hoard of Poseidon","3","0","0","0","","2024-10-22 17:18:43","https://static.ptgaming.ph/images/69a44a6a7c87fd50a062ad06b019b90d.png","images/Evolution__Hoard_of_Poseidon__43166.png"
"43167","Evolution","Legendary Excalibur","3","0","0","0","","2024-10-22 17:20:15","https://static.ptgaming.ph/images/0bad2e3c8dd075514f536a01d579315b.png","images/Evolution__Legendary_Excalibur__43167.png"
"43168","Evolution","Go Bananas!","3","0","0","0","","2024-10-22 17:21:11","https://static.ptgaming.ph/images/093756eaa1af36a7c1f3eaa3c022913f.png","images/Evolution__Go_Bananas__43168.png"
"43169","Evolution","Mystery Reels Power Reels","3","0","0","0","","2024-10-22 17:21:24","https://static.ptgaming.ph/images/23e1eb4e8ab1dbedee1bc19015649e82.png","images/Evolution__Mystery_Reels_Power_Reels__43169.png"
"43170","Evolution","Gods Of Gold: InfiniReels","3","0","0","0","","2024-10-22 17:25:04","https://static.ptgaming.ph/images/16ab5800fa358e4e826028befc5d9bd9.png","images/Evolution__Gods_Of_Gold_InfiniReels__43170.png"
"43171","Evolution","Golden Grimoire","3","0","0","0","","2024-10-22 17:25:57","https://static.ptgaming.ph/images/fa78d1424a2858ceb92126875b50483a.png","images/Evolution__Golden_Grimoire__43171.png"
"43172","Evolution","Sylvan Spirits","3","0","0","0","","2024-10-22 17:27:49","https://static.ptgaming.ph/images/f38c36270d91a0d8a55b14461785cc02.png","images/Evolution__Sylvan_Spirits__43172.png"
"43173","Evolution","War Of Gods","3","0","0","0","","2024-10-22 17:29:42","https://static.ptgaming.ph/images/651a680ba4b9d88119bec007c4344173.png","images/Evolution__War_Of_Gods__43173.png"
"43174","Evolution","Bass Boss","3","0","0","0","","2024-10-22 17:33:24","https://static.ptgaming.ph/images/0fe14ff2362613a7d31b1efe1b2bd9d5.png","images/Evolution__Bass_Boss__43174.png"
"43175","Evolution","Big Cat Rescue Megaways","3","0","0","0","","2024-10-22 17:33:44","https://static.ptgaming.ph/images/6caaf9397ac9c554fb03ebb494d03095.png","images/Evolution__Big_Cat_Rescue_Megaways__43175.png"
"43176","Evolution","Fa Fa Babies","3","0","0","0","","2024-10-22 17:37:21","https://static.ptgaming.ph/images/d6b7d2c8f9517837a834ba6e2180cb8a.png","images/Evolution__Fa_Fa_Babies__43176.png"
"43178","Evolution","Gonzita's Quest","3","0","0","0","","2024-10-22 17:39:16","https://static.ptgaming.ph/images/673e4c26d1c21dea86732f073f84ed40.png","images/Evolution__Gonzita_s_Quest__43178.png"
"43179","Evolution","Mystery Reels Deluxe","3","0","0","0","","2024-10-22 17:42:22","https://static.ptgaming.ph/images/8e8c658a1dbbcea74d002699ec14daf7.png","images/Evolution__Mystery_Reels_Deluxe__43179.png"
"43180","Evolution","Risque Megaways","3","0","0","0","","2024-10-22 17:43:12","https://static.ptgaming.ph/images/b97aec77438bd46c5097d9b9adb37ef0.png","images/Evolution__Risque_Megaways__43180.png"
"43181","Evolution","Zaidas Fortune","3","0","0","0","","2024-10-22 17:44:36","https://static.ptgaming.ph/images/820d4b87f3701524a1993a8400b67d0a.png","images/Evolution__Zaidas_Fortune__43181.png"
"43182","Evolution","Cake and Ice Cream","3","0","0","0","","2024-10-22 17:46:59","https://static.ptgaming.ph/images/d65c758f782b6fc8eef375bd37bc0a5a.png","images/Evolution__Cake_and_Ice_Cream__43182.png"
"43183","Evolution","Pinatas and Ponies","3","0","0","0","","2024-10-22 17:47:51","https://static.ptgaming.ph/images/2201049cfaa145de9e3d38e6c437dfb6.png","images/Evolution__Pinatas_and_Ponies__43183.png"
"43184","Evolution","Buffalo Mania MegaWays","3","0","0","0","","2024-10-22 17:49:56","https://static.ptgaming.ph/images/8fc0c7e95030fad323a66a3056095852.png","images/Evolution__Buffalo_Mania_MegaWays__43184.png"
"43185","Evolution","Bugsy’s Bar","3","0","0","0","","2024-10-22 17:50:15","https://static.ptgaming.ph/images/f3a28fd62093c050231f313991ebb0b4.png","images/Evolution__Bugsy_s_Bar__43185.png"
"43186","Evolution","Transylvania: Night Of Blood","3","0","0","0","","2024-10-22 17:51:00","https://static.ptgaming.ph/images/d65b65b27c5a6fb49d5d0e6eb2c63e62.png","images/Evolution__Transylvania_Night_Of_Blood__43186.png"
"43187","Evolution","Reel Keeper Power Reels","3","0","0","0","","2024-10-22 17:52:28","https://static.ptgaming.ph/images/abe89fc066fa9b66b92421bd9ad523c8.png","images/Evolution__Reel_Keeper_Power_Reels__43187.png"
"43188","Evolution","Magic Powers Megaways","3","0","0","0","","2024-10-22 17:53:03","https://static.ptgaming.ph/images/3e779dd36e8ef29fabbef4fef3cf1774.png","images/Evolution__Magic_Powers_Megaways__43188.png"
"43189","Evolution","Dream Destiny","3","0","0","0","","2024-10-22 17:55:18","https://static.ptgaming.ph/images/9286cf5f75c92deb430adaa1b18d8f6b.png","images/Evolution__Dream_Destiny__43189.png"
"43190","Evolution","Cyber Attack","3","0","0","0","","2024-10-22 17:57:00","https://static.ptgaming.ph/images/b8dbd8ffe15de107ed98e7726a9b379d.png","images/Evolution__Cyber_Attack__43190.png"
"43191","Evolution","Desert Legends Spins","3","0","0","0","","2024-10-22 17:57:19","https://static.ptgaming.ph/images/b57b3f8ca26f29788be3d59b5de52f7a.png","images/Evolution__Desert_Legends_Spins__43191.png"
"43194","Evolution","1942: Sky Warrior","3","0","0","0","","2024-10-22 17:59:28","https://static.ptgaming.ph/images/1bbd23f80783e6c12b006cbf74416600.png","images/Evolution__1942_Sky_Warrior__43194.png"
"43195","Evolution","Age of Akkadia","3","0","0","0","","2024-10-22 17:59:53","https://static.ptgaming.ph/images/5816f8c4f3d7b77c04ec3f0a3c8107c5.png","images/Evolution__Age_of_Akkadia__43195.png"
"43196","Evolution","Christmas Morning","3","0","0","0","","2024-10-22 18:54:04","https://static.ptgaming.ph/images/baf5ef096b3ca5148df6ca2734b67045.png","images/Evolution__Christmas_Morning__43196.png"
"43197","Evolution","Dynamite Riches Megaways","3","0","0","0","","2024-10-22 18:55:16","https://static.ptgaming.ph/images/da422566fdbe07f0fbb6c560e9546860.png","images/Evolution__Dynamite_Riches_Megaways__43197.png"
"43198","Evolution","Easy Gold","3","0","0","0","","2024-10-22 18:55:35","https://static.ptgaming.ph/images/1b839b324d834994498c62eb1ed8c6d1.png","images/Evolution__Easy_Gold__43198.png"
"43199","Evolution","Fortune House Power Reels","3","0","0","0","","2024-10-22 18:56:51","https://static.ptgaming.ph/images/3c16a920ff4b7278fb785678cc31b842.png","images/Evolution__Fortune_House_Power_Reels__43199.png"
"43200","Evolution","Hammer Gods","3","0","0","0","","2024-10-22 18:57:22","https://static.ptgaming.ph/images/dac70674e0fbaf140d21272a854408d1.png","images/Evolution__Hammer_Gods__43200.png"
"43201","Evolution","Harle Coin","3","0","0","0","","2024-10-22 19:00:17","https://static.ptgaming.ph/images/4ad118afe5adde0e4f5ce5dff7dbccfc.png","images/Evolution__Harle_Coin__43201.png"
"43202","Evolution","Joe Exotic","3","0","0","0","","2024-10-22 19:01:11","https://static.ptgaming.ph/images/2683659ed7589894a1013f67250bb93f.png","images/Evolution__Joe_Exotic__43202.png"
"43203","Evolution","Judgement Day Megaways","3","0","0","0","","2024-10-22 19:01:30","https://static.ptgaming.ph/images/ba4261ce6e8b1e8a102a238481eedf1e.png","images/Evolution__Judgement_Day_Megaways__43203.png"
"43204","Evolution","Magic Tricks","3","0","0","0","","2024-10-22 19:02:09","https://static.ptgaming.ph/images/ee10f669616e57582becc79cd8dfeb40.png","images/Evolution__Magic_Tricks__43204.png"
"43205","Evolution","NFT Megaways","3","0","0","0","","2024-10-22 19:03:07","https://static.ptgaming.ph/images/0ab6e0f23f773a9af2dbd827dc468943.png","images/Evolution__NFT_Megaways__43205.png"
"43206","Evolution","Night roller","3","0","0","0","","2024-10-22 19:03:22","https://static.ptgaming.ph/images/e876a3d9041766f40f929d761fc3c3e3.png","images/Evolution__Night_roller__43206.png"
"43207","Evolution","Spooky Carnival","3","0","0","0","","2024-10-22 19:05:54","https://static.ptgaming.ph/images/e9cd7734e298ce3650cdbb03e6145c1a.png","images/Evolution__Spooky_Carnival__43207.png"
"43208","Evolution","Sugarlicious EveryWay","3","0","0","0","","2024-10-22 19:06:29","https://static.ptgaming.ph/images/12973d71ee543c693bd47930dfff3260.png","images/Evolution__Sugarlicious_EveryWay__43208.png"
"43209","Evolution","The Wisecracker Lightning","3","0","0","0","","2024-10-22 19:06:46","https://static.ptgaming.ph/images/61eb7fdd86d7456bca31dbda7d67fd2f.png","images/Evolution__The_Wisecracker_Lightning__43209.png"
"43210","Evolution","Treasure Mine Power Reels","3","0","0","0","","2024-10-22 19:07:20","https://static.ptgaming.ph/images/f871986398e75e2cf71a0af1b43e5f14.png","images/Evolution__Treasure_Mine_Power_Reels__43210.png"
"43211","Evolution","Vault Cracker Megaways","3","0","0","0","","2024-10-22 19:07:37","https://static.ptgaming.ph/images/1c125843e51b6c66555dcc5853647b91.png","images/Evolution__Vault_Cracker_Megaways__43211.png"
"43212","Evolution","Well of Wilds Megaways","3","0","0","0","","2024-10-22 19:07:55","https://static.ptgaming.ph/images/b1c0ef8858eaa9b405ac6e6771eacc45.png","images/Evolution__Well_of_Wilds_Megaways__43212.png"
"43213","Evolution","Wild Expedition","3","0","0","0","","2024-10-22 19:08:13","https://static.ptgaming.ph/images/d241fed75b8b6818e384aeaea3570897.png","images/Evolution__Wild_Expedition__43213.png"
"43214","Evolution","Wild Hot Chilli Reels","3","0","0","0","","2024-10-22 19:08:33","https://static.ptgaming.ph/images/4f5f49366dda436749eded8f46eea3cf.png","images/Evolution__Wild_Hot_Chilli_Reels__43214.png"
"43215","Evolution","Year-Round Riches Clusterbuster","3","0","0","0","","2024-10-22 19:08:57","https://static.ptgaming.ph/images/0abf3238191a06d8d91af945631d593f.png","images/Evolution__Year-Round_Riches_Clusterbuster__43215.png"
"43216","Evolution","Sea Boat Adventure","3","0","0","0","","2024-10-22 19:10:17","https://static.ptgaming.ph/images/20761e4bbd2ff159bd90daedeb83fb9b.png","images/Evolution__Sea_Boat_Adventure__43216.png"
"43217","Evolution","Midnight Thirst","3","0","0","0","","2024-10-22 20:24:49","https://static.ptgaming.ph/images/699c036ff75cfb121974d882d3017f53.png","images/Evolution__Midnight_Thirst__43217.png"
"43218","Evolution","The Wild Kiss","3","0","0","0","","2024-10-22 20:25:27","https://static.ptgaming.ph/images/dac0e1ddc38088d166e1cb4a8efeec89.png","images/Evolution__The_Wild_Kiss__43218.png"
"43219","Evolution","DrFrancashstein","3","0","0","0","","2024-10-22 20:25:44","https://static.ptgaming.ph/images/d0f27606d6dba185a0da9611133eee28.png","images/Evolution__DrFrancashstein__43219.png"
"43220","Evolution","Don't Hit Plz","3","0","0","0","","2024-10-22 21:00:03","https://static.ptgaming.ph/images/5d833a7749b4be926679b3494c2d0e26.png","images/Evolution__Don_t_Hit_Plz__43220.png"
"43221","Evolution","Primate King MegaWays","3","0","0","0","","2024-10-22 21:00:28","https://static.ptgaming.ph/images/da47164d581a67f38f06d8d54416cb4c.png","images/Evolution__Primate_King_MegaWays__43221.png"
"43222","Evolution","Viking’s Legacy EveryWay™","3","0","0","0","","2024-10-22 21:21:59","https://static.ptgaming.ph/images/958cc1fd3312940b79826ea3d549ff67.png","images/Evolution__Viking_s_Legacy_EveryWay__43222.png"
"43223","Evolution","Fruit Flash","3","0","0","0","","2024-10-22 21:22:20","https://static.ptgaming.ph/images/2ab76204d343b3c1333a55ff64f22686.png","images/Evolution__Fruit_Flash__43223.png"
"43224","Evolution","Rainbow Jackpots MegaWays","3","0","0","0","","2024-10-22 21:22:39","https://static.ptgaming.ph/images/8f2a0cb81bf1891c2ad5e0de88ddc4ce.png","images/Evolution__Rainbow_Jackpots_MegaWays__43224.png"
"43225","Evolution","Emperor of India","3","0","0","0","","2024-10-22 21:23:43","https://static.ptgaming.ph/images/3a12f665e94781fbe658543db07bebb8.png","images/Evolution__Emperor_of_India__43225.png"
"43226","Evolution","Epic Treasure 2","3","0","0","0","","2024-10-22 22:00:05","https://static.ptgaming.ph/images/252260241bc6de7374581c0ff9a1192d.png","images/Evolution__Epic_Treasure_2__43226.png"
"43227","Evolution","Ultra Rich","3","0","0","0","","2024-10-22 22:01:14","https://static.ptgaming.ph/images/83b10ad49818fc927bbf9eb96f8a5a73.png","images/Evolution__Ultra_Rich__43227.png"
"43228","Evolution","Turtle Paradise","3","0","0","0","","2024-10-22 22:01:50","https://static.ptgaming.ph/images/4fcc08fbee5c3b19dfa858d911dcbf5f.png","images/Evolution__Turtle_Paradise__43228.png"
"43229","Evolution","Roman Emperors","3","0","0","0","","2024-10-22 22:03:46","https://static.ptgaming.ph/images/06ca2083d5d7a1c8cfcce1b5f309d4d5.png","images/Evolution__Roman_Emperors__43229.png"
"43230","Evolution","Hotline 2","3","0","0","0","","2024-10-23 09:35:32","https://static.ptgaming.ph/images/fa9f77071c6b03395686b83dd8f08ab5.png","images/Evolution__Hotline_2__43230.png"
"43231","Evolution","Irish Pot Luck","3","0","0","0","","2024-10-23 09:35:47","https://static.ptgaming.ph/images/19e32bb97725a1950a814591406744d7.png","images/Evolution__Irish_Pot_Luck__43231.png"
"43232","Evolution","Jimi Hendrix Online Slot","3","0","0","0","","2024-10-23 09:38:36","https://static.ptgaming.ph/images/49c5435783cdd982a8f46ad9fabc2dcb.png","images/Evolution__Jimi_Hendrix_Online_Slot__43232.png"
"43233","Evolution","Jingle Spin","3","0","0","0","","2024-10-23 09:39:02","https://static.ptgaming.ph/images/2540ccce6dbe3960aa2e737ca162bece.png","images/Evolution__Jingle_Spin__43233.png"
"43234","Evolution","King of 3 Kingdoms","3","0","0","0","","2024-10-23 09:40:08","https://static.ptgaming.ph/images/a240cfd94d625dacefa564b3960dc3fd.png","images/Evolution__King_of_3_Kingdoms__43234.png"
"43235","Evolution","Koi Princess","3","0","0","0","","2024-10-23 09:41:25","https://static.ptgaming.ph/images/166b98af99524337e142499690cb02f6.png","images/Evolution__Koi_Princess__43235.png"
"43236","Evolution","Lost Relics","3","0","0","0","","2024-10-23 09:42:37","https://static.ptgaming.ph/images/a8abe235cd272195e0a2d66ffb7c5afd.png","images/Evolution__Lost_Relics__43236.png"
"43237","Evolution","Moonshine Riches","3","0","0","0","","2024-10-23 09:43:37","https://static.ptgaming.ph/images/6e046fb13cbb5ddd0b2f9b1a85f2e530.png","images/Evolution__Moonshine_Riches__43237.png"
"43238","Evolution","Ozzy Osbourne video Slots","3","0","0","0","","2024-10-23 09:45:06","https://static.ptgaming.ph/images/b749bd8b44d040c838a9368ae7d41e1b.png","images/Evolution__Ozzy_Osbourne_video_Slots__43238.png"
"43239","Evolution","Piggy Riches","3","0","0","0","","2024-10-23 09:45:22","https://static.ptgaming.ph/images/e7f089bc2f4e0d165a8786a69b179417.png","images/Evolution__Piggy_Riches__43239.png"
"43240","Evolution","Pirate From the East","3","0","0","0","","2024-10-23 09:45:41","https://static.ptgaming.ph/images/d561c0b8995217da75b6c7d8573dcd74.png","images/Evolution__Pirate_From_the_East__43240.png"
"43241","Evolution","Rage of the Seas","3","0","0","0","","2024-10-23 09:46:15","https://static.ptgaming.ph/images/ca4902b46e99054c025f4e37c822c51b.png","images/Evolution__Rage_of_the_Seas__43241.png"
"43242","Evolution","Reel Rush 2","3","0","0","0","","2024-10-23 09:47:08","https://static.ptgaming.ph/images/db6a36d0c856970f7fb5a7d119ed3583.png","images/Evolution__Reel_Rush_2__43242.png"
"43243","Evolution","Riches of Midgard: Land and Expand","3","0","0","0","","2024-10-23 09:47:26","https://static.ptgaming.ph/images/cb72c635d4a6426247ddc4c65d686fc5.png","images/Evolution__Riches_of_Midgard_Land_and_Expand__43243.png"
"43244","Evolution","Rise of Maya","3","0","0","0","","2024-10-23 09:48:28","https://static.ptgaming.ph/images/2e3349d223e33c4114c97e91c60e67f5.png","images/Evolution__Rise_of_Maya__43244.png"
"43245","Evolution","Robin Hood: Shifting Riches","3","0","0","0","","2024-10-23 09:49:38","https://static.ptgaming.ph/images/3777bcc16c904ecee901331129e3b5f9.png","images/Evolution__Robin_Hood_Shifting_Riches__43245.png"
"43246","Evolution","Scruffy Duck","3","0","0","0","","2024-10-23 09:50:54","https://static.ptgaming.ph/images/d9453d34a3b4e051b295b57e8230c4db.png","images/Evolution__Scruffy_Duck__43246.png"
"43247","Evolution","Space Wars Megaways XXXtreme","3","0","0","0","","2024-10-23 09:55:48","https://static.ptgaming.ph/images/8c08c5c018ddc4cdda83c470c914db3e.png","images/Evolution__Space_Wars_Megaways_XXXtreme__43247.png"
"43248","Evolution","Starburst XXXtreme","3","0","0","0","","2024-10-23 09:57:17","https://static.ptgaming.ph/images/c33574109f9c4bcb55e055fd70739ab2.png","images/Evolution__Starburst_XXXtreme__43248.png"
"43249","Evolution","Super Striker","3","0","0","0","","2024-10-23 09:58:11","https://static.ptgaming.ph/images/d32c6003918fb2334ad984c323059e24.png","images/Evolution__Super_Striker__43249.png"
"43250","Evolution","Sweety Honey Fruity","3","0","0","0","","2024-10-23 09:58:27","https://static.ptgaming.ph/images/498f063a42272ceeba5eb7993c687141.png","images/Evolution__Sweety_Honey_Fruity__43250.png"
"43251","Evolution","The Legend of Shangri-La: Cluster Pays","3","0","0","0","","2024-10-23 10:00:36","https://static.ptgaming.ph/images/ddf621bfe9eda134b33ec3d47f31f6bf.png","images/Evolution__The_Legend_of_Shangri-La_Cluster_Pays__43251.png"
"43252","Evolution","Wild Turkey","3","0","0","0","","2024-10-23 10:06:46","https://static.ptgaming.ph/images/cb65e53deb6534f7dc25380c166fc273.png","images/Evolution__Wild_Turkey__43252.png"
"43253","Evolution","Wings of Riches","3","0","0","0","","2024-10-23 10:08:46","https://static.ptgaming.ph/images/0f638760ab17410326c86b5ebad8622e.png","images/Evolution__Wings_of_Riches__43253.png"
"43254","Evolution","Mermaids","3","0","0","0","","2024-10-23 10:10:17","https://static.ptgaming.ph/images/63de1078e9510cc5c807adeccd458ae9.png","images/Evolution__Mermaids__43254.png"
"44003","JILI","Crazy Hunter2","3","0","0","0","","2024-05-21 15:05:58","https://static.ptgaming.ph/images/15bb85380a6246b78cbfca4f58eacd41.png","images/JILI__Crazy_Hunter2__44003.png"
"44004","PragmaticPlay","Revenge of Loki Megaways","3","0","0","0","","2024-05-30 01:13:32","https://static.ptgaming.ph/images/aa4acbc4e096d1995d0418292c3173b1.png","images/PragmaticPlay__Revenge_of_Loki_Megaways__44004.png"
"44005","PragmaticPlay","Roulette","3","0","0","0","","2024-06-04 15:08:07","https://static.ptgaming.ph/images/0f8a12f4d50bb48da2ded8c1151474f1.png","images/PragmaticPlay__Roulette__44005.png"
"44010","PGSoft","Zombie Outbreak","3","0","0","0","","2024-06-11 21:11:16","https://static.ptgaming.ph/images/2051d8d041fbf322b6ab6f8857a61089.png","images/PGSoft__Zombie_Outbreak__44010.png"
"44013","FaChai","TOWER","3","0","0","0","","2024-06-19 15:30:08","https://static.ptgaming.ph/images/5aedf15538a5fdc4daf74959aab666a4.png","images/FaChai__TOWER__44013.png"
"44014","JDB","Dragon Soar - Hyper Wild","3","0","0","0","","2024-06-24 10:28:33","https://static.ptgaming.ph/images/8c81ed675b7c8b97896529054c968d63.png","images/JDB__Dragon_Soar_-_Hyper_Wild__44014.png"
"45006","Evolution","Baccarat B","3","0","0","0","","2024-07-23 16:56:44","https://static.ptgaming.ph/images/c1d728099a30731164c05580adad7985.png","images/Evolution__Baccarat_B__45006.png"
"45020","PGSoft","Wings of Iguazu","3","0","0","0","","2024-08-26 17:52:14","https://static.ptgaming.ph/images/8fc4e10b7c111f6e40306f129ebdac03.png","images/PGSoft__Wings_of_Iguazu__45020.png"
"45021","JILI","Fortune King Jackpot","3","0","0","0","10%包赔","2024-08-26 17:52:41","https://static.ptgaming.ph/images/43168898378a14bf15e741a1529924a1.png","images/JILI__Fortune_King_Jackpot__45021.png"
"45022","PragmaticPlay","Angel vs Sinner","3","0","0","0","","2024-09-02 00:12:16","https://static.ptgaming.ph/images/ae50dc2f5e99391b8e531c9c97b2742d.png","images/PragmaticPlay__Angel_vs_Sinner__45022.png"
"45025","JILI","Poseidon","3","0","0","0","","2024-09-12 15:24:18","https://static.ptgaming.ph/images/525a183e4a45b22ac504d9da15d836c8.png","images/JILI__Poseidon__45025.png"
"45026","JILI","Shōgun","3","0","0","0","","2024-09-12 16:25:44","https://static.ptgaming.ph/images/c25706c6ad52405ba819875287157f28.png","images/JILI__Sh_gun__45026.png"
"45030","Evolution","Salon Privé Blackjack M","3","0","0","0","","2024-09-20 13:14:47","https://static.ptgaming.ph/images/a1b94aa044486fc821b7a0523224e8f7.png","images/Evolution__Salon_Priv_Blackjack_M__45030.png"
"45031","RTG","Blackjack + Perfect Pairs","3","0","0","0","","2024-09-30 11:34:56","https://static.ptgaming.ph/images/104091401d488de5d33b0683f474b5bf.png","images/RTG__Blackjack_Perfect_Pairs__45031.png"
"45032","RTG","Lucky 7","3","0","0","0","","2024-09-30 11:35:28","https://static.ptgaming.ph/images/90706b2ab29305904e80e1a7a8de2620.png","images/RTG__Lucky_7__45032.png"
"45033","RTG","Andar Bahar","3","0","0","0","","2024-09-30 11:39:09","https://static.ptgaming.ph/images/d04a8e09b30357d8c11d7b510d493a38.png","images/RTG__Andar_Bahar__45033.png"
"45034","RTG","Teen Patti","3","0","0","0","","2024-09-30 11:40:39","https://static.ptgaming.ph/images/f9d7f1dd3a31fd0c283b943a5565110d.png","images/RTG__Teen_Patti__45034.png"
"45035","RTG","Lion's Lair","3","0","0","0","","2024-09-30 11:44:46","https://static.ptgaming.ph/images/45668056924be748d80a9eff3bbd1c23.png","images/RTG__Lion_s_Lair__45035.png"
"45036","RTG","Spooky Wins","3","0","0","0","","2024-09-30 11:55:54","https://static.ptgaming.ph/images/fa43e519fe1f4c99c795257ef76feaf6.png","images/RTG__Spooky_Wins__45036.png"
"45037","RTG","Dragon Feast","3","0","0","0","","2024-09-30 11:57:44","https://static.ptgaming.ph/images/09e4e6ec584ee2a3ff138edb0a69438d.png","images/RTG__Dragon_Feast__45037.png"
"45038","RTG","T-Rex Wild Attack","3","0","0","0","","2024-09-30 11:58:37","https://static.ptgaming.ph/images/8cbbdc07455bafd6c982d132a7c0191d.png","images/RTG__T-Rex_Wild_Attack__45038.png"
"45039","RTG","Planet of the 'Roos","3","0","0","0","","2024-09-30 11:59:45","https://static.ptgaming.ph/images/d8831881b6889fa882886a79e36b717d.png","images/RTG__Planet_of_the_Roos__45039.png"
"45040","RTG","Kong Fu","3","0","0","0","","2024-09-30 12:00:49","https://static.ptgaming.ph/images/34b3dba3ca87ab34b18a71d59c3f184a.png","images/RTG__Kong_Fu__45040.png"
"45041","RTG","Bass Baggin'","3","0","0","0","","2024-09-30 12:02:33","https://static.ptgaming.ph/images/1eb9cc2199eda5e28850d89ed4457386.png","images/RTG__Bass_Baggin__45041.png"
"45045","PragmaticPlay","Fortune Hit'n Roll","3","0","0","0","","2024-10-07 17:47:09","https://static.ptgaming.ph/images/a8d25c46c250b2d40bc33d2934d06618.png","images/PragmaticPlay__Fortune_Hit_n_Roll__45045.png"
"45046","PragmaticPlay","The Dog House - Muttley Crew","3","0","0","0","","2024-10-07 17:48:07","https://static.ptgaming.ph/images/e977b416f4d898adb28991b62cf0a2a8.png","images/PragmaticPlay__The_Dog_House_-_Muttley_Crew__45046.png"
"45047","PGSoft","Oishi Delights","3","0","0","0","","2024-10-07 17:53:33","https://static.ptgaming.ph/images/c4f3d7faebdd2c6afc8ab9b816a3a576.png","images/PGSoft__Oishi_Delights__45047.png"
"45048","PragmaticPlay","Privé Lounge Baccarat 1","3","0","0","0","","2024-10-08 09:08:06","https://static.ptgaming.ph/images/d2ca2c8bff06cdd0436f6826935e5372.png","images/PragmaticPlay__Priv_Lounge_Baccarat_1__45048.png"
"45049","PragmaticPlay","Privé Lounge Baccarat 6","3","0","0","0","","2024-10-08 09:09:40","https://static.ptgaming.ph/images/0cf85b2d8c730adec01a410d6ce925de.png","images/PragmaticPlay__Priv_Lounge_Baccarat_6__45049.png"
"45050","PragmaticPlay","Privé Lounge Baccarat 8","3","0","0","0","","2024-10-08 09:10:16","https://static.ptgaming.ph/images/c6c967853fb22194b32340c9b6d21270.png","images/PragmaticPlay__Priv_Lounge_Baccarat_8__45050.png"
"45052","JILI","Nightfall Hunting","3","0","0","0","","2024-10-15 11:00:14","https://static.ptgaming.ph/images/84543f19f2c5dd277e572da725735870.png","images/JILI__Nightfall_Hunting__45052.png"
"45053","PragmaticPlay","Release the Kraken Megaways™","3","0","0","0","","2024-10-15 11:00:41","https://static.ptgaming.ph/images/7812c89a441c8156e07c008573a27cc0.png","images/PragmaticPlay__Release_the_Kraken_Megaways__45053.png"
"45054","PragmaticPlay","Chests of Cai Shen","3","0","0","0","","2024-10-15 11:00:58","https://static.ptgaming.ph/images/78009b2a7ace224a1e396cf53dabbb80.png","images/PragmaticPlay__Chests_of_Cai_Shen__45054.png"
"45056","Evolution","Danger High Voltage","3","0","0","0","","2024-10-21 11:36:49","https://static.ptgaming.ph/images/6c3af84260ff6f93fa05f3f67621dbd9.png","images/Evolution__Danger_High_Voltage__45056.png"
"45057","Evolution","Chocolates","3","0","0","0","","2024-10-21 11:44:43","https://static.ptgaming.ph/images/03619dc142968bf93590363701718b81.png","images/Evolution__Chocolates__45057.png"
"45058","Evolution","Fizzy Pennyslot","3","0","0","0","","2024-10-21 11:49:05","https://static.ptgaming.ph/images/2871c8da0ad9ed4bb67ee19e5dc69d20.png","images/Evolution__Fizzy_Pennyslot__45058.png"
"45059","Evolution","Millionaire","3","0","0","0","","2024-10-21 11:49:18","https://static.ptgaming.ph/images/ac93899ad511780b6c846ff125af050b.png","images/Evolution__Millionaire__45059.png"
"45060","Evolution","Extra Chilli","3","0","0","0","","2024-10-21 11:50:13","https://static.ptgaming.ph/images/76b73312ba5abf65f945b030f539ef9d.png","images/Evolution__Extra_Chilli__45060.png"
"45061","Evolution","Fireworks Megaways","3","0","0","0","","2024-10-21 11:50:28","https://static.ptgaming.ph/images/a8b5b17a4690c4cd406857bb4ec275d7.png","images/Evolution__Fireworks_Megaways__45061.png"
"45062","Evolution","Christmas Bonanza","3","0","0","0","","2024-10-21 11:52:24","https://static.ptgaming.ph/images/df9bd7f1b20a073f4cce6943ff37357b.png","images/Evolution__Christmas_Bonanza__45062.png"
"45063","Evolution","Vegas Megaways","3","0","0","0","","2024-10-21 12:00:13","https://static.ptgaming.ph/images/ddfcf14f8c81c503c8ee336555865460.png","images/Evolution__Vegas_Megaways__45063.png"
"45064","Evolution","Millionaire Mystery Box","3","0","0","0","","2024-10-21 12:01:09","https://static.ptgaming.ph/images/4e7638589a1e539da501ff875a8bee77.png","images/Evolution__Millionaire_Mystery_Box__45064.png"
"45065","Evolution","Slot Vegas - Fully Loaded","3","0","0","0","","2024-10-21 12:01:13","https://static.ptgaming.ph/images/77cd356a9d129b2a39117b33f12de8eb.png","images/Evolution__Slot_Vegas_-_Fully_Loaded__45065.png"
"45066","Evolution","Rasputin Megaways","3","0","0","0","","2024-10-21 12:02:46","https://static.ptgaming.ph/images/452805749fa26b5484bf804739422483.png","images/Evolution__Rasputin_Megaways__45066.png"
"45067","Evolution","Pop","3","0","0","0","","2024-10-21 12:03:21","https://static.ptgaming.ph/images/a634ed606e7a2150808190bdf338da56.png","images/Evolution__Pop__45067.png"
"45068","Evolution","Pirate Pays","3","0","0","0","","2024-10-21 12:03:47","https://static.ptgaming.ph/images/bbcaebc0899f33722c032a21d53523b9.png","images/Evolution__Pirate_Pays__45068.png"
"45069","Evolution","Bonanza Falls","3","0","0","0","","2024-10-21 12:04:41","https://static.ptgaming.ph/images/1da2bdbcf984337dcaf2f3fe76e7af80.png","images/Evolution__Bonanza_Falls__45069.png"
"45070","Evolution","Outlaw","3","0","0","0","","2024-10-21 12:04:49","https://static.ptgaming.ph/images/b70287882ca9ce0645cc1b98d633c2ef.png","images/Evolution__Outlaw__45070.png"
"45071","Evolution","Millionaire Rush","3","0","0","0","","2024-10-21 12:06:29","https://static.ptgaming.ph/images/1d7b32e9f9d4d8b0b269a2e5d1abe034.png","images/Evolution__Millionaire_Rush__45071.png"
"45072","Evolution","Max Megaways","3","0","0","0","","2024-10-21 12:07:18","https://static.ptgaming.ph/images/e125e22d3bf466d4591121310d740c50.png","images/Evolution__Max_Megaways__45072.png"
"45073","Evolution","Lil Devil","3","0","0","0","","2024-10-21 12:07:43","https://static.ptgaming.ph/images/e8c318b6c1467b388a923a9aae6ac89f.png","images/Evolution__Lil_Devil__45073.png"
"45074","Evolution","Gold Megaways","3","0","0","0","","2024-10-21 12:08:12","https://static.ptgaming.ph/images/582dee14ebee948f109c3c7f1f394a0a.png","images/Evolution__Gold_Megaways__45074.png"
"45075","Evolution","Mental","3","0","0","0","","2024-10-22 11:57:03","https://static.ptgaming.ph/images/53373545423dd2c64c5b678dc2ebaf30.png","images/Evolution__Mental__45075.png"
"45076","Evolution","Misery Mining","3","0","0","0","","2024-10-22 11:58:38","https://static.ptgaming.ph/images/749b24d3b5de163b5952938682c80193.png","images/Evolution__Misery_Mining__45076.png"
"45077","Evolution","Book Of Shadows","3","0","0","0","","2024-10-22 11:59:34","https://static.ptgaming.ph/images/9b14953dbb223e93920f6985b7b6853b.png","images/Evolution__Book_Of_Shadows__45077.png"
"45078","Evolution","Buffalo Hunter","3","0","0","0","","2024-10-22 12:02:27","https://static.ptgaming.ph/images/2dff2212845b5006bd62ed3499748b1e.png","images/Evolution__Buffalo_Hunter__45078.png"
"45079","Evolution","Barbarian Fury","3","0","0","0","","2024-10-22 12:07:38","https://static.ptgaming.ph/images/3976954f5fdbefa9f35a709ad2451668.png","images/Evolution__Barbarian_Fury__45079.png"
"45080","Evolution","Bushido Ways xNudge","3","0","0","0","","2024-10-22 12:08:36","https://static.ptgaming.ph/images/8b701e36ead4d7a840eec13c6595294b.png","images/Evolution__Bushido_Ways_xNudge__45080.png"
"45081","Evolution","Road Rage","3","0","0","0","","2024-10-22 12:09:49","https://static.ptgaming.ph/images/2812042f4a40b32d9fe37624f5e53936.png","images/Evolution__Road_Rage__45081.png"
"45082","Evolution","Mayan Magic Wildfire","3","0","0","0","","2024-10-22 12:13:51","https://static.ptgaming.ph/images/c4c8d80313a5a51a4fdcc0e7909ab702.png","images/Evolution__Mayan_Magic_Wildfire__45082.png"
"45083","Evolution","El Paso Gunfight xNudge","3","0","0","0","","2024-10-22 12:14:50","https://static.ptgaming.ph/images/0252a25e4141d74bc353932298587a01.png","images/Evolution__El_Paso_Gunfight_xNudge__45083.png"
"45084","Evolution","Zeus Lightning Power Reels","3","0","0","0","","2024-10-22 12:28:47","https://static.ptgaming.ph/images/16d7c6eeb79d990865f1a9c9176b306c.png","images/Evolution__Zeus_Lightning_Power_Reels__45084.png"
"45085","Evolution","Rainbow Jackpots Power Lines","3","0","0","0","","2024-10-22 12:36:16","https://static.ptgaming.ph/images/14e518d9777a3f82315bef5128d1c9ea.png","images/Evolution__Rainbow_Jackpots_Power_Lines__45085.png"
"45086","Evolution","Gems Gone Wild Power Reels","3","0","0","0","","2024-10-22 12:46:31","https://static.ptgaming.ph/images/4b8a7d951500bb7ecee4dd4e79364b2d.png","images/Evolution__Gems_Gone_Wild_Power_Reels__45086.png"
"45088","Evolution","Piggy Riches Megaways","3","0","0","0","","2024-10-22 12:48:48","https://static.ptgaming.ph/images/817e0bfefc4f2deb2929306498f16186.png","images/Evolution__Piggy_Riches_Megaways__45088.png"
"45089","Evolution","101 Candies","3","0","0","0","","2024-10-22 13:01:20","https://static.ptgaming.ph/images/c0d420cd7f17a8e3374dbdff0784a0a4.png","images/Evolution__101_Candies__45089.png"
"45092","Evolution","Superstars","3","0","0","0","","2024-10-22 13:14:22","https://static.ptgaming.ph/images/493af955825139414a26219664279d73.png","images/Evolution__Superstars__45092.png"
"45094","Evolution","Fruit Shop","3","0","0","0","","2024-10-22 13:16:10","https://static.ptgaming.ph/images/df062a70d98fd374facd1ba6b576766d.png","images/Evolution__Fruit_Shop__45094.png"
"45095","Evolution","Gordon Ramsay Hell’s Kitchen","3","0","0","0","","2024-10-22 13:19:21","https://static.ptgaming.ph/images/d33e74661edba8759310aeff3befa7c5.png","images/Evolution__Gordon_Ramsay_Hell_s_Kitchen__45095.png"
"45096","Evolution","Blood Suckers","3","0","0","0","","2024-10-22 13:31:23","https://static.ptgaming.ph/images/73c6be6f7d8adf63078a3cbc801e1f56.png","images/Evolution__Blood_Suckers__45096.png"
"45097","Evolution","Guns N' Roses Video Slots","3","0","0","0","","2024-10-22 13:39:54","https://static.ptgaming.ph/images/76633be35f82a6d75247c2a372de9941.png","images/Evolution__Guns_N_Roses_Video_Slots__45097.png"
"45098","Evolution","Jack Hammer","3","0","0","0","","2024-10-22 13:41:35","https://static.ptgaming.ph/images/c8d7ce4e6587d92556fa53d91116058d.png","images/Evolution__Jack_Hammer__45098.png"
"45099","Evolution","Reel Rush","3","0","0","0","","2024-10-22 13:42:45","https://static.ptgaming.ph/images/9726396860c756316d0d56014408b78b.png","images/Evolution__Reel_Rush__45099.png"
"45100","Evolution","Reef Raider","3","0","0","0","","2024-10-22 13:45:59","https://static.ptgaming.ph/images/e219bcf59bc39da184d056ef39fe1d71.png","images/Evolution__Reef_Raider__45100.png"
"45101","Evolution","Wonders of Christmas","3","0","0","0","","2024-10-22 13:48:35","https://static.ptgaming.ph/images/c2796cd70797fa55f157d1452822ffb6.png","images/Evolution__Wonders_of_Christmas__45101.png"
"45102","Evolution","Cupcakes","3","0","0","0","","2024-10-22 13:49:18","https://static.ptgaming.ph/images/e300ae9ef937d5a4ba8011101c4ef04d.png","images/Evolution__Cupcakes__45102.png"
"45103","Evolution","Let It Burn","3","0","0","0","","2024-10-22 13:50:03","https://static.ptgaming.ph/images/fda3f209a903493dfff29521e23d4491.png","images/Evolution__Let_It_Burn__45103.png"
"45104","Evolution","Buckshot Wilds","3","0","0","0","","2024-10-22 13:53:31","https://static.ptgaming.ph/images/24147ebe32829d49a7586a6c9e618e3b.png","images/Evolution__Buckshot_Wilds__45104.png"
"45105","Evolution","Don’t eat the Candy","3","0","0","0","","2024-10-22 13:54:14","https://static.ptgaming.ph/images/19ec128e8120d293cddadaf9aa61f459.png","images/Evolution__Don_t_eat_the_Candy__45105.png"
"45106","Evolution","Fruit Shop Frenzy","3","0","0","0","","2024-10-22 13:57:17","https://static.ptgaming.ph/images/00572c844ff1eb045d5740452e6527dc.png","images/Evolution__Fruit_Shop_Frenzy__45106.png"
"45107","Evolution","Jingle Bells Bonanza","3","0","0","0","","2024-10-22 13:59:48","https://static.ptgaming.ph/images/6714aafaf8f2e70afe88aa156c56ccfd.png","images/Evolution__Jingle_Bells_Bonanza__45107.png"
"45108","Evolution","Wild Turkey Megaways","3","0","0","0","","2024-10-22 14:14:15","https://static.ptgaming.ph/images/0bba43c36f1cb51d5e0398555ef77983.png","images/Evolution__Wild_Turkey_Megaways__45108.png"
"45109","Evolution","Cursed treasure","3","0","0","0","","2024-10-22 15:01:50","https://static.ptgaming.ph/images/8427c082ee3aaf19c244dc07d4175133.png","images/Evolution__Cursed_treasure__45109.png"
"45110","Evolution","Leprechaun Joy™","3","0","0","0","","2024-10-22 15:04:01","https://static.ptgaming.ph/images/4e0e917ebda89ee2d0b0e8d1395b8aa3.png","images/Evolution__Leprechaun_Joy__45110.png"
"45111","Evolution","Lock and Pop","3","0","0","0","","2024-10-22 15:06:35","https://static.ptgaming.ph/images/cec68d2650c697df3105fb83646b99f6.png","images/Evolution__Lock_and_Pop__45111.png"
"45112","Evolution","Big Money Wheel","3","0","0","0","","2024-10-22 15:07:18","https://static.ptgaming.ph/images/eee1350ca78ce41f3665166927963ab1.png","images/Evolution__Big_Money_Wheel__45112.png"
"45113","Evolution","Royal Nuts","3","0","0","0","","2024-10-22 15:08:49","https://static.ptgaming.ph/images/4a1a70845da0af906505918c2ff83ecb.png","images/Evolution__Royal_Nuts__45113.png"
"45114","Evolution","Arcane: Reel Chaos","3","0","0","0","","2024-10-22 15:14:05","https://static.ptgaming.ph/images/ef85e096f52ebb1dfeb16a349fd10778.png","images/Evolution__Arcane_Reel_Chaos__45114.png"
"45115","Evolution","Bee Hive Bonanza","3","0","0","0","","2024-10-22 15:15:58","https://static.ptgaming.ph/images/8bb475677a51ed6a63078e56294936dc.png","images/Evolution__Bee_Hive_Bonanza__45115.png"
"45116","Evolution","Butterfly Staxx 2","3","0","0","0","","2024-10-22 15:19:03","https://static.ptgaming.ph/images/4180442e613598a9626f154875890e7a.png","images/Evolution__Butterfly_Staxx_2__45116.png"
"45117","Evolution","Cash-o-Matic","3","0","0","0","","2024-10-22 15:20:14","https://static.ptgaming.ph/images/3a2735d52c3692ca9b9ded9e2bec6a63.png","images/Evolution__Cash-o-Matic__45117.png"
"45118","Evolution","Copy Cats","3","0","0","0","","2024-10-22 15:22:16","https://static.ptgaming.ph/images/86ec88fb22d6755dbd9169744c580a6b.png","images/Evolution__Copy_Cats__45118.png"
"45120","Evolution","Evil Goblins xBomb","3","0","0","0","","2024-10-22 15:43:58","https://static.ptgaming.ph/images/4bfc0ddb6bc53d796041a730638ec8fa.png","images/Evolution__Evil_Goblins_xBomb__45120.png"
"45121","Evolution","Gaelic Gold","3","0","0","0","","2024-10-22 15:47:01","https://static.ptgaming.ph/images/7d5f4a422a6169660d94a1d04246d762.png","images/Evolution__Gaelic_Gold__45121.png"
"45122","Evolution","Immortal Fruits","3","0","0","0","","2024-10-22 15:49:07","https://static.ptgaming.ph/images/5005476a53de4fab52457388eb0f63d7.png","images/Evolution__Immortal_Fruits__45122.png"
"45123","Evolution","Karen Maneater","3","0","0","0","","2024-10-22 15:49:48","https://static.ptgaming.ph/images/ff6dcf08090b08961a108c8548bdb7e7.png","images/Evolution__Karen_Maneater__45123.png"
"45124","Evolution","Legion X","3","0","0","0","","2024-10-22 15:50:36","https://static.ptgaming.ph/images/8ae53f462c3708034faa64bf43a566aa.png","images/Evolution__Legion_X__45124.png"
"45125","Evolution","Milky Ways","3","0","0","0","","2024-10-22 15:55:08","https://static.ptgaming.ph/images/50af37cd956c96562377131a48882d99.png","images/Evolution__Milky_Ways__45125.png"
"45126","Evolution","Pearl Harbor","3","0","0","0","","2024-10-22 15:57:00","https://static.ptgaming.ph/images/d96efb7462b8689bfc38d61e548163f4.png","images/Evolution__Pearl_Harbor__45126.png"
"45127","Evolution","Starstruck","3","0","0","0","","2024-10-22 16:00:48","https://static.ptgaming.ph/images/174021234525dff0e3e325618194fc45.png","images/Evolution__Starstruck__45127.png"
"45128","Evolution","Tomb of Nefertiti","3","0","0","0","","2024-10-22 16:03:30","https://static.ptgaming.ph/images/b437b542809b38ab8b1b01a0c6e51a65.png","images/Evolution__Tomb_of_Nefertiti__45128.png"
"45129","Evolution","True Grit Redemption","3","0","0","0","","2024-10-22 16:04:54","https://static.ptgaming.ph/images/85107d923a5f2b7400d4bf459a6076f9.png","images/Evolution__True_Grit_Redemption__45129.png"
"45130","Evolution","Walk Of Shame","3","0","0","0","","2024-10-22 16:05:15","https://static.ptgaming.ph/images/b592bcc772048fe5053a82e177a06d83.png","images/Evolution__Walk_Of_Shame__45130.png"
"45131","Evolution","Warrior Graveyard xNudge","3","0","0","0","","2024-10-22 16:05:35","https://static.ptgaming.ph/images/355ce32c1ba68fbcd0825cde1ad0dfff.png","images/Evolution__Warrior_Graveyard_xNudge__45131.png"
"45132","Evolution","DJ Psycho","3","0","0","0","","2024-10-22 16:09:29","https://static.ptgaming.ph/images/27e3ce87c0d7e21bb9345d2d90f4a83d.png","images/Evolution__DJ_Psycho__45132.png"
"45133","Evolution","The Cage","3","0","0","0","","2024-10-22 16:16:45","https://static.ptgaming.ph/images/fd09e49a181fc0d6fb98bfaf304b9345.png","images/Evolution__The_Cage__45133.png"
"45134","Evolution","Jingle Balls","3","0","0","0","","2024-10-22 16:19:33","https://static.ptgaming.ph/images/a9f43be075db8fd1da624356bd2fc348.png","images/Evolution__Jingle_Balls__45134.png"
"45135","Evolution","Roadkill","3","0","0","0","","2024-10-22 16:21:39","https://static.ptgaming.ph/images/dd36d822af109a62b9acd79fa73cc8b1.png","images/Evolution__Roadkill__45135.png"
"45136","Evolution","Ugliest Catch","3","0","0","0","","2024-10-22 16:22:18","https://static.ptgaming.ph/images/e2fb4c091db8a985e3ee47989add2be3.png","images/Evolution__Ugliest_Catch__45136.png"
"45137","Evolution","Tombstone No Mercy","3","0","0","0","","2024-10-22 16:23:58","https://static.ptgaming.ph/images/80e13320c9cac9262d8b27dff2f0fa94.png","images/Evolution__Tombstone_No_Mercy__45137.png"
"45138","Evolution","Loner","3","0","0","0","","2024-10-22 16:27:33","https://static.ptgaming.ph/images/719b7ee2762974d805b8bc82da459545.png","images/Evolution__Loner__45138.png"
"45139","Evolution","Punk Rocker 2","3","0","0","0","","2024-10-22 16:29:45","https://static.ptgaming.ph/images/4bda95fa4d5e1cc1e5935068ab1a2cbf.png","images/Evolution__Punk_Rocker_2__45139.png"
"45140","Evolution","Stockholm Syndrome","3","0","0","0","","2024-10-22 16:30:27","https://static.ptgaming.ph/images/c7b16590e23d9b267863831eed05a491.png","images/Evolution__Stockholm_Syndrome__45140.png"
"45141","Evolution","Skake or Die","3","0","0","0","","2024-10-22 16:31:06","https://static.ptgaming.ph/images/4a7a75684e23e6d50cc65cdc6ee2c271.png","images/Evolution__Skake_or_Die__45141.png"
"45142","Evolution","Disco Danny","3","0","0","0","","2024-10-22 17:01:28","https://static.ptgaming.ph/images/1ed4e4e0deb6c4f8a66c21761048b898.png","images/Evolution__Disco_Danny__45142.png"
"45143","Evolution","4Squad","3","0","0","0","","2024-10-22 17:03:32","https://static.ptgaming.ph/images/b4e98183e6c8fbe59535414d2d0812e7.png","images/Evolution__4Squad__45143.png"
"45144","Evolution","5 Families","3","0","0","0","","2024-10-22 17:03:59","https://static.ptgaming.ph/images/b79eebf24c79d18584bb87a09e68ae64.png","images/Evolution__5_Families__45144.png"
"45145","Evolution","Betty, Boris and Boo","3","0","0","0","","2024-10-22 17:06:53","https://static.ptgaming.ph/images/030ce66ab39f0baa9d6caf2e60b5a194.png","images/Evolution__Betty_Boris_and_Boo__45145.png"
"45146","Evolution","Dragon's Fire Megaways","3","0","0","0","","2024-10-22 17:10:37","https://static.ptgaming.ph/images/ef0160c3fe49c2d5d520835f452a4b06.png","images/Evolution__Dragon_s_Fire_Megaways__45146.png"
"45147","Evolution","Flowers","3","0","0","0","","2024-10-22 17:12:40","https://static.ptgaming.ph/images/5cc8e2c6be2e70fc39f06d8f9ce3d94e.png","images/Evolution__Flowers__45147.png"
"45148","Evolution","Flowers Christmas Edition","3","0","0","0","","2024-10-22 17:13:32","https://static.ptgaming.ph/images/10d02ce5168e66c792b13389fdab2ead.png","images/Evolution__Flowers_Christmas_Edition__45148.png"
"45149","Evolution","Football: Champions Cup","3","0","0","0","","2024-10-22 17:14:13","https://static.ptgaming.ph/images/82bb44e4210aa1be75aa08a3a1680a00.png","images/Evolution__Football_Champions_Cup__45149.png"
"45150","Evolution","Golden Leprechaun MegaWays","3","0","0","0","","2024-10-22 17:17:14","https://static.ptgaming.ph/images/2bee5ce6bdfe5fc38ccdec35db6633e7.png","images/Evolution__Golden_Leprechaun_MegaWays__45150.png"
"45151","Evolution","Fruit Case","3","0","0","0","","2024-10-22 17:17:16","https://static.ptgaming.ph/images/2f5e570a11a5250c77d40fa61db7ca03.png","images/Evolution__Fruit_Case__45151.png"
"45152","Evolution","Fruit Shop Christmas Edition","3","0","0","0","","2024-10-22 17:17:53","https://static.ptgaming.ph/images/38f481a861013931e9fcdf2562791420.png","images/Evolution__Fruit_Shop_Christmas_Edition__45152.png"
"45153","Evolution","Golden Tsar","3","0","0","0","","2024-10-22 17:17:59","https://static.ptgaming.ph/images/8f9470154f10cd118070cb67bf627062.png","images/Evolution__Golden_Tsar__45153.png"
"45154","Evolution","Jingle Bells Power Reels","3","0","0","0","","2024-10-22 17:19:30","https://static.ptgaming.ph/images/98a43253da218175820eddab1c6c189f.png","images/Evolution__Jingle_Bells_Power_Reels__45154.png"
"45155","Evolution","Legend Of Athena","3","0","0","0","","2024-10-22 17:19:51","https://static.ptgaming.ph/images/ff680fd2f9b3060dad143271660c3830.png","images/Evolution__Legend_Of_Athena__45155.png"
"45156","Evolution","Ghost Pirates","3","0","0","0","","2024-10-22 17:20:27","https://static.ptgaming.ph/images/94818b254fe765c78c6c5cd0511c1021.png","images/Evolution__Ghost_Pirates__45156.png"
"45157","Evolution","Lucky Oktoberfest","3","0","0","0","","2024-10-22 17:21:03","https://static.ptgaming.ph/images/5a15a58b7c869c25d9bd1486533eb489.png","images/Evolution__Lucky_Oktoberfest__45157.png"
"45158","Evolution","Pirates' Plenty Battle for Gold","3","0","0","0","","2024-10-22 17:24:25","https://static.ptgaming.ph/images/f3516b2404585b68e7d2228d3623074e.png","images/Evolution__Pirates_Plenty_Battle_for_Gold__45158.png"
"45159","Evolution","Regal Beasts","3","0","0","0","","2024-10-22 17:25:15","https://static.ptgaming.ph/images/b2b07744d6dbe583b2b065777940080c.png","images/Evolution__Regal_Beasts__45159.png"
"45160","Evolution","Gonzo's Quest","3","0","0","0","","2024-10-22 17:26:39","https://static.ptgaming.ph/images/83a5e1706443c71b36eb8a314464d05d.png","images/Evolution__Gonzo_s_Quest__45160.png"
"45161","Evolution","The Wild Hatter","3","0","0","0","","2024-10-22 17:28:13","https://static.ptgaming.ph/images/ad0701e226c6b45f4c0d4c764c206392.png","images/Evolution__The_Wild_Hatter__45161.png"
"45162","Evolution","Thor's vengeance","3","0","0","0","","2024-10-22 17:28:37","https://static.ptgaming.ph/images/f90d11ac21d1489b4a762f2b6059392d.png","images/Evolution__Thor_s_vengeance__45162.png"
"45163","Evolution","10001 Nights Mega Ways","3","0","0","0","","2024-10-22 17:32:27","https://static.ptgaming.ph/images/90a5bc268b55d2f199052599ad4e295e.png","images/Evolution__10001_Nights_Mega_Ways__45163.png"
"45164","Evolution","Bulls Run Wild","3","0","0","0","","2024-10-22 17:34:35","https://static.ptgaming.ph/images/ebbfae4add57399c69ee1370292d4814.png","images/Evolution__Bulls_Run_Wild__45164.png"
"45165","Evolution","Flodder","3","0","0","0","","2024-10-22 17:37:42","https://static.ptgaming.ph/images/581a50c659f929120867bf3dabcbc32c.png","images/Evolution__Flodder__45165.png"
"45166","Evolution","Get the Gold INFINIREELS","3","0","0","0","","2024-10-22 17:38:29","https://static.ptgaming.ph/images/5f4d6b8f1024f97883feedddc4103355.png","images/Evolution__Get_the_Gold_INFINIREELS__45166.png"
"45167","Evolution","Great Gold","3","0","0","0","","2024-10-22 17:40:39","https://static.ptgaming.ph/images/b8c540df7a553e88726ad3d29f373920.png","images/Evolution__Great_Gold__45167.png"
"45168","Evolution","Last Chance Saloon","3","0","0","0","","2024-10-22 17:41:02","https://static.ptgaming.ph/images/5577755884f5d70c3c4ded94b626357d.png","images/Evolution__Last_Chance_Saloon__45168.png"
"45169","Evolution","Tricks and Treats","3","0","0","0","","2024-10-22 17:45:34","https://static.ptgaming.ph/images/35fb6dc4cfab28e8e6a57a52b126df96.png","images/Evolution__Tricks_and_Treats__45169.png"
"45170","Evolution","Stolen Treasures","3","0","0","0","","2024-10-22 17:45:51","https://static.ptgaming.ph/images/3b3a45521e02664d475a19f8dca560d3.png","images/Evolution__Stolen_Treasures__45170.png"
"45171","Evolution","Shadow Society","3","0","0","0","","2024-10-22 17:46:08","https://static.ptgaming.ph/images/4d2ada952db0d631c5d5682bd766a957.png","images/Evolution__Shadow_Society__45171.png"
"45172","Evolution","Athens MegaWays","3","0","0","0","","2024-10-22 17:46:26","https://static.ptgaming.ph/images/5f6ea5492510adccaec73160869a2ae0.png","images/Evolution__Athens_MegaWays__45172.png"
"45173","Evolution","In the Rabbit Hole","3","0","0","0","","2024-10-22 17:46:42","https://static.ptgaming.ph/images/a1fa41a7b1bc78dbed088bed6f216911.png","images/Evolution__In_the_Rabbit_Hole__45173.png"
"45174","Evolution","Santa Spins","3","0","0","0","","2024-10-22 17:47:18","https://static.ptgaming.ph/images/e6c662da85ec943d6870da2cd2a72176.png","images/Evolution__Santa_Spins__45174.png"
"45175","Evolution","Ancient Disco","3","0","0","0","","2024-10-22 17:49:00","https://static.ptgaming.ph/images/cc135eb3e10cf01fde1b6f43f1e88f91.png","images/Evolution__Ancient_Disco__45175.png"
"45176","Evolution","Peggy Sweets","3","0","0","0","","2024-10-22 17:49:23","https://static.ptgaming.ph/images/34b2def46146f3abf658cb3546d0d3e1.png","images/Evolution__Peggy_Sweets__45176.png"
"45177","Evolution","Blobsters ClusterBuster","3","0","0","0","","2024-10-22 17:49:39","https://static.ptgaming.ph/images/097b60edd8d9af4634c313539dd6b33b.png","images/Evolution__Blobsters_ClusterBuster__45177.png"
"45178","Evolution","Happy Apples","3","0","0","0","","2024-10-22 17:50:31","https://static.ptgaming.ph/images/3d932593f8f4b4c99719d74b6a93a04a.png","images/Evolution__Happy_Apples__45178.png"
"45179","Evolution","Red Hot BBQ","3","0","0","0","","2024-10-22 17:52:44","https://static.ptgaming.ph/images/73afd03d696086b8765b20e3b23ed2bf.png","images/Evolution__Red_Hot_BBQ__45179.png"
"45180","Evolution","Cotton Gang Affair","3","0","0","0","","2024-10-22 17:53:19","https://static.ptgaming.ph/images/e41730951cbec836c5b62ef21b379597.png","images/Evolution__Cotton_Gang_Affair__45180.png"
"45181","Evolution","Alexander The Great","3","0","0","0","","2024-10-22 17:54:23","https://static.ptgaming.ph/images/f17b94b352e3517fe5bed3725721af3f.png","images/Evolution__Alexander_The_Great__45181.png"
"45182","Evolution","Wanted Wildz","3","0","0","0","","2024-10-22 17:55:49","https://static.ptgaming.ph/images/a5ffbcf627a22dc818a1c47dc9bcd6ec.png","images/Evolution__Wanted_Wildz__45182.png"
"45183","Evolution","Jelly Multihops","3","0","0","0","","2024-10-22 17:56:12","https://static.ptgaming.ph/images/e8ee459609338d4f4ed614b71ffda3fb.png","images/Evolution__Jelly_Multihops__45183.png"
"45184","Evolution","Gems Inferno Megaways","3","0","0","0","","2024-10-22 17:56:44","https://static.ptgaming.ph/images/02955c267547b6f0bc1ee8a8365d2540.png","images/Evolution__Gems_Inferno_Megaways__45184.png"
"45185","Evolution","Beriched","3","0","0","0","","2024-10-22 18:53:41","https://static.ptgaming.ph/images/2d7bdcbc66b55b93cae30717c53bb417.png","images/Evolution__Beriched__45185.png"
"45186","Evolution","Dracula Awakening","3","0","0","0","","2024-10-22 18:54:25","https://static.ptgaming.ph/images/d604c127487a2c2d2931b1b6dd9d3f86.png","images/Evolution__Dracula_Awakening__45186.png"
"45187","Evolution","Giga Blast","3","0","0","0","","2024-10-22 18:57:06","https://static.ptgaming.ph/images/e533d8fad9ccfc06f6d1864206114f4a.png","images/Evolution__Giga_Blast__45187.png"
"45188","Evolution","Here Kitty Kitty","3","0","0","0","","2024-10-22 19:00:36","https://static.ptgaming.ph/images/f6133c7fc4b3a23fff4c20051658f443.png","images/Evolution__Here_Kitty_Kitty__45188.png"
"45189","Evolution","Hot Hot Chilli Pot","3","0","0","0","","2024-10-22 19:00:54","https://static.ptgaming.ph/images/503117756520542f3b746000688115de.png","images/Evolution__Hot_Hot_Chilli_Pot__45189.png"
"45190","Evolution","Neon Links","3","0","0","0","","2024-10-22 19:02:44","https://static.ptgaming.ph/images/66e00e755e842cfaf9d8317c16a4985a.png","images/Evolution__Neon_Links__45190.png"
"45191","Evolution","Pirates' Plenty MegaWays","3","0","0","0","","2024-10-22 19:04:06","https://static.ptgaming.ph/images/e681391e1c65ca1b3aba7efa17251d4d.png","images/Evolution__Pirates_Plenty_MegaWays__45191.png"
"45192","Evolution","Primate King","3","0","0","0","","2024-10-22 19:04:22","https://static.ptgaming.ph/images/7a953819fe171d286fe541930c069825.png","images/Evolution__Primate_King__45192.png"
"45193","Evolution","Reptizillions Power Reels","3","0","0","0","","2024-10-22 19:04:37","https://static.ptgaming.ph/images/5b571f06511f115d5abbffd243e4ce75.png","images/Evolution__Reptizillions_Power_Reels__45193.png"
"45194","Evolution","Shah Mat","3","0","0","0","","2024-10-22 19:05:11","https://static.ptgaming.ph/images/265af214f18646fe2f138271a06c9d9e.png","images/Evolution__Shah_Mat__45194.png"
"45196","Evolution","Sugar Monster","3","0","0","0","","2024-10-22 19:06:09","https://static.ptgaming.ph/images/62f775f9b03e71ac6dfd0257c5366251.png","images/Evolution__Sugar_Monster__45196.png"
"45197","Evolution","Nightmare Family MegaWays™","3","0","0","0","","2024-10-22 19:09:16","https://static.ptgaming.ph/images/0ee1154f491d9ca6788b3b52793e22ad.png","images/Evolution__Nightmare_Family_MegaWays__45197.png"
"45198","Evolution","Wanted Wildz Extreme","3","0","0","0","","2024-10-22 19:09:33","https://static.ptgaming.ph/images/9a4ba549523e1ff064599e05d96c1a8f.png","images/Evolution__Wanted_Wildz_Extreme__45198.png"
"45199","Evolution","Clover Craze","3","0","0","0","","2024-10-22 19:10:36","https://static.ptgaming.ph/images/55ce8081da9455f2ff2aa52e370922f4.png","images/Evolution__Clover_Craze__45199.png"
"45200","Evolution","777 Super Strike","3","0","0","0","","2024-10-22 20:24:21","https://static.ptgaming.ph/images/5d96027c9f5925456698bb075fe1873e.png","images/Evolution__777_Super_Strike__45200.png"
"45201","Evolution","Fishtastic","3","0","0","0","","2024-10-22 20:28:04","https://static.ptgaming.ph/images/af277c5e0f2fd95030a538e6c51fc0e7.png","images/Evolution__Fishtastic__45201.png"
"45202","Evolution","Gold Mine Mistress","3","0","0","0","","2024-10-22 21:01:26","https://static.ptgaming.ph/images/2fca5e7c8aec8dde078ddc3e7f73054e.png","images/Evolution__Gold_Mine_Mistress__45202.png"
"45203","Evolution","Cannonball Cash","3","0","0","0","","2024-10-22 21:23:20","https://static.ptgaming.ph/images/5fb40b4618faf911f65ec51595c76f04.png","images/Evolution__Cannonball_Cash__45203.png"
"45204","Evolution","Piggy Riches 2 MegaWays","3","0","0","0","","2024-10-22 21:24:02","https://static.ptgaming.ph/images/4403d48b680932bac63821c4b99fa9eb.png","images/Evolution__Piggy_Riches_2_MegaWays__45204.png"
"45205","Evolution","Purr Power","3","0","0","0","","2024-10-22 21:24:22","https://static.ptgaming.ph/images/b03f2ea281c90c226ad0ff0155304a03.png","images/Evolution__Purr_Power__45205.png"
"45206","Evolution","Diamond Blitz 2","3","0","0","0","","2024-10-22 22:01:31","https://static.ptgaming.ph/images/9e1f850b4f0fded757c084542e888fb8.png","images/Evolution__Diamond_Blitz_2__45206.png"
"45207","Evolution","Egypt Clusterbuster","3","0","0","0","","2024-10-22 22:03:25","https://static.ptgaming.ph/images/17057b06300e8cde7bafc1c1a45229b7.png","images/Evolution__Egypt_Clusterbuster__45207.png"
"45208","Evolution","Grand Spinn","3","0","0","0","","2024-10-23 09:33:41","https://static.ptgaming.ph/images/30b9d5e5a6abdfec20e0c4890cfe28d7.png","images/Evolution__Grand_Spinn__45208.png"
"45209","Evolution","Halloween Jack","3","0","0","0","","2024-10-23 09:34:05","https://static.ptgaming.ph/images/d420f1a56863e26e91b4b66ac0f940b7.png","images/Evolution__Halloween_Jack__45209.png"
"45210","Evolution","Happy Riches","3","0","0","0","","2024-10-23 09:34:23","https://static.ptgaming.ph/images/f02fcc44d57361b5832d21bfa523140e.png","images/Evolution__Happy_Riches__45210.png"
"45211","Evolution","Hook's Heroes","3","0","0","0","","2024-10-23 09:34:45","https://static.ptgaming.ph/images/6ca23504188359a8c8db4ef80ae99a7a.png","images/Evolution__Hook_s_Heroes__45211.png"
"45212","Evolution","Jack Hammer 2: Fishy Business","3","0","0","0","","2024-10-23 09:36:31","https://static.ptgaming.ph/images/5703309d73fb20ce345893292afc0409.png","images/Evolution__Jack_Hammer_2_Fishy_Business__45212.png"
"45214","Evolution","Joker Pro","3","0","0","0","","2024-10-23 09:39:18","https://static.ptgaming.ph/images/159a15c48aca2815368ba4ebca6cb500.png","images/Evolution__Joker_Pro__45214.png"
"45215","Evolution","Jungle Spirit: Call of the Wild","3","0","0","0","","2024-10-23 09:39:53","https://static.ptgaming.ph/images/7edbddf07654b9f1eef3b616967c0c78.png","images/Evolution__Jungle_Spirit_Call_of_the_Wild__45215.png"
"45216","Evolution","King of Slots","3","0","0","0","","2024-10-23 09:40:32","https://static.ptgaming.ph/images/78be50901d6b84fbc95b88dfc36d0324.png","images/Evolution__King_of_Slots__45216.png"
"45217","Evolution","Lucky Angler: A Snowy Catch","3","0","0","0","","2024-10-23 09:42:53","https://static.ptgaming.ph/images/aa26a44580cdd00feea863c9830a2a38.png","images/Evolution__Lucky_Angler_A_Snowy_Catch__45217.png"
"45218","Evolution","Magic Portals","3","0","0","0","","2024-10-23 09:43:14","https://static.ptgaming.ph/images/bbd30496dd5d4f458be5bafc4a171a56.png","images/Evolution__Magic_Portals__45218.png"
"45219","Evolution","Motorhead video Slot","3","0","0","0","","2024-10-23 09:43:55","https://static.ptgaming.ph/images/f98d10d156bd2c77f37158ebbbc2f4dd.png","images/Evolution__Motorhead_video_Slot__45219.png"
"45220","Evolution","Pyramid: Quest for Immortality","3","0","0","0","","2024-10-23 09:45:58","https://static.ptgaming.ph/images/2a323d35e37799ec58def86f86bfe7ad.png","images/Evolution__Pyramid_Quest_for_Immortality__45220.png"
"45221","Evolution","Scudamore's Super Stakes","3","0","0","0","","2024-10-23 09:51:15","https://static.ptgaming.ph/images/8c27583534890890065cab0778dc97db.png","images/Evolution__Scudamore_s_Super_Stakes__45221.png"
"45222","Evolution","Secrets of Atlantis","3","0","0","0","","2024-10-23 09:52:22","https://static.ptgaming.ph/images/79e5d3997e7175caf73aad834f0bb02e.png","images/Evolution__Secrets_of_Atlantis__45222.png"
"45223","Evolution","Secrets of Christmas","3","0","0","0","","2024-10-23 09:53:58","https://static.ptgaming.ph/images/650a6690c27039291f02cbbc8effe8b8.png","images/Evolution__Secrets_of_Christmas__45223.png"
"45224","Evolution","Space Wars","3","0","0","0","","2024-10-23 09:55:14","https://static.ptgaming.ph/images/72084f2a792b4f915ddf614df7c534fd.png","images/Evolution__Space_Wars__45224.png"
"45225","Evolution","Space Wars 2","3","0","0","0","","2024-10-23 09:55:33","https://static.ptgaming.ph/images/e4d3228a82e4ce3676ec358bcb556704.png","images/Evolution__Space_Wars_2__45225.png"
"45226","Evolution","Stickers","3","0","0","0","","2024-10-23 09:57:35","https://static.ptgaming.ph/images/411e0c98d8cf320f79ebff97857a555b.png","images/Evolution__Stickers__45226.png"
"45227","Evolution","Swipe and Roll","3","0","0","0","","2024-10-23 09:58:48","https://static.ptgaming.ph/images/c4cfbc346529f8608d0d73edee1005b5.png","images/Evolution__Swipe_and_Roll__45227.png"
"45228","Evolution","Temple of Nudges","3","0","0","0","","2024-10-23 09:59:15","https://static.ptgaming.ph/images/f66248e5465cd4703068dbff34c3db94.png","images/Evolution__Temple_of_Nudges__45228.png"
"45229","Evolution","The Wish Master","3","0","0","0","","2024-10-23 10:01:17","https://static.ptgaming.ph/images/61cd537d046cf51da8716fc685b4e79a.png","images/Evolution__The_Wish_Master__45229.png"
"45230","Evolution","Theme Park: Tickets of Fortune","3","0","0","0","","2024-10-23 10:02:51","https://static.ptgaming.ph/images/412854de88c8409d3811e3c91141f266.png","images/Evolution__Theme_Park_Tickets_of_Fortune__45230.png"
"45231","Evolution","Ticket To Wild","3","0","0","0","","2024-10-23 10:03:10","https://static.ptgaming.ph/images/6c664620afac214261ffbe0ef7192906.png","images/Evolution__Ticket_To_Wild__45231.png"
"45232","Evolution","Turn Your Fortune","3","0","0","0","","2024-10-23 10:03:41","https://static.ptgaming.ph/images/f4393a2ebd108f8fa064e4d5d8d73dab.png","images/Evolution__Turn_Your_Fortune__45232.png"
"45233","Evolution","Twin Spin Megaways","3","0","0","0","","2024-10-23 10:04:41","https://static.ptgaming.ph/images/145797d471682d42819948da4044b35b.png","images/Evolution__Twin_Spin_Megaways__45233.png"
"45234","Evolution","Victorious","3","0","0","0","","2024-10-23 10:04:57","https://static.ptgaming.ph/images/a15410f5c7d5288436689431a54d20fc.png","images/Evolution__Victorious__45234.png"
"45235","Evolution","Who's the Bride","3","0","0","0","","2024-10-23 10:05:30","https://static.ptgaming.ph/images/039a531bf109fe3f2d05f800de9892af.png","images/Evolution__Who_s_the_Bride__45235.png"
"45236","Evolution","Wild Worlds","3","0","0","0","","2024-10-23 10:07:46","https://static.ptgaming.ph/images/39fa32a3a5c805b575a84f0b8844013f.png","images/Evolution__Wild_Worlds__45236.png"
"45237","Evolution","Witchcraft Academy","3","0","0","0","","2024-10-23 10:09:04","https://static.ptgaming.ph/images/a035787ffb960518f8330310cfe8fe7e.png","images/Evolution__Witchcraft_Academy__45237.png"
"45238","Evolution","Wolf Cub","3","0","0","0","","2024-10-23 10:09:19","https://static.ptgaming.ph/images/d052e284c93468d8d2a4371bb182d628.png","images/Evolution__Wolf_Cub__45238.png"
"45239","Evolution","Dragons Playground","3","0","0","0","","2024-10-23 10:10:02","https://static.ptgaming.ph/images/180ef3441855216ea9869fde6a89469c.png","images/Evolution__Dragons_Playground__45239.png"
"45240","PragmaticPlay","7 Clovers of Fortune","3","0","0","0","","2024-10-29 17:37:24","https://static.ptgaming.ph/images/8a5962fffeae06317f98d0d25ce5c2db.png","images/PragmaticPlay__7_Clovers_of_Fortune__45240.png"
"45241","PGSoft","Museum Mystery","3","0","0","0","1.5% cash 2%","2024-10-29 17:39:31","https://static.ptgaming.ph/images/ee68ba5dc5ef9278bb8abc4651c18258.png","images/PGSoft__Museum_Mystery__45241.png"
"45245","SparkGame","DRAGON TIGER PINOY","3","0","0","0","","2024-11-06 17:38:05","https://static.ptgaming.ph/images/71784b68910cbc013ee39b31ec4a3892.png","images/SparkGame__DRAGON_TIGER_PINOY__45245.png"
"46004","Evolution","American Roulette","3","0","0","0","","2024-07-23 17:05:13","https://static.ptgaming.ph/images/083156f1e6861b2b58d70a27601b37d0.png","images/Evolution__American_Roulette__46004.png"
"46005","Evolution","Blackjack Platinum VIP","3","0","0","0","","2024-07-23 19:08:23","https://static.ptgaming.ph/images/a458eb280c812f073f14085275bba7ce.png","images/Evolution__Blackjack_Platinum_VIP__46005.png"
"46006","Evolution","Blackjack Fortune VIP","3","0","0","0","","2024-07-23 19:10:46","https://static.ptgaming.ph/images/0dc7766ed79e0ea5cd1dc452c618e46f.png","images/Evolution__Blackjack_Fortune_VIP__46006.png"
"46007","Evolution","Blackjack Grand VIP","3","0","0","0","","2024-07-23 19:27:49","https://static.ptgaming.ph/images/23e382caaabd1e84f857c88fb255dbcc.png","images/Evolution__Blackjack_Grand_VIP__46007.png"
"46008","Evolution","Blackjack Diamond VIP","3","0","0","0","","2024-07-23 19:33:15","https://static.ptgaming.ph/images/5ff4e7f0a399f2002d867712644a279f.png","images/Evolution__Blackjack_Diamond_VIP__46008.png"
"46009","Evolution","Salon Privé Blackjack A","3","0","0","0","","2024-07-23 19:36:06","https://static.ptgaming.ph/images/33478600f47975a49d6ffe5400550a91.png","images/Evolution__Salon_Priv_Blackjack_A__46009.png"
"46010","Evolution","Salon Privé Blackjack B","3","0","0","0","","2024-07-23 19:37:23","https://static.ptgaming.ph/images/575c8e50d597fbf2d144cafe732d5137.png","images/Evolution__Salon_Priv_Blackjack_B__46010.png"
"46012","JILI","Money Coming Expand Bets","3","0","0","0","1.5% cash 2%","2024-07-25 20:29:14","https://static.ptgaming.ph/images/beaaf74b5b1ddcf4da0684a0270d9f34.png","images/JILI__Money_Coming_Expand_Bets__46012.png"
"46020","PragmaticPlay","Jackpot Hunter","3","0","0","0","","2024-08-12 00:27:05","https://static.ptgaming.ph/images/512824c882aaaa3bba1485e89965a466.png","images/PragmaticPlay__Jackpot_Hunter__46020.png"
"46023","PragmaticPlay","Aztec Treasure Hunt","3","0","0","0","","2024-08-22 00:19:12","https://static.ptgaming.ph/images/073cdfe9ed9efd94552961fd9b6b265b.png","images/PragmaticPlay__Aztec_Treasure_Hunt__46023.png"
"46029","PragmaticPlay","Big Bass Vegas Double Down Deluxe","3","0","0","0","","2024-09-09 00:14:54","https://static.ptgaming.ph/images/9f0a23eca6fb8cc29e1e1ce0a95d1ff9.png","images/PragmaticPlay__Big_Bass_Vegas_Double_Down_Deluxe__46029.png"
"46031","PragmaticPlay","Congo Cash XL","3","0","0","0","","2024-09-12 11:39:47","https://static.ptgaming.ph/images/95d85aaed59730a750590aa210e01960.png","images/PragmaticPlay__Congo_Cash_XL__46031.png"
"46032","JILI","Keno Bonus Number","3","0","0","0","","2024-09-18 13:26:45","https://static.ptgaming.ph/images/51b8d382f64914dcf06e9c761afbd149.png","images/JILI__Keno_Bonus_Number__46032.png"
"46033","PGSoft","Three Crazy Piggies","3","0","0","0","","2024-09-18 14:19:43","https://static.ptgaming.ph/images/cca7e8feae29b2874b6c9beb964d6fd9.png","images/PGSoft__Three_Crazy_Piggies__46033.png"
"46036","Evolution","Salon Privé Blackjack N","3","0","0","0","","2024-09-20 13:15:26","https://static.ptgaming.ph/images/1c596df1177bbd6955fd034fdff955b4.png","images/Evolution__Salon_Priv_Blackjack_N__46036.png"
"46037","Evolution","Infinite Fun Fun 21 Blackjack","3","0","0","0","","2024-09-20 13:16:00","https://static.ptgaming.ph/images/7f643e8be59be64837cca13d02b5437b.png","images/Evolution__Infinite_Fun_Fun_21_Blackjack__46037.png"
"46043","RTG","Galaxy Blast","3","0","0","0","","2024-09-30 11:32:37","https://static.ptgaming.ph/images/f145f148414ba2d72c59290600c450dd.png","images/RTG__Galaxy_Blast__46043.png"
"46044","RTG","32 Cards","3","0","0","0","","2024-09-30 11:38:20","https://static.ptgaming.ph/images/d655b2c37ba41702249dc65a18de7d2c.png","images/RTG__32_Cards__46044.png"
"46045","RTG","Mister Money","3","0","0","0","","2024-09-30 11:47:09","https://static.ptgaming.ph/images/3cf304250800f299a3defb515f27a410.png","images/RTG__Mister_Money__46045.png"
"46046","RTG","Football Frenzy","3","0","0","0","","2024-09-30 11:49:39","https://static.ptgaming.ph/images/c3b211b9aa5c7bc4450e25a8f94e0e3a.png","images/RTG__Football_Frenzy__46046.png"
"46047","RTG","Shelltastic Wins!","3","0","0","0","","2024-09-30 11:56:32","https://static.ptgaming.ph/images/fe5741d211fba6bbe8bc611c96a2c191.png","images/RTG__Shelltastic_Wins__46047.png"
"46048","RTG","Robin Hood Riches","3","0","0","0","","2024-09-30 11:56:57","https://static.ptgaming.ph/images/a8741e02cc2fcb005cd9bcbfa57fcd52.png","images/RTG__Robin_Hood_Riches__46048.png"
"46049","RTG","Pyramid Pets","3","0","0","0","","2024-09-30 11:58:08","https://static.ptgaming.ph/images/405914db3a6a76a5a53094a744cc68c0.png","images/RTG__Pyramid_Pets__46049.png"
"46050","RTG","Locking Archer","3","0","0","0","","2024-09-30 11:59:24","https://static.ptgaming.ph/images/eda1d8e9dfe99e73954f3b463519fdc7.png","images/RTG__Locking_Archer__46050.png"
"46051","RTG","Beary Wild","3","0","0","0","","2024-09-30 12:00:29","https://static.ptgaming.ph/images/76c1f858f9bc12f2f63f80f949e36d17.png","images/RTG__Beary_Wild__46051.png"
"46052","RTG","Cosmic Crusade","3","0","0","0","","2024-09-30 12:01:09","https://static.ptgaming.ph/images/af928a8ab5dcf50007ce1247a08b8e3e.png","images/RTG__Cosmic_Crusade__46052.png"
"46053","RTG","Primal Warriors: Legacy","3","0","0","0","","2024-09-30 12:01:58","https://static.ptgaming.ph/images/e5b8e64a20e522ab1e546581663e2d1a.png","images/RTG__Primal_Warriors_Legacy__46053.png"
"46054","RTG","Buffalo Mania Deluxe","3","0","0","0","","2024-09-30 12:02:56","https://static.ptgaming.ph/images/a4956b0d3b247771694b0434568c9428.png","images/RTG__Buffalo_Mania_Deluxe__46054.png"
"46055","RTG","Escape the North","3","0","0","0","","2024-09-30 12:03:40","https://static.ptgaming.ph/images/ae0dcc480638b992e3a4c077ae271cc0.png","images/RTG__Escape_the_North__46055.png"
"46057","JILI","Cricket Roulette","3","0","0","0","","2024-10-07 17:41:52","https://static.ptgaming.ph/images/0cca3d68cc4715eddfa62b6adb29e495.png","images/JILI__Cricket_Roulette__46057.png"
"46059","PragmaticPlay","Privé Lounge Baccarat 7","3","0","0","0","","2024-10-08 09:09:59","https://static.ptgaming.ph/images/447059d7ae907dcc7dd2f01b95db286e.png","images/PragmaticPlay__Priv_Lounge_Baccarat_7__46059.png"
"46061","PragmaticPlay","VIP Auto Roulette","3","0","0","0","","2024-10-10 11:19:30","https://static.ptgaming.ph/images/e1a08389f5daa7090d07a52e37a7a980.png","images/PragmaticPlay__VIP_Auto_Roulette__46061.png"
"46062","Evolution","Gifts Of Fortune","3","0","0","0","","2024-10-21 11:43:51","https://static.ptgaming.ph/images/12a1b19a92520724b66978b95966d1ae.png","images/Evolution__Gifts_Of_Fortune__46062.png"
"46063","Evolution","The Race","3","0","0","0","","2024-10-21 11:45:19","https://static.ptgaming.ph/images/1097c9933bb4c2e3f8e4b1b811c13028.png","images/Evolution__The_Race__46063.png"
"46064","Evolution","King of Cats","3","0","0","0","","2024-10-21 11:53:15","https://static.ptgaming.ph/images/63726a6f2c3c65b60371be00283560c6.png","images/Evolution__King_of_Cats__46064.png"
"46065","Evolution","Panda Money","3","0","0","0","","2024-10-21 11:54:40","https://static.ptgaming.ph/images/c3ecf4ac25eddefa78296f243776b207.png","images/Evolution__Panda_Money__46065.png"
"46066","Evolution","Christmas Catch","3","0","0","0","","2024-10-21 11:55:38","https://static.ptgaming.ph/images/bd8ebfa9ead15f876ee2abe4a03a252d.png","images/Evolution__Christmas_Catch__46066.png"
"46067","Evolution","Wild Unicorns","3","0","0","0","","2024-10-21 11:57:20","https://static.ptgaming.ph/images/8ff7a4103f100d9735bbb7b3f8874610.png","images/Evolution__Wild_Unicorns__46067.png"
"46068","Evolution","Trigger Happy","3","0","0","0","","2024-10-21 11:57:59","https://static.ptgaming.ph/images/65d5ae88d8f499295dd64860c409befa.png","images/Evolution__Trigger_Happy__46068.png"
"46069","Evolution","Holy Diver Megaways","3","0","0","0","","2024-10-21 11:59:31","https://static.ptgaming.ph/images/d83049a3cdd879419cb66abc1047641b.png","images/Evolution__Holy_Diver_Megaways__46069.png"
"46070","Evolution","Vegas Rush","3","0","0","0","","2024-10-21 11:59:44","https://static.ptgaming.ph/images/c4d7bf697fabd958dd39e4ee5771b597.png","images/Evolution__Vegas_Rush__46070.png"
"46071","Evolution","Royal Mint","3","0","0","0","","2024-10-21 12:02:15","https://static.ptgaming.ph/images/d10bd18c4f62b486b6a086ba17b8738d.png","images/Evolution__Royal_Mint__46071.png"
"46072","Evolution","Beef Lightning","3","0","0","0","","2024-10-21 12:03:14","https://static.ptgaming.ph/images/bae49387968d6c1db228b05213420149.png","images/Evolution__Beef_Lightning__46072.png"
"46073","Evolution","Big Bad Bison","3","0","0","0","","2024-10-21 12:03:50","https://static.ptgaming.ph/images/bb618e8585772ead445d883246ca3f81.png","images/Evolution__Big_Bad_Bison__46073.png"
"46074","Evolution","Over The Moon","3","0","0","0","","2024-10-21 12:04:14","https://static.ptgaming.ph/images/e57be21b5cd897174f4796030b282e92.png","images/Evolution__Over_The_Moon__46074.png"
"46075","Evolution","Castle of Terror","3","0","0","0","","2024-10-21 12:05:30","https://static.ptgaming.ph/images/3ba04d892f8f45e78a92227af8ec0983.png","images/Evolution__Castle_of_Terror__46075.png"
"46076","Evolution","More Turkey","3","0","0","0","","2024-10-21 12:06:06","https://static.ptgaming.ph/images/7275a61b939b8c6a0fa5237b9bc82cef.png","images/Evolution__More_Turkey__46076.png"
"46077","Evolution","Diamond Fruits","3","0","0","0","","2024-10-21 12:06:28","https://static.ptgaming.ph/images/7c2337b6546946985544c10608c7e7ee.png","images/Evolution__Diamond_Fruits__46077.png"
"46078","Evolution","Max Megaways 2","3","0","0","0","","2024-10-21 12:06:53","https://static.ptgaming.ph/images/7d906a2eb31c75091f8a468223af545f.png","images/Evolution__Max_Megaways_2__46078.png"
"46079","Evolution","Donuts","3","0","0","0","","2024-10-21 12:12:57","https://static.ptgaming.ph/images/01dc54c045a78bf406260b068aa3b1a6.png","images/Evolution__Donuts__46079.png"
"46081","Evolution","Fire In The Hole xBomb","3","0","0","0","","2024-10-22 11:56:16","https://static.ptgaming.ph/images/1e567df10df21934a07bafd6d5f56217.png","images/Evolution__Fire_In_The_Hole_xBomb__46081.png"
"46082","Evolution","Dead Canary","3","0","0","0","","2024-10-22 12:04:00","https://static.ptgaming.ph/images/cce7240e177b7fb457fca462179e2698.png","images/Evolution__Dead_Canary__46082.png"
"46083","Evolution","Punk Rocker","3","0","0","0","","2024-10-22 12:06:34","https://static.ptgaming.ph/images/261d491e72e57eac5ef4e6cd17124e14.png","images/Evolution__Punk_Rocker__46083.png"
"46084","Evolution","Xways Hoarder xSplit","3","0","0","0","","2024-10-22 12:10:44","https://static.ptgaming.ph/images/7e3d39b01f6d6f5308afa344ccb69d3c.png","images/Evolution__Xways_Hoarder_xSplit__46084.png"
"46085","Evolution","Monkey's Gold xPays","3","0","0","0","","2024-10-22 12:15:52","https://static.ptgaming.ph/images/feaf822b1b19e6a2e0230f5c6a5e3ac7.png","images/Evolution__Monkey_s_Gold_xPays__46085.png"
"46087","Evolution","Dragon's Luck MegaWays","3","0","0","0","","2024-10-22 12:25:17","https://static.ptgaming.ph/images/857243026971e12555565c42ef9079bd.png","images/Evolution__Dragon_s_Luck_MegaWays__46087.png"
"46088","Evolution","10001 Nights","3","0","0","0","","2024-10-22 12:26:24","https://static.ptgaming.ph/images/693dbcc22cd00a1fd630703eb274fcc2.png","images/Evolution__10001_Nights__46088.png"
"46089","Evolution","Dragon's Luck Deluxe","3","0","0","0","","2024-10-22 12:33:29","https://static.ptgaming.ph/images/51a8c225fe637b2398a7080d8a4cf2d8.png","images/Evolution__Dragon_s_Luck_Deluxe__46089.png"
"46091","Evolution","Multiplier Riches","3","0","0","0","","2024-10-22 12:42:42","https://static.ptgaming.ph/images/401fe0681f7c558e85c8fbad8adde339.png","images/Evolution__Multiplier_Riches__46091.png"
"46092","Evolution","Wolfkin","3","0","0","0","","2024-10-22 12:45:22","https://static.ptgaming.ph/images/718125fa6bcec666cc11e477bb4f8d20.png","images/Evolution__Wolfkin__46092.png"
"46093","Evolution","Bounty Raid 2","3","0","0","0","","2024-10-22 12:49:46","https://static.ptgaming.ph/images/a52db7e1defe33eba8b736358c937061.png","images/Evolution__Bounty_Raid_2__46093.png"
"46094","Evolution","Parthenon: Quest for Immortality","3","0","0","0","","2024-10-22 12:56:00","https://static.ptgaming.ph/images/25e9b8a4a5b035e6d1c7517f5fa68971.png","images/Evolution__Parthenon_Quest_for_Immortality__46094.png"
"46095","Evolution","Milkshake XXXtreme","3","0","0","0","","2024-10-22 12:57:38","https://static.ptgaming.ph/images/6d26a501dc568de939c9140b95f3c36c.png","images/Evolution__Milkshake_XXXtreme__46095.png"
"46096","Evolution","Twin Spin XXXtreme","3","0","0","0","","2024-10-22 13:00:00","https://static.ptgaming.ph/images/5ea36d9308920d1b54ad6e0235e1f254.png","images/Evolution__Twin_Spin_XXXtreme__46096.png"
"46097","Evolution","Buster’s Bones","3","0","0","0","","2024-10-22 13:05:35","https://static.ptgaming.ph/images/05c1ee15a6e72af347b2030ce2d22ae7.png","images/Evolution__Buster_s_Bones__46097.png"
"46098","Evolution","Big Bang Boom","3","0","0","0","","2024-10-22 13:08:03","https://static.ptgaming.ph/images/0b1dc6aaedbad0de867f478a3019b59e.png","images/Evolution__Big_Bang_Boom__46098.png"
"46099","Evolution","Butterfly Staxx","3","0","0","0","","2024-10-22 13:20:34","https://static.ptgaming.ph/images/e93ddd4ff1d2d3650eee6da5d1ff4ac1.png","images/Evolution__Butterfly_Staxx__46099.png"
"46100","Evolution","Rome:The Golden Age","3","0","0","0","","2024-10-22 13:21:35","https://static.ptgaming.ph/images/884a5a4e5fd7190be675cdd339e3ebc6.png","images/Evolution__Rome_The_Golden_Age__46100.png"
"46102","Evolution","Dazzle Me","3","0","0","0","","2024-10-22 13:35:24","https://static.ptgaming.ph/images/8cf16a1ee0bdcd0f0ab12daaed834e4f.png","images/Evolution__Dazzle_Me__46102.png"
"46103","Evolution","Twin Spin","3","0","0","0","","2024-10-22 13:44:21","https://static.ptgaming.ph/images/367fb802ea92fc9c2d4f76317c1b9767.png","images/Evolution__Twin_Spin__46103.png"
"46104","Evolution","Aloha! Cluster Pays","3","0","0","0","","2024-10-22 13:45:15","https://static.ptgaming.ph/images/b6218d6175802f920513e34b8b56924f.png","images/Evolution__Aloha_Cluster_Pays__46104.png"
"46105","Evolution","Taco Fury XXXtreme","3","0","0","0","","2024-10-22 13:47:40","https://static.ptgaming.ph/images/62c2b5a06f8fd1621536d6c901e8455f.png","images/Evolution__Taco_Fury_XXXtreme__46105.png"
"46106","Evolution","Jack and the Beanstalk Remastered","3","0","0","0","","2024-10-22 13:50:56","https://static.ptgaming.ph/images/55bdc338f39f7e01a75ed01358a29bb8.png","images/Evolution__Jack_and_the_Beanstalk_Remastered__46106.png"
"46107","Evolution","Elk Hunter","3","0","0","0","","2024-10-22 13:55:51","https://static.ptgaming.ph/images/2f1bbf8b808f2092a3fa40c3759db531.png","images/Evolution__Elk_Hunter__46107.png"
"46108","Evolution","Gem Crush","3","0","0","0","","2024-10-22 13:58:07","https://static.ptgaming.ph/images/fb0595777356cd20bdff13b94d4c12c7.png","images/Evolution__Gem_Crush__46108.png"
"46109","Evolution","Jelly Belly Megaways","3","0","0","0","","2024-10-22 13:59:00","https://static.ptgaming.ph/images/18d823df1f7c42ed7c609faaed5363a8.png","images/Evolution__Jelly_Belly_Megaways__46109.png"
"46110","Evolution","Thrill To Grill","3","0","0","0","","2024-10-22 14:11:37","https://static.ptgaming.ph/images/29730bae0482395f973cb5cd62fda3fc.png","images/Evolution__Thrill_To_Grill__46110.png"
"46111","Evolution","Pirates Party","3","0","0","0","","2024-10-22 14:14:56","https://static.ptgaming.ph/images/fce1a260951223b2e2f72706b450eb9a.png","images/Evolution__Pirates_Party__46111.png"
"46112","Evolution","Rage","3","0","0","0","","2024-10-22 14:15:49","https://static.ptgaming.ph/images/7a5e05fabc960c4ad7f73c5759e4c1bd.png","images/Evolution__Rage__46112.png"
"46113","Evolution","Good Old 7’s","3","0","0","0","","2024-10-22 14:16:42","https://static.ptgaming.ph/images/e4989e298e800d98ae7d97bbd7cefa59.png","images/Evolution__Good_Old_7_s__46113.png"
"46114","Evolution","Golden Realms","3","0","0","0","","2024-10-22 15:04:41","https://static.ptgaming.ph/images/4ae4d0be772c59b9f7c72210be0cda93.png","images/Evolution__Golden_Realms__46114.png"
"46115","Evolution","Jungle Spirit Megaways","3","0","0","0","","2024-10-22 15:05:54","https://static.ptgaming.ph/images/617fb15425175fc8813f3d488ce492b5.png","images/Evolution__Jungle_Spirit_Megaways__46115.png"
"46116","Evolution","Babylon Riches","3","0","0","0","","2024-10-22 15:09:25","https://static.ptgaming.ph/images/327f007ef4cd2cd9479186e0f734abbf.png","images/Evolution__Babylon_Riches__46116.png"
"46117","Evolution","Aloha! Christmas","3","0","0","0","","2024-10-22 15:10:08","https://static.ptgaming.ph/images/e05b91eeee72ce7a05ee504c2c264d79.png","images/Evolution__Aloha_Christmas__46117.png"
"46118","Evolution","Archangels Salvation","3","0","0","0","","2024-10-22 15:14:44","https://static.ptgaming.ph/images/aba0fd40dea69e1e80ede003b2dd17ea.png","images/Evolution__Archangels_Salvation__46118.png"
"46119","Evolution","Asgardian Stones","3","0","0","0","","2024-10-22 15:15:23","https://static.ptgaming.ph/images/08a0653a5f47e90dc61365ecdaff939d.png","images/Evolution__Asgardian_Stones__46119.png"
"46120","Evolution","Bollywood Story","3","0","0","0","","2024-10-22 15:18:08","https://static.ptgaming.ph/images/0c80a403dd66d48d4b238b48f0405e98.png","images/Evolution__Bollywood_Story__46120.png"
"46121","Evolution","Cash Noire","3","0","0","0","","2024-10-22 15:19:40","https://static.ptgaming.ph/images/d46933adefe40b3a294e835c0538e827.png","images/Evolution__Cash_Noire__46121.png"
"46122","Evolution","Coins of Egypt","3","0","0","0","","2024-10-22 15:21:34","https://static.ptgaming.ph/images/97241b5a002d1c33e4ea66108bc9dfbe.png","images/Evolution__Coins_of_Egypt__46122.png"
"46123","Evolution","Cornelius","3","0","0","0","","2024-10-22 15:22:50","https://static.ptgaming.ph/images/ba86a7a453d114a8e84df2d0125da27a.png","images/Evolution__Cornelius__46123.png"
"46125","Evolution","Bonus Bunnies","3","0","0","0","","2024-10-22 15:37:53","https://static.ptgaming.ph/images/ad8d90a81dcfab73e2ca6c3e54b86c93.png","images/Evolution__Bonus_Bunnies__46125.png"
"46126","Evolution","Deadwood xNudge","3","0","0","0","","2024-10-22 15:42:14","https://static.ptgaming.ph/images/2c1f7eb6a17e04395d318b55025c54b9.png","images/Evolution__Deadwood_xNudge__46126.png"
"46127","Evolution","Dungeon Quest","3","0","0","0","","2024-10-22 15:43:00","https://static.ptgaming.ph/images/f2fbded1bcc4af0ab01be4287f491558.png","images/Evolution__Dungeon_Quest__46127.png"
"46128","Evolution","East Coast vs West Coast","3","0","0","0","","2024-10-22 15:43:23","https://static.ptgaming.ph/images/3b705f8a8d35dd1b7408ef7f1c8bfe88.png","images/Evolution__East_Coast_vs_West_Coast__46128.png"
"46129","Evolution","Folsom Prison","3","0","0","0","","2024-10-22 15:46:17","https://static.ptgaming.ph/images/9b3aa40c3f6366436876c6691d3e7f12.png","images/Evolution__Folsom_Prison__46129.png"
"46130","Evolution","Golden Genie & the Walking Wilds","3","0","0","0","","2024-10-22 15:47:21","https://static.ptgaming.ph/images/e4235c67126f864bf97b86331268f34c.png","images/Evolution__Golden_Genie_the_Walking_Wilds__46130.png"
"46131","Evolution","Hot 4 Cash","3","0","0","0","","2024-10-22 15:48:06","https://static.ptgaming.ph/images/a1215dd68500f1777dfe693b7975c96a.png","images/Evolution__Hot_4_Cash__46131.png"
"46132","Evolution","Infectious 5 xWays","3","0","0","0","","2024-10-22 15:49:25","https://static.ptgaming.ph/images/da7b659ffc269bd8854b226fd16bb2fa.png","images/Evolution__Infectious_5_xWays__46132.png"
"46133","Evolution","Kiss my chainsaw","3","0","0","0","","2024-10-22 15:50:12","https://static.ptgaming.ph/images/968cf848c77a08e05f630b18f6ae8831.png","images/Evolution__Kiss_my_chainsaw__46133.png"
"46134","Evolution","Little Bighorn","3","0","0","0","","2024-10-22 15:51:04","https://static.ptgaming.ph/images/49d55791a35f8eb25a710921a6ca4dc7.png","images/Evolution__Little_Bighorn__46134.png"
"46135","Evolution","Rock Bottom","3","0","0","0","","2024-10-22 15:59:41","https://static.ptgaming.ph/images/17b09b6b11823c5ce09cca46b4995cfb.png","images/Evolution__Rock_Bottom__46135.png"
"46136","Evolution","Serial","3","0","0","0","","2024-10-22 16:00:27","https://static.ptgaming.ph/images/c20a2eb4f3684670df9862c897e60491.png","images/Evolution__Serial__46136.png"
"46137","Evolution","The Border","3","0","0","0","","2024-10-22 16:01:43","https://static.ptgaming.ph/images/25db62cb08613afe0559cc27dfad1edc.png","images/Evolution__The_Border__46137.png"
"46138","Evolution","The Rave","3","0","0","0","","2024-10-22 16:02:25","https://static.ptgaming.ph/images/bf10bc4b20c63c724b14c0ba30bced82.png","images/Evolution__The_Rave__46138.png"
"46139","Evolution","Thor Hammer Time","3","0","0","0","","2024-10-22 16:02:45","https://static.ptgaming.ph/images/519734f1293f03429c22b9f6e5f30b68.png","images/Evolution__Thor_Hammer_Time__46139.png"
"46140","Evolution","Tombstone","3","0","0","0","","2024-10-22 16:03:51","https://static.ptgaming.ph/images/c7d983b032325d6f481eafdf0121bc4e.png","images/Evolution__Tombstone__46140.png"
"46141","Evolution","Tractor Beam","3","0","0","0","","2024-10-22 16:04:27","https://static.ptgaming.ph/images/20bdcd72bf44a8caf7ee82d6bb994106.png","images/Evolution__Tractor_Beam__46141.png"
"46142","Evolution","True Kult","3","0","0","0","","2024-10-22 16:14:10","https://static.ptgaming.ph/images/e239df088687110c3bca8132073ba295.png","images/Evolution__True_Kult__46142.png"
"46143","Evolution","Devil's Crossroad","3","0","0","0","","2024-10-22 16:19:04","https://static.ptgaming.ph/images/9736da93a10e83850354f08384dcbbc7.png","images/Evolution__Devil_s_Crossroad__46143.png"
"46144","Evolution","Land of The Free","3","0","0","0","","2024-10-22 16:19:51","https://static.ptgaming.ph/images/056df76753133c34027ab077235a6fac.png","images/Evolution__Land_of_The_Free__46144.png"
"46145","Evolution","Nine to Five","3","0","0","0","","2024-10-22 16:21:19","https://static.ptgaming.ph/images/48f2f2bc5d669002e8ffcda05f7eaa26.png","images/Evolution__Nine_to_Five__46145.png"
"46146","Evolution","Possessed","3","0","0","0","","2024-10-22 16:23:23","https://static.ptgaming.ph/images/a066ae0ca662c6b8f2e87023f1f0e44a.png","images/Evolution__Possessed__46146.png"
"46147","Evolution","Kenneth Must Die","3","0","0","0","","2024-10-22 16:27:11","https://static.ptgaming.ph/images/a690b744bd805c1d3ac93452f8e50173.png","images/Evolution__Kenneth_Must_Die__46147.png"
"46148","Evolution","Beheaded","3","0","0","0","","2024-10-22 16:28:05","https://static.ptgaming.ph/images/f5854e090ea0093ef1268f79a2482ecc.png","images/Evolution__Beheaded__46148.png"
"46149","Evolution","San Quentin 2: Death Row","3","0","0","0","","2024-10-22 16:30:43","https://static.ptgaming.ph/images/07a868098b086717da9cc386f5d14e16.png","images/Evolution__San_Quentin_2_Death_Row__46149.png"
"46150","Evolution","Dead or Alive 2","3","0","0","0","","2024-10-22 16:59:54","https://static.ptgaming.ph/images/398ecf820fa643acfb5d993924d684e7.png","images/Evolution__Dead_or_Alive_2__46150.png"
"46151","Evolution","Dead or Alive 2 Feature Buy","3","0","0","0","","2024-10-22 17:00:35","https://static.ptgaming.ph/images/8bd0099cd83dd0a5c940af8ee008a1eb.png","images/Evolution__Dead_or_Alive_2_Feature_Buy__46151.png"
"46153","Evolution","Agent Royale","3","0","0","0","","2024-10-22 17:04:45","https://static.ptgaming.ph/images/0d29e0f8d384d15ee1bda1e2030ffd9e.png","images/Evolution__Agent_Royale__46153.png"
"46154","Evolution","Druids' Dream","3","0","0","0","","2024-10-22 17:04:54","https://static.ptgaming.ph/images/9f56be2668d720c0d3d9d99fc57fc896.png","images/Evolution__Druids_Dream__46154.png"
"46155","Evolution","Ancients Blessing","3","0","0","0","","2024-10-22 17:05:10","https://static.ptgaming.ph/images/70aea8daeaa5922cb7a4737b8d19dbd2.png","images/Evolution__Ancients_Blessing__46155.png"
"46156","Evolution","EggOMatic","3","0","0","0","","2024-10-22 17:06:03","https://static.ptgaming.ph/images/746dc64738810de490c852bc29d299cc.png","images/Evolution__EggOMatic__46156.png"
"46157","Evolution","Aurum Codex","3","0","0","0","","2024-10-22 17:06:27","https://static.ptgaming.ph/images/d48b609b9f5fc5e0582955bf0e3aeeb6.png","images/Evolution__Aurum_Codex__46157.png"
"46158","Evolution","Elements: The Awakening","3","0","0","0","","2024-10-22 17:06:38","https://static.ptgaming.ph/images/729bebf7484f321a4c0b15218d97f01f.png","images/Evolution__Elements_The_Awakening__46158.png"
"46159","Evolution","Bombuster","3","0","0","0","","2024-10-22 17:07:19","https://static.ptgaming.ph/images/52dd792a83ab9ef059fd9003c0530bb1.png","images/Evolution__Bombuster__46159.png"
"46160","Evolution","Fairytale Legends: Red Riding Hood","3","0","0","0","","2024-10-22 17:08:49","https://static.ptgaming.ph/images/cef4d088ad44a2d9c3c8402f5ddfb015.png","images/Evolution__Fairytale_Legends_Red_Riding_Hood__46160.png"
"46161","Evolution","Crystal Mirror","3","0","0","0","","2024-10-22 17:09:31","https://static.ptgaming.ph/images/95433aa4f9660ddadda8d4ba2e197398.png","images/Evolution__Crystal_Mirror__46161.png"
"46162","Evolution","Dice Dice Dice","3","0","0","0","","2024-10-22 17:10:09","https://static.ptgaming.ph/images/744baffc11b2fee1fbd752fa2bea8863.png","images/Evolution__Dice_Dice_Dice__46162.png"
"46163","Evolution","Fire Siege Fortress","3","0","0","0","","2024-10-22 17:11:59","https://static.ptgaming.ph/images/c137224dcdccf3262b739220ba874aeb.png","images/Evolution__Fire_Siege_Fortress__46163.png"
"46164","Evolution","Dragon's Fire INFINIREELS","3","0","0","0","","2024-10-22 17:12:33","https://static.ptgaming.ph/images/809d8e58de5a2a62218ce6859a1c0198.png","images/Evolution__Dragon_s_Fire_INFINIREELS__46164.png"
"46165","Evolution","Fruit Snap","3","0","0","0","","2024-10-22 17:16:18","https://static.ptgaming.ph/images/6ae67d92ca3940ed66a75bc91993633d.png","images/Evolution__Fruit_Snap__46165.png"
"46166","Evolution","Gonzo's Quest Megaways","3","0","0","0","","2024-10-22 17:18:20","https://static.ptgaming.ph/images/d6dcb05caf5c206a832c187be7fde453.png","images/Evolution__Gonzo_s_Quest_Megaways__46166.png"
"46167","Evolution","Fruit Spin","3","0","0","0","","2024-10-22 17:19:06","https://static.ptgaming.ph/images/5234060ca8aa432444b51f9e82cd8ea7.png","images/Evolution__Fruit_Spin__46167.png"
"46168","Evolution","Jewel Scarabs","3","0","0","0","","2024-10-22 17:19:08","https://static.ptgaming.ph/images/eaa06ce2dca88a8dd5ba2fa7cfc7fae5.png","images/Evolution__Jewel_Scarabs__46168.png"
"46169","Evolution","Funk Master","3","0","0","0","","2024-10-22 17:19:43","https://static.ptgaming.ph/images/156f83e50fde79e38e987c236e3a6de4.png","images/Evolution__Funk_Master__46169.png"
"46170","Evolution","Lucky Fridays","3","0","0","0","","2024-10-22 17:20:34","https://static.ptgaming.ph/images/643cee08e9b20b737828013b4331baa9.png","images/Evolution__Lucky_Fridays__46170.png"
"46171","Evolution","Path Of Destiny","3","0","0","0","","2024-10-22 17:21:48","https://static.ptgaming.ph/images/f99d658a0ace566add29bf70fec2e382.png","images/Evolution__Path_Of_Destiny__46171.png"
"46172","Evolution","Reel Keeper","3","0","0","0","","2024-10-22 17:24:52","https://static.ptgaming.ph/images/789f06167ddc56c54cae90fc898a61bf.png","images/Evolution__Reel_Keeper__46172.png"
"46173","Evolution","Riddle Of The Sphinx","3","0","0","0","","2024-10-22 17:25:34","https://static.ptgaming.ph/images/549209c566ee689af30f47e185aa5ccb.png","images/Evolution__Riddle_Of_The_Sphinx__46173.png"
"46174","Evolution","Rio Stars","3","0","0","0","","2024-10-22 17:26:09","https://static.ptgaming.ph/images/c93e05e49e09e3219abb98165425bca0.png","images/Evolution__Rio_Stars__46174.png"
"46175","Evolution","Vault Cracker","3","0","0","0","","2024-10-22 17:28:55","https://static.ptgaming.ph/images/2b05f6b6624d23456b60774e23ed3098.png","images/Evolution__Vault_Cracker__46175.png"
"46176","Evolution","Vault Of Anubis","3","0","0","0","","2024-10-22 17:29:20","https://static.ptgaming.ph/images/bebfcb5e059b3667b86bd133ee7a3b81.png","images/Evolution__Vault_Of_Anubis__46176.png"
"46177","Evolution","Well Of Wishes","3","0","0","0","","2024-10-22 17:30:04","https://static.ptgaming.ph/images/785d7641999a3d3cb23e13c473be4dbc.png","images/Evolution__Well_Of_Wishes__46177.png"
"46178","Evolution","Wild O'Clock","3","0","0","0","","2024-10-22 17:30:43","https://static.ptgaming.ph/images/7607218ff5f1342d625b7c1bed53e70a.png","images/Evolution__Wild_O_Clock__46178.png"
"46179","Evolution","Yucatan's Mystery","3","0","0","0","","2024-10-22 17:31:18","https://static.ptgaming.ph/images/97c87544ed0e989b457c703e1c0b0179.png","images/Evolution__Yucatan_s_Mystery__46179.png"
"46180","Evolution","Apache Way","3","0","0","0","","2024-10-22 17:33:03","https://static.ptgaming.ph/images/4ba6756647a1cfc819748e10720e7980.png","images/Evolution__Apache_Way__46180.png"
"46181","Evolution","Blazing Clusters","3","0","0","0","","2024-10-22 17:34:12","https://static.ptgaming.ph/images/d5ada8ad7b30e475a6b9348e7e0745e4.png","images/Evolution__Blazing_Clusters__46181.png"
"46182","Evolution","Cash or Nothing","3","0","0","0","","2024-10-22 17:34:58","https://static.ptgaming.ph/images/3340bf54fac1bbed209468ce0d6258c9.png","images/Evolution__Cash_or_Nothing__46182.png"
"46183","Evolution","Diamond Royale","3","0","0","0","","2024-10-22 17:35:25","https://static.ptgaming.ph/images/ab3232c7bbf4b06e641ca60a7ae9bded.png","images/Evolution__Diamond_Royale__46183.png"
"46184","Evolution","Doggy Riches Megaways","3","0","0","0","","2024-10-22 17:35:47","https://static.ptgaming.ph/images/f21a83600099e6149bbe17cecc3bd724.png","images/Evolution__Doggy_Riches_Megaways__46184.png"
"46185","Evolution","Dragons Clusterbuster","3","0","0","0","","2024-10-22 17:36:57","https://static.ptgaming.ph/images/0d8b787d977a8cabe5ec615ffc9493f1.png","images/Evolution__Dragons_Clusterbuster__46185.png"
"46186","Evolution","Genie Nights","3","0","0","0","","2024-10-22 17:38:06","https://static.ptgaming.ph/images/6aa22ca7f7f0f0922255a142048680e7.png","images/Evolution__Genie_Nights__46186.png"
"46187","Evolution","Hustling","3","0","0","0","","2024-10-22 17:39:36","https://static.ptgaming.ph/images/c77cd0a1eda3a029cf7a3221d725513f.png","images/Evolution__Hustling__46187.png"
"46188","Evolution","Jingle Ways Megaways","3","0","0","0","","2024-10-22 17:40:06","https://static.ptgaming.ph/images/44afe2feda4937fceb486293866551a9.png","images/Evolution__Jingle_Ways_Megaways__46188.png"
"46189","Evolution","Majestic Mysteries Power Reels","3","0","0","0","","2024-10-22 17:41:29","https://static.ptgaming.ph/images/ad4a71999b005932f20e51b733a175ac.png","images/Evolution__Majestic_Mysteries_Power_Reels__46189.png"
"46190","Evolution","Mayhem","3","0","0","0","","2024-10-22 17:41:56","https://static.ptgaming.ph/images/9f2c5b7fdcfdbc17b7d6640752cd1a1d.png","images/Evolution__Mayhem__46190.png"
"46191","Evolution","Rock'n'Lock","3","0","0","0","","2024-10-22 17:43:35","https://static.ptgaming.ph/images/61ed0366da2dead080cd4fdd44127a67.png","images/Evolution__Rock_n_Lock__46191.png"
"46192","Evolution","Viral Spiral","3","0","0","0","","2024-10-22 17:43:57","https://static.ptgaming.ph/images/08ef71b6ea7dada18622fc1790ab38c4.png","images/Evolution__Viral_Spiral__46192.png"
"46193","Evolution","Wild Tundra","3","0","0","0","","2024-10-22 17:44:17","https://static.ptgaming.ph/images/125b1449b0aefb786d063a97b9bb6ebe.png","images/Evolution__Wild_Tundra__46193.png"
"46194","Evolution","Zillard King","3","0","0","0","","2024-10-22 17:45:16","https://static.ptgaming.ph/images/13c1db7ceee2a012cc53d01c83b8e3c5.png","images/Evolution__Zillard_King__46194.png"
"46195","Evolution","Good Luck Clusterbuster","3","0","0","0","","2024-10-22 17:47:34","https://static.ptgaming.ph/images/d3472c312debfc5127c73da07100afdb.png","images/Evolution__Good_Luck_Clusterbuster__46195.png"
"46196","Evolution","Cai Shen 168","3","0","0","0","","2024-10-22 17:48:21","https://static.ptgaming.ph/images/670793d61cd43fecea81421eed226ec6.png","images/Evolution__Cai_Shen_168__46196.png"
"46197","Evolution","Blood Suckers Megaways","3","0","0","0","","2024-10-22 17:48:37","https://static.ptgaming.ph/images/cbce86251a4a86b668ebeccf2550fad8.png","images/Evolution__Blood_Suckers_Megaways__46197.png"
"46198","Evolution","Wrigley’s World","3","0","0","0","","2024-10-22 17:51:20","https://static.ptgaming.ph/images/e58d00d26bdb99cf774cb3324541cd98.png","images/Evolution__Wrigley_s_World__46198.png"
"46199","Evolution","Sheep Gone Wild","3","0","0","0","","2024-10-22 17:52:12","https://static.ptgaming.ph/images/e0f0371021ff63794a15e9e9fe6d1c15.png","images/Evolution__Sheep_Gone_Wild__46199.png"
"46200","Evolution","Knights Of Avalon","3","0","0","0","","2024-10-22 17:53:45","https://static.ptgaming.ph/images/121b42bc40afa5a87857be79a7484b1f.png","images/Evolution__Knights_Of_Avalon__46200.png"
"46201","Evolution","Casino Spin","3","0","0","0","","2024-10-22 17:54:44","https://static.ptgaming.ph/images/b0ad17a5875b652b0d3020065fc3a102.png","images/Evolution__Casino_Spin__46201.png"
"46202","Evolution","Cobra Queen","3","0","0","0","","2024-10-22 17:55:01","https://static.ptgaming.ph/images/22d70fae6e2cf061376166cf8d5efc65.png","images/Evolution__Cobra_Queen__46202.png"
"46203","Evolution","Epic Treasure","3","0","0","0","","2024-10-22 17:55:35","https://static.ptgaming.ph/images/29801124bc014a7edb8466ddc656327e.png","images/Evolution__Epic_Treasure__46203.png"
"46204","Evolution","Ali Baba's Luck","3","0","0","0","","2024-10-22 17:56:29","https://static.ptgaming.ph/images/4672740e0cc0f9ce44306dc59fc8177c.png","images/Evolution__Ali_Baba_s_Luck__46204.png"
"46205","Evolution","Astronaut","3","0","0","0","","2024-10-22 18:00:15","https://static.ptgaming.ph/images/f64ffbdbf8104cbaa0250c682f543196.png","images/Evolution__Astronaut__46205.png"
"46206","Evolution","Astros","3","0","0","0","","2024-10-22 18:53:20","https://static.ptgaming.ph/images/257d74e33e46dc24e8eaa48f4dcdb46c.png","images/Evolution__Astros__46206.png"
"46207","Evolution","Dragon King: Legend of the Seas","3","0","0","0","","2024-10-22 18:54:43","https://static.ptgaming.ph/images/42ef1950ca499bd9d8a6b3566ec4eab1.png","images/Evolution__Dragon_King_Legend_of_the_Seas__46207.png"
"46208","Evolution","Dragon's Mirror","3","0","0","0","","2024-10-22 18:54:58","https://static.ptgaming.ph/images/6a7e1f51b21d8ddba8ec3dd260cb1fcc.png","images/Evolution__Dragon_s_Mirror__46208.png"
"46209","Evolution","Egypt Megaways","3","0","0","0","","2024-10-22 18:56:06","https://static.ptgaming.ph/images/cc2a2f1f6c1de8aac5879ab48a3178fe.png","images/Evolution__Egypt_Megaways__46209.png"
"46210","Evolution","Forever 7’s","3","0","0","0","","2024-10-22 18:56:30","https://static.ptgaming.ph/images/6c222a583d82111eccae45711ea91fcc.png","images/Evolution__Forever_7_s__46210.png"
"46211","Evolution","Lion's Hoard","3","0","0","0","","2024-10-22 19:01:48","https://static.ptgaming.ph/images/5d4a1090199f32b835e97b281ef27dbe.png","images/Evolution__Lion_s_Hoard__46211.png"
"46212","Evolution","Mystic Staxx","3","0","0","0","","2024-10-22 19:02:26","https://static.ptgaming.ph/images/a1b60cac287aea768147a571017c11d1.png","images/Evolution__Mystic_Staxx__46212.png"
"46213","Evolution","Pirates' Plenty","3","0","0","0","","2024-10-22 19:03:46","https://static.ptgaming.ph/images/9bad02bb8763bcfda3e7f5799ce9d811.png","images/Evolution__Pirates_Plenty__46213.png"
"46214","Evolution","Robin Hoods Wild Forest","3","0","0","0","","2024-10-22 19:04:53","https://static.ptgaming.ph/images/c1030214869cfb94bf3d8cfda004a148.png","images/Evolution__Robin_Hoods_Wild_Forest__46214.png"
"46215","Evolution","Tiki Fruits Totem Frenzy","3","0","0","0","","2024-10-22 19:07:00","https://static.ptgaming.ph/images/33f962b9133ffd1b781661ac0476b371.png","images/Evolution__Tiki_Fruits_Totem_Frenzy__46215.png"
"46216","Evolution","Christmas MULTIHOPS","3","0","0","0","","2024-10-22 19:09:58","https://static.ptgaming.ph/images/fb1bcfe81964325364dc1b4c668485e5.png","images/Evolution__Christmas_MULTIHOPS__46216.png"
"46217","Evolution","Redline Rush","3","0","0","0","","2024-10-22 20:25:07","https://static.ptgaming.ph/images/52404efa037a63add040b3d0327036ef.png","images/Evolution__Redline_Rush__46217.png"
"46218","Evolution","Sakura Masks","3","0","0","0","","2024-10-22 20:27:20","https://static.ptgaming.ph/images/fb91b31de0a5aedbd6b6480d6b3e0363.png","images/Evolution__Sakura_Masks__46218.png"
"46219","Evolution","Play with the Devil","3","0","0","0","","2024-10-22 20:27:48","https://static.ptgaming.ph/images/845fee421e1554e4c91056c5116b02cc.png","images/Evolution__Play_with_the_Devil__46219.png"
"46220","Evolution","Midnight Romance","3","0","0","0","","2024-10-22 20:28:22","https://static.ptgaming.ph/images/ddd541cb864fc641f8331141042eeaf3.png","images/Evolution__Midnight_Romance__46220.png"
"46221","Evolution","Sword Stomp","3","0","0","0","","2024-10-22 21:59:11","https://static.ptgaming.ph/images/c0c853f5f53623834c34cbd6c6815113.png","images/Evolution__Sword_Stomp__46221.png"
"46223","Evolution","Fa Fa Babies 2","3","0","0","0","","2024-10-22 22:00:26","https://static.ptgaming.ph/images/d3f7be841faa9dac11b74dc714271de1.png","images/Evolution__Fa_Fa_Babies_2__46223.png"
"46224","Evolution","Gorilla Kingdom","3","0","0","0","","2024-10-23 09:33:23","https://static.ptgaming.ph/images/ef0200674e3bbd7f7d3f42c247e2f904.png","images/Evolution__Gorilla_Kingdom__46224.png"
"46225","Evolution","Hotline","3","0","0","0","","2024-10-23 09:35:01","https://static.ptgaming.ph/images/e61d7554f885917313ef23e0bb2bf04d.png","images/Evolution__Hotline__46225.png"
"46226","Evolution","Jack and the Beanstalk","3","0","0","0","","2024-10-23 09:36:13","https://static.ptgaming.ph/images/8bd4daa109ec32bed21a6d3defb4bc95.png","images/Evolution__Jack_and_the_Beanstalk__46226.png"
"46227","Evolution","Jumanji","3","0","0","0","","2024-10-23 09:39:37","https://static.ptgaming.ph/images/b365cf586b4ab4b51f0a747a2eb51c50.png","images/Evolution__Jumanji__46227.png"
"46228","Evolution","Knight Rider","3","0","0","0","","2024-10-23 09:41:07","https://static.ptgaming.ph/images/c696af7a8af72445e89590eba9e42214.png","images/Evolution__Knight_Rider__46228.png"
"46229","Evolution","Lights","3","0","0","0","","2024-10-23 09:41:50","https://static.ptgaming.ph/images/dd9f414e4af54888ab6f29c1ce7e564f.png","images/Evolution__Lights__46229.png"
"46230","Evolution","Long Pao","3","0","0","0","","2024-10-23 09:42:20","https://static.ptgaming.ph/images/70daa895b28c456d45504840d9917ee8.png","images/Evolution__Long_Pao__46230.png"
"46231","Evolution","Mythic Maiden","3","0","0","0","","2024-10-23 09:44:10","https://static.ptgaming.ph/images/fbfc27740598930084b3f061797d4768.png","images/Evolution__Mythic_Maiden__46231.png"
"46232","Evolution","Narcos","3","0","0","0","","2024-10-23 09:44:33","https://static.ptgaming.ph/images/989b1137903e24d4670080d13c17507a.png","images/Evolution__Narcos__46232.png"
"46233","Evolution","Neon Staxx","3","0","0","0","","2024-10-23 09:44:49","https://static.ptgaming.ph/images/9e07ca2451dddcd7a2e022edbd2d5a5d.png","images/Evolution__Neon_Staxx__46233.png"
"46234","Evolution","Santa vs Rudolf","3","0","0","0","","2024-10-23 09:50:34","https://static.ptgaming.ph/images/d45b6cc3dfff57b9956d1166fd43717b.png","images/Evolution__Santa_vs_Rudolf__46234.png"
"46235","Evolution","Secret of the Stones","3","0","0","0","","2024-10-23 09:51:43","https://static.ptgaming.ph/images/6eaf3ad3ee37006571b4cf6210481a78.png","images/Evolution__Secret_of_the_Stones__46235.png"
"46236","Evolution","Serengeti Kings","3","0","0","0","","2024-10-23 09:54:30","https://static.ptgaming.ph/images/97d26f8096039d26fb7d5c00ff4df2e7.png","images/Evolution__Serengeti_Kings__46236.png"
"46237","Evolution","Silverback Gold","3","0","0","0","","2024-10-23 09:54:55","https://static.ptgaming.ph/images/c151d9184d8c0e04e83ae941e745d31c.png","images/Evolution__Silverback_Gold__46237.png"
"46238","Evolution","Sparks","3","0","0","0","","2024-10-23 09:56:06","https://static.ptgaming.ph/images/5e3cc889de080135e36e4c663d9fb91e.png","images/Evolution__Sparks__46238.png"
"46239","Evolution","Spellcast","3","0","0","0","","2024-10-23 09:56:26","https://static.ptgaming.ph/images/e38bc84c1ccada66948b254a236d0411.png","images/Evolution__Spellcast__46239.png"
"46240","Evolution","Spinata Grande","3","0","0","0","","2024-10-23 09:56:42","https://static.ptgaming.ph/images/9ed0b329d1c5f757090c5217e06b5b91.png","images/Evolution__Spinata_Grande__46240.png"
"46241","Evolution","Spinsane","3","0","0","0","","2024-10-23 09:56:59","https://static.ptgaming.ph/images/beaca05740f5f2d15b0fadb2a8013b8f.png","images/Evolution__Spinsane__46241.png"
"46242","Evolution","Strolling Staxx: Cubic Fruits","3","0","0","0","","2024-10-23 09:57:52","https://static.ptgaming.ph/images/0180d8997be9f8ed75f9e023ed5991f7.png","images/Evolution__Strolling_Staxx_Cubic_Fruits__46242.png"
"46244","Evolution","The Wolf's Bane","3","0","0","0","","2024-10-23 10:02:11","https://static.ptgaming.ph/images/0cd0a2ab97b437ffc2afcc977d583817.png","images/Evolution__The_Wolf_s_Bane__46244.png"
"46245","Evolution","Trollpot 5000","3","0","0","0","","2024-10-23 10:03:25","https://static.ptgaming.ph/images/f33ea8745f81113704edfa3795b5f67a.png","images/Evolution__Trollpot_5000__46245.png"
"46246","Evolution","Twin Happiness","3","0","0","0","","2024-10-23 10:03:57","https://static.ptgaming.ph/images/1767737552c3116105b50ecbb7fd943a.png","images/Evolution__Twin_Happiness__46246.png"
"46247","Evolution","Twin Spin Deluxe","3","0","0","0","","2024-10-23 10:04:20","https://static.ptgaming.ph/images/dda1f09281cf1072f20fff96c4e496aa.png","images/Evolution__Twin_Spin_Deluxe__46247.png"
"46248","Evolution","Warlords: Crystals of Power","3","0","0","0","","2024-10-23 10:05:14","https://static.ptgaming.ph/images/b5a5f1b26fb0c44e5cd13d8a987f1d96.png","images/Evolution__Warlords_Crystals_of_Power__46248.png"
"46249","Evolution","Wild Bazaar","3","0","0","0","","2024-10-23 10:06:32","https://static.ptgaming.ph/images/24bac04ad6f56ed02c9da0a24e16b8f7.png","images/Evolution__Wild_Bazaar__46249.png"
"46250","Evolution","Wild Water","3","0","0","0","","2024-10-23 10:07:02","https://static.ptgaming.ph/images/c144ae7e3987265d318b094fff85cc96.png","images/Evolution__Wild_Water__46250.png"
"46251","Evolution","Wild Wild West: The Great Train Heist","3","0","0","0","","2024-10-23 10:07:31","https://static.ptgaming.ph/images/36661c8e850ad65fb9658dca8720fd0b.png","images/Evolution__Wild_Wild_West_The_Great_Train_Heist__46251.png"
"46252","Evolution","Wilderland","3","0","0","0","","2024-10-23 10:08:02","https://static.ptgaming.ph/images/771e2a7b11a415d435762faf4002aa95.png","images/Evolution__Wilderland__46252.png"
"46253","Evolution","Wild-O-Tron 3000","3","0","0","0","","2024-10-23 10:08:18","https://static.ptgaming.ph/images/0651e5405ca7a23793f078595c5f8d6e.png","images/Evolution__Wild-O-Tron_3000__46253.png"
"46254","Evolution","Willy's Hot Chillies","3","0","0","0","","2024-10-23 10:08:31","https://static.ptgaming.ph/images/8988afe87cb121a911126fdf4299e6d6.png","images/Evolution__Willy_s_Hot_Chillies__46254.png"
"46255","Evolution","Wonderland Protector","3","0","0","0","","2024-10-23 10:09:35","https://static.ptgaming.ph/images/fb0c359bb2ebe595a77862725e58981a.png","images/Evolution__Wonderland_Protector__46255.png"
"46256","Evolution","Cornelius Milk Hunter Megaways","3","0","0","0","","2024-10-23 10:09:49","https://static.ptgaming.ph/images/cacafa4aff4eef8c3f19451049cf4951.png","images/Evolution__Cornelius_Milk_Hunter_Megaways__46256.png"
"46257","FaChai","QUEEN OF INCA","3","0","0","0","1.5% cash 2%","2024-10-23 10:51:21","https://static.ptgaming.ph/images/38103044c110e17fa202dacf688b80e3.png","images/FaChai__QUEEN_OF_INCA__46257.png"
"46259","PragmaticPlay","Mystery Mice","3","0","0","0","","2024-10-25 12:28:46","https://static.ptgaming.ph/images/807e372f983792aa05c741212d24d653.png","images/PragmaticPlay__Mystery_Mice__46259.png"
"46261","JILI","Magic Lamp Bingo","3","0","0","0","","2024-10-29 11:22:29","https://static.ptgaming.ph/images/010ba97628ccca5b6fbb73e60db9edf2.png","images/JILI__Magic_Lamp_Bingo__46261.png"
"46262","JILI","Ultimate Texas Hold'em","3","0","0","0","","2024-10-29 17:33:52","https://static.ptgaming.ph/images/9f450d232cebd56a6a2173cd0e82c95e.png","images/JILI__Ultimate_Texas_Hold_em__46262.png"
"46263","PragmaticPlay","Candy Corner","3","0","0","0","","2024-11-04 15:59:17","https://static.ptgaming.ph/images/c19a84ae01d4dba6e7a5904cd53ec253.png","images/PragmaticPlay__Candy_Corner__46263.png"
"47004","JILI","Golden Bank 2","3","0","0","0","","2024-12-16 15:52:37","https://static.ptgaming.ph/images/9d9195e507fe957feeb8d99cad891cac.png","images/JILI__Golden_Bank_2__47004.png"
"47005","YellowBat","FANCY EGYPT","3","0","0","0","","2024-12-16 16:38:01","https://static.ptgaming.ph/images/1d99c4c6e735753beec1e6639d80057c.png","images/YellowBat__FANCY_EGYPT__47005.png"
"47006","YellowBat","WIN CAI SHEN","3","0","0","0","","2024-12-16 16:45:37","https://static.ptgaming.ph/images/ca63e6005da7a629f2c440eda694c047.png","images/YellowBat__WIN_CAI_SHEN__47006.png"
"48002","YellowBat","LUCKY MEOW","3","0","0","0","","2024-12-16 16:27:30","https://static.ptgaming.ph/images/c8016a6dd0a32b0b30c78c855a54aedc.png","images/YellowBat__LUCKY_MEOW__48002.png"
"49004","Evolution","Blood & Shadow 2","3","0","0","0","","2024-12-02 16:28:58","https://static.ptgaming.ph/images/9538f8bc4b6e6581d2403800d4253f18.png","images/Evolution__Blood_Shadow_2__49004.png"
"49005","YellowBat","BINGO BINGO","3","0","0","0","","2024-12-16 16:44:58","https://static.ptgaming.ph/images/8933652507379a657325941fbfa0cd17.png","images/YellowBat__BINGO_BINGO__49005.png"
"49006","YellowBat","OPEN SESAME","3","0","0","0","","2024-12-16 16:45:15","https://static.ptgaming.ph/images/2b0dcb2aef697e7b46d1344498b82e2d.png","images/YellowBat__OPEN_SESAME__49006.png"
"49007","YellowBat","DIAMOND MINES","3","0","0","0","10%包赔","2024-12-16 16:46:14","https://static.ptgaming.ph/images/e25890ae0948de3d300084a79dd253a3.png","images/YellowBat__DIAMOND_MINES__49007.png"
"50001","JILI","Lucky Doggy","3","0","0","0","","2024-11-22 15:48:22","https://static.ptgaming.ph/images/ae1950819b2798a4ffd90fad305d3960.png","images/JILI__Lucky_Doggy__50001.png"
"50002","JILI","Lucky Jaguar","3","0","0","0","","2024-11-22 15:50:51","https://static.ptgaming.ph/images/94bad78a2cf406a23f15e67554c5f34b.png","images/JILI__Lucky_Jaguar__50002.png"
"51001","JILI","Safari King","3","0","0","0","","2024-11-22 15:51:06","https://static.ptgaming.ph/images/805275e4bcfd326092fa7553ab77dbcc.png","images/JILI__Safari_King__51001.png"
"51002","PGSoft","Geisha's Revenge","3","0","0","0","1.5% cash 2%","2024-12-16 15:57:02","https://static.ptgaming.ph/images/7abc7b3670bb415ebc993ba61f76d02c.png","images/PGSoft__Geisha_s_Revenge__51002.png"
"51004","YellowBat","JOY BINGO","3","0","0","0","","2024-12-16 16:42:32","https://static.ptgaming.ph/images/ca9566ee8de5f7f844697d6ed11d2332.png","images/YellowBat__JOY_BINGO__51004.png"
"52003","PGSoft","Chocolate Deluxe","3","0","0","0","","2024-12-13 12:58:36","https://static.ptgaming.ph/images/5dd48c8be8f90d799f4ac753d5f84444.png","images/PGSoft__Chocolate_Deluxe__52003.png"
"53002","PGSoft","Rio Fantasia","3","0","0","0","","2024-11-22 16:25:10","https://static.ptgaming.ph/images/59e4360b01b36d62d108c241341882ab.png","images/PGSoft__Rio_Fantasia__53002.png"
"54001","PragmaticPlay","Treasure Island","3","0","0","0","","2024-11-22 16:06:08","https://static.ptgaming.ph/images/56e9ac8a38a7d4d12dd19f8b08d0096f.png","images/PragmaticPlay__Treasure_Island__54001.png"
"54003","Evolution","Mine Blown","3","0","0","0","","2024-12-02 16:31:09","https://static.ptgaming.ph/images/1be461f4f27e1c6299c09f240c6a33ab.png","images/Evolution__Mine_Blown__54003.png"
"54004","YellowBat","LUCKY STAR","3","0","0","0","","2024-12-16 16:38:48","https://static.ptgaming.ph/images/ed575e645bd15867d49074476764046e.png","images/YellowBat__LUCKY_STAR__54004.png"
"54037","Evolution","Gladiator Ways","3","0","0","0","","2025-01-03 10:30:31","https://static.ptgaming.ph/images/50a17f899afb4dbd43957a7439cdb0c5.png","images/Evolution__Gladiator_Ways__54037.png"
"55003","YellowBat","SUPER EGYPT","3","0","0","0","","2024-12-16 16:28:22","https://static.ptgaming.ph/images/7298bd001b907512fab1e148bb1b0e4b.png","images/YellowBat__SUPER_EGYPT__55003.png"
"55004","YellowBat","GOLDEN AZTEC","3","0","0","0","","2024-12-16 16:35:47","https://static.ptgaming.ph/images/268d29b876d9703ba707feb01d8aed0e.png","images/YellowBat__GOLDEN_AZTEC__55004.png"
"55005","YellowBat","ROLLING 7","3","0","0","0","","2024-12-16 16:39:07","https://static.ptgaming.ph/images/17670ea87d42efc783c684c23c885ac4.png","images/YellowBat__ROLLING_7__55005.png"
"57928","YellowBat","Money Blast","3","0","0","0","","2025-01-08 11:20:54","https://static.ptgaming.ph/images/e6991f6268371d40af6b2dc11669492b.png","images/YellowBat__Money_Blast__57928.png"
"58002","Evolution","Zeus Lightning Megaways","3","0","0","0","","2024-12-02 16:30:44","https://static.ptgaming.ph/images/75140b164a01f68aebabbffba1daa6fe.png","images/Evolution__Zeus_Lightning_Megaways__58002.png"
"59002","YellowBat","SUGAR CRUSH","3","0","0","1","","2024-12-16 16:27:51","https://static.ptgaming.ph/images/8b29be7957a37bfdd57d80350fbc90e2.png","images/YellowBat__SUGAR_CRUSH__59002.png"
"61002","Evolution","Moon Spell","3","0","0","0","","2024-12-02 16:30:10","https://static.ptgaming.ph/images/ae53729d1550ffa4782906e96ca0a6d9.png","images/Evolution__Moon_Spell__61002.png"
"62002","YellowBat","FAFA DRAGON","3","0","0","0","","2024-12-16 16:39:30","https://static.ptgaming.ph/images/ef47d2e5ba47a40793e5c6e55679fcbe.png","images/YellowBat__FAFA_DRAGON__62002.png"
"62003","YellowBat","BEASTY BINGO","3","0","0","0","","2024-12-16 16:43:57","https://static.ptgaming.ph/images/a026b17ec26e61d2f74683efdc40c381.png","images/YellowBat__BEASTY_BINGO__62003.png"
"62004","YellowBat","BINGO BONANZA","3","0","0","0","","2024-12-16 16:44:12","https://static.ptgaming.ph/images/412bdd9cb87271624bc9154568ab22b1.png","images/YellowBat__BINGO_BONANZA__62004.png"
"64003","PragmaticPlay","Mining Rush","3","0","0","0","","2024-12-19 01:42:59","https://static.ptgaming.ph/images/d52580401901b28e3ba938f2fb167d8d.png","images/PragmaticPlay__Mining_Rush__64003.png"
"65001","Evolution","Queen of Riches","3","0","0","0","","2024-12-02 16:28:31","https://static.ptgaming.ph/images/bb258de705679b0c69f48f16a13c18e7.png","images/Evolution__Queen_of_Riches__65001.png"
"65002","JILI","Fruity Wheel","3","0","0","0","","2024-12-16 15:52:09","https://static.ptgaming.ph/images/fc5328958ba30e3e0ad9d1b7658ff75b.png","images/JILI__Fruity_Wheel__65002.png"
"65003","YellowBat","ROYAL HUNTER","3","0","0","0","","2024-12-16 16:25:20","https://static.ptgaming.ph/images/b1460d6dc54ab2dfc6d18d179d98b29c.png","images/YellowBat__ROYAL_HUNTER__65003.png"
"65005","YellowBat","MAGIC LAMP","3","0","0","0","","2024-12-16 16:40:49","https://static.ptgaming.ph/images/ace80d9c3910c7d7082779590b575d63.png","images/YellowBat__MAGIC_LAMP__65005.png"
"66001","Evolution","Brute Force","0","0","0","0","","2024-12-02 16:29:23","https://static.ptgaming.ph/images/3d75cbe686d2025ccf5bdecaf0550034.png","images/Evolution__Brute_Force__66001.png"
"66002","YellowBat","LIGHTNING BINGO","3","0","0","0","","2024-12-16 16:42:56","https://static.ptgaming.ph/images/79aef14271d66bd1ee963641dd4c6832.png","images/YellowBat__LIGHTNING_BINGO__66002.png"
"67001","Evolution","Los Muertos Locos","3","0","0","0","","2024-12-02 16:29:52","https://static.ptgaming.ph/images/5c7feaed4a9dcccafc434a8465745d4d.png","images/Evolution__Los_Muertos_Locos__67001.png"
"67002","Evolution","Ms Robin Hood","3","0","0","0","","2024-12-02 16:31:27","https://static.ptgaming.ph/images/e105f966cf4ad5a6fdadcc5a362f04bd.png","images/Evolution__Ms_Robin_Hood__67002.png"
"67003","YellowBat","EZ BINGO","3","0","0","0","","2024-12-16 16:42:16","https://static.ptgaming.ph/images/326be418c25a2360d67f334b1cbdc5df.png","images/YellowBat__EZ_BINGO__67003.png"
"68001","Evolution","Savannah Pride","3","0","0","0","","2024-12-02 16:30:28","https://static.ptgaming.ph/images/22623402d8ee34d20784672dbe678220.png","images/Evolution__Savannah_Pride__68001.png"
"69001","Evolution","Mummy MegaWays","3","0","0","0","","2024-12-02 16:31:44","https://static.ptgaming.ph/images/c7f1561b88e60c04b3a764b0eb7a4cc6.png","images/Evolution__Mummy_MegaWays__69001.png"
"69003","YellowBat","GOLDEN BUNNY","3","0","0","0","","2024-12-16 16:37:19","https://static.ptgaming.ph/images/f9b54b19c20c614c08efb4e27ceba8ab.png","images/YellowBat__GOLDEN_BUNNY__69003.png"
"69004","YellowBat","ATLANTIS","3","0","0","0","","2024-12-16 16:44:39","https://static.ptgaming.ph/images/f53cb02e4410261367d1eacd3ffe50a7.png","images/YellowBat__ATLANTIS__69004.png"
"70001","Evolution","Twister","3","0","0","0","","2024-12-02 16:32:03","https://static.ptgaming.ph/images/0d2238a0b55cd38b8ca09317f577ad35.png","images/Evolution__Twister__70001.png"
"70002","YellowBat","BOOM BOOM MARMOT","3","0","0","0","","2024-12-16 16:36:33","https://static.ptgaming.ph/images/a2289f8808589613ae1ee1417e843b3e.png","images/YellowBat__BOOM_BOOM_MARMOT__70002.png"
"70003","YellowBat","FORTUNE CAT","3","0","0","0","","2024-12-16 16:36:56","https://static.ptgaming.ph/images/7b72f69f7cb84208707a50ddffd2d0e7.png","images/YellowBat__FORTUNE_CAT__70003.png"
"71003","FaChai","ROMA GLADIATRIX","3","0","0","0","","2024-12-16 15:56:27","https://static.ptgaming.ph/images/724a1af55a4a809f882191b08f5a5ef2.png","images/FaChai__ROMA_GLADIATRIX__71003.png"
"73002","YellowBat","ROLLING FORTUNE","3","0","0","0","","2024-12-16 16:37:42","https://static.ptgaming.ph/images/ccad5ca1ef17ec649fac434cd6f54eab.png","images/YellowBat__ROLLING_FORTUNE__73002.png"
"75036","Evolution","Diamond Doggies","3","0","0","0","","2025-01-03 10:30:10","https://static.ptgaming.ph/images/a4a262223dfdcb92f756aa21b8e3fdd9.png","images/Evolution__Diamond_Doggies__75036.png"
"76001","YellowBat","KING ARTHUR GOLD","3","0","0","0","","2024-12-16 16:36:09","https://static.ptgaming.ph/images/3974139e49a1a5da73dc416b6bc89d1d.png","images/YellowBat__KING_ARTHUR_GOLD__76001.png"
"77001","YellowBat","THOR FORTUNE","3","0","0","0","","2024-12-16 16:38:25","https://static.ptgaming.ph/images/cdfe7f9e5df35034dc292e14052ed16f.png","images/YellowBat__THOR_FORTUNE__77001.png"
"77002","YellowBat","GLADIATOR","3","0","0","0","","2024-12-16 16:40:31","https://static.ptgaming.ph/images/4e7fcba79c35f4ebf416b772fdfda8d5.png","images/YellowBat__GLADIATOR__77002.png"
"78001","YellowBat","CASINO FANTASY","3","0","0","0","","2024-12-16 16:41:27","https://static.ptgaming.ph/images/69fc3e56d64d5327ecbad678220d3110.png","images/YellowBat__CASINO_FANTASY__78001.png"
"84028","Evolution","Munchies","3","0","0","0","","2025-01-03 10:33:22","https://static.ptgaming.ph/images/3d0f51da42d79c2c127286d49c37955b.png","images/Evolution__Munchies__84028.png"
"88033","Evolution","The Good The Bad and The Rich","3","0","0","0","","2025-01-03 10:31:12","https://static.ptgaming.ph/images/4fed1969902464c73266fef078baa4cc.png","images/Evolution__The_Good_The_Bad_and_The_Rich__88033.png"
"89038","Evolution","Sea Boat Adventure MegaWays","3","0","0","0","","2025-01-03 10:30:48","https://static.ptgaming.ph/images/fddc6ee7276bce3b140e495519308660.png","images/Evolution__Sea_Boat_Adventure_MegaWays__89038.png"
"89039","JILI","Fortune Gems Scratch","3","0","0","0","","2025-01-03 10:34:35","https://static.ptgaming.ph/images/0d7d5994cec97da9dab905499d8bdc7c.png","images/JILI__Fortune_Gems_Scratch__89039.png"
"91030","Evolution","Starburst Galaxy","3","0","0","0","","2025-01-03 10:32:20","https://static.ptgaming.ph/images/4548576fe88cf9f1e1321bb656347294.png","images/Evolution__Starburst_Galaxy__91030.png"
"94891","PragmaticPlay","Floating Dragon Year of the Snake","3","0","0","0","","2025-01-09 01:40:22","https://static.ptgaming.ph/images/8f8621358a85c7a57fe6bc1e5e74f7f8.png","images/PragmaticPlay__Floating_Dragon_Year_of_the_Snake__94891.png"
"95030","JILI","Safari Mystery","3","0","0","0","","2025-01-03 10:35:01","https://static.ptgaming.ph/images/8709d7eed40bcd39e60200ea0f91992c.png","images/JILI__Safari_Mystery__95030.png"
"98035","Evolution","Golden Goose Megaways","3","0","0","0","","2025-01-03 10:31:31","https://static.ptgaming.ph/images/8cc2e63e4fee23a2eb8e5033812cf98d.png","images/Evolution__Golden_Goose_Megaways__98035.png"
"99022","Evolution","Tanked","3","0","0","0","","2025-01-03 10:32:52","https://static.ptgaming.ph/images/b61a16dcb3344083eda074afde0599ef.png","images/Evolution__Tanked__99022.png"
"99023","JILI","3 Charge Buffalo","3","0","0","0","","2025-01-03 10:35:13","https://static.ptgaming.ph/images/e075fcb04e77cd5d30e5f2d0ec111f28.png","images/JILI__3_Charge_Buffalo__99023.png"
"109001","SparkGame","MINES JACKPOT","3","0","0","0","","2025-01-09 12:56:57","https://static.ptgaming.ph/images/ccb8f07fa4a0737ea39d583a86d10ad6.png","images/SparkGame__MINES_JACKPOT__109001.png"
"110001","SparkGame","COLOR PINOY","3","0","0","0","","2025-01-10 17:39:49","https://static.ptgaming.ph/images/bada4480bb820704bd6794ccb4ee7019.png","images/SparkGame__COLOR_PINOY__110001.png"
"110005","PragmaticPlay","Peppe’s Pepperoni Pizza Plaza","3","0","0","0","","2025-02-20 01:40:23","https://static.ptgaming.ph/images/bed254271ae55f3d23f8efced034152a.png","images/PragmaticPlay__Peppe_s_Pepperoni_Pizza_Plaza__110005.png"
"110007","JILI","Keno Super Chance","3","0","0","0","","2025-03-12 16:10:00","https://static.ptgaming.ph/images/5b93eaefd2368f0d796875080791baab.png","images/JILI__Keno_Super_Chance__110007.png"
"111002","JILI","Coin Tree","3","0","0","0","","2025-01-15 16:22:34","https://static.ptgaming.ph/images/0578d4627e0c679bfa6543b9f1317c9f.png","images/JILI__Coin_Tree__111002.png"
"111003","PragmaticPlay","5 Lions Megaways™ 2","3","0","0","0","","2025-02-27 01:27:17","https://static.ptgaming.ph/images/ca1669178626d4bba490f6790db42bfa.png","images/PragmaticPlay__5_Lions_Megaways_2__111003.png"
"111005","PlayStar","MASTER HAHA","3","0","0","0","","2025-03-11 17:06:55","https://static.ptgaming.ph/images/dd7be0cc4dd43a089473f6ee41ffb28b.png","images/PlayStar__MASTER_HAHA__111005.png"
"111006","PlayStar","MYSTIC LEGEND 2","3","0","0","0","","2025-03-11 17:24:52","https://static.ptgaming.ph/images/78e10342b7d093c470b49ed14fed47b9.png","images/PlayStar__MYSTIC_LEGEND_2__111006.png"
"112002","JILI","Treasure Quest","3","0","0","0","","2025-01-15 16:27:54","https://static.ptgaming.ph/images/195af4a24ea4015e86654f024b65ba33.png","images/JILI__Treasure_Quest__112002.png"
"112003","PragmaticPlay","Wild Wildebeest Wins","3","0","0","0","","2025-01-27 01:26:17","https://static.ptgaming.ph/images/c8a0030de10d612520f68c335c4cf086.png","images/PragmaticPlay__Wild_Wildebeest_Wins__112003.png"
"112005","JILI","Bikini Lady","3","0","0","0","","2025-03-03 17:49:55","https://static.ptgaming.ph/images/a52f337551040094d2b13ad2aa94539f.png","images/JILI__Bikini_Lady__112005.png"
"112006","PlayStar","CRAZY 777","3","0","0","0","","2025-03-11 17:14:05","https://static.ptgaming.ph/images/64f09202677b99f8b77556742a789759.png","images/PlayStar__CRAZY_777__112006.png"
"113002","JILI","Golden Empire 2","3","0","0","0","","2025-01-15 16:30:28","https://static.ptgaming.ph/images/ab99032421b70971e0a6bad9ea16b432.png","images/JILI__Golden_Empire_2__113002.png"
"113003","PragmaticPlay","Escape the Pyramid – Fire & Ice","3","0","0","0","","2025-01-30 03:17:27","https://static.ptgaming.ph/images/1f6e0e6b0016d8cd4f7b5ea6fc2bf97f.png","images/PragmaticPlay__Escape_the_Pyramid_Fire_Ice__113003.png"
"113004","JILI","Crash Touchdown","3","0","0","0","","2025-03-03 17:48:46","https://static.ptgaming.ph/images/baab9e04cb1c92d01b97fb9faebcab8d.png","images/JILI__Crash_Touchdown__113004.png"
"113005","PlayStar","ELEPHANT","3","0","0","0","","2025-03-11 16:56:11","https://static.ptgaming.ph/images/6d10d4113231a4dc2b3ad99693fe445f.png","images/PlayStar__ELEPHANT__113005.png"
"113006","PlayStar","MONEY MEOW","3","0","0","0","","2025-03-11 16:59:26","https://static.ptgaming.ph/images/d973674ac94d837d9edbd3353f2d9ef4.png","images/PlayStar__MONEY_MEOW__113006.png"
"113007","PlayStar","BURLESQUE 2","3","0","0","0","","2025-03-11 17:11:27","https://static.ptgaming.ph/images/b03af13b724e47adf781324d6ff74ed7.png","images/PlayStar__BURLESQUE_2__113007.png"
"114002","PGSoft","Fortune Snake","3","0","0","0","","2025-01-15 16:33:30","https://static.ptgaming.ph/images/d21422ca2e42d2c0974c20044c5633f9.png","images/PGSoft__Fortune_Snake__114002.png"
"114003","Evolution","Dear Santa","3","0","0","0","","2025-01-20 16:47:39","https://static.ptgaming.ph/images/f51fd249ded87f07ed0487fa9384c8ee.png","images/Evolution__Dear_Santa__114003.png"
"114004","PragmaticPlay","Greedy Fortune Pig","3","0","0","0","","2025-03-03 02:02:03","https://static.ptgaming.ph/images/f18d89993e514c2506a95a9b6b391c28.png","images/PragmaticPlay__Greedy_Fortune_Pig__114004.png"
"114006","PlayStar","RAT OF WEALTH","3","0","0","0","","2025-03-11 17:06:40","https://static.ptgaming.ph/images/919bc6ceaa7eb5a478beaa19436c4c2a.png","images/PlayStar__RAT_OF_WEALTH__114006.png"
"114008","PragmaticPlay","Emotiwins","3","0","0","0","Exclusive ZI","2025-04-02 15:28:45","https://static.ptgaming.ph/images/386c0d5a67c374bf2c8ae29da85b1d5d.png","images/PragmaticPlay__Emotiwins__114008.png"
"115004","SparkGame","HILO PINOY","3","0","0","0","","2025-02-26 19:32:35","https://static.ptgaming.ph/images/f1d8ad32f65bc154daa5dac16176a676.png","images/SparkGame__HILO_PINOY__115004.png"
"115005","JILI","Fortune Hook","3","0","0","0","","2025-03-03 17:49:02","https://static.ptgaming.ph/images/bfcab3c4360c148a4c91dc5df35cf210.png","images/JILI__Fortune_Hook__115005.png"
"115007","PlayStar","FEATURE BUY・CHRISTMAS EXPRESS","3","0","0","0","","2025-03-11 17:15:53","https://static.ptgaming.ph/images/50429dad9f312d54beb76dd1c8572b32.png","images/PlayStar__FEATURE_BUY_CHRISTMAS_EXPRESS__115007.png"
"115010","PlayStar","PIGGY MASTER","3","0","0","0","","2025-03-11 17:25:56","https://static.ptgaming.ph/images/504ea90ce0c3d91c70c6a3b96e00bd36.png","images/PlayStar__PIGGY_MASTER__115010.png"
"116002","PragmaticPlay","Aztec Gems Megaways™","3","0","0","0","","2025-01-16 01:29:56","https://static.ptgaming.ph/images/ecd55eafdf487dba81a4dfddf85b3c81.png","images/PragmaticPlay__Aztec_Gems_Megaways__116002.png"
"116005","JILI","Roma X Deluxe","3","0","0","0","","2025-03-03 17:49:15","https://static.ptgaming.ph/images/026e5fc2bec347cdd9d527e6c8250b65.png","images/JILI__Roma_X_Deluxe__116005.png"
"116006","PlayStar","DOUBLE HAPPINESS","3","0","0","0","","2025-03-11 16:52:48","https://static.ptgaming.ph/images/a6695d6f853727797b496af18f6c0bf0.png","images/PlayStar__DOUBLE_HAPPINESS__116006.png"
"116007","PlayStar","ALCHEMY","3","0","0","0","","2025-03-11 16:58:00","https://static.ptgaming.ph/images/3f46f69e3d122fe3e4446072003fb75d.png","images/PlayStar__ALCHEMY__116007.png"
"117005","PlayStar","GOLDEN ZONGZI","3","0","0","0","","2025-03-11 17:12:01","https://static.ptgaming.ph/images/d4ae69d6b4488e138945d253b2f7563a.png","images/PlayStar__GOLDEN_ZONGZI__117005.png"
"118004","Evolution","Dazzle Me Christmas","3","0","0","0","","2025-01-20 16:43:49","https://static.ptgaming.ph/images/512396986cbf62e9ceca8c9bf9a2237f.png","images/Evolution__Dazzle_Me_Christmas__118004.png"
"118005","PlayStar","SANTA CLAUS","3","0","0","0","","2025-03-11 17:00:28","https://static.ptgaming.ph/images/6648cf95f2b672fdc25bda8eb75295f9.png","images/PlayStar__SANTA_CLAUS__118005.png"
"118007","PragmaticPlay","The Dog House Royal Hunt","3","0","0","0","","2025-03-26 17:23:23","https://static.ptgaming.ph/images/a20a7f33c1957f15c4b1cbe78bd50dbc.png","images/PragmaticPlay__The_Dog_House_Royal_Hunt__118007.png"
"119005","PragmaticPlay","Ancient Island Megaways™","3","0","0","0","","2025-02-03 01:29:35","https://static.ptgaming.ph/images/fa31eeaa1a93d3462bca84b563dd01a6.png","images/PragmaticPlay__Ancient_Island_Megaways__119005.png"
"119009","PlayStar","FA FA MONKEY","3","0","0","0","","2025-03-11 16:51:45","https://static.ptgaming.ph/images/e5586eb9f7dc71f355a506653b5eee12.png","images/PlayStar__FA_FA_MONKEY__119009.png"
"119010","PlayStar","FISH PRAWN CRAB","3","0","0","0","","2025-03-11 17:10:37","https://static.ptgaming.ph/images/b6d75ec33d8e84381ad3d00a6cc615e6.png","images/PlayStar__FISH_PRAWN_CRAB__119010.png"
"120006","Evolution","Lotus Sic Bo","3","0","0","0","","2025-04-07 18:43:04","https://static.ptgaming.ph/images/4d7fb3e4d08d262b793fe2b4f09dff86.png","images/Evolution__Lotus_Sic_Bo__120006.png"
"121006","PlayStar","ATHENA","3","0","0","0","","2025-03-11 16:53:25","https://static.ptgaming.ph/images/4338c45e129ce41d4f071119623eb109.png","images/PlayStar__ATHENA__121006.png"
"121007","PlayStar","GLORIOUS KINGDOM","3","0","0","0","","2025-03-11 16:53:56","https://static.ptgaming.ph/images/3d7c82c9eef42a81c8610b1fd58e11dc.png","images/PlayStar__GLORIOUS_KINGDOM__121007.png"
"122002","Evolution","Easy Blackjack","3","0","0","0","","2025-01-20 11:31:00","https://static.ptgaming.ph/images/5724cc8de6513dc79e0ee0509ea9fce2.png","images/Evolution__Easy_Blackjack__122002.png"
"122003","Evolution","Wings of Ra MegaWays","3","0","0","0","","2025-01-20 16:48:01","https://static.ptgaming.ph/images/a945be33d26eae8cb3b3c6afd332907e.png","images/Evolution__Wings_of_Ra_MegaWays__122003.png"
"122006","PlayStar","WHO'S THE BOSS","3","0","0","0","","2025-03-11 16:50:34","https://static.ptgaming.ph/images/a858f92e6c6944932ca8aaac4fd2058f.png","images/PlayStar__WHO_S_THE_BOSS__122006.png"
"123002","Evolution","Infinite Bet Stacker Blackjack","3","0","0","0","","2025-01-20 15:26:09","https://static.ptgaming.ph/images/6746ace45c74713b00ac1e6793558c84.png","images/Evolution__Infinite_Bet_Stacker_Blackjack__123002.png"
"123006","PlayStar","KUNG HEI","3","0","0","0","","2025-03-11 16:50:58","https://static.ptgaming.ph/images/5ebb2ea773afe3cb0572cb89f0e19eaf.png","images/PlayStar__KUNG_HEI__123006.png"
"123007","PlayStar","SUPER RICH","3","0","0","0","","2025-03-11 16:57:25","https://static.ptgaming.ph/images/f9a2ecb8b81611e66bbda18427810028.png","images/PlayStar__SUPER_RICH__123007.png"
"123008","PragmaticPlay","Lucky Tiger","3","0","0","0","Exclusive ZI","2025-03-24 15:45:59","https://static.ptgaming.ph/images/cfd881a256156932fc3f27812f2eab8d.png","images/PragmaticPlay__Lucky_Tiger__123008.png"
"124002","Evolution","Burgers","3","0","0","0","","2025-01-20 16:48:23","https://static.ptgaming.ph/images/09cadb95aecd24fa92e95ca03239119f.png","images/Evolution__Burgers__124002.png"
"124003","JILI","3 Rich Pigies","3","0","0","0","","2025-01-20 17:00:34","https://static.ptgaming.ph/images/ed3bfa5579d1334a9f025caac8a88904.png","images/JILI__3_Rich_Pigies__124003.png"
"124006","PlayStar","WEREWOLF","3","0","0","0","","2025-03-11 16:55:17","https://static.ptgaming.ph/images/d957aca9ec7bb761f8cbe470fbb0efcb.png","images/PlayStar__WEREWOLF__124006.png"
"124007","PlayStar","RICH & HAPPY","3","0","0","0","","2025-03-11 16:56:50","https://static.ptgaming.ph/images/1e6fd9fdb1c40f4fd38b8f69eb3ef5b3.png","images/PlayStar__RICH_HAPPY__124007.png"
"124008","PlayStar","KUNGFU","3","0","0","0","","2025-03-11 17:05:00","https://static.ptgaming.ph/images/c84213ef441e2e8048c83d1a14ba744e.png","images/PlayStar__KUNGFU__124008.png"
"124009","PlayStar","DA FU GUI","3","0","0","0","","2025-03-11 17:07:12","https://static.ptgaming.ph/images/6b7a5d4df67725fda50d7c5acbb5f461.png","images/PlayStar__DA_FU_GUI__124009.png"
"125002","Evolution","Dragon Born","3","0","0","0","","2025-01-20 16:48:40","https://static.ptgaming.ph/images/a0ff7abb128306861ae39ba4ec96a3aa.png","images/Evolution__Dragon_Born__125002.png"
"125006","PGSoft","Incan Wonders","3","0","0","0","","2025-03-03 17:48:06","https://static.ptgaming.ph/images/3d5406c438043f7f8c210f2a5c1ce524.png","images/PGSoft__Incan_Wonders__125006.png"
"125007","PlayStar","FACE OFF","3","0","0","0","","2025-03-11 16:55:38","https://static.ptgaming.ph/images/f8414b31662b39448eb109353e4e56b4.png","images/PlayStar__FACE_OFF__125007.png"
"125008","PlayStar","VAMPIRE","3","0","0","0","","2025-03-11 16:57:08","https://static.ptgaming.ph/images/81dfc3829bf17db1e47b52af39862785.png","images/PlayStar__VAMPIRE__125008.png"
"125009","PlayStar","CHALLENGE・GOLDEN PIG","3","0","0","0","","2025-03-11 17:05:17","https://static.ptgaming.ph/images/cd2572e70095b2bc6c820d070887f814.png","images/PlayStar__CHALLENGE_GOLDEN_PIG__125009.png"
"125010","PragmaticPlay","Lucky Mouse","3","0","0","0","Exclusive ZI","2025-03-24 15:47:29","https://static.ptgaming.ph/images/ea6fb8f2711ecdbf8edcc16e86ae8ef0.png","images/PragmaticPlay__Lucky_Mouse__125010.png"
"125011","PGSoft","Graffiti Rush","3","0","0","0","","2025-03-26 17:16:20","https://static.ptgaming.ph/images/8e5c0ca974420b8f8f54bf39fe68feb1.png","images/PGSoft__Graffiti_Rush__125011.png"
"126005","PGSoft","Mr. Treasure’s Fortune","3","0","0","0","","2025-03-03 17:47:47","https://static.ptgaming.ph/images/ec4501229cb9f766ad76e7940a8b9498.png","images/PGSoft__Mr._Treasure_s_Fortune__126005.png"
"126006","PlayStar","FORTUNE GOD","3","0","0","0","","2025-03-11 16:54:22","https://static.ptgaming.ph/images/4f79506c19c3de48e2ba252e8c140e6b.png","images/PlayStar__FORTUNE_GOD__126006.png"
"126007","PlayStar","MAHJONG WAYS 3","3","0","0","0","","2025-03-11 17:22:40","https://static.ptgaming.ph/images/68d8cb8f0df7291459c07d18db3bb061.png","images/PlayStar__MAHJONG_WAYS_3__126007.png"
"126008","SparkGame","Black Jack","3","0","0","0","","2025-03-26 19:13:43","https://static.ptgaming.ph/images/e14b7d7c91b04e5daff56aeb17f51abf.png","images/SparkGame__Black_Jack__126008.png"
"126010","PragmaticPlay","Lucky Monkey","3","0","0","0","Exclusive ZI","2025-04-09 15:46:57","https://static.ptgaming.ph/images/7ee47652e2a258194f57b9754c99dbb7.png","images/PragmaticPlay__Lucky_Monkey__126010.png"
"127005","PlayStar","WU XIA","3","0","0","0","","2025-03-11 17:06:06","https://static.ptgaming.ph/images/0496b49b08360f2bcbb5d17216c62506.png","images/PlayStar__WU_XIA__127005.png"
"127006","PlayStar","DIAO CHAN FA DA CAI","3","0","0","0","","2025-03-11 17:12:19","https://static.ptgaming.ph/images/808d12f377e89c9866aa28e45af6c98b.png","images/PlayStar__DIAO_CHAN_FA_DA_CAI__127006.png"
"127007","PlayStar","CHEF HUSKY","3","0","0","0","","2025-03-11 17:22:23","https://static.ptgaming.ph/images/262af2eac8be09fd3c5d6842cf8f8ac3.png","images/PlayStar__CHEF_HUSKY__127007.png"
"128004","PlayStar","INDIA TREASURE","3","0","0","0","","2025-03-11 16:48:19","https://static.ptgaming.ph/images/5b82e533ebf50efbac90a752c803cc3d.png","images/PlayStar__INDIA_TREASURE__128004.png"
"128005","PlayStar","CHALLENGE・MAYAN CALENDAR","3","0","0","0","","2025-03-11 17:03:01","https://static.ptgaming.ph/images/bafe4a115ac7b31f069243cb087cb5f1.png","images/PlayStar__CHALLENGE_MAYAN_CALENDAR__128005.png"
"128006","PlayStar","CHALLENGE・FU LU SHOU XI","3","0","0","0","","2025-03-11 17:04:02","https://static.ptgaming.ph/images/07b1a4f2648982372d9df271cfcb14a0.png","images/PlayStar__CHALLENGE_FU_LU_SHOU_XI__128006.png"
"129004","JILI","Cricket War","3","0","0","0","","2025-03-03 17:49:27","https://static.ptgaming.ph/images/3b9efc422ccb7eee3f5af93e736c664b.png","images/JILI__Cricket_War__129004.png"
"129005","PlayStar","CHINA EMPRESS","3","0","0","0","","2025-03-11 16:47:21","https://static.ptgaming.ph/images/e03a132383a462c7a0f791bee920f806.png","images/PlayStar__CHINA_EMPRESS__129005.png"
"130003","PragmaticPlay","John Hunter and Galileo’s Secrets","3","0","0","0","","2025-02-13 20:31:02","https://static.ptgaming.ph/images/3a8b2af8dd4de0b43c2d4249afffa263.png","images/PragmaticPlay__John_Hunter_and_Galileo_s_Secrets__130003.png"
"130006","PlayStar","MADAME CAROLINE","3","0","0","0","","2025-03-11 16:48:47","https://static.ptgaming.ph/images/b4d2d33b37567c273d4742ff7f4988e9.png","images/PlayStar__MADAME_CAROLINE__130006.png"
"130007","PlayStar","MOON FESTIVAL","3","0","0","0","","2025-03-11 16:59:05","https://static.ptgaming.ph/images/4e80c3835baeee8b11dc4dd28fd7b3eb.png","images/PlayStar__MOON_FESTIVAL__130007.png"
"131003","PlayStar","MY LORD","3","0","0","0","","2025-03-11 16:59:42","https://static.ptgaming.ph/images/54879bc48312e0c50302c76c40ff2762.png","images/PlayStar__MY_LORD__131003.png"
"131004","PlayStar","SUPER BOOM","3","0","0","0","","2025-03-11 17:06:22","https://static.ptgaming.ph/images/c898b830b8c8f9a86bad3650ebcb9564.png","images/PlayStar__SUPER_BOOM__131004.png"
"132004","PragmaticPlay","Big Bass Return to the Races","3","0","0","0","","2025-02-17 21:16:17","https://static.ptgaming.ph/images/ea95857ddb03ced7b4a6de6275ffbb82.png","images/PragmaticPlay__Big_Bass_Return_to_the_Races__132004.png"
"132005","PlayStar","LUCKY PANDA","3","0","0","0","","2025-03-11 16:49:20","https://static.ptgaming.ph/images/f1d83b2376a15f57312a48e345ba6e1e.png","images/PlayStar__LUCKY_PANDA__132005.png"
"132006","PlayStar","DRAGON BOAT FESTIVAL","3","0","0","0","","2025-03-11 16:57:43","https://static.ptgaming.ph/images/ea15c3543b2eeecaf1ed24a04ca719e3.png","images/PlayStar__DRAGON_BOAT_FESTIVAL__132006.png"
"132007","PragmaticPlay","Lucky Ox","3","0","0","0","Exclusive ZI","2025-03-24 15:46:21","https://static.ptgaming.ph/images/7d168a94f851b25749beae877dc5b1ee.png","images/PragmaticPlay__Lucky_Ox__132007.png"
"132008","Evolution","Lotus Speed Baccarat A","3","0","0","0","1% Cashback EVO","2025-04-07 17:16:07","https://static.ptgaming.ph/images/7ef82981e6062d9e908804fc1b03c0ec.png","images/Evolution__Lotus_Speed_Baccarat_A__132008.png"
"133004","PragmaticPlay","Bigger Bass Splash","3","0","0","0","","2025-02-13 09:32:28","https://static.ptgaming.ph/images/e111850f7c90f1efabb7c7baceb3ae38.png","images/PragmaticPlay__Bigger_Bass_Splash__133004.png"
"133007","PlayStar","777","3","0","0","0","","2025-03-11 16:52:27","https://static.ptgaming.ph/images/2cc771493d607a7aa5b25cea462a51c5.png","images/PlayStar__777__133007.png"
"133008","PlayStar","LOVE","3","0","0","0","","2025-03-11 17:01:41","https://static.ptgaming.ph/images/90768cb262d313276299c859c0059232.png","images/PlayStar__LOVE__133008.png"
"133009","PlayStar","GOLDEN WEEK","3","0","0","0","","2025-03-11 17:04:43","https://static.ptgaming.ph/images/36f39b4900f1aa1b0494e4803af1a8a2.png","images/PlayStar__GOLDEN_WEEK__133009.png"
"134003","PlayStar","GOLDEN JADE","3","0","0","0","","2025-03-11 17:13:00","https://static.ptgaming.ph/images/d488bd856bf62acc09e1fccecc3c168c.png","images/PlayStar__GOLDEN_JADE__134003.png"
"134004","PlayStar","FEATURE BUY・SUPER POWERFUL","3","0","0","0","","2025-03-11 17:20:52","https://static.ptgaming.ph/images/248c63f766148e810031cf253696bcf2.png","images/PlayStar__FEATURE_BUY_SUPER_POWERFUL__134004.png"
"135003","PlayStar","THE EMPIRE","3","0","0","0","","2025-03-11 16:51:22","https://static.ptgaming.ph/images/d807448ba3e8d239f7c9332c712216cf.png","images/PlayStar__THE_EMPIRE__135003.png"
"135004","PlayStar","CAISHEN-LUCKY SPREAD","3","0","0","0","","2025-03-11 17:24:00","https://static.ptgaming.ph/images/b45b6032096f39378bbb19152e6e6635.png","images/PlayStar__CAISHEN-LUCKY_SPREAD__135004.png"
"136004","JDB","Fruity Bonanza Combo","3","0","0","0","","2025-03-03 17:46:59","https://static.ptgaming.ph/images/071d10a6429570a957a63a17f77d8730.png","images/JDB__Fruity_Bonanza_Combo__136004.png"
"136005","PlayStar","HALLOWEEN","3","0","0","0","","2025-03-11 16:56:30","https://static.ptgaming.ph/images/3a6a18edf06577a6d936e5bf3705bdfb.png","images/PlayStar__HALLOWEEN__136005.png"
"137002","PragmaticPlay","Savannah Legend","3","0","0","0","","2025-02-10 01:40:36","https://static.ptgaming.ph/images/3ffd7b01df333965f4522a6ff5a61f21.png","images/PragmaticPlay__Savannah_Legend__137002.png"
"137003","JILI","3 Coin Wild Horse","3","0","0","0","","2025-03-03 17:49:41","https://static.ptgaming.ph/images/50ce7981a36029fd62341781de54dff7.png","images/JILI__3_Coin_Wild_Horse__137003.png"
"137004","PlayStar","FORTUNE TELLER","3","0","0","0","","2025-03-11 16:55:55","https://static.ptgaming.ph/images/c77504859fc32f3123cb7ae653b7c8a9.png","images/PlayStar__FORTUNE_TELLER__137004.png"
"137005","PlayStar","FORTUNE BULL","3","0","0","0","","2025-03-11 17:02:44","https://static.ptgaming.ph/images/0ee1a2856044363dae57791601650898.png","images/PlayStar__FORTUNE_BULL__137005.png"
"137006","PlayStar","WHAT THE FA","3","0","0","0","","2025-03-11 17:10:53","https://static.ptgaming.ph/images/fa45ed8e0f3bd633a9a75877e4076113.png","images/PlayStar__WHAT_THE_FA__137006.png"
"137007","PlayStar","FEATURE BUY・GOLDEN PIG","3","0","0","0","","2025-03-11 17:14:41","https://static.ptgaming.ph/images/31aa8a569f7ce726783118d03bd09bf4.png","images/PlayStar__FEATURE_BUY_GOLDEN_PIG__137007.png"
"137008","Evolution","Lotus Roulette","3","0","0","0","","2025-04-08 03:45:14","https://static.ptgaming.ph/images/8971b1dd85675105b17e016dabd8ddca.png","images/Evolution__Lotus_Roulette__137008.png"
"138002","SparkGame","SUPER HILO PINOY","3","0","0","0","","2025-02-18 11:45:32","https://static.ptgaming.ph/images/2f5d2ccc9ce3c681d067ecbd93f8e368.png","images/SparkGame__SUPER_HILO_PINOY__138002.png"
"138004","JILI","Rapid Gems 777","3","0","0","0","","2025-03-03 17:48:28","https://static.ptgaming.ph/images/90385a8e822e90e44b8d4de1e73ef9aa.png","images/JILI__Rapid_Gems_777__138004.png"
"139002","PlayStar","AURORA WOLF","3","0","0","0","","2025-03-11 17:00:06","https://static.ptgaming.ph/images/bc8f3208e49cacb7a65ae0dfdc775c4d.png","images/PlayStar__AURORA_WOLF__139002.png"
"139003","PlayStar","TOMB TREASURE","3","0","0","0","","2025-03-11 17:01:11","https://static.ptgaming.ph/images/a3a9c0fdf49bc0ae4c820cd71a8e945f.png","images/PlayStar__TOMB_TREASURE__139003.png"
"139004","PlayStar","LUCKY POKER 2","3","0","0","0","","2025-03-11 17:11:43","https://static.ptgaming.ph/images/23af4ba0d6d032753577540036def353.png","images/PlayStar__LUCKY_POKER_2__139004.png"
"139005","PlayStar","CAISHEN DADDY","3","0","0","0","","2025-03-11 17:24:34","https://static.ptgaming.ph/images/64b9d396ac0a5b31e2af0d9e5a6fe5a7.png","images/PlayStar__CAISHEN_DADDY__139005.png"
"140002","PlayStar","PS CLUB","3","0","0","0","","2025-03-11 17:02:07","https://static.ptgaming.ph/images/222e127867d60abc119e4afda7bc4a75.png","images/PlayStar__PS_CLUB__140002.png"
"140003","PlayStar","HAND OF GOD","3","0","0","0","","2025-03-11 17:02:27","https://static.ptgaming.ph/images/59ef69581397da863df52cd54d5e275c.png","images/PlayStar__HAND_OF_GOD__140003.png"
"140004","PlayStar","ZUMA","3","0","0","0","","2025-03-11 17:03:32","https://static.ptgaming.ph/images/c7e7358306077e6d61c778562d5ebe97.png","images/PlayStar__ZUMA__140004.png"
"140006","PlayStar","PYRAMID OF FLAMES","3","0","0","0","","2025-03-11 17:25:24","https://static.ptgaming.ph/images/21d09a32010086ad851f4c7884d43517.png","images/PlayStar__PYRAMID_OF_FLAMES__140006.png"
"140007","JILI","Domino Go","3","0","0","0","","2025-03-26 16:44:08","https://static.ptgaming.ph/images/bc50a9f1b2a15f0c005d66335e163a78.png","images/JILI__Domino_Go__140007.png"
"141002","PlayStar","FANTASY SOUTHEAST ASIA","3","0","0","0","","2025-03-11 17:13:46","https://static.ptgaming.ph/images/1a1cb92d5521f66cc36a6974fc7ffedc.png","images/PlayStar__FANTASY_SOUTHEAST_ASIA__141002.png"
"142002","PragmaticPlay","Lucky Dog","3","0","0","0","Exclusive ZI","2025-04-02 15:28:23","https://static.ptgaming.ph/images/2a8fb12e96894de7b605b20973caa75a.png","images/PragmaticPlay__Lucky_Dog__142002.png"
"143002","Evolution","Duck Hunters","3","0","0","0","","2025-04-13 21:09:04","https://static.ptgaming.ph/images/a09ff90d9e9548c4920e255f35b705c9.png","images/Evolution__Duck_Hunters__143002.png"
"143004","SAGaming","M Thai HiLo","3","0","0","0","","2025-04-21 16:24:30","https://static.ptgaming.ph/images/8323f6d18ab983f8c7f5111cb2f0bc15.png","images/SAGaming__M_Thai_HiLo__143004.png"
"148002","SAGaming","D Roulette","3","0","0","0","","2025-04-21 12:15:42","https://static.ptgaming.ph/images/6ace2b3f15d1ece3495da84487c75957.png","images/SAGaming__D_Roulette__148002.png"
"150002","SAGaming","D Thai HiLo","3","0","0","0","","2025-04-21 21:24:36","https://static.ptgaming.ph/images/4cac4c2dd4a033f0dbccf2f83c2916f0.png","images/SAGaming__D_Thai_HiLo__150002.png"
"151002","SAGaming","D Xoc Dia","3","0","0","0","","2025-04-21 23:31:58","https://static.ptgaming.ph/images/c215903be456d9e2a62ce3256eb07e01.png","images/SAGaming__D_Xoc_Dia__151002.png"
"152003","SAGaming","M Fish Prawn Crab","3","0","0","0","","2025-04-25 00:04:03","https://static.ptgaming.ph/images/f1b0adf6e574cd1c41d5be4e60e37355.png","images/SAGaming__M_Fish_Prawn_Crab__152003.png"
"153002","SAGaming","D Pok Deng","3","0","0","0","","2025-04-23 20:50:31","https://static.ptgaming.ph/images/d8c1d389a98816233f3c1251b6bc6b5e.png","images/SAGaming__D_Pok_Deng__153002.png"
"160002","SAGaming","D Sic Bo","3","0","0","0","","2025-04-24 16:11:12","https://static.ptgaming.ph/images/ca0631d1c5a6c366191a7012012a2cf1.png","images/SAGaming__D_Sic_Bo__160002.png"
"168002","JILI","Pirate Queen 2","3","0","0","0","1.5% cash 2%","2025-05-07 16:24:50","https://static.ptgaming.ph/images/33548aa94e67f88cb745fc9bc2d9234a.png","images/JILI__Pirate_Queen_2__168002.png"
"172003","CQ9","Sweet POP","3","0","0","0","","2025-05-22 15:14:46","https://static.ptgaming.ph/images/d7a31ca173382716eaa6d64dd7b057de.png","images/CQ9__Sweet_POP__172003.png"
"172004","CQ9","5 Boxing","3","0","0","0","","2025-05-22 15:37:19","https://static.ptgaming.ph/images/68c1282ab99d5f90e439ea705735b857.png","images/CQ9__5_Boxing__172004.png"
"172005","CQ9","Fire Chibi","3","0","0","0","","2025-05-22 16:19:33","https://static.ptgaming.ph/images/2618ea7e53c604a097b542d2b2be4bea.png","images/CQ9__Fire_Chibi__172005.png"
"172006","CQ9","Gophers War","3","0","0","0","","2025-05-22 16:32:09","https://static.ptgaming.ph/images/91d957cf4d625a3d169847e9c6996ee8.png","images/CQ9__Gophers_War__172006.png"
"173003","CQ9","Good Fortune M","3","0","0","0","","2025-05-22 15:08:38","https://static.ptgaming.ph/images/db5b1f412aff8b00b87e885bc4cd2b7b.png","images/CQ9__Good_Fortune_M__173003.png"
"173004","CQ9","Greek Gods","3","0","0","0","","2025-05-22 15:13:30","https://static.ptgaming.ph/images/711b074b2bea7d23d11ec8f37d57e91b.png","images/CQ9__Greek_Gods__173004.png"
"173005","CQ9","Flying Cai Shen","3","0","0","0","","2025-05-22 15:18:16","https://static.ptgaming.ph/images/c3ce125581536a978efd1aea8bbb064f.png","images/CQ9__Flying_Cai_Shen__173005.png"
"173006","CQ9","GuGuGu","3","0","0","0","","2025-05-22 16:07:55","https://static.ptgaming.ph/images/594549df9d2445798d274a3fbc829d78.png","images/CQ9__GuGuGu__173006.png"
"173007","CQ9","SkrSkr","3","0","0","0","","2025-05-22 16:14:50","https://static.ptgaming.ph/images/19aa75d76a46eb430ca4d5cc9337d223.png","images/CQ9__SkrSkr__173007.png"
"173008","CQ9","Detective Dee2","3","0","0","0","","2025-05-22 16:26:18","https://static.ptgaming.ph/images/79d2d71df8775eedcc3164e67e4cabde.png","images/CQ9__Detective_Dee2__173008.png"
"173009","CQ9","Alice Run JP","3","0","0","0","","2025-05-22 16:36:30","https://static.ptgaming.ph/images/297202f107557674106d28e8c69d3034.png","images/CQ9__Alice_Run_JP__173009.png"
"174005","CQ9","Onestick Fishing","3","0","0","0","","2025-05-22 14:46:14","https://static.ptgaming.ph/images/d366836eb0ad27d434bfda8e1bb32d44.png","images/CQ9__Onestick_Fishing__174005.png"
"174006","CQ9","Fruit King","3","0","0","0","","2025-05-22 15:54:48","https://static.ptgaming.ph/images/2186cc30239c9940de2b9e1a69175c4d.png","images/CQ9__Fruit_King__174006.png"
"174007","CQ9","Coin Spinner","3","0","0","0","","2025-05-22 15:56:32","https://static.ptgaming.ph/images/95639cd94dfd3df3e332c19526079dbd.png","images/CQ9__Coin_Spinner__174007.png"
"174008","CQ9","Pyramid Raider","3","0","0","0","","2025-05-22 16:02:31","https://static.ptgaming.ph/images/9b37c599a3527cb78116c227652588c4.png","images/CQ9__Pyramid_Raider__174008.png"
"174009","CQ9","Dragon Koi","3","0","0","0","","2025-05-22 16:03:00","https://static.ptgaming.ph/images/2604fb65d21d1b8b5fc3bfb3726c5d40.png","images/CQ9__Dragon_Koi__174009.png"
"175003","CQ9","Mr.Bean","3","0","0","0","","2025-05-22 15:35:49","https://static.ptgaming.ph/images/240ea98c2f99348b6ec4810d54c8ddea.png","images/CQ9__Mr.Bean__175003.png"
"175004","CQ9","WonWonWon","3","0","0","0","","2025-05-22 15:36:31","https://static.ptgaming.ph/images/133f968ebb3084114451859f058c7b3b.png","images/CQ9__WonWonWon__175004.png"
"175005","CQ9","King of Atlantis","3","0","0","0","","2025-05-22 15:37:36","https://static.ptgaming.ph/images/3fbb0fca8ff920a309b1f9f7cd1abb40.png","images/CQ9__King_of_Atlantis__175005.png"
"175006","CQ9","Hot Pinatas","3","0","0","0","","2025-05-22 16:03:31","https://static.ptgaming.ph/images/a9afd68c41faf71db664babaaa121bf9.png","images/CQ9__Hot_Pinatas__175006.png"
"175007","CQ9","Baseball Fever","3","0","0","0","","2025-05-22 16:07:26","https://static.ptgaming.ph/images/2f246d1894ae07511bc4f5342c02f781.png","images/CQ9__Baseball_Fever__175007.png"
"175008","CQ9","Lucky Tigers","3","0","0","0","","2025-05-22 16:08:32","https://static.ptgaming.ph/images/904bbaf8850e0ca9d66d348dd1b170bb.png","images/CQ9__Lucky_Tigers__175008.png"
"175009","CQ9","All Star Team","3","0","0","0","","2025-05-22 16:18:47","https://static.ptgaming.ph/images/a4e9a6338db5570a46c6ee33d6e1d505.png","images/CQ9__All_Star_Team__175009.png"
"176003","CQ9","Mafia","3","0","0","0","","2025-05-22 15:18:00","https://static.ptgaming.ph/images/dce9f39ce626342a037f03d9c25a29fa.png","images/CQ9__Mafia__176003.png"
"176004","CQ9","God of War","3","0","0","0","","2025-05-22 15:33:25","https://static.ptgaming.ph/images/e79f294c05e391bff08be8b48978bd26.png","images/CQ9__God_of_War__176004.png"
"176005","CQ9","Monster Hunter","3","0","0","0","","2025-05-22 15:55:20","https://static.ptgaming.ph/images/6bd4db078eff7e7c8a81a209ed8c7e71.png","images/CQ9__Monster_Hunter__176005.png"
"176006","CQ9","THOR","3","0","0","0","","2025-05-22 16:00:33","https://static.ptgaming.ph/images/fffb94a82d57c199c01c62bd1781555e.png","images/CQ9__THOR__176006.png"
"176007","CQ9","OrientalBeauty","3","0","0","0","","2025-05-22 16:08:32","https://static.ptgaming.ph/images/3cc8864e3aa96200e5ffd4cf6752826f.png","images/CQ9__OrientalBeauty__176007.png"
"176009","Evolution","Highway to Hell","3","0","0","0","","2025-05-23 11:25:59","https://static.ptgaming.ph/images/9f37c13dd2aa3ece62a4b06cd2ea4473.png","images/Evolution__Highway_to_Hell__176009.png"
"177003","CQ9","Cricket Fever","3","0","0","0","","2025-05-22 16:08:49","https://static.ptgaming.ph/images/72f9c159b52a98a41dad243ff7b2c7cb.png","images/CQ9__Cricket_Fever__177003.png"
"177004","CQ9","Oo Ga Cha Ka","3","0","0","0","","2025-05-22 16:09:40","https://static.ptgaming.ph/images/669860248b864bca89c61659bbadc2ed.png","images/CQ9__Oo_Ga_Cha_Ka__177004.png"
"177005","CQ9","Jewel Luxury","3","0","0","0","","2025-05-22 16:24:22","https://static.ptgaming.ph/images/42ab43c621bf8c6a5b38fad0169663c9.png","images/CQ9__Jewel_Luxury__177005.png"
"178002","JILI","Lion 2 Dance","3","0","0","0","","2025-05-19 17:35:04","https://static.ptgaming.ph/images/2d86dcd05e83fb90a8436fbe63fab67a.png","images/JILI__Lion_2_Dance__178002.png"
"178004","CQ9","Fire Queen 2","3","0","0","0","","2025-05-22 15:15:00","https://static.ptgaming.ph/images/fe3418143ea48c9df273afef89b3bd7f.png","images/CQ9__Fire_Queen_2__178004.png"
"178005","CQ9","K.O. Island","3","0","0","0","","2025-05-22 15:15:52","https://static.ptgaming.ph/images/c48b793b1767d07b16b7c495d34730b9.png","images/CQ9__K.O._Island__178005.png"
"178006","CQ9","Fire Chibi 2","3","0","0","0","","2025-05-22 15:16:09","https://static.ptgaming.ph/images/0cbcdb2e65d150d516eb9237bc065dbe.png","images/CQ9__Fire_Chibi_2__178006.png"
"178007","CQ9","Night City","3","0","0","0","","2025-05-22 15:19:57","https://static.ptgaming.ph/images/49142c9b821d5c58d0342823eb51af0d.png","images/CQ9__Night_City__178007.png"
"178008","CQ9","Fa Cai Shen M","3","0","0","0","","2025-05-22 15:24:24","https://static.ptgaming.ph/images/9d590f213f7dc69836ca2581a80d6055.png","images/CQ9__Fa_Cai_Shen_M__178008.png"
"178009","CQ9","Rave Jump 2 M","3","0","0","0","","2025-05-22 15:36:18","https://static.ptgaming.ph/images/98c9500abf6e99cd070ebfe2155828c0.png","images/CQ9__Rave_Jump_2_M__178009.png"
"178010","CQ9","Hephaestus","3","0","0","0","","2025-05-22 16:01:45","https://static.ptgaming.ph/images/e53880cc16f33b175365d9988fccae2a.png","images/CQ9__Hephaestus__178010.png"
"178011","CQ9","Da Hong Zhong","3","0","0","0","","2025-05-22 16:03:17","https://static.ptgaming.ph/images/4f2febbd6e7a7e8c230e99c307e2fda7.png","images/CQ9__Da_Hong_Zhong__178011.png"
"178012","Evolution","Blood Diamond","3","0","0","0","","2025-05-23 00:00:52","https://static.ptgaming.ph/images/9d2c334a0fb4ef0ff7f768e8e3cf1f5a.png","images/Evolution__Blood_Diamond__178012.png"
"179003","PragmaticPlay","Lucky Tiger 1000","3","0","0","0","Exclusive ZI","2025-05-21 17:41:48","https://static.ptgaming.ph/images/da0807d19d582017c8c67d7c6192a08b.png","images/PragmaticPlay__Lucky_Tiger_1000__179003.png"
"179004","CQ9","Wheel Money","3","0","0","0","","2025-05-22 15:13:09","https://static.ptgaming.ph/images/538491bd121cb7de5028dda760ea2c01.png","images/CQ9__Wheel_Money__179004.png"
"179005","CQ9","Acrobatics","3","0","0","0","","2025-05-22 15:19:42","https://static.ptgaming.ph/images/b08c7561f967a3f060c09d6f6d921b82.png","images/CQ9__Acrobatics__179005.png"
"179006","CQ9","Poseidon","3","0","0","0","","2025-05-22 15:51:21","https://static.ptgaming.ph/images/c3686f9a6425f85c3345887cb6e9712e.png","images/CQ9__Poseidon__179006.png"
"179007","CQ9","Snow Queen","3","0","0","0","","2025-05-22 15:58:12","https://static.ptgaming.ph/images/f21493826290be4400fbf44ac476855d.png","images/CQ9__Snow_Queen__179007.png"
"179008","CQ9","DiscoNight","3","0","0","0","","2025-05-22 16:07:11","https://static.ptgaming.ph/images/bcb7aaccae7aa4a2630d924c1fc0ef08.png","images/CQ9__DiscoNight__179008.png"
"179009","CQ9","Double Fly","3","0","0","0","","2025-05-22 16:12:47","https://static.ptgaming.ph/images/1cdc5fcd2fea35f56af42f741520c5e3.png","images/CQ9__Double_Fly__179009.png"
"179010","CQ9","RunningToro","3","0","0","0","","2025-05-22 16:13:06","https://static.ptgaming.ph/images/fc8c16e6e78e7b6a973a47bd8aa3e112.png","images/CQ9__RunningToro__179010.png"
"179011","CQ9","Fruity Carnival","3","0","0","0","","2025-05-22 16:13:27","https://static.ptgaming.ph/images/35cd3ceb2a82e57149e280173dd22942.png","images/CQ9__Fruity_Carnival__179011.png"
"179012","CQ9","Xmas","3","0","0","0","","2025-05-22 16:33:38","https://static.ptgaming.ph/images/447b3cd00d26659aa5da04bb02196f4a.png","images/CQ9__Xmas__179012.png"
"180005","CQ9","Treasure Pirate","3","0","0","0","","2025-05-22 15:18:55","https://static.ptgaming.ph/images/f540b374e529e8e897d5a12ea04b2ea9.png","images/CQ9__Treasure_Pirate__180005.png"
"180006","CQ9","DiscoNight M","3","0","0","0","","2025-05-22 15:20:15","https://static.ptgaming.ph/images/10772028b7e4b500bc190348537511ad.png","images/CQ9__DiscoNight_M__180006.png"
"180007","CQ9","Chameleon","3","0","0","0","","2025-05-22 15:21:05","https://static.ptgaming.ph/images/cbfb857fd30ca7067e28bed495b9c5df.png","images/CQ9__Chameleon__180007.png"
"180008","CQ9","Zuma Wild","3","0","0","0","","2025-05-22 15:26:08","https://static.ptgaming.ph/images/f0b2b4cceddbec44d79dec39f41abfab.png","images/CQ9__Zuma_Wild__180008.png"
"180009","CQ9","God of War M","3","0","0","0","","2025-05-22 15:27:46","https://static.ptgaming.ph/images/67f307688edbafd9fc867a1354516d75.png","images/CQ9__God_of_War_M__180009.png"
"180010","CQ9","Diamond treasure","3","0","0","0","","2025-05-22 15:34:07","https://static.ptgaming.ph/images/4a9f214b978db7e7ffb1efce2eca7341.png","images/CQ9__Diamond_treasure__180010.png"
"180011","CQ9","Myeong-ryang","3","0","0","0","","2025-05-22 15:36:04","https://static.ptgaming.ph/images/84795f80918b2a4b333c2b253dd36969.png","images/CQ9__Myeong-ryang__180011.png"
"180012","CQ9","Fortune Totem","3","0","0","0","","2025-05-22 15:59:24","https://static.ptgaming.ph/images/5ced5c5f6a6463ba3c1e1c9aa593060c.png","images/CQ9__Fortune_Totem__180012.png"
"180013","CQ9","Da Fa Cai","3","0","0","0","","2025-05-22 16:05:01","https://static.ptgaming.ph/images/e3a7aadfba48f266feb5700d3034a973.png","images/CQ9__Da_Fa_Cai__180013.png"
"180014","CQ9","Funny Alpaca","3","0","0","0","","2025-05-22 16:21:46","https://static.ptgaming.ph/images/45dd68c6af656a1c680f363ea27f8330.png","images/CQ9__Funny_Alpaca__180014.png"
"181002","PragmaticPlay","Starlight Wins","3","0","0","0","Exclusive ZI","2025-05-21 17:42:15","https://static.ptgaming.ph/images/8ad54d8cdd095a2e1fd97bc4db3a70e5.png","images/PragmaticPlay__Starlight_Wins__181002.png"
"181003","CQ9","Ganesha Jr.","3","0","0","0","","2025-05-22 15:22:28","https://static.ptgaming.ph/images/0c7f82aaaea97a0a0f62e5f86fc97d17.png","images/CQ9__Ganesha_Jr.__181003.png"
"181004","CQ9","Burning Xi-You","3","0","0","0","","2025-05-22 15:34:25","https://static.ptgaming.ph/images/bc8fe07d48fc3d0ef8e53a04eae68839.png","images/CQ9__Burning_Xi-You__181004.png"
"181005","CQ9","Super5","3","0","0","0","","2025-05-22 16:04:29","https://static.ptgaming.ph/images/7d3aab8017edaa1f46a2f9baeef899da.png","images/CQ9__Super5__181005.png"
"181006","CQ9","Dragon Heart","3","0","0","0","","2025-05-22 16:08:14","https://static.ptgaming.ph/images/c676dd709c6193c98386416e0be1d69f.png","images/CQ9__Dragon_Heart__181006.png"
"181008","CQ9","Songkran Festival","3","0","0","0","","2025-05-22 16:30:49","https://static.ptgaming.ph/images/326816c72d5dad93ad97359475b7b8ed.png","images/CQ9__Songkran_Festival__181008.png"
"181010","SAGaming","Baccarat M01","3","0","0","0","","2025-06-16 12:15:35","https://static.ptgaming.ph/images/98f30f9112ec6ee6ecd49768b4cbf75a.png","images/SAGaming__Baccarat_M01__181010.png"
"182002","CQ9","Wild Disco Night","3","0","0","0","","2025-05-22 14:48:36","https://static.ptgaming.ph/images/ddc607e87968c5616ce0b3266ef98de5.png","images/CQ9__Wild_Disco_Night__182002.png"
"182003","CQ9","Tenfold Eggs","3","0","0","0","","2025-05-22 15:09:15","https://static.ptgaming.ph/images/04afda1ff3783b0041477327e9450048.png","images/CQ9__Tenfold_Eggs__182003.png"
"182004","CQ9","Fa Cai Shen2","3","0","0","0","","2025-05-22 15:11:17","https://static.ptgaming.ph/images/514ff7924a19cefad91a8a35df59c903.png","images/CQ9__Fa_Cai_Shen2__182004.png"
"182005","CQ9","Mini Roulette","3","0","0","0","","2025-05-22 15:18:37","https://static.ptgaming.ph/images/6c9fb3a39957c5c4e097200a8f675769.png","images/CQ9__Mini_Roulette__182005.png"
"182006","CQ9","Dragon Ball","3","0","0","0","","2025-05-22 15:33:39","https://static.ptgaming.ph/images/42182e1d037e9c67c00cd4fd72622e44.png","images/CQ9__Dragon_Ball__182006.png"
"182007","CQ9","FlyOut","3","0","0","0","","2025-05-22 15:57:05","https://static.ptgaming.ph/images/06418ab17ff586361fab680a7fab5702.png","images/CQ9__FlyOut__182007.png"
"182008","CQ9","Mirror Mirror","3","0","0","0","","2025-05-22 16:00:02","https://static.ptgaming.ph/images/dbad639a3dc9dc076daf54b70c6d3ce3.png","images/CQ9__Mirror_Mirror__182008.png"
"182009","CQ9","RaveHigh","3","0","0","0","","2025-05-22 16:09:15","https://static.ptgaming.ph/images/fcaaa983a21f2b540b93da413ee23ec4.png","images/CQ9__RaveHigh__182009.png"
"182010","CQ9","Pub Tycoon","3","0","0","0","","2025-05-22 16:34:20","https://static.ptgaming.ph/images/ac7373a6edb4caf651ecd7e3489b0a18.png","images/CQ9__Pub_Tycoon__182010.png"
"182011","CQ9","TreasureBowlJP","3","0","0","0","","2025-05-22 16:35:15","https://static.ptgaming.ph/images/2524d754b8ee18932d9edea4de83fdd2.png","images/CQ9__TreasureBowlJP__182011.png"
"183003","CQ9","CHICAGOⅡ","3","0","0","0","","2025-05-22 15:26:27","https://static.ptgaming.ph/images/eb376c0fba1f757b97deb6e70a47ddef.png","images/CQ9__CHICAGO__183003.png"
"183004","CQ9","Fire Queen","3","0","0","0","","2025-05-22 15:34:43","https://static.ptgaming.ph/images/8448df3531c977ac672032e43bb113f4.png","images/CQ9__Fire_Queen__183004.png"
"183005","CQ9","Invincible Elephant","3","0","0","0","","2025-05-22 15:58:49","https://static.ptgaming.ph/images/4a21e9fd329c2677f82b23a8b5112e6d.png","images/CQ9__Invincible_Elephant__183005.png"
"183006","CQ9","Sky Lanterns","3","0","0","0","","2025-05-22 15:59:39","https://static.ptgaming.ph/images/293fe540f45119b0e91f23dcdc24a446.png","images/CQ9__Sky_Lanterns__183006.png"
"183007","CQ9","Wing Chun","3","0","0","0","","2025-05-22 16:01:00","https://static.ptgaming.ph/images/fb734ab86980504cc8bc31a6c25b2f1a.png","images/CQ9__Wing_Chun__183007.png"
"183008","CQ9","TreasureIsland","3","0","0","0","","2025-05-22 16:10:02","https://static.ptgaming.ph/images/352ac58d5e7ba0920344fde812194948.png","images/CQ9__TreasureIsland__183008.png"
"184003","CQ9","King Kong Shake","3","0","0","0","","2025-05-22 15:08:57","https://static.ptgaming.ph/images/b3cf07bd5232f0d8d9a75d02657d20e1.png","images/CQ9__King_Kong_Shake__184003.png"
"184004","CQ9","LuckyBoxes","3","0","0","0","","2025-05-22 16:02:46","https://static.ptgaming.ph/images/60e1866a7cad2c34d4f117581a668fe6.png","images/CQ9__LuckyBoxes__184004.png"
"184005","CQ9","All Wilds","3","0","0","0","","2025-05-22 16:19:08","https://static.ptgaming.ph/images/e25950814b70e3ae4b49022a4adc79b5.png","images/CQ9__All_Wilds__184005.png"
"184006","CQ9","Football Baby","3","0","0","0","","2025-05-22 16:27:00","https://static.ptgaming.ph/images/b8206d4308fa83be9cc6dc487b5d9935.png","images/CQ9__Football_Baby__184006.png"
"185002","CQ9","Hero Fishing","3","0","0","0","","2025-05-22 15:07:19","https://static.ptgaming.ph/images/b9779e1f5ce879dfaa6b9ff6af4e60ac.png","images/CQ9__Hero_Fishing__185002.png"
"185003","CQ9","Flower Fortunes","3","0","0","0","","2025-05-22 15:10:08","https://static.ptgaming.ph/images/603b9e104df4565dbebd408ab18fc532.png","images/CQ9__Flower_Fortunes__185003.png"
"185004","CQ9","Gold Stealer","3","0","0","0","","2025-05-22 16:05:11","https://static.ptgaming.ph/images/71679ebd91fd9b521a7c971c62926390.png","images/CQ9__Gold_Stealer__185004.png"
"185005","CQ9","Hanuman Bingo","3","0","0","0","","2025-05-22 16:20:50","https://static.ptgaming.ph/images/323c5fa81453cc441b58f6c660051d7f.png","images/CQ9__Hanuman_Bingo__185005.png"
"186002","CQ9","LuckyFishing","3","0","0","0","","2025-05-22 15:07:43","https://static.ptgaming.ph/images/776f7ae474aef4e409fb3cd6bdee1e96.png","images/CQ9__LuckyFishing__186002.png"
"186003","CQ9","JumpHigh","3","0","0","0","","2025-05-22 15:10:39","https://static.ptgaming.ph/images/35e247ec88b0793b0969a610eba9b2ec.png","images/CQ9__JumpHigh__186003.png"
"186004","CQ9","Hot DJ","3","0","0","0","","2025-05-22 15:25:38","https://static.ptgaming.ph/images/c789829b4971a054d85b0e7b64792cb1.png","images/CQ9__Hot_DJ__186004.png"
"186005","CQ9","Dragon's Treasure","3","0","0","0","","2025-05-22 15:58:40","https://static.ptgaming.ph/images/8c1dbc7344890b52be3901ef844df20c.png","images/CQ9__Dragon_s_Treasure__186005.png"
"186006","CQ9","Mr. Rich","3","0","0","0","","2025-05-22 16:07:10","https://static.ptgaming.ph/images/f21bfcd3ca099392e991aeeb403de5ee.png","images/CQ9__Mr._Rich__186006.png"
"186007","CQ9","Pharaoh's Gold","3","0","0","0","","2025-05-22 16:29:01","https://static.ptgaming.ph/images/fc5be3c0bf640c7050867e19169c6453.png","images/CQ9__Pharaoh_s_Gold__186007.png"
"186008","CQ9","Lonely Planet","3","0","0","0","","2025-05-22 16:32:53","https://static.ptgaming.ph/images/889958f4df2bc6477c382ce68fc09973.png","images/CQ9__Lonely_Planet__186008.png"
"187003","CQ9","The Chicken House","3","0","0","0","","2025-05-22 15:20:47","https://static.ptgaming.ph/images/edf8beed8476c3733e9e78583024ac14.png","images/CQ9__The_Chicken_House__187003.png"
"187004","CQ9","Floating Market","3","0","0","0","","2025-05-22 15:22:08","https://static.ptgaming.ph/images/5f95edd671e4760bc2aebb9f18aa3aef.png","images/CQ9__Floating_Market__187004.png"
"187005","CQ9","Rave Jump mobile","3","0","0","0","","2025-05-22 15:31:59","https://static.ptgaming.ph/images/1f358433be3dc3aafcfa54a8b12471dd.png","images/CQ9__Rave_Jump_mobile__187005.png"
"187006","CQ9","JumpHigher","3","0","0","0","","2025-05-22 16:03:43","https://static.ptgaming.ph/images/cf91106d97ca602969291c6392d39998.png","images/CQ9__JumpHigher__187006.png"
"187007","CQ9","Ne Zha Advent","3","0","0","0","","2025-05-22 16:08:55","https://static.ptgaming.ph/images/4b95eca28afe229db8aca6acf586b4f7.png","images/CQ9__Ne_Zha_Advent__187007.png"
"187008","CQ9","Football Boots","3","0","0","0","","2025-05-22 16:11:21","https://static.ptgaming.ph/images/710cc2a359fedffbbe28261f28460c80.png","images/CQ9__Football_Boots__187008.png"
"187009","CQ9","GuGuGu2","3","0","0","0","","2025-05-22 16:24:40","https://static.ptgaming.ph/images/4b68a5204f7ae49136feca3361b1da08.png","images/CQ9__GuGuGu2__187009.png"
"187010","CQ9","Great Lion","3","0","0","0","","2025-05-22 16:28:04","https://static.ptgaming.ph/images/4e0e4c57cb7f5348511e6168e283209b.png","images/CQ9__Great_Lion__187010.png"
"188002","CQ9","Black Wukong","3","0","0","0","","2025-05-22 15:09:36","https://static.ptgaming.ph/images/ee346f72e3fe46674d855e0f1ec59d35.png","images/CQ9__Black_Wukong__188002.png"
"188003","CQ9","Dragon Ball Dozer","3","0","0","0","","2025-05-22 15:15:20","https://static.ptgaming.ph/images/91be056b19f7f021dcf70f9878356375.png","images/CQ9__Dragon_Ball_Dozer__188003.png"
"188004","CQ9","Alice Run","3","0","0","0","","2025-05-22 16:05:19","https://static.ptgaming.ph/images/cf45f57d6f035af7d69205e77aa17890.png","images/CQ9__Alice_Run__188004.png"
"188005","CQ9","Rave Jump2","3","0","0","0","","2025-05-22 16:05:50","https://static.ptgaming.ph/images/3ddc4ecfb128c82e00409d879cb3d6fe.png","images/CQ9__Rave_Jump2__188005.png"
"188006","CQ9","The Beast War","3","0","0","0","","2025-05-22 16:08:17","https://static.ptgaming.ph/images/0c4c8ba4aab5a35a3a1eb6140ee64810.png","images/CQ9__The_Beast_War__188006.png"
"188007","CQ9","Banker Dice Bull-Bull","3","0","0","0","","2025-05-22 16:14:25","https://static.ptgaming.ph/images/a950743d911a149321804c08e60eb34b.png","images/CQ9__Banker_Dice_Bull-Bull__188007.png"
"188009","CQ9","Vampire Kiss","3","0","0","0","","2025-05-22 16:28:43","https://static.ptgaming.ph/images/23f958af2d8030ce7fe585f3d03c8639.png","images/CQ9__Vampire_Kiss__188009.png"
"188011","CQ9","Sung Wukong","3","0","0","0","","2025-05-23 11:08:36","https://static.ptgaming.ph/images/4cb1d7b258aa997b200cd155ca11b03b.png","images/CQ9__Sung_Wukong__188011.png"
"189002","CQ9","5 God Beasts","3","0","0","0","","2025-05-22 15:10:23","https://static.ptgaming.ph/images/7c51e0eaeade5623258f6745f0949f2a.png","images/CQ9__5_God_Beasts__189002.png"
"189003","CQ9","Football Fever M","3","0","0","0","","2025-05-22 15:15:35","https://static.ptgaming.ph/images/a4d673269b4febee54ade14ba104d37a.png","images/CQ9__Football_Fever_M__189003.png"
"189004","CQ9","Go Fishing","3","0","0","0","","2025-05-22 15:19:26","https://static.ptgaming.ph/images/32b87e48186af1ed0c8c8ad95c36e1b2.png","images/CQ9__Go_Fishing__189004.png"
"189005","Evolution","Big Bucks Deluxe","3","0","0","0","","2025-05-22 15:28:31","https://static.ptgaming.ph/images/c7bc65572afda19eff7b499d8f7f8bac.png","images/Evolution__Big_Bucks_Deluxe__189005.png"
"189006","CQ9","Wild Tarzan","3","0","0","0","","2025-05-22 16:12:05","https://static.ptgaming.ph/images/50b0eb9afc093b56ca0768e3d5cc4b33.png","images/CQ9__Wild_Tarzan__189006.png"
"189007","CQ9","FruitKingII","3","0","0","0","","2025-05-22 16:23:26","https://static.ptgaming.ph/images/2f7de905eb6a0a52ed8369b417163963.png","images/CQ9__FruitKingII__189007.png"
"190002","CQ9","Zeus","3","0","0","0","","2025-05-22 15:10:55","https://static.ptgaming.ph/images/afd767b271258cf77be7589603328db7.png","images/CQ9__Zeus__190002.png"
"190003","CQ9","Fire777","3","0","0","0","","2025-05-22 15:25:20","https://static.ptgaming.ph/images/69e6fd1f48edbe8cdd685ca2ef80ea42.png","images/CQ9__Fire777__190003.png"
"190004","CQ9","888","3","0","0","0","","2025-05-22 15:27:17","https://static.ptgaming.ph/images/d53bef8d61fd35552ed4cbe5080b5f10.png","images/CQ9__888__190004.png"
"190005","CQ9","Apollo","3","0","0","0","","2025-05-22 15:31:42","https://static.ptgaming.ph/images/20fb4d042d32a64f2a2dadb09cb4748f.png","images/CQ9__Apollo__190005.png"
"190006","CQ9","Jump Higher mobile","3","0","0","0","","2025-05-22 15:59:05","https://static.ptgaming.ph/images/fe71876a963e70f16de66b5abe844819.png","images/CQ9__Jump_Higher_mobile__190006.png"
"190007","CQ9","HappyRichYear","3","0","0","0","","2025-05-22 16:01:47","https://static.ptgaming.ph/images/5e11b10166a04408df2488304872e633.png","images/CQ9__HappyRichYear__190007.png"
"190008","CQ9","Sakura Legend","3","0","0","0","","2025-05-22 16:15:11","https://static.ptgaming.ph/images/ba7fcd486d140dc1ceaf0dce67c92e8d.png","images/CQ9__Sakura_Legend__190008.png"
"191002","CQ9","888 Cai Shen","3","0","0","0","","2025-05-22 15:16:28","https://static.ptgaming.ph/images/cb0a8f2a2d5a813ead0426a8c6e1695c.png","images/CQ9__888_Cai_Shen__191002.png"
"191003","CQ9","Lucky Bats","3","0","0","0","","2025-05-22 15:31:30","https://static.ptgaming.ph/images/3d244facc7cea9986e6cfd2548c47367.png","images/CQ9__Lucky_Bats__191003.png"
"191004","CQ9","WuKong&Peaches","3","0","0","0","","2025-05-22 16:03:06","https://static.ptgaming.ph/images/4679a156d9876de31b32298589104b27.png","images/CQ9__WuKong_Peaches__191004.png"
"191005","CQ9","Yuan Bao","3","0","0","0","","2025-05-22 16:04:48","https://static.ptgaming.ph/images/29e3747b6cddc9ed3454975a2b2ad52a.png","images/CQ9__Yuan_Bao__191005.png"
"191006","CQ9","World Cup Russia2018","3","0","0","0","","2025-05-22 16:18:24","https://static.ptgaming.ph/images/57018f3c9d2a2a1c3eec6a2d2899f8b4.png","images/CQ9__World_Cup_Russia2018__191006.png"
"191007","CQ9","Summer Mood","3","0","0","0","","2025-05-22 16:20:03","https://static.ptgaming.ph/images/a37e4e6cd859e863acff72134db7ff78.png","images/CQ9__Summer_Mood__191007.png"
"192002","CQ9","Thai HILO","3","0","0","0","","2025-05-22 15:16:45","https://static.ptgaming.ph/images/b6b2d9d2b9b3f9cb829ecdc80cbf308d.png","images/CQ9__Thai_HILO__192002.png"
"192003","CQ9","Golden Eggs","3","0","0","0","","2025-05-22 15:17:14","https://static.ptgaming.ph/images/2b9e89926ad5bf0d25d880f4ca6c5ec6.png","images/CQ9__Golden_Eggs__192003.png"
"192004","CQ9","Jumping mobile","3","0","0","0","","2025-05-22 15:27:31","https://static.ptgaming.ph/images/d7e7616fd7fa86206d9f56217e738ca1.png","images/CQ9__Jumping_mobile__192004.png"
"192005","CQ9","Striker WILD","3","0","0","0","","2025-05-22 15:33:52","https://static.ptgaming.ph/images/e95b524c8686cd4167654ad21c5b9001.png","images/CQ9__Striker_WILD__192005.png"
"192006","CQ9","Wolf Moon","3","0","0","0","","2025-05-22 15:52:51","https://static.ptgaming.ph/images/4ec7b87d3fbca5c91f8e02350d9b3873.png","images/CQ9__Wolf_Moon__192006.png"
"192007","CQ9","Shou-Xin","3","0","0","0","","2025-05-22 16:00:27","https://static.ptgaming.ph/images/6225ea8adea90064448388394619ab8f.png","images/CQ9__Shou-Xin__192007.png"
"192008","CQ9","WanBaoDino","3","0","0","0","","2025-05-22 16:15:57","https://static.ptgaming.ph/images/6a079209ab663075d10522dcf8ff342d.png","images/CQ9__WanBaoDino__192008.png"
"192010","CQ9","Chicky Parm Parm","3","0","0","0","","2025-05-22 16:30:07","https://static.ptgaming.ph/images/684cd7021c039a4be68f16b7996cbe3e.png","images/CQ9__Chicky_Parm_Parm__192010.png"
"192011","Evolution","Golden Egg Invaders","3","0","0","0","","2025-05-23 11:27:10","https://static.ptgaming.ph/images/a52e70666bef6b7c513cea1f4df0afdc.png","images/Evolution__Golden_Egg_Invaders__192011.png"
"193002","CQ9","Mummy's Treasure","3","0","0","0","","2025-05-22 15:16:59","https://static.ptgaming.ph/images/0ba24642883138f02bb5e69eb0665694.png","images/CQ9__Mummy_s_Treasure__193002.png"
"193003","CQ9","Mahjong Fruit","3","0","0","0","","2025-05-22 15:26:43","https://static.ptgaming.ph/images/5be66485a4b8208393f6b11323862879.png","images/CQ9__Mahjong_Fruit__193003.png"
"193004","CQ9","Ninja Raccoon","3","0","0","0","","2025-05-22 15:55:52","https://static.ptgaming.ph/images/bb2b39a3a04d4931c978725f94921e26.png","images/CQ9__Ninja_Raccoon__193004.png"
"193005","CQ9","MuayThai","3","0","0","0","","2025-05-22 16:00:16","https://static.ptgaming.ph/images/1bb475c502ac3bc83a97147b0e7605af.png","images/CQ9__MuayThai__193005.png"
"193006","CQ9","Jungle Party","3","0","0","0","","2025-05-22 16:10:27","https://static.ptgaming.ph/images/866609a2357215a6a04b9a02b4de27a3.png","images/CQ9__Jungle_Party__193006.png"
"193007","CQ9","Gu Gu Gu 2 M","3","0","0","0","","2025-05-22 16:22:48","https://static.ptgaming.ph/images/8b7456c5eea030e8e42cbf10f5e010b0.png","images/CQ9__Gu_Gu_Gu_2_M__193007.png"
"193008","CQ9","Magic World","3","0","0","0","","2025-05-22 16:23:09","https://static.ptgaming.ph/images/c08378562f36b67bed7d3b752d7cbcc1.png","images/CQ9__Magic_World__193008.png"
"194002","CQ9","Aladdin's lamp","3","0","0","0","","2025-05-22 15:17:28","https://static.ptgaming.ph/images/015786955556e3be4792f784eaf6d568.png","images/CQ9__Aladdin_s_lamp__194002.png"
"194003","CQ9","Wolf Disco","3","0","0","0","","2025-05-22 16:06:04","https://static.ptgaming.ph/images/f5b8536fc2019d0fd38261371f8a4392.png","images/CQ9__Wolf_Disco__194003.png"
"194004","CQ9","Apsaras","3","0","0","0","","2025-05-22 16:14:00","https://static.ptgaming.ph/images/770a3b341002305a6e64bfb9bb350e36.png","images/CQ9__Apsaras__194004.png"
"194005","CQ9","Detective Dee","3","0","0","0","","2025-05-22 16:16:46","https://static.ptgaming.ph/images/c1f85458fbca2dc61ae03fe4b01af7c5.png","images/CQ9__Detective_Dee__194005.png"
"194006","CQ9","Red Phoenix","3","0","0","0","","2025-05-22 16:25:05","https://static.ptgaming.ph/images/415e9c629c04f610a14ae33afd84cf00.png","images/CQ9__Red_Phoenix__194006.png"
"195002","CQ9","TreasureBowl","3","0","0","0","","2025-05-22 15:17:45","https://static.ptgaming.ph/images/daf2a5694fc7132a9ca75ee3744e499d.png","images/CQ9__TreasureBowl__195002.png"
"195003","CQ9","Six Candy","3","0","0","0","","2025-05-22 16:05:42","https://static.ptgaming.ph/images/0dbb592de1d45bdfa3b99ec80ee87c7e.png","images/CQ9__Six_Candy__195003.png"
"195004","CQ9","God Of Chess","3","0","0","0","","2025-05-22 16:06:03","https://static.ptgaming.ph/images/1266aa161f8adaf56a8d08c34eb9f79b.png","images/CQ9__God_Of_Chess__195004.png"
"196002","CQ9","Hercules","3","0","0","0","","2025-05-22 15:19:11","https://static.ptgaming.ph/images/86c142060600d56a0f7b71643d26b562.png","images/CQ9__Hercules__196002.png"
"196003","CQ9","Good Fortune","3","0","0","0","","2025-05-22 15:22:45","https://static.ptgaming.ph/images/6e603f0bbcc8d43e7bb0b645a3f57a86.png","images/CQ9__Good_Fortune__196003.png"
"196004","CQ9","777","3","0","0","0","","2025-05-22 15:24:40","https://static.ptgaming.ph/images/c2ffc043e0f8b91c6530579748daa9b1.png","images/CQ9__777__196004.png"
"196005","CQ9","Wonderland","3","0","0","0","","2025-05-22 15:37:01","https://static.ptgaming.ph/images/993e73100e669ba837611c9198ad537d.png","images/CQ9__Wonderland__196005.png"
"196006","CQ9","Thai Fish Prawn Crab","3","0","0","0","","2025-05-22 15:59:08","https://static.ptgaming.ph/images/08f809e8a1fe1f11b8cea34ee4dfd8da.png","images/CQ9__Thai_Fish_Prawn_Crab__196006.png"
"196007","CQ9","Dollar Bomb","3","0","0","0","","2025-05-22 16:10:51","https://static.ptgaming.ph/images/9d17c560f11bfa812815bff33236ba8b.png","images/CQ9__Dollar_Bomb__196007.png"
"196008","CQ9","Zhong Kui","3","0","0","0","","2025-05-22 16:11:45","https://static.ptgaming.ph/images/3250475af9128121c293947bf386c684.png","images/CQ9__Zhong_Kui__196008.png"
"196009","CQ9","Fire Chibi M","3","0","0","0","","2025-05-22 16:16:20","https://static.ptgaming.ph/images/2e29db718e42bef206085c547976efad.png","images/CQ9__Fire_Chibi_M__196009.png"
"196010","CQ9","Golden Eggs JP","3","0","0","0","","2025-05-22 16:35:35","https://static.ptgaming.ph/images/c4df2642517af9295e0a8d3c8e2365f0.png","images/CQ9__Golden_Eggs_JP__196010.png"
"197002","CQ9","Jump High 2","3","0","0","0","","2025-05-22 15:20:31","https://static.ptgaming.ph/images/290be2061f60953e232f5610d66d22df.png","images/CQ9__Jump_High_2__197002.png"
"197003","CQ9","So Sweet","3","0","0","0","","2025-05-22 15:34:58","https://static.ptgaming.ph/images/0eef1abec2b9f1db57a496d9a6cc5681.png","images/CQ9__So_Sweet__197003.png"
"197004","CQ9","Dragon Pachinko","3","0","0","0","","2025-05-22 15:53:28","https://static.ptgaming.ph/images/c7a241bd416dfa2405e76d8ac6faa307.png","images/CQ9__Dragon_Pachinko__197004.png"
"197005","CQ9","Move n' Jump","3","0","0","0","","2025-05-22 16:02:10","https://static.ptgaming.ph/images/113d193585661e5695d7c5c0e1cff8c7.png","images/CQ9__Move_n_Jump__197005.png"
"197006","CQ9","Crazy NuoZha","3","0","0","0","","2025-05-22 16:04:21","https://static.ptgaming.ph/images/bf6c44cef8e70e10f605d96734eb65e0.png","images/CQ9__Crazy_NuoZha__197006.png"
"197007","CQ9","Big Wolf","3","0","0","0","","2025-05-22 16:30:25","https://static.ptgaming.ph/images/7a2d4d65fbcd3de1fce1767213149060.png","images/CQ9__Big_Wolf__197007.png"
"197008","CQ9","LuckyBatsJP","3","0","0","0","","2025-05-22 16:36:11","https://static.ptgaming.ph/images/0087568828761bc10475bf9b93584809.png","images/CQ9__LuckyBatsJP__197008.png"
"198002","CQ9","FaCaiShen","3","0","0","0","","2025-05-22 15:21:53","https://static.ptgaming.ph/images/26ec5df9cbdd88c51874ad7c9720a506.png","images/CQ9__FaCaiShen__198002.png"
"198003","CQ9","Zeus M","3","0","0","0","","2025-05-22 16:00:02","https://static.ptgaming.ph/images/f377d9f4972a588947fec6d758d8933d.png","images/CQ9__Zeus_M__198003.png"
"198004","CQ9","Gu Gu Gu 3","3","0","0","0","","2025-05-22 16:02:01","https://static.ptgaming.ph/images/bfc80f33563f55cd3e3d9483454292d9.png","images/CQ9__Gu_Gu_Gu_3__198004.png"
"198005","CQ9","Kronos","3","0","0","0","","2025-05-22 16:02:18","https://static.ptgaming.ph/images/13f50c84d9acb6d9cd6779664d7f3ab5.png","images/CQ9__Kronos__198005.png"
"198006","CQ9","Peeking Banker Bull-Bull","3","0","0","0","","2025-05-22 16:04:46","https://static.ptgaming.ph/images/3358d87b4ba573856406ed81d0134938.png","images/CQ9__Peeking_Banker_Bull-Bull__198006.png"
"198007","CQ9","Uproar In Heaven","3","0","0","0","","2025-05-22 16:06:18","https://static.ptgaming.ph/images/9319ac8c29e4dfba031b182f17885d8b.png","images/CQ9__Uproar_In_Heaven__198007.png"
"198008","CQ9","The Cupids","3","0","0","0","","2025-05-22 16:07:46","https://static.ptgaming.ph/images/2eab06b3fb0df005d54a39cf043b193d.png","images/CQ9__The_Cupids__198008.png"
"198009","CQ9","6 Toros","3","0","0","0","","2025-05-22 16:17:55","https://static.ptgaming.ph/images/2ccc4adca4f616266192be69036813c8.png","images/CQ9__6_Toros__198009.png"
"198010","CQ9","MonkeyOfficeLegend","3","0","0","0","","2025-05-22 16:31:27","https://static.ptgaming.ph/images/e314c0066f7d7e9db5383e7a759a8511.png","images/CQ9__MonkeyOfficeLegend__198010.png"
"198012","CQ9","Thai Pok Deng","3","0","0","0","","2025-05-22 16:35:53","https://static.ptgaming.ph/images/458f809bfaf4c701a307c2b04eb3dc81.png","images/CQ9__Thai_Pok_Deng__198012.png"
"199002","CQ9","Treasure House","3","0","0","0","","2025-05-22 15:25:01","https://static.ptgaming.ph/images/10d1a5186af8dc1483928d4ff8ee1541.png","images/CQ9__Treasure_House__199002.png"
"199003","CQ9","WaterWorld","3","0","0","0","","2025-05-22 15:59:41","https://static.ptgaming.ph/images/818bbe9c991328b4c6df26970bcad345.png","images/CQ9__WaterWorld__199003.png"
"199004","CQ9","Gu Gu Gu M","3","0","0","0","","2025-05-22 16:02:37","https://static.ptgaming.ph/images/157855144d309b4b6d13440d9862c88e.png","images/CQ9__Gu_Gu_Gu_M__199004.png"
"199005","CQ9","Running Animals","3","0","0","0","","2025-05-22 16:08:05","https://static.ptgaming.ph/images/e90063e397e77c73f9ec8b68d9d03a9a.png","images/CQ9__Running_Animals__199005.png"
"199006","CQ9","Meow","3","0","0","0","","2025-05-22 16:12:26","https://static.ptgaming.ph/images/6ffcd3da03042ecf819a5c1f2f29ca53.png","images/CQ9__Meow__199006.png"
"199007","CQ9","Sherlock Holmes","3","0","0","0","","2025-05-22 16:17:06","https://static.ptgaming.ph/images/cdadac052cdc5713bedb41adfc731bc4.png","images/CQ9__Sherlock_Holmes__199007.png"
"199008","CQ9","Six Gacha","3","0","0","0","","2025-05-22 16:17:31","https://static.ptgaming.ph/images/26dceb0a84ce8e10675a6b681de5b19e.png","images/CQ9__Six_Gacha__199008.png"
"199009","CQ9","3 2 1Go!","3","0","0","0","","2025-05-22 16:29:45","https://static.ptgaming.ph/images/7c6c68f2b457121646b34a23097095f5.png","images/CQ9__3_2_1Go__199009.png"
"200002","CQ9","Fortune Dragon","3","0","0","0","","2025-05-22 15:27:03","https://static.ptgaming.ph/images/c2a2a0bfe653cc69151b2bb857b63874.png","images/CQ9__Fortune_Dragon__200002.png"
"200003","CQ9","Hero of the 3 Kingdoms - Cao Cao","3","0","0","0","","2025-05-22 15:32:21","https://static.ptgaming.ph/images/cd2f9d4f151488433e139cd5c909c255.png","images/CQ9__Hero_of_the_3_Kingdoms_-_Cao_Cao__200003.png"
"200004","CQ9","Loy Krathong","3","0","0","0","","2025-05-22 15:36:47","https://static.ptgaming.ph/images/df3687cdc3eafe00139115def7e04158.png","images/CQ9__Loy_Krathong__200004.png"
"200005","CQ9","Lord Ganesha","3","0","0","0","","2025-05-22 15:43:42","https://static.ptgaming.ph/images/6331739f34ca757d3468abeabbd4380f.png","images/CQ9__Lord_Ganesha__200005.png"
"200006","CQ9","Fa Cai Fu Wa","3","0","0","0","","2025-05-22 15:52:13","https://static.ptgaming.ph/images/8433f154e8c8a6508bc2130046f5e4f9.png","images/CQ9__Fa_Cai_Fu_Wa__200006.png"
"200007","CQ9","Rave Jump","3","0","0","0","","2025-05-22 16:07:33","https://static.ptgaming.ph/images/9fe4c5069d1df1b7967143f43f7c8a42.png","images/CQ9__Rave_Jump__200007.png"
"201002","CQ9","Football Fever","3","0","0","0","","2025-05-22 15:31:13","https://static.ptgaming.ph/images/682d95cfb2a80e10573724335f347398.png","images/CQ9__Football_Fever__201002.png"
"202002","CQ9","Thor 2","3","0","0","0","","2025-05-22 15:35:16","https://static.ptgaming.ph/images/f7362116b39e42c518e9c6f00f8f2ca0.png","images/CQ9__Thor_2__202002.png"
"202003","CQ9","Xoc Dia","3","0","0","0","","2025-05-22 16:15:38","https://static.ptgaming.ph/images/dcca4dc05cc6599303f82aa3bb0ef586.png","images/CQ9__Xoc_Dia__202003.png"
"202004","CQ9","Ecstatic Circus","3","0","0","0","","2025-05-22 16:22:23","https://static.ptgaming.ph/images/008ae7a1145cd7154f7f271552aead7f.png","images/CQ9__Ecstatic_Circus__202004.png"
"202007","Evolution","Finn and the Dragon Tales","3","0","0","0","","2025-05-23 11:26:24","https://static.ptgaming.ph/images/eafd53846f062df4a32699edb8c05f63.png","images/Evolution__Finn_and_the_Dragon_Tales__202007.png"
"203002","CQ9","Lucky Bats M","3","0","0","0","","2025-05-22 16:05:34","https://static.ptgaming.ph/images/2d3a724bb23c372c8115b97585bb0d5c.png","images/CQ9__Lucky_Bats_M__203002.png"
"203003","CQ9","Seotda","3","0","0","0","","2025-05-22 16:34:57","https://static.ptgaming.ph/images/ef3c8f9065d977a0f69dc463171ef500.png","images/CQ9__Seotda__203003.png"
"203004","Evolution","Bass Boss MegaWays","3","0","0","0","","2025-05-23 11:24:37","https://static.ptgaming.ph/images/4805a29840659a1d007fa550ad688cdf.png","images/Evolution__Bass_Boss_MegaWays__203004.png"
"206003","PlayTech","Grand Baccarat","3","0","0","0","","2025-07-28 14:26:19","https://static.ptgaming.ph/images/4663f18c5bb34f3285296a882cac8359.png","images/PlayTech__Grand_Baccarat__206003.png"
"206004","PlayTech","Solar Eclipse: Desert Treasure","3","0","0","0","","2025-07-28 15:01:48","https://static.ptgaming.ph/images/17911344307e38f01080554752b26c57.png","images/PlayTech__Solar_Eclipse_Desert_Treasure__206004.png"
"206005","PlayTech","Joker Rush: Cash Collect","3","0","0","0","","2025-07-28 15:11:09","https://static.ptgaming.ph/images/5bf9d4f4b2a0ee14a525fb05357ee802.png","images/PlayTech__Joker_Rush_Cash_Collect__206005.png"
"206006","PlayTech","81 Joker Hot Reels","3","0","0","0","","2025-07-28 15:18:34","https://static.ptgaming.ph/images/6ba81e15dcf5d98ece4f12697b9ecce2.png","images/PlayTech__81_Joker_Hot_Reels__206006.png"
"206007","PlayTech","Long Long Long","3","0","0","0","","2025-07-28 15:20:32","https://static.ptgaming.ph/images/315933e53f4fe338688b9363884233b1.png","images/PlayTech__Long_Long_Long__206007.png"
"206008","PlayTech","Stampede Rush Trident","3","0","0","0","","2025-07-28 15:20:58","https://static.ptgaming.ph/images/6b00097bd8392aeb8b390504563f4020.png","images/PlayTech__Stampede_Rush_Trident__206008.png"
"206009","PlayTech","Lunar Link: Sky King","3","0","0","0","","2025-07-28 15:22:33","https://static.ptgaming.ph/images/084f408d32230d73568e47b4f58c0baa.png","images/PlayTech__Lunar_Link_Sky_King__206009.png"
"206010","PlayTech","High Street Heist","3","0","0","0","","2025-07-28 15:29:13","https://static.ptgaming.ph/images/7b877a7dfa204746b2fd0444188caca6.png","images/PlayTech__High_Street_Heist__206010.png"
"206011","PlayTech","Ni Shu Shen Me","3","0","0","0","","2025-07-28 15:37:35","https://static.ptgaming.ph/images/7fe799f837bc09fc624b3ff1d3c2098b.png","images/PlayTech__Ni_Shu_Shen_Me__206011.png"
"206012","PlayTech","Nian Nian You Yu","3","0","0","0","","2025-07-28 15:37:54","https://static.ptgaming.ph/images/913e9ad0d1b2a9c265207554e9fb7392.png","images/PlayTech__Nian_Nian_You_Yu__206012.png"
"206013","PlayTech","Spin 'Em Round!","3","0","0","0","","2025-07-28 15:52:53","https://static.ptgaming.ph/images/bc4c9f7a8c837409d24933f086a40a2f.png","images/PlayTech__Spin_Em_Round__206013.png"
"206014","PlayTech","Purple Hot","3","0","0","0","","2025-07-28 15:55:07","https://static.ptgaming.ph/images/9ef9d7becaf9b8b1622c7a52185d5e42.png","images/PlayTech__Purple_Hot__206014.png"
"206015","PlayTech","Age of the Gods: Ruler of the Seas","3","0","0","0","","2025-07-28 16:07:24","https://static.ptgaming.ph/images/a89256284065ea3f6ad251cc57b5acba.png","images/PlayTech__Age_of_the_Gods_Ruler_of_the_Seas__206015.png"
"206016","PlayTech","Wushu Punch","3","0","0","0","","2025-07-28 17:14:47","https://static.ptgaming.ph/images/dfc2b8595d5f16b63022de014be84b28.png","images/PlayTech__Wushu_Punch__206016.png"
"206017","PlayTech","Atlantis: Cash Collect","3","0","0","0","","2025-07-29 15:22:28","https://static.ptgaming.ph/images/2c995605a2daab1b624cfd467e791b24.png","images/PlayTech__Atlantis_Cash_Collect__206017.png"
"206018","PlayTech","Better Wilds PowerPlay Jackpot","3","0","0","0","","2025-07-29 15:43:08","https://static.ptgaming.ph/images/381af6e3b56f5b3133398a9f9cddf4ce.png","images/PlayTech__Better_Wilds_PowerPlay_Jackpot__206018.png"
"206019","PlayTech","Book of Kings 2 PowerPlay Jackpot","3","0","0","0","","2025-07-29 15:46:30","https://static.ptgaming.ph/images/cb60a2e0de6f63762b9447997ddba033.png","images/PlayTech__Book_of_Kings_2_PowerPlay_Jackpot__206019.png"
"206020","PlayTech","Fire Blaze Golden: Amazing Factory","3","0","0","0","","2025-07-29 16:08:46","https://static.ptgaming.ph/images/b1d24be58119abc04d6a41b338ef81cd.png","images/PlayTech__Fire_Blaze_Golden_Amazing_Factory__206020.png"
"206021","PlayTech","Fire Blaze Quattro: Celtic Charm","3","0","0","0","","2025-07-29 16:09:12","https://static.ptgaming.ph/images/b5457b0a0297ec2bfd2cf7cd680a8e39.png","images/PlayTech__Fire_Blaze_Quattro_Celtic_Charm__206021.png"
"206022","PlayTech","Fire Blaze: Toltec Blocks","3","0","0","0","","2025-07-29 16:20:01","https://static.ptgaming.ph/images/f4052230c4322cb86b043803db123bf8.png","images/PlayTech__Fire_Blaze_Toltec_Blocks__206022.png"
"206023","YGR","Fortune Lions 7","3","0","0","0","","2025-07-30 11:04:05","https://static.ptgaming.ph/images/cc07328d522c4d3b249550595ab583eb.png","images/YGR__Fortune_Lions_7__206023.png"
"206024","YGR","GOLDEN PHARAOH","3","0","0","0","","2025-07-30 11:04:50","https://static.ptgaming.ph/images/0e136d694d57168954c1f9042d2d2766.png","images/YGR__GOLDEN_PHARAOH__206024.png"
"206025","PlayTech","Circus Launch","3","0","0","0","","2025-08-07 16:08:47","https://static.ptgaming.ph/images/94c3b1b36cee679f22d08e70c4010105.png","images/PlayTech__Circus_Launch__206025.png"
"207002","SAGaming","Baccarat M02","3","0","0","0","","2025-06-23 13:15:17","https://static.ptgaming.ph/images/b74a69916f1667b30622583461c89045.png","images/SAGaming__Baccarat_M02__207002.png"
"207003","Evolution","Perya Speed Baccarat 4","3","0","0","0","1% Cashback EVO","2025-06-30 15:43:08","https://static.ptgaming.ph/images/9726bbf7c93c13c25b9568e33aaead0e.png","images/Evolution__Perya_Speed_Baccarat_4__207003.png"
"207005","PlayTech","Heavenly Ruler","3","0","0","0","","2025-07-28 14:59:09","https://static.ptgaming.ph/images/af719fd1f4365d8fed6c73a80fc1e9c4.png","images/PlayTech__Heavenly_Ruler__207005.png"
"207006","PlayTech","Piggy Mania","3","0","0","0","","2025-07-28 15:06:51","https://static.ptgaming.ph/images/df932d01edcb3b6e9f1b83ce0194ef43.png","images/PlayTech__Piggy_Mania__207006.png"
"207007","PlayTech","J Mania 3 Buffalo","3","0","0","0","","2025-07-28 15:11:01","https://static.ptgaming.ph/images/9c1988ee9be1c29425fa5627878ec725.png","images/PlayTech__J_Mania_3_Buffalo__207007.png"
"207008","PlayTech","Jurassic Island 2","3","0","0","0","","2025-07-28 15:12:03","https://static.ptgaming.ph/images/7bafbbb5c11d9ab2d6d278c4372c76e4.png","images/PlayTech__Jurassic_Island_2__207008.png"
"207009","PlayTech","Lock & Hit: Red Knight","3","0","0","0","","2025-07-28 15:19:55","https://static.ptgaming.ph/images/24eae2360ac1e6ae8d26e6aeadcfa363.png","images/PlayTech__Lock_Hit_Red_Knight__207009.png"
"207010","PlayTech","Betty Bonkers","3","0","0","0","","2025-07-28 15:23:13","https://static.ptgaming.ph/images/85bdb970db2ec870ac5552a17332c32f.png","images/PlayTech__Betty_Bonkers__207010.png"
"207011","PlayTech","El Ranchero Cash Collect Diamond Path","3","0","0","0","","2025-07-28 15:31:31","https://static.ptgaming.ph/images/573076ff72465c60cbc945cf4cb22069.png","images/PlayTech__El_Ranchero_Cash_Collect_Diamond_Path__207011.png"
"207012","PlayTech","New Year's Bonanza","3","0","0","0","","2025-07-28 15:37:17","https://static.ptgaming.ph/images/426203bfab3e6f5cdf2a71d5ec791666.png","images/PlayTech__New_Year_s_Bonanza__207012.png"
"207013","PlayTech","Go High Panda","3","0","0","0","","2025-07-28 15:41:35","https://static.ptgaming.ph/images/0ae40fee13e1db7cc5525a5034a10a50.png","images/PlayTech__Go_High_Panda__207013.png"
"207014","PlayTech","Epic Fish adventure","3","0","0","0","","2025-07-28 15:42:11","https://static.ptgaming.ph/images/abbc87aa75fcc70b9da7e73ab7b73423.png","images/PlayTech__Epic_Fish_adventure__207014.png"
"207015","PlayTech","Pigeons From Space!","3","0","0","0","","2025-07-28 15:51:09","https://static.ptgaming.ph/images/a819d13bbb823969e6dfb72c877a189f.png","images/PlayTech__Pigeons_From_Space__207015.png"
"207016","PlayTech","Power Zones: Legend of Hydra","3","0","0","0","","2025-07-28 15:52:42","https://static.ptgaming.ph/images/8e5f7794525187147bdc15829ae4ea8b.png","images/PlayTech__Power_Zones_Legend_of_Hydra__207016.png"
"207017","PlayTech","Eastern Emeralds Megaways","3","0","0","0","","2025-07-28 15:56:32","https://static.ptgaming.ph/images/aa5593bb6cf88e230ecee7417a2d2b9a.png","images/PlayTech__Eastern_Emeralds_Megaways__207017.png"
"207018","PlayTech","Golden Glyph 3","3","0","0","0","","2025-07-28 15:57:04","https://static.ptgaming.ph/images/8aaadb874cad1ad2d55c593726447bcd.png","images/PlayTech__Golden_Glyph_3__207018.png"
"207019","PlayTech","Age of the Gods: Rulers of Olympus","3","0","0","0","","2025-07-28 16:07:50","https://static.ptgaming.ph/images/d1962832a97d1ee7eb7ab60703a3b5de.png","images/PlayTech__Age_of_the_Gods_Rulers_of_Olympus__207019.png"
"207020","PlayTech","Safari Heat","3","0","0","0","","2025-07-28 16:42:25","https://static.ptgaming.ph/images/dffd7f18dc8c109474b04e883c541f36.png","images/PlayTech__Safari_Heat__207020.png"
"207021","PlayTech","Vacation Station Deluxe","3","0","0","0","","2025-07-28 17:11:46","https://static.ptgaming.ph/images/3969d774403ee0ded82364cca3fbd535.png","images/PlayTech__Vacation_Station_Deluxe__207021.png"
"207022","PlayTech","Fire Blaze Scratch","3","0","0","0","","2025-07-29 16:09:31","https://static.ptgaming.ph/images/d6ec911320026c08738cc7835265260f.png","images/PlayTech__Fire_Blaze_Scratch__207022.png"
"208002","YellowBat","Dragon Gems Super Buy","3","0","0","0","","2025-06-25 16:03:12","https://static.ptgaming.ph/images/cf90097e5b00e560aa72e7cd9c3fcaf3.png","images/YellowBat__Dragon_Gems_Super_Buy__208002.png"
"208004","PlayTech","Baccarat Soirée NC","3","0","0","0","","2025-07-28 14:26:18","https://static.ptgaming.ph/images/a7f5dc898be778138624d83b2ff3b9f5.png","images/PlayTech__Baccarat_Soir_e_NC__208004.png"
"208005","PlayTech","Koi Harmony","3","0","0","0","","2025-07-28 15:16:58","https://static.ptgaming.ph/images/0ed80df30de4abf82f16d03af25890c7.png","images/PlayTech__Koi_Harmony__208005.png"
"208006","PlayTech","Land of Gold","3","0","0","0","","2025-07-28 15:17:32","https://static.ptgaming.ph/images/3be4846946d47894a376a921e067f897.png","images/PlayTech__Land_of_Gold__208006.png"
"208007","PlayTech","Mine-a-Licious","3","0","0","0","","2025-07-28 15:25:19","https://static.ptgaming.ph/images/2dcb853af78e6362cfbdee00eb9f3eec.png","images/PlayTech__Mine-a-Licious__208007.png"
"208008","PlayTech","Mega Fire Blaze: Piggies and the Bank","3","0","0","0","","2025-07-28 15:30:52","https://static.ptgaming.ph/images/cd42b7961319d82adfce342a5ada8bfc.png","images/PlayTech__Mega_Fire_Blaze_Piggies_and_the_Bank__208008.png"
"208009","PlayTech","Rush Fever Soda Pop","3","0","0","0","","2025-07-28 15:34:07","https://static.ptgaming.ph/images/1aff7b812fa9f0b36959a974c8d64a2d.png","images/PlayTech__Rush_Fever_Soda_Pop__208009.png"
"208010","PlayTech","Aztec Fruits","3","0","0","0","","2025-07-28 15:39:24","https://static.ptgaming.ph/images/4c45220ee14a3b0d0f2859ac339b043e.png","images/PlayTech__Aztec_Fruits__208010.png"
"208011","PlayTech","Age of the Gods: Cash Collect","3","0","0","0","","2025-07-28 15:43:07","https://static.ptgaming.ph/images/3c9f99d35242cdcd0f1aea476643a304.png","images/PlayTech__Age_of_the_Gods_Cash_Collect__208011.png"
"208012","PlayTech","Gold Hit: Lil Demon","3","0","0","0","","2025-07-28 15:48:50","https://static.ptgaming.ph/images/b95d55ed9e8ef368fd86668f7041e416.png","images/PlayTech__Gold_Hit_Lil_Demon__208012.png"
"208013","PlayTech","Pyramid Linx","3","0","0","0","","2025-07-28 15:55:23","https://static.ptgaming.ph/images/bcc2e93bee3b4362bb3c78702f091f99.png","images/PlayTech__Pyramid_Linx__208013.png"
"208014","PlayTech","Age of the Gods : Epic Troy","3","0","0","0","","2025-07-28 16:02:13","https://static.ptgaming.ph/images/b073bbd361853b6cb52f5d25745e46d5.png","images/PlayTech__Age_of_the_Gods_Epic_Troy__208014.png"
"208015","PlayTech","Ri Ri Sheng Cai","3","0","0","0","","2025-07-28 16:41:25","https://static.ptgaming.ph/images/13b9ccb6e09d9371322258bce45092f9.png","images/PlayTech__Ri_Ri_Sheng_Cai__208015.png"
"208016","PlayTech","Wild LinX PowerPlay Jackpot","3","0","0","0","","2025-07-28 17:13:56","https://static.ptgaming.ph/images/4ecdb9af9bcac520bcec4270054b2620.png","images/PlayTech__Wild_LinX_PowerPlay_Jackpot__208016.png"
"208017","PlayTech","Wu Long","3","0","0","0","","2025-07-28 17:14:29","https://static.ptgaming.ph/images/7876fadf2ea61688688ceff6145411de.png","images/PlayTech__Wu_Long__208017.png"
"208018","PlayTech","Wu Lu Cai Shen","3","0","0","0","","2025-07-28 17:14:40","https://static.ptgaming.ph/images/3ae875fde90ee10a27b51f1818577723.png","images/PlayTech__Wu_Lu_Cai_Shen__208018.png"
"208019","PlayTech","Azteca: Bonus Lines","3","0","0","0","","2025-07-29 15:22:53","https://static.ptgaming.ph/images/3683c0815dc6caa77c811c9b73220302.png","images/PlayTech__Azteca_Bonus_Lines__208019.png"
"208020","PlayTech","Buffalo Blitz: Megaways","3","0","0","0","","2025-07-29 15:48:13","https://static.ptgaming.ph/images/c7e54884e0965ef505bf37f6e137c802.png","images/PlayTech__Buffalo_Blitz_Megaways__208020.png"
"208021","PlayTech","Cascading Cave","3","0","0","0","","2025-07-29 15:48:42","https://static.ptgaming.ph/images/eea837f16f329422d006e828b9748993.png","images/PlayTech__Cascading_Cave__208021.png"
"208022","PlayTech","Christmas Jackpot Bells","3","0","0","0","","2025-07-29 15:54:29","https://static.ptgaming.ph/images/8d463075ef7959f6085a762c33f2151c.png","images/PlayTech__Christmas_Jackpot_Bells__208022.png"
"208023","PlayTech","Egyptian Emeralds","3","0","0","0","","2025-07-29 16:05:58","https://static.ptgaming.ph/images/b0901a779f1f97ec86334f069984162c.png","images/PlayTech__Egyptian_Emeralds__208023.png"
"208024","PlayTech","Feng Kuang Ma Jiang","3","0","0","0","","2025-07-29 16:08:11","https://static.ptgaming.ph/images/997015c66a08bf0870ce1a30f12fb1f0.png","images/PlayTech__Feng_Kuang_Ma_Jiang__208024.png"
"208025","PlayTech","Geisha Story","3","0","0","0","","2025-07-29 16:35:43","https://static.ptgaming.ph/images/8d252fe78a905fd6bdf28bbed932cb72.png","images/PlayTech__Geisha_Story__208025.png"
"208027","YGR","Cone BONANZA","3","0","0","0","","2025-07-30 11:20:13","https://static.ptgaming.ph/images/5f543f8a2427b796312dc934b390bc05.png","images/YGR__Cone_BONANZA__208027.png"
"208028","YGR","Fruit & BAR","3","0","0","0","","2025-07-30 11:21:21","https://static.ptgaming.ph/images/1ced29007c58209c3bfbdbd24f871e71.png","images/YGR__Fruit_BAR__208028.png"
"208029","YGR","Night of Millionaire","3","0","0","0","","2025-07-30 11:23:40","https://static.ptgaming.ph/images/df58ac6d20248108809ac7b96c343446.png","images/YGR__Night_of_Millionaire__208029.png"
"208030","PlayTech","Mega Fire Blaze: Plinko","3","0","0","0","","2025-08-07 16:09:50","https://static.ptgaming.ph/images/28880f3c6ce29744c12f37915a5924c3.png","images/PlayTech__Mega_Fire_Blaze_Plinko__208030.png"
"208031","PlayTech","Baccarat without Sidebets","3","0","0","0","10%包赔","2025-08-07 16:39:15","https://static.ptgaming.ph/images/dae9a590f03b97a14b6c220a9658b22a.png","images/PlayTech__Baccarat_without_Sidebets__208031.png"
"209003","PlayTech","Gold Trio: Lil Demon","3","0","0","0","","2025-07-28 14:59:29","https://static.ptgaming.ph/images/d1532b7c7f4bdb14abbda81ddd4fc788.png","images/PlayTech__Gold_Trio_Lil_Demon__209003.png"
"209004","PlayTech","Power Zones: Ishtar","3","0","0","0","","2025-07-28 15:52:28","https://static.ptgaming.ph/images/491a6f8eaa25629a601251f823141f8d.png","images/PlayTech__Power_Zones_Ishtar__209004.png"
"209005","PlayTech","Catrina's Coins","3","0","0","0","","2025-07-28 15:55:48","https://static.ptgaming.ph/images/a61977b735e10a9ecb5aea2bde4aa182.png","images/PlayTech__Catrina_s_Coins__209005.png"
"209006","PlayTech","Wins of Fortune","3","0","0","0","","2025-07-28 15:58:37","https://static.ptgaming.ph/images/248862f7176fc47943df35c6da0bec3f.png","images/PlayTech__Wins_of_Fortune__209006.png"
"209007","PlayTech","Thai Temple","3","0","0","0","","2025-07-28 17:00:14","https://static.ptgaming.ph/images/3fcabe052127342b02a86c701a30c5c0.png","images/PlayTech__Thai_Temple__209007.png"
"209010","PlayTech","Xuan Pu Lian Huan","3","0","0","0","","2025-07-28 17:14:57","https://static.ptgaming.ph/images/ec98aa9a1cb1d35cccd6fb7776041416.png","images/PlayTech__Xuan_Pu_Lian_Huan__209010.png"
"209011","PlayTech","Fire Blaze: Eternal Lady","3","0","0","0","","2025-07-29 16:18:02","https://static.ptgaming.ph/images/aa4961e13d1b343c4c595715186704a1.png","images/PlayTech__Fire_Blaze_Eternal_Lady__209011.png"
"209012","PlayTech","Fire Blaze: Jinns Moon","3","0","0","0","","2025-07-29 16:18:44","https://static.ptgaming.ph/images/cc77121761e22ad12efd90e69db58686.png","images/PlayTech__Fire_Blaze_Jinns_Moon__209012.png"
"209013","PlayTech","Galactic Streak","3","0","0","0","","2025-07-29 16:35:35","https://static.ptgaming.ph/images/4dbc3dd280f27004963a9b6cb012fb3a.png","images/PlayTech__Galactic_Streak__209013.png"
"209014","PlayTech","Gold Pile: Tigers Pride","3","0","0","0","","2025-07-29 16:41:55","https://static.ptgaming.ph/images/2f40c2b57cc87936ba6b130aaa0734e8.png","images/PlayTech__Gold_Pile_Tigers_Pride__209014.png"
"209017","YGR","Magic Treasure","3","0","0","0","","2025-07-30 11:04:24","https://static.ptgaming.ph/images/4c2288dc47515551d97d03c88864664d.png","images/YGR__Magic_Treasure__209017.png"
"209018","YGR","Greek Mythology","3","0","0","0","","2025-07-30 11:05:23","https://static.ptgaming.ph/images/aab73d80e5cbcf508eb1d8228ecc60a6.png","images/YGR__Greek_Mythology__209018.png"
"209019","YGR","Candy Xmas","3","0","0","0","","2025-07-30 11:16:15","https://static.ptgaming.ph/images/9a9a75a3ba429279ce845d9da733befb.png","images/YGR__Candy_Xmas__209019.png"
"209020","YGR","FRENZY MONEY","3","0","0","0","","2025-07-30 11:20:01","https://static.ptgaming.ph/images/a68784951e7f7d0a0204f65c8645993f.png","images/YGR__FRENZY_MONEY__209020.png"
"209021","PlayTech","Mega Fire Blaze Lucky Ball Brasileiro","3","0","0","0","","2025-08-06 11:11:04","https://static.ptgaming.ph/images/e812808ea26276a0b2d2f282cad72091.png","images/PlayTech__Mega_Fire_Blaze_Lucky_Ball_Brasileiro__209021.png"
"209022","PlayTech","Sakura Fortune Live","3","0","0","0","","2025-08-06 11:11:39","https://static.ptgaming.ph/images/43e82bd495d4cdf27b3b3b23f0266ac4.png","images/PlayTech__Sakura_Fortune_Live__209022.png"
"209023","PlayTech","Age of the Gods: Spin a Win","3","0","0","0","","2025-08-07 16:38:16","https://static.ptgaming.ph/images/d479aae378c0e9dcc16d8a9b678ad9a4.png","images/PlayTech__Age_of_the_Gods_Spin_a_Win__209023.png"
"210004","PlayTech","Joker Spin & Roll","3","0","0","0","","2025-07-28 15:02:33","https://static.ptgaming.ph/images/341d32a689c33e0c057519b35b2b1c58.png","images/PlayTech__Joker_Spin_Roll__210004.png"
"210005","PlayTech","Hot Gems Xtreme PowerPlay Jackpot","3","0","0","0","","2025-07-28 15:03:38","https://static.ptgaming.ph/images/72d962e911a9ddad0d38017f1ba79a63.png","images/PlayTech__Hot_Gems_Xtreme_PowerPlay_Jackpot__210005.png"
"210006","PlayTech","Lovefool","3","0","0","0","","2025-07-28 15:21:21","https://static.ptgaming.ph/images/845ea8b003175a0ae8a866f0f7702689.png","images/PlayTech__Lovefool__210006.png"
"210007","PlayTech","Azticons Chaos Clusters","3","0","0","0","","2025-07-28 15:22:41","https://static.ptgaming.ph/images/4e3c3480b88f6c08a91358c0b31b46fb.png","images/PlayTech__Azticons_Chaos_Clusters__210007.png"
"210008","PlayTech","Epic Fish:Net of Fortune","3","0","0","0","","2025-07-28 15:28:35","https://static.ptgaming.ph/images/d879c99300bb0c2a430348d39d6ce8f0.png","images/PlayTech__Epic_Fish_Net_of_Fortune__210008.png"
"210009","PlayTech","Pharaoh's Secrets","3","0","0","0","","2025-07-28 15:47:20","https://static.ptgaming.ph/images/82d25818334ee7fd33caca47d056fad9.png","images/PlayTech__Pharaoh_s_Secrets__210009.png"
"210010","PlayTech","Sweet N Juicy","3","0","0","0","","2025-07-28 15:53:03","https://static.ptgaming.ph/images/4d37f5f7a4f5f6940d0c59dcbddd5932.png","images/PlayTech__Sweet_N_Juicy__210010.png"
"210011","PlayTech","Dog Town Deal","3","0","0","0","","2025-07-28 15:55:59","https://static.ptgaming.ph/images/21ca8e1c76c52331cb0e8e56e7749dc2.png","images/PlayTech__Dog_Town_Deal__210011.png"
"210012","PlayTech","Age of the Gods: Medusa & Monsters","3","0","0","0","","2025-07-28 16:06:40","https://static.ptgaming.ph/images/1c05107b991ef958a72b4b02eec72374.png","images/PlayTech__Age_of_the_Gods_Medusa_Monsters__210012.png"
"210014","PlayTech","Buffalo Blitz: Mega Merge","3","0","0","0","","2025-07-29 15:48:01","https://static.ptgaming.ph/images/8d12f34dc5c806353290b5112d1e7c85.png","images/PlayTech__Buffalo_Blitz_Mega_Merge__210014.png"
"210015","PlayTech","Easter Surprise","3","0","0","0","","2025-07-29 16:05:46","https://static.ptgaming.ph/images/f2e6375b7b8a8e38ed7c622e9454264d.png","images/PlayTech__Easter_Surprise__210015.png"
"210016","PlayTech","Cash It","3","0","0","0","","2025-08-07 16:07:47","https://static.ptgaming.ph/images/ac42cc19b9735aba9fe32a160ec5c29f.png","images/PlayTech__Cash_It__210016.png"
"210017","PlayTech","Casino Stud Poker","3","0","0","0","","2025-08-07 16:34:04","https://static.ptgaming.ph/images/e969b7e14e03fb439fcef220c851ee35.png","images/PlayTech__Casino_Stud_Poker__210017.png"
"211002","SAGaming","C Ultra Roulette","3","0","0","0","","2025-06-30 14:57:29","https://static.ptgaming.ph/images/b64fa7a3929ff46e6212176653e4c44a.png","images/SAGaming__C_Ultra_Roulette__211002.png"
"211005","PlayTech","Legacy of the Wild 2","3","0","0","0","","2025-07-28 15:18:51","https://static.ptgaming.ph/images/4974fd039fb2de68adc05951dde39d10.png","images/PlayTech__Legacy_of_the_Wild_2__211005.png"
"211006","PlayTech","Drop for Top","3","0","0","0","","2025-07-28 15:31:09","https://static.ptgaming.ph/images/3631b594ceab2427b6cf756f33a790a6.png","images/PlayTech__Drop_for_Top__211006.png"
"211007","PlayTech","Gates of Camelot","3","0","0","0","","2025-07-28 15:48:08","https://static.ptgaming.ph/images/bb7f7c7f0d940d1fc05a4e1ed31afc18.png","images/PlayTech__Gates_of_Camelot__211007.png"
"211008","PlayTech","Qin's Empire: Celestial Guardians","3","0","0","0","","2025-07-28 15:56:23","https://static.ptgaming.ph/images/dae6eab8013d0b8776f6c63eceb6184a.png","images/PlayTech__Qin_s_Empire_Celestial_Guardians__211008.png"
"211009","PlayTech","Warp Wreckers Power Glyph","3","0","0","0","","2025-07-28 15:58:16","https://static.ptgaming.ph/images/bd226b4a97409adc5a5b0a9f96932612.png","images/PlayTech__Warp_Wreckers_Power_Glyph__211009.png"
"211010","PlayTech","Quest West","3","0","0","0","","2025-07-28 16:33:14","https://static.ptgaming.ph/images/6c208d79543d8747926df0b59a59857f.png","images/PlayTech__Quest_West__211010.png"
"211011","PlayTech","Stars Ablaze","3","0","0","0","","2025-07-28 16:56:03","https://static.ptgaming.ph/images/8c44608402676520dac8d31257ea644b.png","images/PlayTech__Stars_Ablaze__211011.png"
"211012","PlayTech","Fat Choy Choy Sun","3","0","0","0","","2025-07-29 16:07:46","https://static.ptgaming.ph/images/e60d1b971a61db3a8504e5f8d164b631.png","images/PlayTech__Fat_Choy_Choy_Sun__211012.png"
"211013","PlayTech","Fire Blaze: Adventure Trail","3","0","0","0","","2025-07-29 16:09:44","https://static.ptgaming.ph/images/e3f1f180bcfc3e449d6121a9392d1c22.png","images/PlayTech__Fire_Blaze_Adventure_Trail__211013.png"
"211014","PlayTech","Fire Blaze: Tundra Wolf","3","0","0","0","","2025-07-29 16:20:19","https://static.ptgaming.ph/images/fe66ee2ab1fcab0f9da3b8b760d0be86.png","images/PlayTech__Fire_Blaze_Tundra_Wolf__211014.png"
"211015","PlayTech","Gold Hit & Link: JP Bacon & Co","3","0","0","0","","2025-07-29 16:36:43","https://static.ptgaming.ph/images/325d8b352afa45c21c28785a5c4bdc16.png","images/PlayTech__Gold_Hit_Link_JP_Bacon_Co__211015.png"
"211016","YGR","Lucky Doll","3","0","0","0","","2025-07-30 11:19:10","https://static.ptgaming.ph/images/a2d454c2402d2dc2099b072f54a27fcb.png","images/YGR__Lucky_Doll__211016.png"
"211017","PragmaticPlay","Plinko+","3","0","0","0","10%包赔","2025-07-30 14:36:30","https://static.ptgaming.ph/images/967017b9e148070865966ba634cc0d34.png","images/PragmaticPlay__Plinko__211017.png"
"211018","PlayTech","The Greatest Cards Show Live","3","0","0","0","","2025-08-06 11:09:54","https://static.ptgaming.ph/images/14e4f0b99c7c8e56e353f681dc0a7c8f.png","images/PlayTech__The_Greatest_Cards_Show_Live__211018.png"
"211019","PlayTech","Mega Fire Blaze Lucky Ball Live","3","0","0","0","","2025-08-06 11:10:46","https://static.ptgaming.ph/images/c21a30ab5219d38e4209ab405541d6a3.png","images/PlayTech__Mega_Fire_Blaze_Lucky_Ball_Live__211019.png"
"211022","PlayTech","Premium Baccarat","3","0","0","0","10%包赔","2025-08-07 16:39:58","https://static.ptgaming.ph/images/ac414842345b925c0a70be6f81f100c4.png","images/PlayTech__Premium_Baccarat__211022.png"
"211024","PlayTech","Heads'up Holdem","3","0","0","0","","2025-08-07 16:46:09","https://static.ptgaming.ph/images/eb5981a6de8d73cee10ecc1016ade66f.png","images/PlayTech__Heads_up_Holdem__211024.png"
"212003","Evolution","Perya Speed Baccarat 2","3","0","0","0","1% Cashback EVO","2025-06-30 15:43:12","https://static.ptgaming.ph/images/399e892a1509f6531cd6660b94d05a50.png","images/Evolution__Perya_Speed_Baccarat_2__212003.png"
"212005","PlayTech","Jin fu Long","3","0","0","0","","2025-07-28 15:08:05","https://static.ptgaming.ph/images/4b980b922a43593dc83797b9ee933ada.png","images/PlayTech__Jin_fu_Long__212005.png"
"212006","PlayTech","Age of the Gods: God of Storms Fire Blaze","3","0","0","0","","2025-07-28 15:24:31","https://static.ptgaming.ph/images/95da2a7727e9e7448570b4d28472b70d.png","images/PlayTech__Age_of_the_Gods_God_of_Storms_Fire_Blaze__212006.png"
"212007","PlayTech","Miss Fortune","3","0","0","0","","2025-07-28 15:32:48","https://static.ptgaming.ph/images/b31584b3c72a5b4b73a384e99b5cfb6b.png","images/PlayTech__Miss_Fortune__212007.png"
"212008","PlayTech","Feng Shui Flip","3","0","0","0","","2025-07-28 15:47:18","https://static.ptgaming.ph/images/a90d3a59ff09060873f75c1ed39f8a6a.png","images/PlayTech__Feng_Shui_Flip__212008.png"
"212009","PlayTech","Wild Harlequin","3","0","0","0","","2025-07-28 15:58:25","https://static.ptgaming.ph/images/51aafadedd336f1b361bc83a05841c09.png","images/PlayTech__Wild_Harlequin__212009.png"
"212010","PlayTech","Age of the Gods: Apollo Power","3","0","0","0","","2025-07-28 16:04:06","https://static.ptgaming.ph/images/5e6ad076829370f4087cf1ca75928cdf.png","images/PlayTech__Age_of_the_Gods_Apollo_Power__212010.png"
"212011","PlayTech","Age of the Gods: Furious Four","3","0","0","0","","2025-07-28 16:04:49","https://static.ptgaming.ph/images/48b5151df6e0ed9b66acd51d5acbfd93.png","images/PlayTech__Age_of_the_Gods_Furious_Four__212011.png"
"212012","PlayTech","Age of the Gods: Mighty Midas","3","0","0","0","","2025-07-28 16:06:52","https://static.ptgaming.ph/images/de722a45b7e72402e24c631090654fcd.png","images/PlayTech__Age_of_the_Gods_Mighty_Midas__212012.png"
"212013","PlayTech","Rich Roll: Lust for Gold!","3","0","0","0","","2025-07-28 16:41:35","https://static.ptgaming.ph/images/b70f733abbf8cf2fad5cdb2c4c259c69.png","images/PlayTech__Rich_Roll_Lust_for_Gold__212013.png"
"212014","PlayTech","The Queen's Curse: Empire Treasures","3","0","0","0","","2025-07-28 16:57:55","https://static.ptgaming.ph/images/b030ada56a1cb8480159cfb1795d7304.png","images/PlayTech__The_Queen_s_Curse_Empire_Treasures__212014.png"
"212015","PlayTech","Tiger Stacks","3","0","0","0","","2025-07-28 17:00:35","https://static.ptgaming.ph/images/599a1b02ae6dd35333135e8606aa3c52.png","images/PlayTech__Tiger_Stacks__212015.png"
"212016","PlayTech","Archer","3","0","0","0","","2025-07-29 15:20:10","https://static.ptgaming.ph/images/33935bf43e41cb2509802db1488856c5.png","images/PlayTech__Archer__212016.png"
"212017","PlayTech","Breakout Bob","3","0","0","0","","2025-07-29 15:47:12","https://static.ptgaming.ph/images/5eb093ce097baa33f82a8969b3e2b9c9.png","images/PlayTech__Breakout_Bob__212017.png"
"212018","PlayTech","Gold Hit: O'Reilly's Riches","3","0","0","0","","2025-07-29 16:39:33","https://static.ptgaming.ph/images/e7e332c156f2b745d6e609702fb06e4a.png","images/PlayTech__Gold_Hit_O_Reilly_s_Riches__212018.png"
"212019","YGR","Muay Thai","3","0","0","0","","2025-07-30 11:11:49","https://static.ptgaming.ph/images/a038f7713581a5c6f1a0fd10ae67e046.png","images/YGR__Muay_Thai__212019.png"
"212020","PlayTech","Cash Plane X5000","3","0","0","0","","2025-08-07 16:08:08","https://static.ptgaming.ph/images/b8148081cb3455254c7fac9952de80d1.png","images/PlayTech__Cash_Plane_X5000__212020.png"
"212021","PlayTech","Mini Roulette","3","0","0","0","","2025-08-07 16:39:35","https://static.ptgaming.ph/images/981998400a56ec6cb2993775cb1f8ba2.png","images/PlayTech__Mini_Roulette__212021.png"
"213003","PlayTech","Speed 6 Scanner Baccarat","3","0","0","0","","2025-07-28 14:26:20","https://static.ptgaming.ph/images/e9b2416d44fe6564c28c4c4d4c38f12b.png","images/PlayTech__Speed_6_Scanner_Baccarat__213003.png"
"213004","PlayTech","Royale Baccarat","3","0","0","0","","2025-07-28 14:26:23","https://static.ptgaming.ph/images/e96bb6a2a058c59b68ad2f4e96d2fcac.png","images/PlayTech__Royale_Baccarat__213004.png"
"213005","PlayTech","Highway Kings","3","0","0","0","","2025-07-28 14:59:52","https://static.ptgaming.ph/images/fe42de5f80c8bec57d204e9f3cbb4b85.png","images/PlayTech__Highway_Kings__213005.png"
"213006","PlayTech","Jackpot Bells","3","0","0","0","","2025-07-28 15:05:19","https://static.ptgaming.ph/images/5f74479047c5f2454a3430c74678b091.png","images/PlayTech__Jackpot_Bells__213006.png"
"213007","PlayTech","Jane Jones in Book of Kings 2","3","0","0","0","","2025-07-28 15:06:49","https://static.ptgaming.ph/images/2fcdab8c5927c5353428d0dfc7100b5c.png","images/PlayTech__Jane_Jones_in_Book_of_Kings_2__213007.png"
"213008","PlayTech","Lockdown Loot","3","0","0","0","","2025-07-28 15:20:12","https://static.ptgaming.ph/images/6428d25b1d0d22a56029e77a3d6b27cd.png","images/PlayTech__Lockdown_Loot__213008.png"
"213009","PlayTech","Mayan Blocks PowerPlay Jackpot","3","0","0","0","","2025-07-28 15:28:29","https://static.ptgaming.ph/images/2fed31da7b31d7b9b81ca3cc8a3aabcd.png","images/PlayTech__Mayan_Blocks_PowerPlay_Jackpot__213009.png"
"213010","PlayTech","Go High Puppy Love","3","0","0","0","","2025-07-28 15:40:23","https://static.ptgaming.ph/images/78334761bd2b654c336e9d4d034fd2a6.png","images/PlayTech__Go_High_Puppy_Love__213010.png"
"213011","PlayTech","Lunar Link: Phoenix Moons","3","0","0","0","","2025-07-28 15:50:48","https://static.ptgaming.ph/images/fee86b794e91eb5c9eabda88cc0f9944.png","images/PlayTech__Lunar_Link_Phoenix_Moons__213011.png"
"213012","PlayTech","Age of the Gods: Goddess of Wisdom","3","0","0","0","","2025-07-28 16:05:26","https://static.ptgaming.ph/images/fc25e4407ac0067ffd2cee960d731d91.png","images/PlayTech__Age_of_the_Gods_Goddess_of_Wisdom__213012.png"
"213014","PlayTech","Sorcerer's Guild of Magic","3","0","0","0","","2025-07-28 16:55:23","https://static.ptgaming.ph/images/9ab7750ca051259fc10d5516e5657210.png","images/PlayTech__Sorcerer_s_Guild_of_Magic__213014.png"
"213016","PlayTech","Zhao Cai Jin Bao","3","0","0","0","","2025-07-28 17:15:24","https://static.ptgaming.ph/images/21c5ea4a35bc333189ae7a2e110a7f0f.png","images/PlayTech__Zhao_Cai_Jin_Bao__213016.png"
"213017","PlayTech","Zhao Cai Tong Zi","3","0","0","0","","2025-07-28 17:15:45","https://static.ptgaming.ph/images/b6b1576864129e80bd2b44160455326b.png","images/PlayTech__Zhao_Cai_Tong_Zi__213017.png"
"213019","PlayTech","Da Vinci's Vault","3","0","0","0","","2025-07-29 15:55:23","https://static.ptgaming.ph/images/49be2307e2480b8fa72127d54433c0ac.png","images/PlayTech__Da_Vinci_s_Vault__213019.png"
"213020","PlayTech","Dragon Champions","3","0","0","0","","2025-07-29 15:58:52","https://static.ptgaming.ph/images/fe221f176eabf4a67c7c43fa7cd0b58c.png","images/PlayTech__Dragon_Champions__213020.png"
"213021","PlayTech","Gold Hit: Shrine of Anubis","3","0","0","0","","2025-07-29 16:39:44","https://static.ptgaming.ph/images/4ed6e6b2b79ce38b1ea2779e95b45ba6.png","images/PlayTech__Gold_Hit_Shrine_of_Anubis__213021.png"
"213022","PlayTech","Gold Rally","3","0","0","0","","2025-07-29 16:42:13","https://static.ptgaming.ph/images/738fabdf8a2b99e0b97abce757fcc522.png","images/PlayTech__Gold_Rally__213022.png"
"213023","YGR","Captain Whale","3","0","0","0","","2025-07-30 11:04:18","https://static.ptgaming.ph/images/2ea77401b0f6fd5df81a54f842054359.png","images/YGR__Captain_Whale__213023.png"
"213024","YGR","Fortune Rolling","3","0","0","0","","2025-07-30 11:18:32","https://static.ptgaming.ph/images/75cfcca77b46329f38c1d9058d66632f.png","images/YGR__Fortune_Rolling__213024.png"
"213026","PlayTech","Roulette Deluxe","3","0","0","0","","2025-08-07 16:42:29","https://static.ptgaming.ph/images/88735104bedfa2a19dba4ba7f767a99d.png","images/PlayTech__Roulette_Deluxe__213026.png"
"214004","PlayTech","Speed Baccarat Emperor","3","0","0","0","","2025-07-28 14:26:15","https://static.ptgaming.ph/images/02a0dd237e36bebc96c0c343d3f003fd.png","images/PlayTech__Speed_Baccarat_Emperor__214004.png"
"214005","PlayTech","Immortal Ways Gallina Harvest","3","0","0","0","","2025-07-28 15:09:58","https://static.ptgaming.ph/images/aa11a7ab821d1b215236dad7bc20d874.png","images/PlayTech__Immortal_Ways_Gallina_Harvest__214005.png"
"214006","PlayTech","Kraken Spins","3","0","0","0","","2025-07-28 15:17:17","https://static.ptgaming.ph/images/89c15f4c89268086f9e5bd178358f333.png","images/PlayTech__Kraken_Spins__214006.png"
"214007","PlayTech","Legacy of the Wild","3","0","0","0","","2025-07-28 15:17:56","https://static.ptgaming.ph/images/3a19b66a7e8997088537104f16701b24.png","images/PlayTech__Legacy_of_the_Wild__214007.png"
"214008","PlayTech","Mega Fire Blaze: Legacy of the Tiger","3","0","0","0","","2025-07-28 15:30:27","https://static.ptgaming.ph/images/e14204803a381a61b3d6f17fdb286d0b.png","images/PlayTech__Mega_Fire_Blaze_Legacy_of_the_Tiger__214008.png"
"214009","PlayTech","Gold Trio: Leprechaun's Luck BF","3","0","0","0","","2025-07-28 15:31:57","https://static.ptgaming.ph/images/e310f89a042c8bad7bbfcf7539babc32.png","images/PlayTech__Gold_Trio_Leprechaun_s_Luck_BF__214009.png"
"214010","PlayTech","Hot Gems","3","0","0","0","","2025-07-28 15:49:15","https://static.ptgaming.ph/images/3b91e25524dfe3df9cc58811cfe713f6.png","images/PlayTech__Hot_Gems__214010.png"
"214011","PlayTech","Cash Truck","3","0","0","0","","2025-07-28 15:55:02","https://static.ptgaming.ph/images/8f065800227aec9d4cd06a8e20d7dee2.png","images/PlayTech__Cash_Truck__214011.png"
"214012","PlayTech","Sakura Fortune 2","3","0","0","0","","2025-07-28 15:57:46","https://static.ptgaming.ph/images/114d2ee348fd104da55b9637ad7ffd94.png","images/PlayTech__Sakura_Fortune_2__214012.png"
"214013","PlayTech","Age of the Gods God of Storms 2","3","0","0","0","","2025-07-28 16:02:25","https://static.ptgaming.ph/images/92add929ee195c10a54e320e2855bf81.png","images/PlayTech__Age_of_the_Gods_God_of_Storms_2__214013.png"
"214014","PlayTech","Silent Samurai: Mega Cash Collect","3","0","0","0","","2025-07-28 16:50:24","https://static.ptgaming.ph/images/206301a69595d7c32d262ac2df0670b8.png","images/PlayTech__Silent_Samurai_Mega_Cash_Collect__214014.png"
"214015","PlayTech","Sweet Party","3","0","0","0","","2025-07-28 16:57:09","https://static.ptgaming.ph/images/e208262c4ce6f99af9205ad0b7d02be0.png","images/PlayTech__Sweet_Party__214015.png"
"214016","PlayTech","Zodiac Charms","3","0","0","0","","2025-07-28 17:15:52","https://static.ptgaming.ph/images/3a4aa01d59eea07bb2d1601344deee37.png","images/PlayTech__Zodiac_Charms__214016.png"
"214017","PlayTech","Buccaneer Blast","3","0","0","0","","2025-07-29 15:47:22","https://static.ptgaming.ph/images/6ec1cfbba8c62f182ddffd659f3d516e.png","images/PlayTech__Buccaneer_Blast__214017.png"
"214018","PlayTech","Coin! Coin! Coin!","3","0","0","0","","2025-07-29 15:54:39","https://static.ptgaming.ph/images/c356172d4b9572351fdb39131ae27ff5.png","images/PlayTech__Coin_Coin_Coin__214018.png"
"214021","PlayTech","Divine 9","3","0","0","0","","2025-07-29 15:58:28","https://static.ptgaming.ph/images/98fb7a83e2fe06e4df44f53198a97c4b.png","images/PlayTech__Divine_9__214021.png"
"214022","PlayTech","Eliminators","3","0","0","0","","2025-07-29 16:06:15","https://static.ptgaming.ph/images/a065dd8441e1cece5ba2509db83a86cd.png","images/PlayTech__Eliminators__214022.png"
"214023","PlayTech","Epic Ape","3","0","0","0","","2025-07-29 16:06:34","https://static.ptgaming.ph/images/2bdbaf0bbd921cc686e77c7af04ee543.png","images/PlayTech__Epic_Ape__214023.png"
"214024","PlayTech","Fire Blaze Golden: Buccaneer Bells","3","0","0","0","","2025-07-29 16:08:55","https://static.ptgaming.ph/images/adf5dde8f34a6153d1e398cc4f5dd5ce.png","images/PlayTech__Fire_Blaze_Golden_Buccaneer_Bells__214024.png"
"214025","PlayTech","Fruity Showers","3","0","0","0","","2025-07-29 16:33:16","https://static.ptgaming.ph/images/1173a440eb27b65272380dbb79145713.png","images/PlayTech__Fruity_Showers__214025.png"
"214026","YGR","R One","3","0","0","0","","2025-07-30 11:05:31","https://static.ptgaming.ph/images/ccf88f92ececae7f1c5793a9f3199b99.png","images/YGR__R_One__214026.png"
"214027","YGR","Fortune Lucky 7","3","0","0","0","","2025-07-30 11:11:43","https://static.ptgaming.ph/images/597ac15813d7d36a128a599d83e20b57.png","images/YGR__Fortune_Lucky_7__214027.png"
"214028","YGR","Chain Spin","3","0","0","0","","2025-07-30 11:23:54","https://static.ptgaming.ph/images/5639da7facc978d25ef4ca8d1ec2c1f4.png","images/YGR__Chain_Spin__214028.png"
"214029","PlayTech","101 Roulette","3","0","0","0","","2025-08-07 16:34:54","https://static.ptgaming.ph/images/8b5cb8b7fff5ed06967ee08efa9c521a.png","images/PlayTech__101_Roulette__214029.png"
"215004","PlayTech","Mayan Blocks","3","0","0","0","","2025-07-28 15:28:12","https://static.ptgaming.ph/images/34603f825cce1ff1f59ee5d6a7838ede.png","images/PlayTech__Mayan_Blocks__215004.png"
"215005","PlayTech","Gold Trio","3","0","0","0","","2025-07-28 15:49:02","https://static.ptgaming.ph/images/9dd8d5be494d985bfd0b662bb294ae3a.png","images/PlayTech__Gold_Trio__215005.png"
"215006","PlayTech","Macabra Linx PowerPlay Jackpot","3","0","0","0","","2025-07-28 15:50:59","https://static.ptgaming.ph/images/523d761c13dc69017c9ea558ca0cdf3f.png","images/PlayTech__Macabra_Linx_PowerPlay_Jackpot__215006.png"
"215007","PlayTech","Wolves! Cash Collect & Link","3","0","0","0","","2025-07-28 15:53:37","https://static.ptgaming.ph/images/4344ceaf3a9d9fadd2a558d47117787c.png","images/PlayTech__Wolves_Cash_Collect_Link__215007.png"
"215008","PlayTech","Age of the Gods: Keno","3","0","0","0","","2025-07-28 16:05:47","https://static.ptgaming.ph/images/ba313af9bf690e6baefe7b56932d37ea.png","images/PlayTech__Age_of_the_Gods_Keno__215008.png"
"215009","PlayTech","Age of the Gods: Prince of Olympus","3","0","0","0","","2025-07-28 16:07:04","https://static.ptgaming.ph/images/190475df2114c390d00ba6f8c2b7e2c4.png","images/PlayTech__Age_of_the_Gods_Prince_of_Olympus__215009.png"
"215010","PlayTech","Blazing Bells PowerPlay Jackpot","3","0","0","0","","2025-07-29 15:43:34","https://static.ptgaming.ph/images/7ffbb692662a967c68e07eddaaebf78e.png","images/PlayTech__Blazing_Bells_PowerPlay_Jackpot__215010.png"
"215011","PlayTech","Crazy 7","3","0","0","0","","2025-07-29 15:54:47","https://static.ptgaming.ph/images/eec9162a9a79b84c82ea247b5127f4f9.png","images/PlayTech__Crazy_7__215011.png"
"215012","PlayTech","Fire Blaze: Blue Wizard","3","0","0","0","","2025-07-29 16:10:05","https://static.ptgaming.ph/images/22b7babe832387ff3b091b906568050d.png","images/PlayTech__Fire_Blaze_Blue_Wizard__215012.png"
"215013","PlayTech","Fire Blaze: Blue Wizard PowerPlay Jackpot","3","0","0","0","","2025-07-29 16:17:53","https://static.ptgaming.ph/images/bd8b9714bcf1816d7efe876368d77d3a.png","images/PlayTech__Fire_Blaze_Blue_Wizard_PowerPlay_Jackpot__215013.png"
"215014","PlayTech","Gold Pile: Orangutan!","3","0","0","0","","2025-07-29 16:41:33","https://static.ptgaming.ph/images/33a6ec5f5361e3ed2e1c955e0f571ace.png","images/PlayTech__Gold_Pile_Orangutan__215014.png"
"215015","PlayTech","Grand Junction: Enchanted Inca","3","0","0","0","","2025-07-29 16:43:08","https://static.ptgaming.ph/images/fb32122c5107d7c765116eb6a7c1229a.png","images/PlayTech__Grand_Junction_Enchanted_Inca__215015.png"
"215016","YGR","Maya Golden City6","3","0","0","0","","2025-07-30 11:04:42","https://static.ptgaming.ph/images/dc40e065d4a42512987fb760ebfd86a0.png","images/YGR__Maya_Golden_City6__215016.png"
"215017","YGR","Rich Mahjong 2","3","0","0","0","","2025-07-30 11:16:17","https://static.ptgaming.ph/images/896224feeff566e3687286d83f15e275.png","images/YGR__Rich_Mahjong_2__215017.png"
"215018","YGR","Maya Golden City3","3","0","0","0","","2025-07-30 11:20:45","https://static.ptgaming.ph/images/3d71ca039abf36fc5499ec0c54654866.png","images/YGR__Maya_Golden_City3__215018.png"
"215020","SAGaming","M Ultra Roulette","3","0","0","0","","2025-08-01 11:34:14","https://static.ptgaming.ph/images/a31dee63a9b3ec6dcce49c287e5a1733.png","images/SAGaming__M_Ultra_Roulette__215020.png"
"215022","PlayTech","Spin a Win","3","0","0","0","","2025-08-07 16:42:41","https://static.ptgaming.ph/images/ec09d36dc3bea61bc63d6c626497045e.png","images/PlayTech__Spin_a_Win__215022.png"
"216004","PlayTech","Grand Junction: Mountain Express","3","0","0","0","","2025-07-28 14:55:24","https://static.ptgaming.ph/images/113bc327556349ea116d87bfa152a5f5.png","images/PlayTech__Grand_Junction_Mountain_Express__216004.png"
"216005","PlayTech","Hit Bar PowerPlay Jackpot","3","0","0","0","","2025-07-28 15:00:57","https://static.ptgaming.ph/images/7d7ea355a319231a1aa91b8e5c427640.png","images/PlayTech__Hit_Bar_PowerPlay_Jackpot__216005.png"
"216006","PlayTech","Hit Bar: Gold","3","0","0","0","","2025-07-28 15:01:22","https://static.ptgaming.ph/images/b0d8b82269f049ba19492de076dba421.png","images/PlayTech__Hit_Bar_Gold__216006.png"
"216007","PlayTech","Bulls Eye Bells","3","0","0","0","","2025-07-28 15:44:00","https://static.ptgaming.ph/images/f76dc44bc294fc58c282f95b2cbc9a0c.png","images/PlayTech__Bulls_Eye_Bells__216007.png"
"216008","PlayTech","Circuit Shock","3","0","0","0","","2025-07-28 15:44:30","https://static.ptgaming.ph/images/c97a81277ee126a06b2d3b009bf6e8da.png","images/PlayTech__Circuit_Shock__216008.png"
"216009","PlayTech","Full Moon: White King","3","0","0","0","","2025-07-28 15:47:56","https://static.ptgaming.ph/images/c6cdf7ec562ec5f3b7cb3917f9bc1e5c.png","images/PlayTech__Full_Moon_White_King__216009.png"
"216010","PlayTech","Power Zones: Stallion Strike","3","0","0","0","","2025-07-28 15:53:18","https://static.ptgaming.ph/images/a8af5c9ba36b797a109eabf20a3e396b.png","images/PlayTech__Power_Zones_Stallion_Strike__216010.png"
"216012","PlayTech","Beach Life","3","0","0","0","","2025-07-29 15:24:53","https://static.ptgaming.ph/images/ada676bf564726d88c99424a04ed0575.png","images/PlayTech__Beach_Life__216012.png"
"216013","PlayTech","Casino Charms","3","0","0","0","","2025-07-29 15:49:02","https://static.ptgaming.ph/images/08c2c680e2983db8a23b34a809172ddf.png","images/PlayTech__Casino_Charms__216013.png"
"216014","PlayTech","Fire Blaze: Fire Fighter","3","0","0","0","","2025-07-29 16:18:12","https://static.ptgaming.ph/images/761c7219deb097c87bce0e12716e8161.png","images/PlayTech__Fire_Blaze_Fire_Fighter__216014.png"
"216015","PlayTech","Fortune Lions","3","0","0","0","","2025-07-29 16:27:34","https://static.ptgaming.ph/images/9004f2e77bfe6d2d59239daa1a071163.png","images/PlayTech__Fortune_Lions__216015.png"
"216016","PlayTech","Frog's Gift","3","0","0","0","","2025-07-29 16:32:36","https://static.ptgaming.ph/images/38bed0bcbe7bec7c947026fc4a0f0196.png","images/PlayTech__Frog_s_Gift__216016.png"
"216017","PlayTech","Full Moon: Wild Track","3","0","0","0","","2025-07-29 16:34:19","https://static.ptgaming.ph/images/ddf0e163d71e0fa7f3cbf27c9b1122bf.png","images/PlayTech__Full_Moon_Wild_Track__216017.png"
"216018","PlayTech","Gem Splash: Rainbows Gift","3","0","0","0","","2025-07-29 16:36:22","https://static.ptgaming.ph/images/8c8844f6ac3549c1a1aea4970603067b.png","images/PlayTech__Gem_Splash_Rainbows_Gift__216018.png"
"216019","YGR","Rainbow & Clover 7","3","0","0","0","","2025-07-30 11:05:24","https://static.ptgaming.ph/images/78048810374d62913a1750e37003a4d8.png","images/YGR__Rainbow_Clover_7__216019.png"
"216020","YGR","Maya Golden City","3","0","0","0","","2025-07-30 11:20:42","https://static.ptgaming.ph/images/f0da60a2d3ae2430fd869b0ef50cb229.png","images/YGR__Maya_Golden_City__216020.png"
"216022","PlayTech","Baccarat","3","0","0","0","","2025-08-07 16:38:58","https://static.ptgaming.ph/images/2a2e25607d02ef27006122f559871201.png","images/PlayTech__Baccarat__216022.png"
"216023","PlayTech","Premium European Roulette","3","0","0","0","","2025-08-07 16:42:06","https://static.ptgaming.ph/images/5133f3ca8a85fd0942e1e5f21aab396e.png","images/PlayTech__Premium_European_Roulette__216023.png"
"216024","PlayTech","Caribbean Stud Poker","3","0","0","0","","2025-08-07 16:42:49","https://static.ptgaming.ph/images/bd328ef02b99e9ef197f0d7fc1400bd6.png","images/PlayTech__Caribbean_Stud_Poker__216024.png"
"217002","Evolution","Perya Speed Baccarat 3","3","0","0","0","1% Cashback EVO","2025-06-30 15:42:32","https://static.ptgaming.ph/images/5cc25becb631f08dc67a06e7c9fc56b3.png","images/Evolution__Perya_Speed_Baccarat_3__217002.png"
"217003","FaChai","PHOENIX FEVER","3","0","0","0","1.5% cash 2%","2025-07-10 17:07:57","https://static.ptgaming.ph/images/ddfc585f4c5748a97f51d9ba9ac626ad.png","images/FaChai__PHOENIX_FEVER__217003.png"
"217004","PlayTech","Hit Bar: Gold PowerPlay Jackpot","3","0","0","0","","2025-07-28 15:01:45","https://static.ptgaming.ph/images/a835aecd0fe84623def243ee718318b9.png","images/PlayTech__Hit_Bar_Gold_PowerPlay_Jackpot__217004.png"
"217005","PlayTech","Hot Crown Deluxe","3","0","0","0","","2025-07-28 15:03:01","https://static.ptgaming.ph/images/59503876bbff5a8568cbd62196d6fc89.png","images/PlayTech__Hot_Crown_Deluxe__217005.png"
"217006","PlayTech","Cash Truck Begins","3","0","0","0","","2025-07-28 15:06:28","https://static.ptgaming.ph/images/d5db120891e72be37781d956ff390f35.png","images/PlayTech__Cash_Truck_Begins__217006.png"
"217007","PlayTech","Oink Oink Oink: Pharaohs","3","0","0","0","","2025-07-28 15:08:51","https://static.ptgaming.ph/images/cc8b7a81caadd6f536cd623f00de5394.png","images/PlayTech__Oink_Oink_Oink_Pharaohs__217007.png"
"217008","PlayTech","Full Moon: White Panda PowerPlay Jackpot","3","0","0","0","","2025-07-28 15:26:14","https://static.ptgaming.ph/images/71596035c2b878631306b923bb33043d.png","images/PlayTech__Full_Moon_White_Panda_PowerPlay_Jackpot__217008.png"
"217009","PlayTech","Mighty Hat: Mine O' Mine","3","0","0","0","","2025-07-28 15:32:15","https://static.ptgaming.ph/images/622c75ee69f41d56359fe2ad6a075789.png","images/PlayTech__Mighty_Hat_Mine_O_Mine__217009.png"
"217010","PlayTech","Immortal Ways Lady Moon","3","0","0","0","","2025-07-28 15:41:13","https://static.ptgaming.ph/images/5291f23bafdd98c9fd70485cbaad3a03.png","images/PlayTech__Immortal_Ways_Lady_Moon__217010.png"
"217011","PlayTech","Candy Roll","3","0","0","0","","2025-07-28 15:44:19","https://static.ptgaming.ph/images/06059cb290d1fa06dfa22dda5823772d.png","images/PlayTech__Candy_Roll__217011.png"
"217012","PlayTech","Quad Link Red","3","0","0","0","","2025-07-28 15:51:43","https://static.ptgaming.ph/images/2b83b3f953fa0575518d9adfe5fbaf22.png","images/PlayTech__Quad_Link_Red__217012.png"
"217013","PlayTech","Absolutely Mammoth","3","0","0","0","","2025-07-28 16:01:39","https://static.ptgaming.ph/images/f47a0a53a4b3383b0e929ca71e6023d2.png","images/PlayTech__Absolutely_Mammoth__217013.png"
"217014","PlayTech","Age of the Gods: Book of Oracle","3","0","0","0","","2025-07-28 16:04:21","https://static.ptgaming.ph/images/5a270ac0f93217e9b40f1e331fb31cdb.png","images/PlayTech__Age_of_the_Gods_Book_of_Oracle__217014.png"
"217015","PlayTech","Rogues Draw","3","0","0","0","","2025-07-28 16:41:43","https://static.ptgaming.ph/images/30ce92ba351715bb7fe289676fe47f2a.png","images/PlayTech__Rogues_Draw__217015.png"
"217016","PlayTech","Vampire Princess of Darkness","3","0","0","0","","2025-07-28 17:11:55","https://static.ptgaming.ph/images/5c0a009a8e4f677a3f72fe30c1962ca5.png","images/PlayTech__Vampire_Princess_of_Darkness__217016.png"
"217017","PlayTech","Anaconda Uncoiled","3","0","0","0","","2025-07-29 15:18:52","https://static.ptgaming.ph/images/c5d0cb243558caf537d75837977a89c7.png","images/PlayTech__Anaconda_Uncoiled__217017.png"
"217018","PlayTech","Buffalo Blitz","3","0","0","0","","2025-07-29 15:47:44","https://static.ptgaming.ph/images/bb45b1b7e4582db134e4226d856f3cf8.png","images/PlayTech__Buffalo_Blitz__217018.png"
"217019","PlayTech","Cat Queen","3","0","0","0","","2025-07-29 15:49:20","https://static.ptgaming.ph/images/e2085287ff6f382652ece8a96d24083c.png","images/PlayTech__Cat_Queen__217019.png"
"217020","PlayTech","Everybody's Jackpot","3","0","0","0","","2025-07-29 16:07:02","https://static.ptgaming.ph/images/2d70809e1b3bf6f9c489feeecaf22af7.png","images/PlayTech__Everybody_s_Jackpot__217020.png"
"217021","PlayTech","Full Moon: White Panda","3","0","0","0","","2025-07-29 16:33:53","https://static.ptgaming.ph/images/46139876a1c32a954f4efc39b48d675e.png","images/PlayTech__Full_Moon_White_Panda__217021.png"
"217022","PlayTech","Gold Splash: Toots Froots","3","0","0","0","","2025-07-29 16:42:22","https://static.ptgaming.ph/images/54514faa9bae49f6786ca6d7d971d3f7.png","images/PlayTech__Gold_Splash_Toots_Froots__217022.png"
"217023","YGR","Cash Maker 2","3","0","0","0","","2025-07-30 11:05:00","https://static.ptgaming.ph/images/c6e85a25471b54d660a9b3c89f813b83.png","images/YGR__Cash_Maker_2__217023.png"
"217024","YGR","Super More Cash II","3","0","0","0","","2025-07-30 11:11:39","https://static.ptgaming.ph/images/3bcd8326e14aa37e67fbb02bff9b5cd8.png","images/YGR__Super_More_Cash_II__217024.png"
"217026","YGR","Bank Robbery","3","0","0","0","","2025-07-30 11:16:17","https://static.ptgaming.ph/images/06e16a4b86cb65ccdc681570e46445b7.png","images/YGR__Bank_Robbery__217026.png"
"217027","YGR","Dog's Vacation","3","0","0","0","","2025-07-30 11:18:56","https://static.ptgaming.ph/images/8276500358e67b60bf5d65dd85cc2ff5.png","images/YGR__Dog_s_Vacation__217027.png"
"217028","YGR","Maya Golden City2","3","0","0","0","","2025-07-30 11:23:22","https://static.ptgaming.ph/images/6ffbe4fce904f366c375b454f2b3f124.png","images/YGR__Maya_Golden_City2__217028.png"
"218004","PlayTech","Heroes Arrow","3","0","0","0","","2025-07-28 14:59:31","https://static.ptgaming.ph/images/cf2e2b320911e36c62a17e30afcd837b.png","images/PlayTech__Heroes_Arrow__218004.png"
"218005","PlayTech","Honey Gems PowerPlay Jackpot","3","0","0","0","","2025-07-28 15:02:40","https://static.ptgaming.ph/images/45a58651b9595b652ddea930f2a015aa.png","images/PlayTech__Honey_Gems_PowerPlay_Jackpot__218005.png"
"218006","PlayTech","Maji Wilds","3","0","0","0","","2025-07-28 15:24:18","https://static.ptgaming.ph/images/9e10e8a834f93fb652606216d51cb05b.png","images/PlayTech__Maji_Wilds__218006.png"
"218007","PlayTech","Breach the Vault","3","0","0","0","","2025-07-28 15:43:35","https://static.ptgaming.ph/images/b65b4e3a27d86d7b23c181c68c53f104.png","images/PlayTech__Breach_the_Vault__218007.png"
"218009","PlayTech","Penguin Vacation","3","0","0","0","","2025-07-28 15:46:55","https://static.ptgaming.ph/images/76b2c493937500ed81c28d6da962beaa.png","images/PlayTech__Penguin_Vacation__218009.png"
"218010","PlayTech","Lucky Bass: Mega Cash Collect","3","0","0","0","","2025-07-28 15:50:16","https://static.ptgaming.ph/images/3e8b491a1c846f12b02ab45230e23a32.png","images/PlayTech__Lucky_Bass_Mega_Cash_Collect__218010.png"
"218011","PlayTech","Sahara Riches MegaWays: Cash Collect","3","0","0","0","","2025-07-28 16:42:59","https://static.ptgaming.ph/images/67bb22ca1601aee084d089c658be4dfb.png","images/PlayTech__Sahara_Riches_MegaWays_Cash_Collect__218011.png"
"218012","PlayTech","Santa Surprise","3","0","0","0","","2025-07-28 16:43:08","https://static.ptgaming.ph/images/4554e7b9191227230e285eb45777b9c3.png","images/PlayTech__Santa_Surprise__218012.png"
"218013","PlayTech","Stars Awakening","3","0","0","0","","2025-07-28 16:56:11","https://static.ptgaming.ph/images/0019657077be09950a4bcdf006a07d81.png","images/PlayTech__Stars_Awakening__218013.png"
"218014","PlayTech","Tip Top Totems","3","0","0","0","","2025-07-28 17:01:32","https://static.ptgaming.ph/images/17b58ce1a45fdf077e1e966b873743f2.png","images/PlayTech__Tip_Top_Totems__218014.png"
"218015","PlayTech","Ways of the Genie","3","0","0","0","","2025-07-28 17:12:22","https://static.ptgaming.ph/images/0a3794432562a7a77af5e86674b35b2f.png","images/PlayTech__Ways_of_the_Genie__218015.png"
"218016","PlayTech","Arowana's Luck","3","0","0","0","","2025-07-29 15:22:10","https://static.ptgaming.ph/images/9528090f66c814d1ac5c1ebd092fdf39.png","images/PlayTech__Arowana_s_Luck__218016.png"
"218017","PlayTech","Buffalo Blitz II","3","0","0","0","","2025-07-29 15:47:53","https://static.ptgaming.ph/images/7df12705c46cabd6de35cc8d55429ead.png","images/PlayTech__Buffalo_Blitz_II__218017.png"
"218018","PlayTech","Captain's Treasure","3","0","0","0","","2025-07-29 15:48:33","https://static.ptgaming.ph/images/a6b55b604c5538c44992f61a39a71960.png","images/PlayTech__Captain_s_Treasure__218018.png"
"218019","PlayTech","Chaoji 888","3","0","0","0","","2025-07-29 15:52:44","https://static.ptgaming.ph/images/7a80cb38984d795040208ee12ca6fe33.png","images/PlayTech__Chaoji_888__218019.png"
"218020","PlayTech","Gem Splash: Kings Court","3","0","0","0","","2025-07-29 16:36:13","https://static.ptgaming.ph/images/019f9cf26d16de4853ac49c1ce0e302f.png","images/PlayTech__Gem_Splash_Kings_Court__218020.png"
"218022","YGR","Boom Bird","3","0","0","0","","2025-07-30 11:03:56","https://static.ptgaming.ph/images/3040b0cee949311f074a19cf054eb195.png","images/YGR__Boom_Bird__218022.png"
"218023","YGR","Lightning Respin 7","3","0","0","0","","2025-07-30 11:04:53","https://static.ptgaming.ph/images/0ba7abd2e7fac98971f7184ed97f79ab.png","images/YGR__Lightning_Respin_7__218023.png"
"218024","YGR","777 More Cash","3","0","0","0","","2025-07-30 11:11:43","https://static.ptgaming.ph/images/8dd7c2c9c41432846258d4446bf55df0.png","images/YGR__777_More_Cash__218024.png"
"218025","YGR","Treasure of Dragon","3","0","0","0","","2025-07-30 11:19:26","https://static.ptgaming.ph/images/b067d0c88a24c66275e35332b0a8b23f.png","images/YGR__Treasure_of_Dragon__218025.png"
"218026","YGR","Neon Night","3","0","0","0","","2025-07-30 11:21:00","https://static.ptgaming.ph/images/154e900634b19fba5a00986d73e05870.png","images/YGR__Neon_Night__218026.png"
"219004","PlayTech","Halloween Fortune 2","3","0","0","0","","2025-07-28 14:57:36","https://static.ptgaming.ph/images/17ea18eba8220945f44cab28452ac01e.png","images/PlayTech__Halloween_Fortune_2__219004.png"
"219005","PlayTech","Scepter of Anubis","3","0","0","0","","2025-07-28 15:30:23","https://static.ptgaming.ph/images/81e646c103625739f6d45ff7811e657e.png","images/PlayTech__Scepter_of_Anubis__219005.png"
"219006","PlayTech","He He Yang","3","0","0","0","","2025-07-28 15:40:33","https://static.ptgaming.ph/images/c0a4cdbe7e9336c9e7d035c735b18b11.png","images/PlayTech__He_He_Yang__219006.png"
"219007","PlayTech","28 Mansions","3","0","0","0","","2025-07-28 16:01:11","https://static.ptgaming.ph/images/ae8b9faa3179ed4ae388b64cb6bf8cab.png","images/PlayTech__28_Mansions__219007.png"
"219009","PlayTech","Age of the Gods: Ruler of the Sky","3","0","0","0","","2025-07-28 16:07:36","https://static.ptgaming.ph/images/b5ddb84628f549819677c6818b6f3b1f.png","images/PlayTech__Age_of_the_Gods_Ruler_of_the_Sky__219009.png"
"219010","PlayTech","Sahara Riches Cash Collect","3","0","0","0","","2025-07-28 16:42:42","https://static.ptgaming.ph/images/7a7cda4d74597adf0bbe3caa4c3509e6.png","images/PlayTech__Sahara_Riches_Cash_Collect__219010.png"
"219011","PlayTech","Fortune Day","3","0","0","0","","2025-07-29 16:26:03","https://static.ptgaming.ph/images/b05afdaafe304b1196b9167b42945592.png","images/PlayTech__Fortune_Day__219011.png"
"219013","YGR","Lucky Star2","3","0","0","0","","2025-07-30 11:05:15","https://static.ptgaming.ph/images/3c1fc950a7553673993f119061a2434f.png","images/YGR__Lucky_Star2__219013.png"
"219014","YGR","Lucky Star","3","0","0","0","","2025-07-30 11:16:14","https://static.ptgaming.ph/images/a403812b6c76bb4814120f477f06448a.png","images/YGR__Lucky_Star__219014.png"
"219017","PlayTech","Premium French Roulette","3","0","0","0","","2025-08-07 16:42:14","https://static.ptgaming.ph/images/4703e219b4069efc0fcf4f01371acf8a.png","images/PlayTech__Premium_French_Roulette__219017.png"
"220004","PlayTech","Speed SicBo","3","0","0","0","","2025-07-28 14:17:49","https://static.ptgaming.ph/images/cc1b0ec877ac9bcdab83be685a5547ce.png","images/PlayTech__Speed_SicBo__220004.png"
"220005","PlayTech","Halloween Fortune Scratch","3","0","0","0","","2025-07-28 14:57:57","https://static.ptgaming.ph/images/a917bb15de18985d63d4bb07c713537c.png","images/PlayTech__Halloween_Fortune_Scratch__220005.png"
"220006","PlayTech","Honey Gems","3","0","0","0","","2025-07-28 15:02:21","https://static.ptgaming.ph/images/b6315479a5c0c4a189820a6f69bca4c4.png","images/PlayTech__Honey_Gems__220006.png"
"220007","PlayTech","Jin fu Xing yun","3","0","0","0","","2025-07-28 15:08:48","https://static.ptgaming.ph/images/0e6cd48d935d572d426580d5e58e5706.png","images/PlayTech__Jin_fu_Xing_yun__220007.png"
"220008","PlayTech","Leprechaun's Luck: Cash Collect","3","0","0","0","","2025-07-28 15:19:21","https://static.ptgaming.ph/images/1c2f4d1e4f5b77a63b74b2f8e5d269bf.png","images/PlayTech__Leprechaun_s_Luck_Cash_Collect__220008.png"
"220009","PlayTech","Lie Yan Zuan Shi","3","0","0","0","","2025-07-28 15:19:37","https://static.ptgaming.ph/images/6d6d3cc0d2759517f726a9ad042c699d.png","images/PlayTech__Lie_Yan_Zuan_Shi__220009.png"
"220010","PlayTech","Mega Fire Blaze: Big Circus!","3","0","0","0","","2025-07-28 15:29:03","https://static.ptgaming.ph/images/8c872a029d9be1a138d9914f7efac220.png","images/PlayTech__Mega_Fire_Blaze_Big_Circus__220010.png"
"220011","PlayTech","Bulls Eye Bandits","3","0","0","0","","2025-07-28 15:30:46","https://static.ptgaming.ph/images/a5e1d324693e89cc116e44f3b8a2a0f6.png","images/PlayTech__Bulls_Eye_Bandits__220011.png"
"220012","PlayTech","Age of the Gods: Hercules Rules","3","0","0","0","","2025-07-28 15:43:21","https://static.ptgaming.ph/images/110319c01e44d5464646206e1ae30d8b.png","images/PlayTech__Age_of_the_Gods_Hercules_Rules__220012.png"
"220013","PlayTech","Lunar Link: Nile Moon","3","0","0","0","","2025-07-28 15:50:27","https://static.ptgaming.ph/images/cede0468e214feafbc2f396d59617105.png","images/PlayTech__Lunar_Link_Nile_Moon__220013.png"
"220014","PlayTech","Power Zones: Thunder Birds","3","0","0","0","","2025-07-28 15:53:34","https://static.ptgaming.ph/images/04acce3103737d3d564147944e55216f.png","images/PlayTech__Power_Zones_Thunder_Birds__220014.png"
"220015","PlayTech","Hammer of Vulcan","3","0","0","0","","2025-07-28 15:57:13","https://static.ptgaming.ph/images/050bfc03f0aef824ac3366ff4dc2e2b9.png","images/PlayTech__Hammer_of_Vulcan__220015.png"
"220016","PlayTech","Age of the Gods: King of Olympus","3","0","0","0","","2025-07-28 16:06:08","https://static.ptgaming.ph/images/c7c909487fd2fc675392726ddaa96ec1.png","images/PlayTech__Age_of_the_Gods_King_of_Olympus__220016.png"
"220017","PlayTech","Vikings: Empire Treasures","3","0","0","0","","2025-07-28 17:12:03","https://static.ptgaming.ph/images/0dba4e4844d186e1a03b09ea754b9141.png","images/PlayTech__Vikings_Empire_Treasures__220017.png"
"220018","PlayTech","Berry Berry Bonanza","3","0","0","0","","2025-07-29 15:25:18","https://static.ptgaming.ph/images/25bb4221fd8da1181dec34c62a3fc1f7.png","images/PlayTech__Berry_Berry_Bonanza__220018.png"
"220019","PlayTech","Buckle Up","3","0","0","0","","2025-07-29 15:47:31","https://static.ptgaming.ph/images/694d818f4738489244ca48ac928dec08.png","images/PlayTech__Buckle_Up__220019.png"
"220020","PlayTech","Chilli Xtreme PowerPlay Jackpot","3","0","0","0","","2025-07-29 15:54:12","https://static.ptgaming.ph/images/d7ebb1397641f2311a0d2c61bac191da.png","images/PlayTech__Chilli_Xtreme_PowerPlay_Jackpot__220020.png"
"220021","PlayTech","Curse of Anubis","3","0","0","0","","2025-07-29 15:55:05","https://static.ptgaming.ph/images/d89943cff83c3d09db7a0b15832db701.png","images/PlayTech__Curse_of_Anubis__220021.png"
"220022","PlayTech","Djinn of Storms PowerPlay Jackpot","3","0","0","0","","2025-07-29 15:58:35","https://static.ptgaming.ph/images/23ab75fbae4bcc6434a51ec20a431c1e.png","images/PlayTech__Djinn_of_Storms_PowerPlay_Jackpot__220022.png"
"220023","PlayTech","Fairy Gathering: Thundershots","3","0","0","0","","2025-07-29 16:07:37","https://static.ptgaming.ph/images/0328997579d0e0974c4d11a92f1af112.png","images/PlayTech__Fairy_Gathering_Thundershots__220023.png"
"220025","YGR","Dinosaur Egg 2","3","0","0","0","","2025-07-30 11:04:33","https://static.ptgaming.ph/images/b24931a8c61b3700224cfb15c6088d70.png","images/YGR__Dinosaur_Egg_2__220025.png"
"220026","YGR","100x Lions 7","3","0","0","0","","2025-07-30 11:16:17","https://static.ptgaming.ph/images/3a8e1eddc8ec9c278cede33d8288d229.png","images/YGR__100x_Lions_7__220026.png"
"220027","YGR","CASH RICH","3","0","0","0","","2025-07-30 11:19:42","https://static.ptgaming.ph/images/a8c94adb2a454cbdc36155a1977cddb0.png","images/YGR__CASH_RICH__220027.png"
"220031","PlayTech","Buffalo Blitz España","3","0","0","0","","2025-08-06 11:09:36","https://static.ptgaming.ph/images/8de41fcfe51bf6926acfee8fb1b21915.png","images/PlayTech__Buffalo_Blitz_Espa_a__220031.png"
"220033","PlayTech","Premium American Roulette","3","0","0","0","","2025-08-07 16:39:52","https://static.ptgaming.ph/images/bd3af7e163e807964a05f362ecc5e8e8.png","images/PlayTech__Premium_American_Roulette__220033.png"
"220036","PGSoft","Diner Frenzy Spins","3","0","0","0","","2025-08-14 13:46:27","https://static.ptgaming.ph/images/74d3279dd972de29c9b8bf7e4f465047.png","images/PGSoft__Diner_Frenzy_Spins__220036.png"
"221003","PlayTech","Lil Demon: Blazing Lava","3","0","0","0","","2025-07-28 14:58:50","https://static.ptgaming.ph/images/590ec546e65fb34ab9352e6d0dc2478e.png","images/PlayTech__Lil_Demon_Blazing_Lava__221003.png"
"221004","PlayTech","Hot Gems Xtreme","3","0","0","0","","2025-07-28 15:03:23","https://static.ptgaming.ph/images/a528b7de90ccee173f16159aaf28c538.png","images/PlayTech__Hot_Gems_Xtreme__221004.png"
"221005","PlayTech","Mad Hit Diamonds","3","0","0","0","","2025-07-28 15:21:49","https://static.ptgaming.ph/images/c2ac1358c6d0a110e45e52ef0dc98114.png","images/PlayTech__Mad_Hit_Diamonds__221005.png"
"221006","PlayTech","Mad Hit Savannah","3","0","0","0","","2025-07-28 15:33:45","https://static.ptgaming.ph/images/13600020470b015448557dc59d865bfa.png","images/PlayTech__Mad_Hit_Savannah__221006.png"
"221007","PlayTech","Pearl o' Plinko - Mermaid Cove","3","0","0","0","","2025-07-28 15:38:38","https://static.ptgaming.ph/images/86a1e55a0d3604f0dd40e673a0f8e6e5.png","images/PlayTech__Pearl_o_Plinko_-_Mermaid_Cove__221007.png"
"221009","PlayTech","Book of Duat","3","0","0","0","","2025-07-28 15:54:25","https://static.ptgaming.ph/images/8f8d0f908e123e480a6d42154f1effc7.png","images/PlayTech__Book_of_Duat__221009.png"
"221010","PlayTech","Eastern Emeralds","3","0","0","0","","2025-07-28 15:56:22","https://static.ptgaming.ph/images/db9d0e65ec4b60410095cf977eabe2f0.png","images/PlayTech__Eastern_Emeralds__221010.png"
"221011","PlayTech","Age of the Gods: King of Olympus Megaways","3","0","0","0","","2025-07-28 16:06:18","https://static.ptgaming.ph/images/46d1f9896b32e4051dd66e2f5340a82d.png","images/PlayTech__Age_of_the_Gods_King_of_Olympus_Megaways__221011.png"
"221012","PlayTech","Treasures of the Lamps","3","0","0","0","","2025-07-28 17:01:52","https://static.ptgaming.ph/images/d4ba5b7e73c4cc5af0cd814f0f9abcf3.png","images/PlayTech__Treasures_of_the_Lamps__221012.png"
"221014","PlayTech","Big Shots","3","0","0","0","","2025-07-29 15:43:15","https://static.ptgaming.ph/images/3dc86d11393e99f4d275b2a0444aa18c.png","images/PlayTech__Big_Shots__221014.png"
"221015","PlayTech","Extreme Fruits Ultimate Deluxe","3","0","0","0","","2025-07-29 16:07:10","https://static.ptgaming.ph/images/1b0822797da57ffed72a8f242c099507.png","images/PlayTech__Extreme_Fruits_Ultimate_Deluxe__221015.png"
"221016","PlayTech","Gold Pile: New Years Gold","3","0","0","0","","2025-07-29 17:17:08","https://static.ptgaming.ph/images/d54bd8b1b90005eacb8a2167df1a3b46.png","images/PlayTech__Gold_Pile_New_Years_Gold__221016.png"
"221017","YGR","Cleopatra","3","0","0","0","","2025-07-30 11:16:13","https://static.ptgaming.ph/images/4a76553ba477eb69760d8643169b29b0.png","images/YGR__Cleopatra__221017.png"
"221019","PlayTech","Streak of Luck: Double Dice","3","0","0","0","","2025-08-07 16:10:20","https://static.ptgaming.ph/images/0be434fb60849862ac334320bea6a2ed.png","images/PlayTech__Streak_of_Luck_Double_Dice__221019.png"
"222002","JILI","Money Coming 2","3","0","0","0","","2025-07-10 17:07:10","https://static.ptgaming.ph/images/64a875a1d913b1a0a89f526240f058a4.png","images/JILI__Money_Coming_2__222002.png"
"222003","PlayTech","Hot Gems Xtreme Scratch","3","0","0","0","","2025-07-28 15:03:54","https://static.ptgaming.ph/images/be78f8a6174c1110ffb67bdb4d37f476.png","images/PlayTech__Hot_Gems_Xtreme_Scratch__222003.png"
"222004","PlayTech","Joker Hot Reels","3","0","0","0","","2025-07-28 15:09:08","https://static.ptgaming.ph/images/679c1258f8ea8e1e1b5ce357d834957d.png","images/PlayTech__Joker_Hot_Reels__222004.png"
"222005","PlayTech","Mighty Hat: Mystic Tales","3","0","0","0","","2025-07-28 15:32:31","https://static.ptgaming.ph/images/76100b369971565e76aad485e82e6c17.png","images/PlayTech__Mighty_Hat_Mystic_Tales__222005.png"
"222006","PlayTech","Panda Luck","3","0","0","0","","2025-07-28 15:39:11","https://static.ptgaming.ph/images/9f32dfdd8d27d9685ef6a7d0aa33f80b.png","images/PlayTech__Panda_Luck__222006.png"
"222007","PlayTech","Fluffy Favourites: Cash Collect","3","0","0","0","","2025-07-28 15:39:57","https://static.ptgaming.ph/images/a05a217f7c2afee2f89d6f6d1aa48b67.png","images/PlayTech__Fluffy_Favourites_Cash_Collect__222007.png"
"222008","PlayTech","Fruit Harvest","3","0","0","0","","2025-07-28 15:47:41","https://static.ptgaming.ph/images/5079d61f0c20e860847a9b151309d919.png","images/PlayTech__Fruit_Harvest__222008.png"
"222009","PlayTech","Queen's Mystery","3","0","0","0","","2025-07-28 15:51:57","https://static.ptgaming.ph/images/f615946fc9cb91f8dd99d4b47221989f.png","images/PlayTech__Queen_s_Mystery__222009.png"
"222010","PlayTech","Royal Respin Deluxe","3","0","0","0","","2025-07-28 16:42:00","https://static.ptgaming.ph/images/6afd57ef2b79801cdead13aed7f3229d.png","images/PlayTech__Royal_Respin_Deluxe__222010.png"
"222011","PlayTech","Thai Paradise","3","0","0","0","","2025-07-28 16:57:18","https://static.ptgaming.ph/images/e3ec8d7401f34b05279e16c2ae954c3c.png","images/PlayTech__Thai_Paradise__222011.png"
"222013","PlayTech","Anaconda Wild","3","0","0","0","","2025-07-29 15:19:05","https://static.ptgaming.ph/images/524f82a812cb57f60bd72100a88607ec.png","images/PlayTech__Anaconda_Wild__222013.png"
"222014","PlayTech","Devil Wilds","3","0","0","0","","2025-07-29 15:57:15","https://static.ptgaming.ph/images/b90cc5c683a70c556e4fbc033a524aef.png","images/PlayTech__Devil_Wilds__222014.png"
"222015","PlayTech","Fairground Fortunes Ghost Train","3","0","0","0","","2025-07-29 16:07:25","https://static.ptgaming.ph/images/464b0d4ee9e523698de8275d5c78d003.png","images/PlayTech__Fairground_Fortunes_Ghost_Train__222015.png"
"222016","PlayTech","Football Rules","3","0","0","0","","2025-07-29 16:23:00","https://static.ptgaming.ph/images/7fdcbf539cf9331d36c8bdbf7871a9aa.png","images/PlayTech__Football_Rules__222016.png"
"222017","PlayTech","Golden Tour","3","0","0","0","","2025-07-29 17:11:16","https://static.ptgaming.ph/images/e915b45bb302c3af6b77dc47d61f2c22.png","images/PlayTech__Golden_Tour__222017.png"
"222021","PlayTech","Cash Collect Roulette BF","3","0","0","0","","2025-08-07 16:43:38","https://static.ptgaming.ph/images/d635a43fe70818cd62f35a0b71ef9bd8.png","images/PlayTech__Cash_Collect_Roulette_BF__222021.png"
"223003","PlayTech","Punto Banco Soirée Gold","3","0","0","0","","2025-07-28 14:26:22","https://static.ptgaming.ph/images/2da57c5113bc3d63aabeb78dc8ad824c.png","images/PlayTech__Punto_Banco_Soir_e_Gold__223003.png"
"223004","PlayTech","Hit Bar","3","0","0","0","","2025-07-28 15:00:38","https://static.ptgaming.ph/images/ec474fc4c26dc0f0b6521e4a1100ee51.png","images/PlayTech__Hit_Bar__223004.png"
"223005","PlayTech","Infinity Dragon","3","0","0","0","","2025-07-28 15:04:46","https://static.ptgaming.ph/images/6fc6b3aa080dc17f2d0c133d4c31f126.png","images/PlayTech__Infinity_Dragon__223005.png"
"223006","PlayTech","Monkey and Rat","3","0","0","0","","2025-07-28 15:33:09","https://static.ptgaming.ph/images/33c3f83c8a04e678785ae8faa3b0b6df.png","images/PlayTech__Monkey_and_Rat__223006.png"
"223007","PlayTech","Immortal Ways Cleopatra","3","0","0","0","","2025-07-28 15:40:12","https://static.ptgaming.ph/images/65a19b0c3366291a8e058a0f5c04261b.png","images/PlayTech__Immortal_Ways_Cleopatra__223007.png"
"223008","PlayTech","Double Heat: Crown","3","0","0","0","","2025-07-28 15:46:29","https://static.ptgaming.ph/images/0642f56eb3e95b43d53ac566432aaa26.png","images/PlayTech__Double_Heat_Crown__223008.png"
"223009","PlayTech","Age of the Gods: Glorious Griffin","3","0","0","0","","2025-07-28 16:05:02","https://static.ptgaming.ph/images/f9cec4eb6f267b6f734ce21da38b093f.png","images/PlayTech__Age_of_the_Gods_Glorious_Griffin__223009.png"
"223010","PlayTech","Sherlock Mystery","3","0","0","0","","2025-07-28 16:44:26","https://static.ptgaming.ph/images/75b1e5d3d3c5c15e37469b7bafcb588b.png","images/PlayTech__Sherlock_Mystery__223010.png"
"223011","PlayTech","Stallion Strike PowerPlay Jackpot","3","0","0","0","","2025-07-28 16:55:40","https://static.ptgaming.ph/images/ad923ca48a83467fc237de517005d04e.png","images/PlayTech__Stallion_Strike_PowerPlay_Jackpot__223011.png"
"223012","PlayTech","The Riches of Don Quixote","3","0","0","0","","2025-07-28 16:59:44","https://static.ptgaming.ph/images/1287b1235c15b4c3b8526ad763a15ac8.png","images/PlayTech__The_Riches_of_Don_Quixote__223012.png"
"223013","PlayTech","Blazing Bells","3","0","0","0","","2025-07-29 15:43:26","https://static.ptgaming.ph/images/b3b9c3f2e1932388b3fd759f30e6008e.png","images/PlayTech__Blazing_Bells__223013.png"
"223014","PlayTech","Bonus Train Bandits","3","0","0","0","","2025-07-29 15:46:09","https://static.ptgaming.ph/images/46785ca375734d2e9065333cba73f18e.png","images/PlayTech__Bonus_Train_Bandits__223014.png"
"223015","PlayTech","Epic Ape 2","3","0","0","0","","2025-07-29 16:06:45","https://static.ptgaming.ph/images/ccd21d60a0ce3bceb5f58627556c0eba.png","images/PlayTech__Epic_Ape_2__223015.png"
"223016","PlayTech","Fire Blaze: Blue Wizard Megaways","3","0","0","0","","2025-07-29 16:10:15","https://static.ptgaming.ph/images/093c7058c645c7c054281230c640e3e2.png","images/PlayTech__Fire_Blaze_Blue_Wizard_Megaways__223016.png"
"223017","PlayTech","Fire Blaze: Sky Queen","3","0","0","0","","2025-07-29 16:19:49","https://static.ptgaming.ph/images/351e4d5b570942e3819447990e296e70.png","images/PlayTech__Fire_Blaze_Sky_Queen__223017.png"
"223019","YGR","Fortune God Coming","3","0","0","0","","2025-07-30 11:11:47","https://static.ptgaming.ph/images/7dfab4fd0158cc66174426c169cf83e0.png","images/YGR__Fortune_God_Coming__223019.png"
"224003","PlayTech","Speed 6 Scanner Baccarat NC","3","0","0","0","","2025-07-28 14:26:20","https://static.ptgaming.ph/images/41fe4a0d7bd0cdac5d4b2e30f4c1b941.png","images/PlayTech__Speed_6_Scanner_Baccarat_NC__224003.png"
"224004","PlayTech","Hainan Ice","3","0","0","0","","2025-07-28 14:56:41","https://static.ptgaming.ph/images/eb4914bfd3f0d46deb2dbae26b771593.png","images/PlayTech__Hainan_Ice__224004.png"
"224007","PlayTech","Diamond Explosion 7s","3","0","0","0","","2025-07-28 15:41:24","https://static.ptgaming.ph/images/3a93222d621b11793672c68d6fc3bd1e.png","images/PlayTech__Diamond_Explosion_7s__224007.png"
"224008","PlayTech","Plunder Ahoy!","3","0","0","0","","2025-07-28 15:52:12","https://static.ptgaming.ph/images/ad372980c912bd08ed90594b4d5b4a75.png","images/PlayTech__Plunder_Ahoy__224008.png"
"224009","PlayTech","Pride of Persia: Empire Treasures","3","0","0","0","","2025-07-28 15:53:52","https://static.ptgaming.ph/images/da06ea60bf09b33df78201dd13356f20.png","images/PlayTech__Pride_of_Persia_Empire_Treasures__224009.png"
"224010","PlayTech","1-Of-A-Kind","3","0","0","0","","2025-07-28 15:58:48","https://static.ptgaming.ph/images/e8cdf0803df084d49602bcee8b015828.png","images/PlayTech__1-Of-A-Kind__224010.png"
"224011","PlayTech","Age of the Gods: Fate Sisters","3","0","0","0","","2025-07-28 16:04:41","https://static.ptgaming.ph/images/4b7a7cb25cafbe13db160912b7c19359.png","images/PlayTech__Age_of_the_Gods_Fate_Sisters__224011.png"
"224012","PlayTech","Age of the Gods: Maze Keeper","3","0","0","0","","2025-07-28 16:06:29","https://static.ptgaming.ph/images/edb9c05555fd6658dd6b8cdc476cc309.png","images/PlayTech__Age_of_the_Gods_Maze_Keeper__224012.png"
"224013","PlayTech","Age of the Gods: Wonder Warriors","3","0","0","0","","2025-07-28 16:08:13","https://static.ptgaming.ph/images/9e3e3ee40cdf79c8c6be646ace511332.png","images/PlayTech__Age_of_the_Gods_Wonder_Warriors__224013.png"
"224014","PlayTech","Record Riches!","3","0","0","0","","2025-07-28 16:33:51","https://static.ptgaming.ph/images/a1bf7d64f645327bbf54c7c64cd5b47a.png","images/PlayTech__Record_Riches__224014.png"
"224015","PlayTech","Silver Bullet Bandit: Cash Collect","3","0","0","0","","2025-07-28 16:55:01","https://static.ptgaming.ph/images/5d501b47fe7b12b6eb52a69fdc09f8c1.png","images/PlayTech__Silver_Bullet_Bandit_Cash_Collect__224015.png"
"224016","PlayTech","The Great Genie","3","0","0","0","","2025-07-28 17:00:01","https://static.ptgaming.ph/images/cf935bfe255fab0bea62c46dfed0524d.png","images/PlayTech__The_Great_Genie__224016.png"
"224017","PlayTech","Wild LinX","3","0","0","0","","2025-07-28 17:13:45","https://static.ptgaming.ph/images/c5221008140c0570c00e7f4fa81fdc87.png","images/PlayTech__Wild_LinX__224017.png"
"224018","PlayTech","Anaconda Wild 2","3","0","0","0","","2025-07-29 15:19:32","https://static.ptgaming.ph/images/d96c3358261365c55b5005de12bc8388.png","images/PlayTech__Anaconda_Wild_2__224018.png"
"224019","PlayTech","Bee Frenzy","3","0","0","0","","2025-07-29 15:25:01","https://static.ptgaming.ph/images/d0a1df186e5f0da774455d1c1160574a.png","images/PlayTech__Bee_Frenzy__224019.png"
"224020","PlayTech","Book of Kings PowerPlay Jackpot","3","0","0","0","","2025-07-29 15:46:56","https://static.ptgaming.ph/images/578b01b977bfb3e94366f86bd727b52d.png","images/PlayTech__Book_of_Kings_PowerPlay_Jackpot__224020.png"
"224021","PlayTech","Fire 4: Cash Collect Quattro","3","0","0","0","","2025-07-29 16:08:37","https://static.ptgaming.ph/images/c7faa794fb2b431a642786827619198a.png","images/PlayTech__Fire_4_Cash_Collect_Quattro__224021.png"
"224022","PlayTech","Fire Blaze: Tsai Shen's Gift","3","0","0","0","","2025-07-29 16:20:10","https://static.ptgaming.ph/images/b51a1c7767a967b18c91542bd1d2a963.png","images/PlayTech__Fire_Blaze_Tsai_Shen_s_Gift__224022.png"
"224023","PlayTech","Funky Monkey JP","3","0","0","0","","2025-07-29 16:35:18","https://static.ptgaming.ph/images/66d089cfc3898e8c5a64af33b6480bc5.png","images/PlayTech__Funky_Monkey_JP__224023.png"
"224024","PlayTech","Gem Queen","3","0","0","0","","2025-07-29 16:36:03","https://static.ptgaming.ph/images/1d4f8c929426895f7ebc1c2ddbf91a52.png","images/PlayTech__Gem_Queen__224024.png"
"224026","YGR","Maya Golden City5","3","0","0","0","","2025-07-30 11:05:50","https://static.ptgaming.ph/images/a9a25bc15924cbe8c01b6ad9bcd1bfef.png","images/YGR__Maya_Golden_City5__224026.png"
"224028","YGR","MonteZuma's Treasure","3","0","0","0","","2025-07-30 11:24:06","https://static.ptgaming.ph/images/2f70260c3fae1826a0d62df4ef92f660.png","images/YGR__MonteZuma_s_Treasure__224028.png"
"224029","PlayTech","Kick It Multiplayer","3","0","0","0","","2025-08-07 16:09:07","https://static.ptgaming.ph/images/f08ae779c19742dfaafb2dcf9e3679ec.png","images/PlayTech__Kick_It_Multiplayer__224029.png"
"224031","PlayTech","Cash Collect Roulette","3","0","0","0","","2025-08-07 16:43:04","https://static.ptgaming.ph/images/7f8084997259343e43b4c1190df51499.png","images/PlayTech__Cash_Collect_Roulette__224031.png"
"225003","PlayTech","Baccarat Soirée","3","0","0","0","","2025-07-28 14:26:18","https://static.ptgaming.ph/images/38f435101150e5dd579886d40378e63d.png","images/PlayTech__Baccarat_Soir_e__225003.png"
"225004","PlayTech","Hot KTV","3","0","0","0","","2025-07-28 15:04:31","https://static.ptgaming.ph/images/9afcf242add5b674ec6d1bb0360d740d.png","images/PlayTech__Hot_KTV__225004.png"
"225005","PlayTech","Mega Fire Blaze: Emperor of Rome","3","0","0","0","","2025-07-28 15:29:24","https://static.ptgaming.ph/images/1c9aaf1167c3b6d71685d4373397e2f9.png","images/PlayTech__Mega_Fire_Blaze_Emperor_of_Rome__225005.png"
"225006","PlayTech","Goood Heavens","3","0","0","0","","2025-07-28 15:42:56","https://static.ptgaming.ph/images/564e577dee530c890d0fea9559c3f64b.png","images/PlayTech__Goood_Heavens__225006.png"
"225007","PlayTech","Double Digger","3","0","0","0","","2025-07-28 15:44:57","https://static.ptgaming.ph/images/311ee872ae7ae38a1194918062095e92.png","images/PlayTech__Double_Digger__225007.png"
"225008","PlayTech","Triple Money Jackpot","3","0","0","0","","2025-07-28 15:53:14","https://static.ptgaming.ph/images/c4e7c9a20433b6a7eacd712eb286e3dc.png","images/PlayTech__Triple_Money_Jackpot__225008.png"
"225009","PlayTech","Cash Truck 3 Turbo","3","0","0","0","","2025-07-28 15:55:26","https://static.ptgaming.ph/images/1c04be63f921d1b02ed6767b93c26b53.png","images/PlayTech__Cash_Truck_3_Turbo__225009.png"
"225010","PlayTech","Age of the Gods Norse: Ways of Thunder","3","0","0","0","","2025-07-28 16:03:37","https://static.ptgaming.ph/images/af0bbfdf311122d5a9a5c594bed58b2e.png","images/PlayTech__Age_of_the_Gods_Norse_Ways_of_Thunder__225010.png"
"225011","PlayTech","Rulers of the World: Empire Treasures","3","0","0","0","","2025-07-28 16:42:08","https://static.ptgaming.ph/images/7857d67ae969c6bfd596c00759b03a28.png","images/PlayTech__Rulers_of_the_World_Empire_Treasures__225011.png"
"225012","PlayTech","Toad's Gift","3","0","0","0","","2025-07-28 17:01:42","https://static.ptgaming.ph/images/9bfdf74a23ffd77f53e47a0f8bdd1d67.png","images/PlayTech__Toad_s_Gift__225012.png"
"225013","PlayTech","Triple Stop: Mermaids Find","3","0","0","0","","2025-07-28 17:10:51","https://static.ptgaming.ph/images/854fa19060074b819d71583c423d2caf.png","images/PlayTech__Triple_Stop_Mermaids_Find__225013.png"
"225014","PlayTech","Zhao Cai Jin Bao Jackpot","3","0","0","0","","2025-07-28 17:15:33","https://static.ptgaming.ph/images/ae6f3a2c9b0080ef3e18fc78a2ebf965.png","images/PlayTech__Zhao_Cai_Jin_Bao_Jackpot__225014.png"
"225015","PlayTech","Caishen Ways","3","0","0","0","","2025-07-29 15:48:23","https://static.ptgaming.ph/images/904c2b42ce34adf7e48093cd24e24873.png","images/PlayTech__Caishen_Ways__225015.png"
"225017","PlayTech","Fire Blaze: Green Wizard","3","0","0","0","","2025-07-29 16:18:33","https://static.ptgaming.ph/images/d991fe859e781e26fee97db4bcab1e56.png","images/PlayTech__Fire_Blaze_Green_Wizard__225017.png"
"225018","PlayTech","Glorious Guardians","3","0","0","0","","2025-07-29 16:36:32","https://static.ptgaming.ph/images/2549771f0d619519e8742a09be89bca9.png","images/PlayTech__Glorious_Guardians__225018.png"
"225019","YGR","Money Rush","3","0","0","0","","2025-07-30 11:16:13","https://static.ptgaming.ph/images/774cd55d9c905f6c06ed1958f034fe78.png","images/YGR__Money_Rush__225019.png"
"225020","YGR","Fu Lu Shou","3","0","0","0","","2025-07-30 11:19:55","https://static.ptgaming.ph/images/bb00857e6cb71d45339664a73d7a2897.png","images/YGR__Fu_Lu_Shou__225020.png"
"225021","YGR","Barista BONANZA","3","0","0","0","","2025-07-30 11:23:33","https://static.ptgaming.ph/images/90ec4dea40a43fda1cab3c1c1cccef64.png","images/YGR__Barista_BONANZA__225021.png"
"225024","PlayTech","Super Roulette","3","0","0","0","","2025-08-07 16:43:08","https://static.ptgaming.ph/images/e2934ac5c5ee0227319e037164d8ff5f.png","images/PlayTech__Super_Roulette__225024.png"
"225026","PlayTech","Dragon Jackpot Roulette","3","0","0","0","","2025-08-07 16:45:11","https://static.ptgaming.ph/images/23af6e3dc2b1c3064305202f78e372cc.png","images/PlayTech__Dragon_Jackpot_Roulette__225026.png"
"226002","FaChai","TREASURES OF ODIN","3","0","0","0","","2025-07-24 10:54:41","https://static.ptgaming.ph/images/dad87fff3e0600aa743f1212ce50952f.png","images/FaChai__TREASURES_OF_ODIN__226002.png"
"226004","PlayTech","Dragon Tiger","3","0","0","0","","2025-07-28 14:16:59","https://static.ptgaming.ph/images/1ea60b3a32f46b728d39bb3efbb2d828.png","images/PlayTech__Dragon_Tiger__226004.png"
"226005","PlayTech","Grand Junction: Golden Guns","3","0","0","0","","2025-07-28 14:54:59","https://static.ptgaming.ph/images/8ea0304031f803c5b7fa36b47c52cb12.png","images/PlayTech__Grand_Junction_Golden_Guns__226005.png"
"226006","PlayTech","Ten Ton Ways Stampede","3","0","0","0","","2025-07-28 15:04:40","https://static.ptgaming.ph/images/e02f1b7090f65236488fb95996602545.png","images/PlayTech__Ten_Ton_Ways_Stampede__226006.png"
"226007","PlayTech","Lotto Madness","3","0","0","0","","2025-07-28 15:21:02","https://static.ptgaming.ph/images/4470e5a288f66eb682b9faf749b2635d.png","images/PlayTech__Lotto_Madness__226007.png"
"226008","PlayTech","Mega Fire Blaze: Khonsu God of Moon PowerPlay Jackpot","3","0","0","0","","2025-07-28 15:30:10","https://static.ptgaming.ph/images/a5bc261041484acd22714147a4aec1e1.png","images/PlayTech__Mega_Fire_Blaze_Khonsu_God_of_Moon_PowerPlay_Jackpot__226008.png"
"226009","PlayTech","Monster Multipliers","3","0","0","0","","2025-07-28 15:33:51","https://static.ptgaming.ph/images/c8a011c6726d77a9a33bf361f73db91b.png","images/PlayTech__Monster_Multipliers__226009.png"
"226010","PlayTech","Panda Blitz","3","0","0","0","","2025-07-28 15:38:53","https://static.ptgaming.ph/images/27930fa009d513a8dee43ab9cd79880e.png","images/PlayTech__Panda_Blitz__226010.png"
"226011","PlayTech","Elephant Riches","3","0","0","0","","2025-07-28 15:46:43","https://static.ptgaming.ph/images/e5e00c67bed480c54b39018bc5c76fa6.png","images/PlayTech__Elephant_Riches__226011.png"
"226012","PlayTech","Pharaoh's Treasure Deluxe","3","0","0","0","","2025-07-28 15:49:34","https://static.ptgaming.ph/images/dc719162c08576a03ac05aff7c8c9b82.png","images/PlayTech__Pharaoh_s_Treasure_Deluxe__226012.png"
"226013","PlayTech","Big Bad Wolf Megaways","3","0","0","0","","2025-07-28 15:54:06","https://static.ptgaming.ph/images/08e5ff40dcbc60019dafe5f0d85f97a8.png","images/PlayTech__Big_Bad_Wolf_Megaways__226013.png"
"226014","PlayTech","Brawler's Bar Cash Collect","3","0","0","0","","2025-07-28 15:54:37","https://static.ptgaming.ph/images/9890c5ff192c3615033c4eb3d403f98e.png","images/PlayTech__Brawler_s_Bar_Cash_Collect__226014.png"
"226015","PlayTech","Qin's Empire: Caishen's Temple","3","0","0","0","","2025-07-28 15:55:53","https://static.ptgaming.ph/images/1df9fa23ca9914db8f01b5d08ad26426.png","images/PlayTech__Qin_s_Empire_Caishen_s_Temple__226015.png"
"226016","PlayTech","Sakura Fortune","3","0","0","0","","2025-07-28 15:57:36","https://static.ptgaming.ph/images/18407f8b417d806e39c89c9c5ed65ed7.png","images/PlayTech__Sakura_Fortune__226016.png"
"226017","PlayTech","Age of Egypt","3","0","0","0","","2025-07-28 16:02:01","https://static.ptgaming.ph/images/463ef696cc82799ca381f39fb9d033ff.png","images/PlayTech__Age_of_Egypt__226017.png"
"226018","PlayTech","Storms of Ice PowerPlay Jackpot","3","0","0","0","","2025-07-28 16:56:42","https://static.ptgaming.ph/images/699ca610e40a842582db3761e0cb41a8.png","images/PlayTech__Storms_of_Ice_PowerPlay_Jackpot__226018.png"
"226019","PlayTech","Book of Kings","3","0","0","0","","2025-07-29 15:46:20","https://static.ptgaming.ph/images/b14b2538df8c819c1f138f3d213d19f3.png","images/PlayTech__Book_of_Kings__226019.png"
"226020","PlayTech","Cash Collect Scratch","3","0","0","0","","2025-07-29 15:48:52","https://static.ptgaming.ph/images/302c2d779aa6e76f92c2f83899f54a81.png","images/PlayTech__Cash_Collect_Scratch__226020.png"
"226021","PlayTech","Chilli Xtreme","3","0","0","0","","2025-07-29 15:53:09","https://static.ptgaming.ph/images/1c6c923eb242159d6c9f060439423767.png","images/PlayTech__Chilli_Xtreme__226021.png"
"226022","PlayTech","Dragon Bond","3","0","0","0","","2025-07-29 15:59:24","https://static.ptgaming.ph/images/6a0f2654f8b5ac75a5a3fc9a4d38b35b.png","images/PlayTech__Dragon_Bond__226022.png"
"226024","PlayTech","Funky Monkey","3","0","0","0","","2025-07-29 16:35:07","https://static.ptgaming.ph/images/b8bf634f2a135f28ec0035ce372f8160.png","images/PlayTech__Funky_Monkey__226024.png"
"226025","YGR","Koi Respin 7","3","0","0","0","","2025-07-30 11:04:22","https://static.ptgaming.ph/images/4ed194469b7faa95ec2ffcc97cecc2c2.png","images/YGR__Koi_Respin_7__226025.png"
"227004","PlayTech","Great Blue Jackpot","3","0","0","0","","2025-07-28 14:56:21","https://static.ptgaming.ph/images/6f04b74f0982d89f83174d9ada5f25de.png","images/PlayTech__Great_Blue_Jackpot__227004.png"
"227005","PlayTech","Halloween Fortune","3","0","0","0","","2025-07-28 14:57:09","https://static.ptgaming.ph/images/0382ae4a6ccb34c53a2799fa646205c2.png","images/PlayTech__Halloween_Fortune__227005.png"
"227006","PlayTech","Lucky Gift: Cash Collect","3","0","0","0","","2025-07-28 15:21:53","https://static.ptgaming.ph/images/b09a119ab43102b2f41d187703c78aa8.png","images/PlayTech__Lucky_Gift_Cash_Collect__227006.png"
"227007","PlayTech","Magical Stacks","3","0","0","0","","2025-07-28 15:23:57","https://static.ptgaming.ph/images/d1451dc3f374915b448878fd97ff231b.png","images/PlayTech__Magical_Stacks__227007.png"
"227008","PlayTech","Mega Fire Blaze: 3 Wizards","3","0","0","0","","2025-07-28 15:28:47","https://static.ptgaming.ph/images/422f079e797bdaecb54bc4da07985532.png","images/PlayTech__Mega_Fire_Blaze_3_Wizards__227008.png"
"227009","PlayTech","Mad Hit Full Steam","3","0","0","0","","2025-07-28 15:30:00","https://static.ptgaming.ph/images/94f7c953eec62dee07cfe322761cf4a7.png","images/PlayTech__Mad_Hit_Full_Steam__227009.png"
"227010","PlayTech","Age of the Gods: King of Olympus Fire Blaze Xtreme A1","3","0","0","0","","2025-07-28 15:39:11","https://static.ptgaming.ph/images/066f8ab9cb93ed29c404750bb613fcfd.png","images/PlayTech__Age_of_the_Gods_King_of_Olympus_Fire_Blaze_Xtreme_A1__227010.png"
"227011","PlayTech","Chinese Kitchen","3","0","0","0","","2025-07-29 15:54:20","https://static.ptgaming.ph/images/0bf51c8178d5d20b43e95febba176334.png","images/PlayTech__Chinese_Kitchen__227011.png"
"227012","PlayTech","Crocodile Blitz","3","0","0","0","","2025-07-29 15:54:57","https://static.ptgaming.ph/images/69f03cee6465fc563ef04307ca4af909.png","images/PlayTech__Crocodile_Blitz__227012.png"
"227013","PlayTech","Gold Hit: O'Reilly's Charms","3","0","0","0","","2025-07-29 16:39:08","https://static.ptgaming.ph/images/6553298688079298c7eb7fa8ec1c9c03.png","images/PlayTech__Gold_Hit_O_Reilly_s_Charms__227013.png"
"227014","PlayTech","Gold Pile: Toltec Treasure","3","0","0","0","","2025-07-29 16:42:03","https://static.ptgaming.ph/images/8109c24c76fd80276a42bfed9db15f11.png","images/PlayTech__Gold_Pile_Toltec_Treasure__227014.png"
"227015","YGR","5X Diamond 7","3","0","0","0","","2025-07-30 11:04:38","https://static.ptgaming.ph/images/5eb939388eb29b09a547043d45afa3fd.png","images/YGR__5X_Diamond_7__227015.png"
"227016","YGR","Piggy Boom","3","0","0","0","","2025-07-30 11:11:46","https://static.ptgaming.ph/images/586ccc3ea601a23bd46c1cd8cecfdce6.png","images/YGR__Piggy_Boom__227016.png"
"227017","YGR","10x Lions 7","3","0","0","0","","2025-07-30 11:16:17","https://static.ptgaming.ph/images/03eb5089cef3221d959b4a4834acb748.png","images/YGR__10x_Lions_7__227017.png"
"227021","PlayTech","Spin A Win","3","0","0","0","","2025-08-06 11:10:13","https://static.ptgaming.ph/images/1a05ba8c2ffcaeab6013fa9a1c902ad7.png","images/PlayTech__Spin_A_Win__227021.png"
"227022","PlayTech","Age of the Gods: Roulette","3","0","0","0","","2025-08-07 16:37:59","https://static.ptgaming.ph/images/ef6470ab919bb704565669811c4eb037.png","images/PlayTech__Age_of_the_Gods_Roulette__227022.png"
"228002","SAGaming","Baccarat M03","3","0","0","0","","2025-07-28 12:51:19","https://static.ptgaming.ph/images/bf778ac831bd6147c44d3915bae4c30b.png","images/SAGaming__Baccarat_M03__228002.png"
"228003","PlayTech","Great Blue","3","0","0","0","","2025-07-28 14:55:57","https://static.ptgaming.ph/images/3869741853bc286a8d2d5de83fa127b0.png","images/PlayTech__Great_Blue__228003.png"
"228004","PlayTech","Irish Luck","3","0","0","0","","2025-07-28 15:05:02","https://static.ptgaming.ph/images/e6cbe6b1f77462fd3d908e8089233a70.png","images/PlayTech__Irish_Luck__228004.png"
"228005","PlayTech","Mega Fire Blaze: Lucky Bass","3","0","0","0","","2025-07-28 15:07:26","https://static.ptgaming.ph/images/f5c38caa1176f44bab0af42f2ba84724.png","images/PlayTech__Mega_Fire_Blaze_Lucky_Bass__228005.png"
"228006","PlayTech","Joker Rush PowerPlay Jackpot","3","0","0","0","","2025-07-28 15:10:51","https://static.ptgaming.ph/images/eb120609f057ad28f48e2ed8c9a36729.png","images/PlayTech__Joker_Rush_PowerPlay_Jackpot__228006.png"
"228007","PlayTech","Lucky Emeralds","3","0","0","0","","2025-07-28 15:21:36","https://static.ptgaming.ph/images/67a9d0dbc65615e80cc359144024c6c1.png","images/PlayTech__Lucky_Emeralds__228007.png"
"228008","PlayTech","Panther Pays","3","0","0","0","","2025-07-28 15:39:54","https://static.ptgaming.ph/images/9d0c678749b81b49faffd655a24ada56.png","images/PlayTech__Panther_Pays__228008.png"
"228009","PlayTech","Bulls Eye Alice","3","0","0","0","","2025-07-28 15:43:47","https://static.ptgaming.ph/images/fb859fa7fc0c97c2add6baa606a6ecce.png","images/PlayTech__Bulls_Eye_Alice__228009.png"
"228010","PlayTech","Pixel Samurai","3","0","0","0","","2025-07-28 15:51:50","https://static.ptgaming.ph/images/ff9ee2eee24cc15b924e1ee9778aa4f9.png","images/PlayTech__Pixel_Samurai__228010.png"
"228011","PlayTech","Roman Fruits","3","0","0","0","","2025-07-28 15:52:12","https://static.ptgaming.ph/images/394637dbc91c665651e5d2884b2129aa.png","images/PlayTech__Roman_Fruits__228011.png"
"228012","PlayTech","Samurai Fury","3","0","0","0","","2025-07-28 15:52:23","https://static.ptgaming.ph/images/d1177871b8889379b7ac3a7958d1de57.png","images/PlayTech__Samurai_Fury__228012.png"
"228013","PlayTech","Wheels of Flame PowerPlay Jackpot","3","0","0","0","","2025-07-28 15:53:26","https://static.ptgaming.ph/images/5f188c60dc5ccd5c2060bc4915901b19.png","images/PlayTech__Wheels_of_Flame_PowerPlay_Jackpot__228013.png"
"228014","PlayTech","Big Bad Wolf","3","0","0","0","","2025-07-28 15:53:48","https://static.ptgaming.ph/images/25191bef50f7639ae47678e4472ec544.png","images/PlayTech__Big_Bad_Wolf__228014.png"
"228015","PlayTech","Ri Ri Jin Cai","3","0","0","0","","2025-07-28 16:41:18","https://static.ptgaming.ph/images/8b5a98bb63c5cbfc63696524d9def699.png","images/PlayTech__Ri_Ri_Jin_Cai__228015.png"
"228016","PlayTech","Starmada Exiles","3","0","0","0","","2025-07-28 16:55:48","https://static.ptgaming.ph/images/9c76477de8a497a51622eb5d7a41fbca.png","images/PlayTech__Starmada_Exiles__228016.png"
"228018","PlayTech","Yun Cong Long","3","0","0","0","","2025-07-28 17:15:14","https://static.ptgaming.ph/images/81ac3ae9aba6909908c363cb542e8555.png","images/PlayTech__Yun_Cong_Long__228018.png"
"228019","PlayTech","Anaconda Wild Scratch","3","0","0","0","","2025-07-29 15:19:50","https://static.ptgaming.ph/images/200f3bbb55171ab9ed84664a7d0bc30f.png","images/PlayTech__Anaconda_Wild_Scratch__228019.png"
"228020","YGR","Mahjong Big Three","3","0","0","0","","2025-07-30 11:03:27","https://static.ptgaming.ph/images/7c8b9250a829d5d6f561b0ac1fecdcdd.png","images/YGR__Mahjong_Big_Three__228020.png"
"228021","PlayTech","Buffalo Blitz Live Slots","3","0","0","0","","2025-08-06 11:08:15","https://static.ptgaming.ph/images/3a82213950e1e76d9c97f30150d221dd.png","images/PlayTech__Buffalo_Blitz_Live_Slots__228021.png"
"228022","PlayTech","Busted Or Bailed","3","0","0","0","","2025-08-06 11:11:22","https://static.ptgaming.ph/images/1ce9324d3f2ddc459409daeb016c6eaa.png","images/PlayTech__Busted_Or_Bailed__228022.png"
"228023","PlayTech","European Football Roulette","3","0","0","0","","2025-08-07 16:45:26","https://static.ptgaming.ph/images/4ab03e05946604165bde7a86cbb964be.png","images/PlayTech__European_Football_Roulette__228023.png"
"229002","PlayTech","Sicbo Deluxe","3","0","0","0","","2025-07-28 14:19:07","https://static.ptgaming.ph/images/908977fcd0fcf03bdf0ee9d700226759.png","images/PlayTech__Sicbo_Deluxe__229002.png"
"229003","PlayTech","Blue Wizard: Cash Collect & Link","3","0","0","0","","2025-07-28 15:20:29","https://static.ptgaming.ph/images/07f5a13ad517a309ec8b2934fa6e772e.png","images/PlayTech__Blue_Wizard_Cash_Collect_Link__229003.png"
"229005","PlayTech","Luminous Life","3","0","0","0","","2025-07-28 15:22:12","https://static.ptgaming.ph/images/9ff7f36bc7a890ea41bebcf659210354.png","images/PlayTech__Luminous_Life__229005.png"
"229006","PlayTech","Wild Roll","3","0","0","0","","2025-07-28 15:33:21","https://static.ptgaming.ph/images/c9b26711da0e6884d15446818ce5e5a7.png","images/PlayTech__Wild_Roll__229006.png"
"229007","PlayTech","Panther Pays PowerPlay Jackpot","3","0","0","0","","2025-07-28 15:40:10","https://static.ptgaming.ph/images/59c0cbc318d7d234b7026c74e47c6641.png","images/PlayTech__Panther_Pays_PowerPlay_Jackpot__229007.png"
"229008","PlayTech","Go Joker Go","3","0","0","0","","2025-07-28 15:48:22","https://static.ptgaming.ph/images/f5832ec4914aec6c4dd3a5205cd57386.png","images/PlayTech__Go_Joker_Go__229008.png"
"229009","PlayTech","Lil Demon: Mega Cash Collect","3","0","0","0","","2025-07-28 15:49:53","https://static.ptgaming.ph/images/07d18e1e5e1c21e7181cf8b159c53257.png","images/PlayTech__Lil_Demon_Mega_Cash_Collect__229009.png"
"229010","PlayTech","Dragon Shrine","3","0","0","0","","2025-07-28 15:56:11","https://static.ptgaming.ph/images/f1c0c9acfb6040b30480b900f77f9b9e.png","images/PlayTech__Dragon_Shrine__229010.png"
"229011","PlayTech","Queen of Wands","3","0","0","0","","2025-07-28 16:32:48","https://static.ptgaming.ph/images/78230e956bc953b4361e499bba39dc9f.png","images/PlayTech__Queen_of_Wands__229011.png"
"229012","PlayTech","Streak of Luck","3","0","0","0","","2025-07-28 16:56:51","https://static.ptgaming.ph/images/2db9275264e9aebfeef08b680cb8b4ce.png","images/PlayTech__Streak_of_Luck__229012.png"
"229013","PlayTech","Tiger Turtle Dragon Phoenix","3","0","0","0","","2025-07-28 17:00:45","https://static.ptgaming.ph/images/707c4e4e4d81f4e45ce153bc7967dc99.png","images/PlayTech__Tiger_Turtle_Dragon_Phoenix__229013.png"
"229014","PlayTech","Triple Monkey","3","0","0","0","","2025-07-28 17:02:00","https://static.ptgaming.ph/images/851302c243127c3a32b0a3e58320d214.png","images/PlayTech__Triple_Monkey__229014.png"
"229015","PlayTech","Animal Instinct","3","0","0","0","","2025-07-29 15:19:59","https://static.ptgaming.ph/images/74dfd74f14de2735a1b6646f994472ac.png","images/PlayTech__Animal_Instinct__229015.png"
"229016","PlayTech","Aztec Expedition Thundershots","3","0","0","0","","2025-07-29 15:22:39","https://static.ptgaming.ph/images/d348d618f196c2924421b88a9c9900fc.png","images/PlayTech__Aztec_Expedition_Thundershots__229016.png"
"229017","PlayTech","Bonus Bears","3","0","0","0","","2025-07-29 15:46:00","https://static.ptgaming.ph/images/553f6f47928f9a8bebfb778aee9ea19d.png","images/PlayTech__Bonus_Bears__229017.png"
"229018","PlayTech","Empire Treasures Scratch","3","0","0","0","","2025-07-29 16:06:24","https://static.ptgaming.ph/images/ba47fa5d59766c605fc0679a01ca072c.png","images/PlayTech__Empire_Treasures_Scratch__229018.png"
"229019","PlayTech","Fortune Fortune: Thundershots","3","0","0","0","","2025-07-29 16:27:08","https://static.ptgaming.ph/images/e42100531efa845332ef06ca15c9aced.png","images/PlayTech__Fortune_Fortune_Thundershots__229019.png"
"229021","YGR","Loong Fa Le","3","0","0","0","","2025-07-30 11:04:09","https://static.ptgaming.ph/images/7cc791633c2e4bfb9a640b6a0d111b7b.png","images/YGR__Loong_Fa_Le__229021.png"
"229024","Evolution","Perya Speed Baccarat 7","3","0","0","0","1% Cashback EVO","2025-07-31 15:08:48","https://static.ptgaming.ph/images/c012ef755740734de061a92a2ec87e20.png","images/Evolution__Perya_Speed_Baccarat_7__229024.png"
"229025","PlayTech","Cash It Multiplayer","3","0","0","0","","2025-08-07 16:08:28","https://static.ptgaming.ph/images/1788d922c27d5876d3aa185bc0c5ed3f.png","images/PlayTech__Cash_It_Multiplayer__229025.png"
"229027","PlayTech","Mega Fire Blaze: Roulette","3","0","0","0","","2025-08-07 16:39:21","https://static.ptgaming.ph/images/c0cc493cc6453e365b588d7e91059df4.png","images/PlayTech__Mega_Fire_Blaze_Roulette__229027.png"
"229028","PlayTech","Penny Roulette","3","0","0","0","","2025-08-07 16:39:40","https://static.ptgaming.ph/images/976e03a924cd8ac417d0b971f416f533.png","images/PlayTech__Penny_Roulette__229028.png"
"230002","PlayTech","Speed Baccarat Emperor NC","3","0","0","0","","2025-07-28 14:26:16","https://static.ptgaming.ph/images/5a38b8b8d98520e87155df8d8bf996d9.png","images/PlayTech__Speed_Baccarat_Emperor_NC__230002.png"
"230003","PlayTech","Heart of the Frontier","3","0","0","0","","2025-07-28 14:58:38","https://static.ptgaming.ph/images/f72496c1635cc385685256c2bde20e9a.png","images/PlayTech__Heart_of_the_Frontier__230003.png"
"230004","PlayTech","Joker Rush","3","0","0","0","","2025-07-28 15:10:36","https://static.ptgaming.ph/images/b96b6e32597e01091b16e39c0cb3c66f.png","images/PlayTech__Joker_Rush__230004.png"
"230005","PlayTech","Jungle Giants","3","0","0","0","","2025-07-28 15:11:46","https://static.ptgaming.ph/images/b4d552c954c68f02c479d5c2c3741d27.png","images/PlayTech__Jungle_Giants__230005.png"
"230006","PlayTech","Neptune's Kingdom","3","0","0","0","","2025-07-28 15:36:52","https://static.ptgaming.ph/images/b29d2ac42561b16503113c365b912510.png","images/PlayTech__Neptune_s_Kingdom__230006.png"
"230007","PlayTech","Ox Riches","3","0","0","0","","2025-07-28 15:38:10","https://static.ptgaming.ph/images/c4fe03d7d4573f93354292ea8c0a52ce.png","images/PlayTech__Ox_Riches__230007.png"
"230008","PlayTech","Quad Link Count","3","0","0","0","","2025-07-28 15:51:31","https://static.ptgaming.ph/images/f0da02bf03eac6f52df9a8c99b8d2dbf.png","images/PlayTech__Quad_Link_Count__230008.png"
"230009","PlayTech","Power Zones: Pyramid Valley","3","0","0","0","","2025-07-28 15:53:02","https://static.ptgaming.ph/images/6aa9100e848f6b912f73a922f3fff08d.png","images/PlayTech__Power_Zones_Pyramid_Valley__230009.png"
"230010","PlayTech","Cash Truck 2","3","0","0","0","","2025-07-28 15:55:16","https://static.ptgaming.ph/images/0fdad5d6b386be68ee8a9775fcbfd0fd.png","images/PlayTech__Cash_Truck_2__230010.png"
"230011","PlayTech","Sticky Bandits Unchained","3","0","0","0","","2025-07-28 15:57:58","https://static.ptgaming.ph/images/9365c989cb9c550c3b500d453024707f.png","images/PlayTech__Sticky_Bandits_Unchained__230011.png"
"230012","PlayTech","Rome and Glory","3","0","0","0","","2025-07-28 16:41:52","https://static.ptgaming.ph/images/9e0ec5e201194dfda445be1fdd382eef.png","images/PlayTech__Rome_and_Glory__230012.png"
"230014","PlayTech","Alohawaii: Cash Collect","3","0","0","0","","2025-07-29 15:18:44","https://static.ptgaming.ph/images/e11eb3e4086baaaa56c24b3a5c76afb0.png","images/PlayTech__Alohawaii_Cash_Collect__230014.png"
"230015","PlayTech","Anaconda Wild 2 PowerPlay Jackpot","3","0","0","0","","2025-07-29 15:19:41","https://static.ptgaming.ph/images/762c539b005f59cbce399d672ac57918.png","images/PlayTech__Anaconda_Wild_2_PowerPlay_Jackpot__230015.png"
"230016","PlayTech","Asian Fantasy","3","0","0","0","","2025-07-29 15:22:18","https://static.ptgaming.ph/images/b332664e3eec1a090fad6deeaf9e342a.png","images/PlayTech__Asian_Fantasy__230016.png"
"230017","PlayTech","Fire Blaze: Pearls Pearls Pearls","3","0","0","0","","2025-07-29 16:18:55","https://static.ptgaming.ph/images/fa91a6df1833bb783213c30e7f5979c2.png","images/PlayTech__Fire_Blaze_Pearls_Pearls_Pearls__230017.png"
"230018","PlayTech","Forest Prince","3","0","0","0","","2025-07-29 16:24:30","https://static.ptgaming.ph/images/50db1ea9cf169e9a2baa9ded7f76ceac.png","images/PlayTech__Forest_Prince__230018.png"
"230019","YGR","Maya Golden City7","3","0","0","0","","2025-07-30 11:03:19","https://static.ptgaming.ph/images/bd0620af8b9a4c394050f1555d2b3737.png","images/YGR__Maya_Golden_City7__230019.png"
"230020","YGR","Super Fire 7","3","0","0","0","","2025-07-30 11:05:09","https://static.ptgaming.ph/images/90a7eb78a35c651e7dde7fc60ee9c424.png","images/YGR__Super_Fire_7__230020.png"
"230021","YGR","Gold Panda Rush","3","0","0","0","","2025-07-30 11:11:45","https://static.ptgaming.ph/images/917e56e643f4d42653e75b8228ab3269.png","images/YGR__Gold_Panda_Rush__230021.png"
"230022","YGR","100x Diamond 7","3","0","0","0","","2025-07-30 11:16:17","https://static.ptgaming.ph/images/4bb5f2f494a963eb88f9a60e0077f06a.png","images/YGR__100x_Diamond_7__230022.png"
"231003","PlayTech","Haunted House","3","0","0","0","","2025-07-28 14:58:16","https://static.ptgaming.ph/images/66ab63a4de6488c2e6792fa07c0dc0b7.png","images/PlayTech__Haunted_House__231003.png"
"231004","PlayTech","Jin Qian Wa","3","0","0","0","","2025-07-28 15:07:17","https://static.ptgaming.ph/images/5880df5297076f440728266f45a75c4b.png","images/PlayTech__Jin_Qian_Wa__231004.png"
"231005","PlayTech","Ten Ton Ways Luck","3","0","0","0","","2025-07-28 15:34:32","https://static.ptgaming.ph/images/61e2a2fbeeb9b9517a3f4a0b4b706c0c.png","images/PlayTech__Ten_Ton_Ways_Luck__231005.png"
"231006","PlayTech","Long Jia Xiang Yun","3","0","0","0","","2025-07-28 15:50:05","https://static.ptgaming.ph/images/3da7e90a99fe0c6f1c4fcd8f9257472e.png","images/PlayTech__Long_Jia_Xiang_Yun__231006.png"
"231007","PlayTech","Feasting Fox","3","0","0","0","","2025-07-28 15:56:42","https://static.ptgaming.ph/images/a808364c60d7c43ebfa953ed12e0566c.png","images/PlayTech__Feasting_Fox__231007.png"
"231008","PlayTech","Age of the Gods Norse: Book of Dwarves","3","0","0","0","","2025-07-28 16:02:49","https://static.ptgaming.ph/images/24a89a0b9c4cd84e46cedae3c5097593.png","images/PlayTech__Age_of_the_Gods_Norse_Book_of_Dwarves__231008.png"
"231009","PlayTech","Age of the Gods Norse: Norse Legends","3","0","0","0","","2025-07-28 16:03:28","https://static.ptgaming.ph/images/858be39d6ac95abc1f046ef72bec6f97.png","images/PlayTech__Age_of_the_Gods_Norse_Norse_Legends__231009.png"
"231010","PlayTech","Silent Samurai","3","0","0","0","","2025-07-28 16:50:11","https://static.ptgaming.ph/images/869e657f849b643f5b53e7869046c4c6.png","images/PlayTech__Silent_Samurai__231010.png"
"231011","PlayTech","Solar Eclipse: Jaguar's Lair","3","0","0","0","","2025-07-28 16:55:10","https://static.ptgaming.ph/images/1e475deaefde19edc698fa125118e712.png","images/PlayTech__Solar_Eclipse_Jaguar_s_Lair__231011.png"
"231012","PlayTech","Shark Blitz","3","0","0","0","","2025-07-28 17:16:44","https://static.ptgaming.ph/images/8ecc7e7b1ae43ecc9afe741aec732948.png","images/PlayTech__Shark_Blitz__231012.png"
"231013","PlayTech","Bermuda Triangle","3","0","0","0","","2025-07-29 15:25:10","https://static.ptgaming.ph/images/63b69cc3476ee0a2ec966f43c1e53864.png","images/PlayTech__Bermuda_Triangle__231013.png"
"231014","PlayTech","Chili Eruption","3","0","0","0","","2025-07-29 15:53:00","https://static.ptgaming.ph/images/1b0d2cbbbbc17ca63fa2208a1344fb14.png","images/PlayTech__Chili_Eruption__231014.png"
"231015","PlayTech","Fire Blaze: Red Wizard","3","0","0","0","","2025-07-29 16:19:14","https://static.ptgaming.ph/images/9e5b9a2fc39fc427088455b4c41e01f5.png","images/PlayTech__Fire_Blaze_Red_Wizard__231015.png"
"231016","PlayTech","Fire Blaze: River Empress","3","0","0","0","","2025-07-29 16:19:25","https://static.ptgaming.ph/images/e9ffafc8943b99513365bf49ac71f342.png","images/PlayTech__Fire_Blaze_River_Empress__231016.png"
"231017","PlayTech","Five Tiger Generals","3","0","0","0","","2025-07-29 16:21:49","https://static.ptgaming.ph/images/1317166be38b92def3c446a37bd86cc0.png","images/PlayTech__Five_Tiger_Generals__231017.png"
"231018","PlayTech","Gaelic Luck","3","0","0","0","","2025-07-29 16:35:25","https://static.ptgaming.ph/images/a823e2f875c2bf584ff66991b8d83a26.png","images/PlayTech__Gaelic_Luck__231018.png"
"231020","YGR","Puffy Paradise","3","0","0","0","","2025-07-30 11:18:39","https://static.ptgaming.ph/images/2be505daaa123669d2f80bc440bfcf1b.png","images/YGR__Puffy_Paradise__231020.png"
"231022","PlayTech","Diamond Bet Roulette","3","0","0","0","","2025-08-07 16:44:25","https://static.ptgaming.ph/images/252cf969896a186882b59dc3212248bd.png","images/PlayTech__Diamond_Bet_Roulette__231022.png"
"231023","PlayTech","Hi-Lo Premium","3","0","0","0","","2025-08-07 16:45:55","https://static.ptgaming.ph/images/9ffe73d196c64f34ba9d02e5f5ea76be.png","images/PlayTech__Hi-Lo_Premium__231023.png"
"232002","PlayTech","Sports Baccarat NC","3","0","0","0","","2025-07-28 14:26:17","https://static.ptgaming.ph/images/4dfcfcf56deb7cadc9188bf7ddb711e2.png","images/PlayTech__Sports_Baccarat_NC__232002.png"
"232004","PlayTech","J Mania Loco Habanero","3","0","0","0","","2025-07-28 15:11:58","https://static.ptgaming.ph/images/a8aedcdbc51759c0f05386d1efa62a62.png","images/PlayTech__J_Mania_Loco_Habanero__232004.png"
"232007","PlayTech","Piggies and the Bank: Cash Collect & Link","3","0","0","0","","2025-07-28 15:39:46","https://static.ptgaming.ph/images/106e1d7267ff7cdb1a4689d9d30a0c15.png","images/PlayTech__Piggies_and_the_Bank_Cash_Collect_Link__232007.png"
"232009","PlayTech","Gold Hit & Link: Tiger Jones","3","0","0","0","","2025-07-28 15:48:38","https://static.ptgaming.ph/images/1aba206133edfb80e1152d55b45cd89d.png","images/PlayTech__Gold_Hit_Link_Tiger_Jones__232009.png"
"232010","PlayTech","Piggies and the Wolf","3","0","0","0","","2025-07-28 15:51:29","https://static.ptgaming.ph/images/9d6e33480863b3c76b2c455b2ec5bfc0.png","images/PlayTech__Piggies_and_the_Wolf__232010.png"
"232011","PlayTech","Pumpkin Bonanza","3","0","0","0","","2025-07-28 15:54:50","https://static.ptgaming.ph/images/6a0c0cb7fa2023e8ec4b0c68ea7fa877.png","images/PlayTech__Pumpkin_Bonanza__232011.png"
"232012","PlayTech","A Night Out","3","0","0","0","","2025-07-28 16:01:27","https://static.ptgaming.ph/images/4fd27d4bf5dc9da426b2715f7a2acd85.png","images/PlayTech__A_Night_Out__232012.png"
"232013","PlayTech","Age of the Gods: God of Storms","3","0","0","0","","2025-07-28 16:05:15","https://static.ptgaming.ph/images/84331f2d9df2f7229d7003f0bfa8ca55.png","images/PlayTech__Age_of_the_Gods_God_of_Storms__232013.png"
"232014","PlayTech","Sacred Stones","3","0","0","0","","2025-07-28 16:42:15","https://static.ptgaming.ph/images/8953056ccb4d9b2c5a4addf75a5577df.png","images/PlayTech__Sacred_Stones__232014.png"
"232015","PlayTech","Savage Jungle","3","0","0","0","","2025-07-28 16:43:16","https://static.ptgaming.ph/images/b08e7fe1cb90ecdcc0aff78477df396c.png","images/PlayTech__Savage_Jungle__232015.png"
"232016","PlayTech","Secrets of the Amazon","3","0","0","0","","2025-07-28 16:43:30","https://static.ptgaming.ph/images/edda12b65ca0cb133174bb056a33efd5.png","images/PlayTech__Secrets_of_the_Amazon__232016.png"
"232017","PlayTech","Super Lion","3","0","0","0","","2025-07-28 16:56:59","https://static.ptgaming.ph/images/565d9233390df79fb1f3df3910eec6e2.png","images/PlayTech__Super_Lion__232017.png"
"232018","PlayTech","Wild Lava Scratch","3","0","0","0","","2025-07-28 17:13:33","https://static.ptgaming.ph/images/545d768e2e47131b8807d4600342c7c1.png","images/PlayTech__Wild_Lava_Scratch__232018.png"
"232019","PlayTech","Dragon Spark","3","0","0","0","","2025-07-29 15:59:33","https://static.ptgaming.ph/images/0b2d7f6d0bcb2936ca3e0a771cbd65cd.png","images/PlayTech__Dragon_Spark__232019.png"
"232020","PlayTech","Dragon's Hall: Thundershots","3","0","0","0","","2025-07-29 16:05:24","https://static.ptgaming.ph/images/6e6348a9a5b90025997e6347fe857d09.png","images/PlayTech__Dragon_s_Hall_Thundershots__232020.png"
"232021","PlayTech","Fire Blaze: Golden Macaque","3","0","0","0","","2025-07-29 16:18:21","https://static.ptgaming.ph/images/a3ec2c0f4ecf92f77b7026347e28a1cd.png","images/PlayTech__Fire_Blaze_Golden_Macaque__232021.png"
"232022","PlayTech","Fire Blaze: Pharaoh's Daughter","3","0","0","0","","2025-07-29 16:19:04","https://static.ptgaming.ph/images/f6ee5e2415c1f4f7cb74ad3db39cbe17.png","images/PlayTech__Fire_Blaze_Pharaoh_s_Daughter__232022.png"
"232024","YGR","Wealth Potion","3","0","0","0","","2025-07-30 11:18:51","https://static.ptgaming.ph/images/25cf34395adb4240a4574d347e4c8c62.png","images/YGR__Wealth_Potion__232024.png"
"232025","YGR","Super Neko","3","0","0","0","","2025-07-30 11:20:20","https://static.ptgaming.ph/images/0e7c0e74cafe5bc32c2aa59eb6b95b53.png","images/YGR__Super_Neko__232025.png"
"232026","YGR","Golden Bay Sands","3","0","0","0","","2025-07-30 11:20:37","https://static.ptgaming.ph/images/d1aba29c6e1495084015aad2d54bc98f.png","images/YGR__Golden_Bay_Sands__232026.png"
"232027","Evolution","Perya Speed Baccarat 8","3","0","0","0","1% Cashback EVO","2025-07-31 15:08:22","https://static.ptgaming.ph/images/3bd32396451550c028bf0e98873ed749.png","images/Evolution__Perya_Speed_Baccarat_8__232027.png"
"232029","JDB","Lucky Elephant X-Huge","3","0","0","0","","2025-08-12 14:05:25","https://static.ptgaming.ph/images/f1107d239e35ac82ffb25eb71a5fca75.png","images/JDB__Lucky_Elephant_X-Huge__232029.png"
"233002","PlayTech","Grand Baccarat NC","3","0","0","0","","2025-07-28 14:26:19","https://static.ptgaming.ph/images/267cd0885ce220490e5e570e7a4c577d.png","images/PlayTech__Grand_Baccarat_NC__233002.png"
"233003","PlayTech","Speed Baccarat","3","0","0","0","","2025-07-28 14:26:21","https://static.ptgaming.ph/images/4912862355acf39681e86b40ca165074.png","images/PlayTech__Speed_Baccarat__233003.png"
"233004","PlayTech","Immortal Ways Volcano","3","0","0","0","","2025-07-28 15:03:08","https://static.ptgaming.ph/images/bd21660373ad98c6a46b62f483537e12.png","images/PlayTech__Immortal_Ways_Volcano__233004.png"
"233005","PlayTech","King Blitz","3","0","0","0","","2025-07-28 15:16:35","https://static.ptgaming.ph/images/ad0e0cf5a58a54611d5707098e9b8fc1.png","images/PlayTech__King_Blitz__233005.png"
"233006","PlayTech","Go High Joker","3","0","0","0","","2025-07-28 15:29:36","https://static.ptgaming.ph/images/1c8bb46869e93bf65eea8aff34da9e4e.png","images/PlayTech__Go_High_Joker__233006.png"
"233007","PlayTech","Reel Nightmare","3","0","0","0","","2025-07-28 15:40:46","https://static.ptgaming.ph/images/f0bb6c00634621eecc5f09ec9a9c1f8b.png","images/PlayTech__Reel_Nightmare__233007.png"
"233008","PlayTech","Fire Blaze: Sky Queen Megaways","3","0","0","0","","2025-07-28 15:47:30","https://static.ptgaming.ph/images/a71978ef228c7bc5dd9b481b938a1eda.png","images/PlayTech__Fire_Blaze_Sky_Queen_Megaways__233008.png"
"233009","PlayTech","Panther Moon: Bonus Lines","3","0","0","0","","2025-07-28 15:51:19","https://static.ptgaming.ph/images/8eb0300ebff22966658288874a919b28.png","images/PlayTech__Panther_Moon_Bonus_Lines__233009.png"
"233010","PlayTech","Big Bad Wolf: Pigs of Steel","3","0","0","0","","2025-07-28 15:54:16","https://static.ptgaming.ph/images/aaab79301b30336914169dbf6a8f48ce.png","images/PlayTech__Big_Bad_Wolf_Pigs_of_Steel__233010.png"
"233011","PlayTech","Age of the Gods Scratch","3","0","0","0","","2025-07-28 16:03:47","https://static.ptgaming.ph/images/2ef510e3f74963f05b380d14455ba9a3.png","images/PlayTech__Age_of_the_Gods_Scratch__233011.png"
"233013","PlayTech","Azteca: Cash Collect","3","0","0","0","","2025-07-29 15:23:14","https://static.ptgaming.ph/images/1934bf1df90a9199d56fe88d94a468df.png","images/PlayTech__Azteca_Cash_Collect__233013.png"
"233014","PlayTech","Better Wilds","3","0","0","0","","2025-07-29 15:25:59","https://static.ptgaming.ph/images/0b868dbcf237724ab20037cfe4417cbc.png","images/PlayTech__Better_Wilds__233014.png"
"233015","PlayTech","Flaming Bars","3","0","0","0","","2025-07-29 16:22:17","https://static.ptgaming.ph/images/fa2bc9273f9b2864d11e25ea219db96e.png","images/PlayTech__Flaming_Bars__233015.png"
"233016","YGR","10x Diamond 7","3","0","0","0","","2025-07-30 11:11:48","https://static.ptgaming.ph/images/9616dc0086d77a93a44eb6de30b01a8d.png","images/YGR__10x_Diamond_7__233016.png"
"233017","YGR","ROMA GEMS","3","0","0","0","","2025-07-30 11:19:32","https://static.ptgaming.ph/images/f39102dfcdc020adbbff023684186a28.png","images/YGR__ROMA_GEMS__233017.png"
"233018","YGR","Legendary Shaman","3","0","0","0","","2025-07-30 11:20:11","https://static.ptgaming.ph/images/888d507f448978fe559ed46d4ffb4031.png","images/YGR__Legendary_Shaman__233018.png"
"233019","YGR","Cash Maker","3","0","0","0","","2025-07-30 11:20:29","https://static.ptgaming.ph/images/a4e4c15a96526ec52859c8b0f472f1f0.png","images/YGR__Cash_Maker__233019.png"
"233020","YGR","Bounty Pirate","3","0","0","0","","2025-07-30 11:20:53","https://static.ptgaming.ph/images/d02b7c099cb6fe6c0baf52b17913336b.png","images/YGR__Bounty_Pirate__233020.png"
"233021","YGR","MahJong God","3","0","0","0","","2025-07-30 11:21:07","https://static.ptgaming.ph/images/c986a868d67aec0e5f0c337a25b7eb2b.png","images/YGR__MahJong_God__233021.png"
"233022","PlayTech","Premium blackjack - Single Hand","3","0","0","0","","2025-08-07 16:40:13","https://static.ptgaming.ph/images/cefde6a2839a2a8c701ccfca26aeaa13.png","images/PlayTech__Premium_blackjack_-_Single_Hand__233022.png"
"234002","PlayTech","Speed Baccarat NC","3","0","0","0","","2025-07-28 14:26:21","https://static.ptgaming.ph/images/b7200f25c899944241ea06e704767186.png","images/PlayTech__Speed_Baccarat_NC__234002.png"
"234003","PlayTech","Jackpot Giant","3","0","0","0","","2025-07-28 15:06:24","https://static.ptgaming.ph/images/e095be9bad5329cc6a1e28b48e7e6217.png","images/PlayTech__Jackpot_Giant__234003.png"
"234004","PlayTech","Ocean Frenzy","3","0","0","0","","2025-07-28 15:16:43","https://static.ptgaming.ph/images/f9e3d17d324fc676120e55e4bd4f24d2.png","images/PlayTech__Ocean_Frenzy__234004.png"
"234005","PlayTech","Mega Fire Blaze: Khonsu God of Moon","3","0","0","0","","2025-07-28 15:29:50","https://static.ptgaming.ph/images/8730958746b4a995bfc2655d0fae40a5.png","images/PlayTech__Mega_Fire_Blaze_Khonsu_God_of_Moon__234005.png"
"234006","PlayTech","Mr. Cashback","3","0","0","0","","2025-07-28 15:36:11","https://static.ptgaming.ph/images/9c0e49ccf7eb4fa446c95e6c900d7e3c.png","images/PlayTech__Mr._Cashback__234006.png"
"234008","PlayTech","Golden Glyph","3","0","0","0","","2025-07-28 15:56:52","https://static.ptgaming.ph/images/070bbd6c4d44873b8f33207c840b8367.png","images/PlayTech__Golden_Glyph__234008.png"
"234009","PlayTech","Retro Rush","3","0","0","0","","2025-07-28 16:34:08","https://static.ptgaming.ph/images/b453966cb96783c37a7c25cb3fa0d264.png","images/PlayTech__Retro_Rush__234009.png"
"234010","PlayTech","Tiger Claw","3","0","0","0","","2025-07-28 17:00:26","https://static.ptgaming.ph/images/c6e4a3a5a02d99b7c0bc9b5eac9d7f81.png","images/PlayTech__Tiger_Claw__234010.png"
"234011","PlayTech","True Love","3","0","0","0","","2025-07-28 17:10:59","https://static.ptgaming.ph/images/2aa02f7f9f493e2d67972ac638d90e3b.png","images/PlayTech__True_Love__234011.png"
"234012","PlayTech","Blitz Scratch","3","0","0","0","","2025-07-29 15:43:43","https://static.ptgaming.ph/images/c0e1e069d62d83cbe27b622466a5cb49.png","images/PlayTech__Blitz_Scratch__234012.png"
"234013","PlayTech","Egyptian Emeralds PowerPlay Jackpot","3","0","0","0","","2025-07-29 16:06:05","https://static.ptgaming.ph/images/5cded1c3ab61b1a2ce090b66a76dd95f.png","images/PlayTech__Egyptian_Emeralds_PowerPlay_Jackpot__234013.png"
"234014","PlayTech","Esmeralda","3","0","0","0","","2025-07-29 16:06:53","https://static.ptgaming.ph/images/88874f8905f22b376a0ad7efe0350dd9.png","images/PlayTech__Esmeralda__234014.png"
"234015","YGR","GOLDEN KINGDOM","3","0","0","0","","2025-07-30 11:05:06","https://static.ptgaming.ph/images/97abce847e0c9f337109cf9c51270161.png","images/YGR__GOLDEN_KINGDOM__234015.png"
"234016","YGR","R!CH","3","0","0","0","","2025-07-30 11:19:15","https://static.ptgaming.ph/images/32876ee705d077c5dbf9e51ecfa1c619.png","images/YGR__R_CH__234016.png"
"234017","Evolution","Perya Speed Baccarat 5","3","0","0","0","1% Cashback EVO","2025-07-31 15:13:13","https://static.ptgaming.ph/images/7ff2051743440bfc04d47b4c0ce63b20.png","images/Evolution__Perya_Speed_Baccarat_5__234017.png"
"235002","PlayTech","Hologram Wilds","3","0","0","0","","2025-07-28 15:02:03","https://static.ptgaming.ph/images/938b1b2d46e1b195d5742b354c2504b3.png","images/PlayTech__Hologram_Wilds__235002.png"
"235003","PlayTech","Juego de la oca","3","0","0","0","","2025-07-28 15:11:28","https://static.ptgaming.ph/images/72541b4dc446e749d31ccb2cd03714c9.png","images/PlayTech__Juego_de_la_oca__235003.png"
"235005","PlayTech","Free the Dragon","3","0","0","0","","2025-07-28 15:27:33","https://static.ptgaming.ph/images/f1cbc8289e8f044232871aa3c3446361.png","images/PlayTech__Free_the_Dragon__235005.png"
"235006","PlayTech","Midnight Wilds","3","0","0","0","","2025-07-28 15:31:31","https://static.ptgaming.ph/images/6f799e708d464cbca265832a6acf224b.png","images/PlayTech__Midnight_Wilds__235006.png"
"235007","PlayTech","Reaction Link","3","0","0","0","","2025-07-28 15:32:55","https://static.ptgaming.ph/images/20b69e850b4c47335a15418dafeb8869.png","images/PlayTech__Reaction_Link__235007.png"
"235008","PlayTech","Lil Sphinx","3","0","0","0","","2025-07-28 15:39:35","https://static.ptgaming.ph/images/ce696c828db44b9620db08d69267d6d6.png","images/PlayTech__Lil_Sphinx__235008.png"
"235009","PlayTech","Brooklyn Bootleggers","3","0","0","0","","2025-07-28 15:54:48","https://static.ptgaming.ph/images/a4dd271d93308604a06de6db57846620.png","images/PlayTech__Brooklyn_Bootleggers__235009.png"
"235010","PlayTech","Absolutely Mammoth PowerPlay Jackpot","3","0","0","0","","2025-07-28 16:01:51","https://static.ptgaming.ph/images/f1ae92f412c5b89beb7c5fee9bc2d2e0.png","images/PlayTech__Absolutely_Mammoth_PowerPlay_Jackpot__235010.png"
"235011","PlayTech","Age of the Gods Norse: King of Asgard","3","0","0","0","","2025-07-28 16:03:16","https://static.ptgaming.ph/images/58666fbe7b8b25beb266dc31223680ac.png","images/PlayTech__Age_of_the_Gods_Norse_King_of_Asgard__235011.png"
"235012","PlayTech","Age of the Gods: Ruler of the Dead","3","0","0","0","","2025-07-28 16:07:13","https://static.ptgaming.ph/images/620f294bf8becd0deec959486da70441.png","images/PlayTech__Age_of_the_Gods_Ruler_of_the_Dead__235012.png"
"235013","PlayTech","Shields of Rome","3","0","0","0","","2025-07-28 16:49:12","https://static.ptgaming.ph/images/64b933348bf7484ff35038baa5ea1056.png","images/PlayTech__Shields_of_Rome__235013.png"
"235014","PlayTech","Silver Bullet","3","0","0","0","","2025-07-28 16:54:43","https://static.ptgaming.ph/images/079f0d6da199f9cacd2ac5bcfae4f1bb.png","images/PlayTech__Silver_Bullet__235014.png"
"235015","PlayTech","Wheels of Flame","3","0","0","0","","2025-07-28 17:12:45","https://static.ptgaming.ph/images/24ec141d8eb18df0ef186e2053e101f6.png","images/PlayTech__Wheels_of_Flame__235015.png"
"235016","PlayTech","Wild Lava","3","0","0","0","","2025-07-28 17:13:23","https://static.ptgaming.ph/images/233e836a24281f4e49ebaaeab7374e0e.png","images/PlayTech__Wild_Lava__235016.png"
"235017","PlayTech","Yu Tu Jin Cai: Cash Collect","3","0","0","0","","2025-07-28 17:15:05","https://static.ptgaming.ph/images/d3ba4703963cd70178ab2d7418d0f591.png","images/PlayTech__Yu_Tu_Jin_Cai_Cash_Collect__235017.png"
"235018","PlayTech","Fishin' Bonanza","3","0","0","0","","2025-07-29 16:20:48","https://static.ptgaming.ph/images/82a196a1bcf64ebee3b1712e73aa8d3d.png","images/PlayTech__Fishin_Bonanza__235018.png"
"235019","PlayTech","Football! Cash Collect","3","0","0","0","","2025-07-29 16:23:41","https://static.ptgaming.ph/images/027e3be59e1478cb85416d0e1960d14c.png","images/PlayTech__Football_Cash_Collect__235019.png"
"235020","PlayTech","Funky Fruits","3","0","0","0","","2025-07-29 16:34:38","https://static.ptgaming.ph/images/2be06fa812937c1f26edb104e330e913.png","images/PlayTech__Funky_Fruits__235020.png"
"235021","YGR","Golden Horse Chess","3","0","0","0","","2025-07-30 11:03:34","https://static.ptgaming.ph/images/518e5743629b763f4d52a2d5e428122a.png","images/YGR__Golden_Horse_Chess__235021.png"
"235022","YGR","Lucky Dragon Ball 7","3","0","0","0","","2025-07-30 11:11:42","https://static.ptgaming.ph/images/edd78d1369268a188d957628e3fb8f92.png","images/YGR__Lucky_Dragon_Ball_7__235022.png"
"235023","YGR","Piggy Bank","3","0","0","0","","2025-07-30 11:11:46","https://static.ptgaming.ph/images/8dde8acc8a90fc70531d369b00052660.png","images/YGR__Piggy_Bank__235023.png"
"235024","PlayTech","Quantum Roulette Instant Play","3","0","0","0","","2025-08-07 16:42:24","https://static.ptgaming.ph/images/ba30c204e6697d97443871f1579d3be0.png","images/PlayTech__Quantum_Roulette_Instant_Play__235024.png"
"236002","PlayTech","Lil Demon: Double Heat","3","0","0","0","","2025-07-28 15:09:21","https://static.ptgaming.ph/images/f6b65344d307134edbdb487bd0570f85.png","images/PlayTech__Lil_Demon_Double_Heat__236002.png"
"236003","PlayTech","Mega Fire Blaze: Wild Pistolero","3","0","0","0","","2025-07-28 15:31:11","https://static.ptgaming.ph/images/576d0f6333e595c1edf646b61c569d60.png","images/PlayTech__Mega_Fire_Blaze_Wild_Pistolero__236003.png"
"236004","PlayTech","Mighty Hat: Lamp of Gold","3","0","0","0","","2025-07-28 15:31:48","https://static.ptgaming.ph/images/484ea80387bbb1f05b62f0e47f58fea6.png","images/PlayTech__Mighty_Hat_Lamp_of_Gold__236004.png"
"236005","PlayTech","Panther Moon","3","0","0","0","","2025-07-28 15:39:34","https://static.ptgaming.ph/images/c7b288a68ad07469787ab9ad791e6afc.png","images/PlayTech__Panther_Moon__236005.png"
"236006","PlayTech","Shields of Lambda","3","0","0","0","","2025-07-28 15:41:46","https://static.ptgaming.ph/images/8ed096e13a21e5d5c3ef3ccc4f347d75.png","images/PlayTech__Shields_of_Lambda__236006.png"
"236007","PlayTech","Age of the Gods God of Storms 3","3","0","0","0","","2025-07-28 16:02:35","https://static.ptgaming.ph/images/3086e74a8e77409e577d85fffc72c9f7.png","images/PlayTech__Age_of_the_Gods_God_of_Storms_3__236007.png"
"236008","PlayTech","Age of the Gods Norse: Gods and Giants","3","0","0","0","","2025-07-28 16:03:02","https://static.ptgaming.ph/images/1b83e89258778d632dfe96a4b01b4ef5.png","images/PlayTech__Age_of_the_Gods_Norse_Gods_and_Giants__236008.png"
"236009","PlayTech","Age of the Gods: Helios","3","0","0","0","","2025-07-28 16:05:37","https://static.ptgaming.ph/images/78f97fd5692a3989d1f6b92d662181d9.png","images/PlayTech__Age_of_the_Gods_Helios__236009.png"
"236010","PlayTech","Ready to Blow: Thundershots","3","0","0","0","","2025-07-28 16:33:31","https://static.ptgaming.ph/images/2191e614afd664239f29381ddad64190.png","images/PlayTech__Ready_to_Blow_Thundershots__236010.png"
"236011","PlayTech","Rhino Blitz","3","0","0","0","","2025-07-28 16:41:09","https://static.ptgaming.ph/images/151c586e6b03ec2709f1378df3f5c98a.png","images/PlayTech__Rhino_Blitz__236011.png"
"236013","PlayTech","Azteca: Bonus Lines PowerPlay Jackpot","3","0","0","0","","2025-07-29 15:23:02","https://static.ptgaming.ph/images/95c658687889554989ef95fa87a935ad.png","images/PlayTech__Azteca_Bonus_Lines_PowerPlay_Jackpot__236013.png"
"236014","PlayTech","Cat in Vegas","3","0","0","0","","2025-07-29 15:49:10","https://static.ptgaming.ph/images/0f4da3cf228cac5640357637c524a22d.png","images/PlayTech__Cat_in_Vegas__236014.png"
"236015","PlayTech","Dragon Chi","3","0","0","0","","2025-07-29 15:59:16","https://static.ptgaming.ph/images/870af3dfe95d9872dd65e7e5af1fe42c.png","images/PlayTech__Dragon_Chi__236015.png"
"236016","PlayTech","Eye of Anubis","3","0","0","0","","2025-07-29 16:07:17","https://static.ptgaming.ph/images/12b708dc4ff2cf3362c545cd4af8f5ec.png","images/PlayTech__Eye_of_Anubis__236016.png"
"236017","PlayTech","Fei Cui Gong Zhu","3","0","0","0","","2025-07-29 16:07:57","https://static.ptgaming.ph/images/aed9f80095d60f34a9ae720e87777827.png","images/PlayTech__Fei_Cui_Gong_Zhu__236017.png"
"236018","YGR","GO NEKO","3","0","0","0","","2025-07-30 11:18:43","https://static.ptgaming.ph/images/dff80bf29a49a2573a86daf02df9878c.png","images/YGR__GO_NEKO__236018.png"
"236019","YGR","Fish Prawn Crab","3","0","0","0","","2025-07-30 11:19:41","https://static.ptgaming.ph/images/bb4591934110e62a825d9b698d39570b.png","images/YGR__Fish_Prawn_Crab__236019.png"
"236020","Evolution","Perya Speed Baccarat 6","3","0","0","0","1% Cashback EVO","2025-07-31 15:12:59","https://static.ptgaming.ph/images/164e8fe7ae164d06f60e253e7e9a1c1a.png","images/Evolution__Perya_Speed_Baccarat_6__236020.png"
"236021","SAGaming","D Ultra Roulette","3","0","0","0","","2025-08-01 11:35:03","https://static.ptgaming.ph/images/66bcd7015aafbf6dfb8e2d7ebcaed77f.png","images/SAGaming__D_Ultra_Roulette__236021.png"
"236023","PlayTech","1000 Diamond Bet Roulette","3","0","0","0","","2025-08-07 16:34:38","https://static.ptgaming.ph/images/4cca87c7efb5523b68b3573867f2e745.png","images/PlayTech__1000_Diamond_Bet_Roulette__236023.png"
"237002","PlayTech","Adventures Beyond Wonderland Magical Maze","3","0","0","0","","2025-07-28 15:22:13","https://static.ptgaming.ph/images/7f370160a26a65bb10cdbe0c55503f32.png","images/PlayTech__Adventures_Beyond_Wonderland_Magical_Maze__237002.png"
"237003","PlayTech","Gold Hit: Lucky Granny","3","0","0","0","","2025-07-28 15:24:56","https://static.ptgaming.ph/images/078d7c929c304e3129b96aa4c36df15f.png","images/PlayTech__Gold_Hit_Lucky_Granny__237003.png"
"237004","PlayTech","Monkey Mania","3","0","0","0","","2025-07-28 15:33:36","https://static.ptgaming.ph/images/4047af846d082af513c3386fe921a5a8.png","images/PlayTech__Monkey_Mania__237004.png"
"237005","PlayTech","Murder Mystery","3","0","0","0","","2025-07-28 15:36:30","https://static.ptgaming.ph/images/292c47dd16b010bf43c7283f578acd00.png","images/PlayTech__Murder_Mystery__237005.png"
"237007","PlayTech","Fei Long Zai Tian","3","0","0","0","","2025-07-28 15:47:00","https://static.ptgaming.ph/images/6b7e2779df348e61a877712de9df8c2c.png","images/PlayTech__Fei_Long_Zai_Tian__237007.png"
"237008","PlayTech","Mega Fire Blaze: Dwarves and Goblins","3","0","0","0","","2025-07-28 15:51:09","https://static.ptgaming.ph/images/c320c4dc61a7a1211d21dfedc6f88457.png","images/PlayTech__Mega_Fire_Blaze_Dwarves_and_Goblins__237008.png"
"237009","PlayTech","Sinbad's Golden Voyage","3","0","0","0","","2025-07-28 15:52:35","https://static.ptgaming.ph/images/09417354e569feb9e2524412520d0275.png","images/PlayTech__Sinbad_s_Golden_Voyage__237009.png"
"237010","PlayTech","Cash Truck Xmas Delivery","3","0","0","0","","2025-07-28 15:55:37","https://static.ptgaming.ph/images/1bbfdaa373869b4841049d6bc5285fe1.png","images/PlayTech__Cash_Truck_Xmas_Delivery__237010.png"
"237011","PlayTech","Raven Rising","3","0","0","0","","2025-07-28 15:57:23","https://static.ptgaming.ph/images/f587f1835e87d15766a2bd1bc53ce1b8.png","images/PlayTech__Raven_Rising__237011.png"
"237012","PlayTech","Queen of the Pyramids: Mega Cash Collect","3","0","0","0","","2025-07-28 16:32:31","https://static.ptgaming.ph/images/d1815492c0006ed99c81ea57e9761168.png","images/PlayTech__Queen_of_the_Pyramids_Mega_Cash_Collect__237012.png"
"237013","PlayTech","Si Xiang","3","0","0","0","","2025-07-28 16:49:52","https://static.ptgaming.ph/images/7b9356999603b870cf78c32a4323ab8e.png","images/PlayTech__Si_Xiang__237013.png"
"237014","PlayTech","Wild Crusade: Empire Treasures","3","0","0","0","","2025-07-28 17:13:13","https://static.ptgaming.ph/images/038e3c45bdbc8786ce37e35b212b6879.png","images/PlayTech__Wild_Crusade_Empire_Treasures__237014.png"
"237015","PlayTech","Wild West Wilds!","3","0","0","0","","2025-07-28 17:14:04","https://static.ptgaming.ph/images/fb88e76aca173f0222c8a8373c85eafc.png","images/PlayTech__Wild_West_Wilds__237015.png"
"237016","PlayTech","Bai Shi","3","0","0","0","","2025-07-29 15:24:45","https://static.ptgaming.ph/images/ced771f20cd0f1e2dd500d79b6ef4e0d.png","images/PlayTech__Bai_Shi__237016.png"
"237017","PlayTech","Dolphin Reef","3","0","0","0","","2025-07-29 15:58:44","https://static.ptgaming.ph/images/288c7a3c8e192337edd2af32a3cd6fef.png","images/PlayTech__Dolphin_Reef__237017.png"
"237018","PlayTech","Fire Blaze: Sisters Gift","3","0","0","0","","2025-07-29 16:19:37","https://static.ptgaming.ph/images/75532cc28f2bfcb4ce9035fad27940e1.png","images/PlayTech__Fire_Blaze_Sisters_Gift__237018.png"
"237019","PlayTech","Football Scratch PowerPlay Jackpot","3","0","0","0","","2025-07-29 16:23:21","https://static.ptgaming.ph/images/30d7f3c8c2b9e9b5a3817f9e33bbfcf0.png","images/PlayTech__Football_Scratch_PowerPlay_Jackpot__237019.png"
"237020","PlayTech","Fortunes of the Fox","3","0","0","0","","2025-07-29 16:27:53","https://static.ptgaming.ph/images/d7766eab271442b6a208d6746f317dc4.png","images/PlayTech__Fortunes_of_the_Fox__237020.png"
"237021","PlayTech","Gold Hit: Dragon Bonanza","3","0","0","0","","2025-07-29 16:36:51","https://static.ptgaming.ph/images/d0ffde88e084b07af914f92d6a1e699b.png","images/PlayTech__Gold_Hit_Dragon_Bonanza__237021.png"
"237022","YGR","Lucky Fortune God","3","0","0","0","","2025-07-30 11:18:14","https://static.ptgaming.ph/images/ac17aeedb18833edf12e95d32ed7ba25.png","images/YGR__Lucky_Fortune_God__237022.png"
"237023","YGR","Bison Gallop","3","0","0","0","","2025-07-30 11:19:51","https://static.ptgaming.ph/images/1313c0f19418085ef44fae5aa28b373a.png","images/YGR__Bison_Gallop__237023.png"
"237024","YGR","Temple Adventure","3","0","0","0","","2025-07-30 11:23:13","https://static.ptgaming.ph/images/50af4654eed45f40bb69c13c59e01696.png","images/YGR__Temple_Adventure__237024.png"
"237025","Evolution","Thor's Rage","3","0","0","0","Exclusive ZI","2025-07-31 15:31:04","https://static.ptgaming.ph/images/3f6b8f9d301ce80ef94ae6c1e01fb7bf.png","images/Evolution__Thor_s_Rage__237025.png"
"237027","PlayTech","Vegas Blackjack","3","0","0","0","","2025-08-07 16:43:18","https://static.ptgaming.ph/images/6b2c19db9787c5610fc0fb7bc7188a67.png","images/PlayTech__Vegas_Blackjack__237027.png"
"238003","KM","Colour Game","3","0","0","0","10%包赔","2025-09-09 18:55:53","https://static.ptgaming.ph/images/9d1e031079e2b77b69ce19367c92b172.png","images/KM__Colour_Game__238003.png"
"238004","KM","Bicho","3","0","0","0","","2025-09-09 19:11:40","https://static.ptgaming.ph/images/fa819e02b177571289565c287aac4666.png","images/KM__Bicho__238004.png"
"238006","PlayTech","Blackjack 9","3","0","0","0","","2025-09-23 14:53:49","https://static.ptgaming.ph/images/faafd805ee91fd3838fc569a33586d08.png","images/PlayTech__Blackjack_9__238006.png"
"239005","KM","Bonus Dice","3","0","0","0","","2025-09-09 19:14:36","https://static.ptgaming.ph/images/100e212dea330ad5c38b31a893423842.png","images/KM__Bonus_Dice__239005.png"
"239006","KM","Jogo De Bozo","3","0","0","0","","2025-09-09 19:20:29","https://static.ptgaming.ph/images/4b4a6ac3dce9685ee53b3e4da0458b97.png","images/KM__Jogo_De_Bozo__239006.png"
"239008","BNG","Lotus Charm","3","0","0","0","","2025-10-21 11:14:54","https://static.ptgaming.ph/images/24b4703b3c69de6b51d13d09b7e3949b.png","images/BNG__Lotus_Charm__239008.png"
"239009","BNG","Lightning Clovers: Hit the Bonus","3","0","0","0","","2025-10-21 11:17:35","https://static.ptgaming.ph/images/991e1bd85b3c0acb478b35bb6241218b.png","images/BNG__Lightning_Clovers_Hit_the_Bonus__239009.png"
"239010","BNG","Coin UP : Hot Fire","3","0","0","0","","2025-10-21 11:42:14","https://static.ptgaming.ph/images/9786d39379503f0e1068729391ee2ecc.png","images/BNG__Coin_UP_Hot_Fire__239010.png"
"239011","PGSoft","Dragon's Treasure Quest","3","0","0","0","","2025-10-28 17:26:43","https://static.ptgaming.ph/images/0f6652cb2729e3c2d348b51640f6c311.png","images/PGSoft__Dragon_s_Treasure_Quest__239011.png"
"239293","YellowBat","Sugar Chef","3","0","0","0","","2026-02-06 15:09:03","https://static.ptgaming.ph/images/39efc18fab243ea1924afc363675e3f2.png","images/YellowBat__Sugar_Chef__239293.png"
"239295","Jumbo","Fortune Mahjong","3","0","0","0","","2026-02-09 16:45:30","https://static.ptgaming.ph/images/190d2934eea36aae857dfede0b5b63c4.png","images/Jumbo__Fortune_Mahjong__239295.png"
"239296","CQ9","WILD BOUNTY 2048","3","0","0","0","","2026-03-23 11:30:10","https://static.ptgaming.ph/images/2c6cfbb91dbd2301bbb40421fb31ae96.png","images/CQ9__WILD_BOUNTY_2048__239296.png"
"239297","CQ9","Lucky Neko New Year","3","0","0","0","","2026-03-23 11:30:45","https://static.ptgaming.ph/images/bf5183e4814097ab0f818bdd79f219bc.png","images/CQ9__Lucky_Neko_New_Year__239297.png"
"239301","BNG","3 Super Hungry Pandas: Hold and Win","3","0","0","0","","2026-05-15 15:17:04","https://static.ptgaming.ph/images/4518020d821afa87100ad4b58e50c067.png","images/BNG__3_Super_Hungry_Pandas_Hold_and_Win__239301.png"
"239305","PragmaticPlay","Candy Rush","3","0","0","0","","2026-05-28 11:07:19","https://static.ptgaming.ph/images/db1ed535350e4a0c997c8bfaf3efd3e8.jpg","images/PragmaticPlay__Candy_Rush__239305.jpg"
"239306","YGR","Hot Fire 777","3","0","0","0","","2026-05-28 11:26:31","https://static.ptgaming.ph/images/5413da4ddff67d3ca3d8f68913f96d0b.png","images/YGR__Hot_Fire_777__239306.png"
"240003","KM","Hippo Splash","3","0","0","0","","2025-09-09 18:54:45","https://static.ptgaming.ph/images/283a3092082e5d855055e37273589a04.png","images/KM__Hippo_Splash__240003.png"
"240004","KM","Plinko","3","0","0","0","","2025-09-09 19:00:13","https://static.ptgaming.ph/images/8ed716301b51088444ccb2342f00ed57.png","images/KM__Plinko__240004.png"
"240005","KM","Dice Duet","3","0","0","0","","2025-09-09 19:17:54","https://static.ptgaming.ph/images/0c8ffe083938efb50942da697ad90481.png","images/KM__Dice_Duet__240005.png"
"240006","PlayTech","New Year Happiness","3","0","0","0","","2025-10-08 15:06:02","https://static.ptgaming.ph/images/4a7fe624366348babfb6242a69171387.png","images/PlayTech__New_Year_Happiness__240006.png"
"240007","PragmaticPlay","Ice Mints","3","0","0","0","","2025-10-08 15:33:36","https://static.ptgaming.ph/images/1338d2abfccadef6ecf0e61801e28e48.png","images/PragmaticPlay__Ice_Mints__240007.png"
"240008","BNG","More Magic Apple","3","0","0","0","","2025-10-21 11:10:37","https://static.ptgaming.ph/images/cf3f429a46b4c8f43500f3d3597be9f8.png","images/BNG__More_Magic_Apple__240008.png"
"240009","BNG","Grab more Gold!","3","0","0","0","","2025-10-21 11:26:17","https://static.ptgaming.ph/images/6857b4af997f51af1c75c9908c06bd1f.png","images/BNG__Grab_more_Gold__240009.png"
"240010","BNG","3x Catch","3","0","0","0","","2025-10-21 11:53:50","https://static.ptgaming.ph/images/323fc8bd849bc4a670b5d7527dfce0ac.png","images/BNG__3x_Catch__240010.png"
"240294","YGR","Lanterns of Fortune","3","0","0","0","","2025-12-02 14:10:53","https://static.ptgaming.ph/images/1cb1eb6ca0ac5305d15d05e63729cf6b.png","images/YGR__Lanterns_of_Fortune__240294.png"
"240295","PlayStar","KNIGHT ARTHUR","3","0","0","0","","2025-12-11 11:14:20","https://static.ptgaming.ph/images/48c093d836f9f9053b274b797855d229.png","images/PlayStar__KNIGHT_ARTHUR__240295.png"
"240296","5G","BOOK OF EGYPT","3","0","0","0","","2025-12-24 18:06:39","https://static.ptgaming.ph/images/bcf917b676d7fe8546a208a42a7f2b82.png","images/5G__BOOK_OF_EGYPT__240296.png"
"240298","YGR","Dragon Bowl","3","0","0","0","","2026-01-14 15:58:58","https://static.ptgaming.ph/images/7a11956345d2b30b67c3117e2897ce93.png","images/YGR__Dragon_Bowl__240298.png"
"240305","PragmaticPlay","Plushie Wins","3","0","0","0","Exclusive ZI","2026-02-06 10:38:21","https://static.ptgaming.ph/images/07cce91aaa60556720f0fd0ee293d0e8.png","images/PragmaticPlay__Plushie_Wins__240305.png"
"240306","Jumbo","Power Fortune","3","0","0","0","","2026-02-09 16:40:41","https://static.ptgaming.ph/images/e0aca25dc1606567306cb8cac3eb95cd.png","images/Jumbo__Power_Fortune__240306.png"
"241003","KM","Interstellar Run","3","0","0","0","","2025-09-09 18:56:35","https://static.ptgaming.ph/images/9a28a3ed4355671b111c35928de76cad.png","images/KM__Interstellar_Run__241003.png"
"241005","PragmaticPlay","Wolf Gold 4 Pack","3","0","0","0","","2025-10-08 15:32:52","https://static.ptgaming.ph/images/ae760a6b63d58c023a19118159fca75d.png","images/PragmaticPlay__Wolf_Gold_4_Pack__241005.png"
"241006","PragmaticPlay","Chilli Heat Spicy Spins","3","0","0","0","","2025-10-08 15:35:33","https://static.ptgaming.ph/images/849e0aebe498b07d4aded6aa8843faa1.png","images/PragmaticPlay__Chilli_Heat_Spicy_Spins__241006.png"
"241007","BNG","Tiger Jungle","3","0","0","0","","2025-10-21 10:42:22","https://static.ptgaming.ph/images/da5d45e1b6350fe2d49a790c85e8f625.png","images/BNG__Tiger_Jungle__241007.png"
"241008","BNG","Goddess of Egypt","3","0","0","0","","2025-10-21 11:32:52","https://static.ptgaming.ph/images/c29bfadff811a97684c4e9f767939b59.png","images/BNG__Goddess_of_Egypt__241008.png"
"241333","Jumbo","Imperial Legend","3","0","0","0","","2026-02-09 16:42:19","https://static.ptgaming.ph/images/41280e8f8f8b6bf57d9a401a4cfce774.png","images/Jumbo__Imperial_Legend__241333.png"
"241334","Jumbo","Egypt's Treasure","3","0","0","0","","2026-02-09 16:44:53","https://static.ptgaming.ph/images/7281c5ffe617692ca47e61d940fef92e.png","images/Jumbo__Egypt_s_Treasure__241334.png"
"241335","PragmaticPlay","Lucky’s Wild Pub 2","3","0","0","0","","2026-03-13 15:22:08","https://static.ptgaming.ph/images/c070b4c113518c3b655c5a3ae9fcf422.png","images/PragmaticPlay__Lucky_s_Wild_Pub_2__241335.png"
"241336","JILI","Coin of Lightning","3","0","0","0","","2026-03-18 11:41:32","https://static.ptgaming.ph/images/e3fa87b342c11e52c9034f0cec7e3f66.png","images/JILI__Coin_of_Lightning__241336.png"
"241338","JILI","Fortune Gems Legend","3","0","0","0","","2026-04-01 15:20:12","https://static.ptgaming.ph/images/b214ec22e5a9625bf4bad6a62a2a89c8.png","images/JILI__Fortune_Gems_Legend__241338.png"
"242003","JILI","Lucky Tiger","3","0","0","0","","2025-08-19 10:44:40","https://static.ptgaming.ph/images/3aeb2f1469c5b953bbf8c27dd77fa64e.png","images/JILI__Lucky_Tiger__242003.png"
"242004","JILI","Sweet Magic","3","0","0","0","","2025-08-21 13:26:07","https://static.ptgaming.ph/images/fac1624620587f15cd43c8af73bd482b.png","images/JILI__Sweet_Magic__242004.png"
"242006","KM","Toon Crash","3","0","0","0","","2025-09-09 19:00:24","https://static.ptgaming.ph/images/26c12416f80cbae7a883ab846835131b.png","images/KM__Toon_Crash__242006.png"
"242007","KM","32 Cards","3","0","0","0","","2025-09-09 19:02:38","https://static.ptgaming.ph/images/5e18b5cd044dae04d4643aee4fa9d995.png","images/KM__32_Cards__242007.png"
"242009","KM","Burmese 6 Animals","3","0","0","0","","2025-09-09 19:17:26","https://static.ptgaming.ph/images/2b674fb1ee83a1a65f7c1a2aa52f8c33.png","images/KM__Burmese_6_Animals__242009.png"
"242011","PlayTech","Blackjack Soirée 2","3","0","0","0","","2025-09-23 15:11:50","https://static.ptgaming.ph/images/e88466fb0024ecac0ea44968a64f511b.png","images/PlayTech__Blackjack_Soir_e_2__242011.png"
"242012","PlayTech","Blackjack Soirée 4","3","0","0","0","","2025-09-23 15:12:58","https://static.ptgaming.ph/images/693969285915fbfbb5bd554295c44429.png","images/PlayTech__Blackjack_Soir_e_4__242012.png"
"242013","PragmaticPlay","Gem Trio","3","0","0","0","","2025-10-08 15:35:10","https://static.ptgaming.ph/images/b13af9af402c1a5d3d822177de8801b1.png","images/PragmaticPlay__Gem_Trio__242013.png"
"242014","PragmaticPlay","Big Bass Boxing Bonus Round","3","0","0","0","","2025-10-08 15:36:54","https://static.ptgaming.ph/images/ccb51d72c4b57566bf92a134ab56270e.png","images/PragmaticPlay__Big_Bass_Boxing_Bonus_Round__242014.png"
"242015","BNG","Wolf Night","3","0","0","0","","2025-10-21 10:38:31","https://static.ptgaming.ph/images/6d5fb5024a4ee79c06505666feae8548.png","images/BNG__Wolf_Night__242015.png"
"242016","BNG","Sky Coins","3","0","0","0","","2025-10-21 10:54:26","https://static.ptgaming.ph/images/3a864112380479c61ff209ad2da0f8a1.png","images/BNG__Sky_Coins__242016.png"
"242017","BNG","Pirate Chest: Hold and Win","3","0","0","0","","2025-10-21 11:06:13","https://static.ptgaming.ph/images/1c8cb7a49831364c5e8c62ec8266466d.png","images/BNG__Pirate_Chest_Hold_and_Win__242017.png"
"242018","BNG","Hit the Gold","3","0","0","0","","2025-10-21 11:21:20","https://static.ptgaming.ph/images/e6a91bf501a66a2389f4bd3b230ccfb6.png","images/BNG__Hit_the_Gold__242018.png"
"242020","BNG","Crown and Diamonds: Hold & Win","3","0","0","0","","2025-10-21 11:40:46","https://static.ptgaming.ph/images/c9a30c1cb85a421f598ebd0eb7de6834.png","images/BNG__Crown_and_Diamonds_Hold_Win__242020.png"
"242021","JILI","Cash Coin","3","0","0","0","","2025-10-22 13:11:23","https://static.ptgaming.ph/images/35b50299d461d5017ea3d1d5dc7e859e.png","images/JILI__Cash_Coin__242021.png"
"242224","YGR","Maya Golden City8","3","0","0","0","","2025-12-02 14:11:34","https://static.ptgaming.ph/images/642997e84ca261478cdce33a208cd3d2.png","images/YGR__Maya_Golden_City8__242224.png"
"242225","YGR","Scratch & Win","3","0","0","0","","2025-12-05 10:26:44","https://static.ptgaming.ph/images/187054665174afbd416091b7b7d3cbbb.png","images/YGR__Scratch_Win__242225.png"
"242226","JILI","Clover Coins 3x3","3","0","0","0","","2025-12-17 11:45:23","https://static.ptgaming.ph/images/4749f8d1eadf31b01b9fdbd5d132022a.png","images/JILI__Clover_Coins_3x3__242226.png"
"242227","5G","THRONE OF POSEIDON","3","0","0","0","","2025-12-24 18:05:41","https://static.ptgaming.ph/images/9674ed2f5e505af00d55a38045a552ec.png","images/5G__THRONE_OF_POSEIDON__242227.png"
"242228","JILI","Hyper Burst","3","0","0","0","","2026-01-15 11:50:19","https://static.ptgaming.ph/images/72b2906a12390d4a0bf14872f9476945.png","images/JILI__Hyper_Burst__242228.png"
"242229","KM","Money Wheel Deluxe","3","0","0","0","","2026-01-16 16:24:29","https://static.ptgaming.ph/images/2ad8b2c9677a5e80d34825502d81f0ed.png","images/KM__Money_Wheel_Deluxe__242229.png"
"242232","JDB","Voyage of Daring Queen X-Lock","3","0","0","0","","2026-01-27 11:56:07","https://static.ptgaming.ph/images/129598aa385ca964f8479f9b7d377f25.png","images/JDB__Voyage_of_Daring_Queen_X-Lock__242232.png"
"242233","PragmaticPlay","Master Gems","3","0","0","0","Exclusive ZI","2026-02-06 10:36:42","https://static.ptgaming.ph/images/99672c023fe53fd9ac7b494efe1702ae.png","images/PragmaticPlay__Master_Gems__242233.png"
"242235","BNG","Golden Penny x1000","3","0","0","0","","2026-03-26 11:43:31","https://static.ptgaming.ph/images/896f3ca3988ad9fdf073c91414d1f60b.png","images/BNG__Golden_Penny_x1000__242235.png"
"242238","PragmaticPlay","Triple Pot Plinko – Hercules","3","0","0","0","","2026-05-14 17:16:42","https://static.ptgaming.ph/images/b0517f441b2a761d6fb97aff9b56b238.jpg","images/PragmaticPlay__Triple_Pot_Plinko_Hercules__242238.jpg"
"243002","YellowBat","Golden X Ace","3","0","0","0","","2025-08-19 10:27:35","https://static.ptgaming.ph/images/b5b03da9fbfd3fd9ebc33354bdb96e59.png","images/YellowBat__Golden_X_Ace__243002.png"
"243003","CQ9","Super Power Bank","3","0","0","0","","2025-09-03 16:50:22","https://static.ptgaming.ph/images/8b996de7ad9d602f8bab6346e8e84be6.png","images/CQ9__Super_Power_Bank__243003.png"
"243007","PragmaticPlay","Big Bass Reel Repeat","3","0","0","0","","2025-10-08 15:33:58","https://static.ptgaming.ph/images/2e5c5e1c4a90d3a4896a447d5cc78324.png","images/PragmaticPlay__Big_Bass_Reel_Repeat__243007.png"
"243009","BNG","Sherwood Coins: Hold & Win","3","0","0","0","","2025-10-21 10:54:59","https://static.ptgaming.ph/images/371886b2bd92ae84ce9c5fefe16f5f88.png","images/BNG__Sherwood_Coins_Hold_Win__243009.png"
"243010","BNG","Mariachi Lock","3","0","0","0","","2025-10-21 11:12:23","https://static.ptgaming.ph/images/fa97c8ba99bcb936a96e18a10773f042.png","images/BNG__Mariachi_Lock__243010.png"
"243011","BNG","Green Chilli","3","0","0","0","","2025-10-21 11:23:31","https://static.ptgaming.ph/images/23ed57d95254a416f47655337656fd89.png","images/BNG__Green_Chilli__243011.png"
"243012","BNG","Dragon Pearls","3","0","0","0","","2025-10-21 11:39:17","https://static.ptgaming.ph/images/3a0a5b9bde5c4a61ad2c0cd17da54a7f.png","images/BNG__Dragon_Pearls__243012.png"
"243013","BNG","Dancing Joker","3","0","0","0","","2025-10-21 11:40:04","https://static.ptgaming.ph/images/682329f53cbaf99165c70ca54462d957.png","images/BNG__Dancing_Joker__243013.png"
"243167","YGR","Charcoal BBQ","3","0","0","0","","2025-11-04 11:23:25","https://static.ptgaming.ph/images/badfba22dc2229683926eed41ef84f24.png","images/YGR__Charcoal_BBQ__243167.png"
"243306","BNG","Nights of Fire: Hold and Win","3","0","0","0","","0000-00-00 00:00:00","https://static.ptgaming.ph/images/f846a1f33e99aef9bd664b6a02858147.png","images/BNG__Nights_of_Fire_Hold_and_Win__243306.png"
"243307","CQ9","168 Lucky Bag","3","0","0","0","","2025-12-05 10:45:41","https://static.ptgaming.ph/images/bb241c77f8d2527b99ad53a5cd55a8d6.png","images/CQ9__168_Lucky_Bag__243307.png"
"243309","5G","KUNG FU LEOPARD","3","0","0","0","","2025-12-24 18:03:50","https://static.ptgaming.ph/images/1e91f086133bd71a477d9cea8ba94f54.png","images/5G__KUNG_FU_LEOPARD__243309.png"
"243310","5G","COLOR BINGO","3","0","0","0","","2025-12-24 18:05:26","https://static.ptgaming.ph/images/a4ac640f5f08c6082063e3c5bf583e86.png","images/5G__COLOR_BINGO__243310.png"
"243311","PGSoft","Mythical Guardians","3","0","0","0","","2026-01-02 10:14:45","https://static.ptgaming.ph/images/eb6de27299f625af57b223388cc3d017.png","images/PGSoft__Mythical_Guardians__243311.png"
"243314","JILI","DiamondParty","3","0","0","0","","2026-01-15 11:47:41","https://static.ptgaming.ph/images/f1d3b804cdec8f9309bd0b04a4cedb13.png","images/JILI__DiamondParty__243314.png"
"243315","JDB","Pop Pop Candy 1000","3","0","0","0","","2026-01-15 16:31:10","https://static.ptgaming.ph/images/db75a3b998655f98445dbc40abdee351.png","images/JDB__Pop_Pop_Candy_1000__243315.png"
"243317","KM","Bai Cao Mystic Four","3","0","0","0","","2026-01-16 16:23:30","https://static.ptgaming.ph/images/823eda3b99835a488b77ff530b0d061e.png","images/KM__Bai_Cao_Mystic_Four__243317.png"
"243319","YGR","Lanterns of Fortune2","3","0","0","0","","2026-01-23 09:35:41","https://static.ptgaming.ph/images/1092e76b38e76c39f683ff30c0610d17.png","images/YGR__Lanterns_of_Fortune2__243319.png"
"243320","PragmaticPlay","Fortune of Aztec","3","0","0","0","Exclusive ZI","2026-02-06 10:37:25","https://static.ptgaming.ph/images/d07864f4a1391186b0f2cd0b273689c2.png","images/PragmaticPlay__Fortune_of_Aztec__243320.png"
"243321","PragmaticPlay","Emerald King Wheel of Wealth","3","0","0","0","","2026-02-23 11:10:17","https://static.ptgaming.ph/images/7819b4435ef5b1908ac632abd299a906.png","images/PragmaticPlay__Emerald_King_Wheel_of_Wealth__243321.png"
"243323","JILI","Crash Cricket Legend","3","0","0","0","","2026-04-01 15:19:48","https://static.ptgaming.ph/images/904717384dafffb45a89211f193d213a.png","images/JILI__Crash_Cricket_Legend__243323.png"
"244003","Evolution","Perya Lightning Roulette","3","0","0","0","","2025-08-29 15:12:55","https://static.ptgaming.ph/images/7383b44733a49c318c979a6f6f8ae91f.png","images/Evolution__Perya_Lightning_Roulette__244003.png"
"244006","KM","Minesweeper","3","0","0","0","","2025-09-09 18:58:07","https://static.ptgaming.ph/images/0508357330ad3b66954593605dc68712.png","images/KM__Minesweeper__244006.png"
"244008","KM","Bai Cao","3","0","0","0","","2025-09-09 19:11:17","https://static.ptgaming.ph/images/b931173fb85d3ae7f2a455ff39b772ec.png","images/KM__Bai_Cao__244008.png"
"244009","PlayTech","Blackjack 2","3","0","0","0","","2025-09-23 14:42:23","https://static.ptgaming.ph/images/1c1981d97bac3c11bde0b4034e66a021.png","images/PlayTech__Blackjack_2__244009.png"
"244010","PragmaticPlay","Gold Party 2 – After Hours","3","0","0","0","","2025-10-08 15:38:07","https://static.ptgaming.ph/images/ec6c3ec92b8f15b02a643a476bd137f5.png","images/PragmaticPlay__Gold_Party_2_After_Hours__244010.png"
"244011","BNG","Super Hot Chilli","3","0","0","0","","2025-10-21 10:45:22","https://static.ptgaming.ph/images/02a174e71c4740c89aa5f1d659e175cd.png","images/BNG__Super_Hot_Chilli__244011.png"
"244012","BNG","Sunny Fruits 2: Hold & Win","3","0","0","0","","2025-10-21 10:47:17","https://static.ptgaming.ph/images/8bc27ff0810c248359b3a40061e3aa34.png","images/BNG__Sunny_Fruits_2_Hold_Win__244012.png"
"244328","BNG","Bluffy Cat","3","0","0","0","","0000-00-00 00:00:00","https://static.ptgaming.ph/images/bd9d1d5b508352df9ccf636ca153adb2.png","images/BNG__Bluffy_Cat__244328.png"
"244329","YGR","Pinball Fun","3","0","0","0","","2025-12-05 10:26:26","https://static.ptgaming.ph/images/a276f3d86262c8a2516000309b41e157.png","images/YGR__Pinball_Fun__244329.png"
"244331","BNG","25 Cookies: Hit the Bonus","3","0","0","0","","0000-00-00 00:00:00","https://static.ptgaming.ph/images/3d2276674055534ab9979faddc07d9f2.png","images/BNG__25_Cookies_Hit_the_Bonus__244331.png"
"244333","5G","OPERA PANDA","3","0","0","0","","2025-12-24 17:59:21","https://static.ptgaming.ph/images/bd04f08999b2ae01bf976b0595ec92ee.png","images/5G__OPERA_PANDA__244333.png"
"244334","5G","PICHU PICHU","3","0","0","0","","2025-12-24 18:02:49","https://static.ptgaming.ph/images/aacab36842e23fee65b7c91e98bfa0f0.png","images/5G__PICHU_PICHU__244334.png"
"244335","5G","BATTLE OF ALLIANCE","3","0","0","0","","2025-12-24 18:03:02","https://static.ptgaming.ph/images/c5dbbb20f7f92d524fbf62787e7d2f25.png","images/5G__BATTLE_OF_ALLIANCE__244335.png"
"244337","JILI","Mines Grand","3","0","0","0","","2026-01-15 14:17:14","https://static.ptgaming.ph/images/7b425f7ce51bea2f0055fef34125d8ee.png","images/JILI__Mines_Grand__244337.png"
"244339","PragmaticPlay","Lucky Fortune Tree","3","0","0","0","Exclusive ZI","2026-02-06 10:33:02","https://static.ptgaming.ph/images/6c70de099cbad837b250bef8b362ec5c.png","images/PragmaticPlay__Lucky_Fortune_Tree__244339.png"
"244340","PragmaticPlay","Fire Stampede Ultimate","3","0","0","0","","2026-02-09 11:09:06","https://static.ptgaming.ph/images/297f05f3c1875f5cfdc5e280d3ad9da2.png","images/PragmaticPlay__Fire_Stampede_Ultimate__244340.png"
"244341","Jumbo","Power Mask","3","0","0","0","","2026-02-09 16:41:49","https://static.ptgaming.ph/images/3bf93cd944899640f8e65d4ce22ce885.png","images/Jumbo__Power_Mask__244341.png"
"244342","Jumbo","Sugar Bonanza 1000","3","0","0","0","","2026-02-09 16:43:46","https://static.ptgaming.ph/images/0b127c0599854d0dbbe41da6a78e0fe5.png","images/Jumbo__Sugar_Bonanza_1000__244342.png"
"244346","JILI","Crash Trader","3","0","0","0","","2026-03-25 14:12:56","https://static.ptgaming.ph/images/745c8c001c51ea9af7ec2246ac9c2a15.png","images/JILI__Crash_Trader__244346.png"
"244347","BNG","Double Joker: Fever","3","0","0","0","","2026-03-26 11:44:40","https://static.ptgaming.ph/images/ba4acee1f09a51e0a90b45a532c3d321.png","images/BNG__Double_Joker_Fever__244347.png"
"244348","BNG","Egypt Fire 2: Hold and Win","3","0","0","0","","2026-04-10 16:00:10","https://static.ptgaming.ph/images/0fe8061f3cf80814beb0cabb0b1990b8.png","images/BNG__Egypt_Fire_2_Hold_and_Win__244348.png"
"244350","Jumbo","Super Chess","3","0","0","0","","2026-04-30 17:29:07","https://static.ptgaming.ph/images/baafd9954db8018d49bdb539719f4b80.png","images/Jumbo__Super_Chess__244350.png"
"245005","JILI","Crash Puck","3","0","0","0","","2025-09-10 13:14:03","https://static.ptgaming.ph/images/871dc54494fe38a9b2dea3935430cc2d.png","images/JILI__Crash_Puck__245005.png"
"245006","PlayTech","J Mania Hot Asses","3","0","0","0","","2025-09-17 17:23:12","https://static.ptgaming.ph/images/81dfa75840d5f920ca82f7129c2b07a3.png","images/PlayTech__J_Mania_Hot_Asses__245006.png"
"245008","PragmaticPlay","Club Tropicana – Happy Hour","3","0","0","0","","2025-10-08 15:36:35","https://static.ptgaming.ph/images/7f22e29cadf69ccb8194736cbcce96f2.png","images/PragmaticPlay__Club_Tropicana_Happy_Hour__245008.png"
"245010","BNG","Thunder Coins: Hold & Win","3","0","0","0","","2025-10-21 10:44:18","https://static.ptgaming.ph/images/949920441683c5ea854a1c6be5488018.png","images/BNG__Thunder_Coins_Hold_Win__245010.png"
"245011","BNG","Sky Pearls","3","0","0","0","","2025-10-21 10:54:01","https://static.ptgaming.ph/images/d4c2e85d49bf3b35093b8de0023271f5.png","images/BNG__Sky_Pearls__245011.png"
"245012","BNG","Royal Joker: Hold and Win","3","0","0","0","","2025-10-21 10:57:42","https://static.ptgaming.ph/images/027d233bf01008d98ba10416d5ff436d.png","images/BNG__Royal_Joker_Hold_and_Win__245012.png"
"245013","BNG","Coin Volcano - Hold and win","3","0","0","0","","2025-10-21 11:41:06","https://static.ptgaming.ph/images/7fb0c460b9679a21c25859781f01e613.png","images/BNG__Coin_Volcano_-_Hold_and_win__245013.png"
"245014","BNG","Aztec Fire2-Hold & Win Multi","3","0","0","0","","2025-10-21 11:51:39","https://static.ptgaming.ph/images/cdf4845c1c724a487fc9f4f60e1d1f91.png","images/BNG__Aztec_Fire2-Hold_Win_Multi__245014.png"
"245345","YGR","Candy Lubi","3","0","0","0","","2025-12-02 14:11:10","https://static.ptgaming.ph/images/9ac9a1abb6297893beebac66700598e5.png","images/YGR__Candy_Lubi__245345.png"
"245346","CQ9","Treasures Of Aztec 2","3","0","0","0","","2025-12-05 10:44:56","https://static.ptgaming.ph/images/f90151e4f74c280df89d654f44149e72.png","images/CQ9__Treasures_Of_Aztec_2__245346.png"
"245348","JILI","Night City","3","0","0","0","","2026-01-15 11:48:39","https://static.ptgaming.ph/images/970bdc3dfb2175845a97f3239799cc7f.png","images/JILI__Night_City__245348.png"
"245350","CQ9","Paradise 2","3","0","0","0","","2026-01-16 16:44:40","https://static.ptgaming.ph/images/f4dfc5eaae9faee5270643dc5b07d87c.png","images/CQ9__Paradise_2__245350.png"
"245352","CQ9","WILD BOUNTY 2","3","0","0","0","","2026-03-23 11:29:24","https://static.ptgaming.ph/images/a7a08763988d512bc73e351ae6a3b0dd.png","images/CQ9__WILD_BOUNTY_2__245352.png"
"245353","5G","GOLDEN RHINO","3","0","0","0","","2026-04-10 15:53:12","https://static.ptgaming.ph/images/15ec191b57e1ea84b7a44c678a4d9dd9.png","images/5G__GOLDEN_RHINO__245353.png"
"245354","Evolution","Seamen","3","0","0","0","","2026-06-11 13:06:26","https://static.ptgaming.ph/images/4cf4092265bbe188f231f2df4a15c016.png","images/Evolution__Seamen__245354.png"
"245355","JILI","Crown of Fortune","3","0","0","0","","2026-06-17 12:13:55","https://static.ptgaming.ph/images/4713abeb70c31e4506d0b41cd0806c2c.png","images/JILI__Crown_of_Fortune__245355.png"
"245356","JILI","Jackpot Football","3","0","0","0","","2026-06-17 12:14:15","https://static.ptgaming.ph/images/588f806bc6552bf6c5f718185501fbc5.png","images/JILI__Jackpot_Football__245356.png"
"246003","KM","Rooster Blitz","3","0","0","0","","2025-09-09 18:51:15","https://static.ptgaming.ph/images/089effcccac7974e2d2cbf1e640cb510.png","images/KM__Rooster_Blitz__246003.png"
"246004","KM","Coin Pusher","3","0","0","0","","2025-09-09 18:55:28","https://static.ptgaming.ph/images/6852a92bc6f969d64425a702dcd8b171.png","images/KM__Coin_Pusher__246004.png"
"246005","KM","Heist","3","0","0","0","","2025-09-09 18:56:24","https://static.ptgaming.ph/images/ee0b9d608a134f9d54841c9a04f28007.png","images/KM__Heist__246005.png"
"246006","KM","Speedy Andar Bahar","3","0","0","0","","2025-09-09 19:23:32","https://static.ptgaming.ph/images/6c8486ddbd1b76f70b81b96d3e9efdaa.png","images/KM__Speedy_Andar_Bahar__246006.png"
"246007","PlayTech","Flip Royale","3","0","0","0","","2025-09-17 17:08:28","https://static.ptgaming.ph/images/a626512fd198ea4d4bab0a0bc42429de.png","images/PlayTech__Flip_Royale__246007.png"
"246008","PlayTech","Scatter Monsters","3","0","0","0","","2025-09-17 17:21:51","https://static.ptgaming.ph/images/07907d4cf373f17b41a2235351d77554.png","images/PlayTech__Scatter_Monsters__246008.png"
"246011","BNG","Coin Lamp","3","0","0","0","","2025-10-21 11:44:05","https://static.ptgaming.ph/images/09e09a73a6fb314c4daab915380bc4e1.png","images/BNG__Coin_Lamp__246011.png"
"246012","BNG","3 Magic Lamps: Hold & Win","3","0","0","0","","2025-10-21 11:56:38","https://static.ptgaming.ph/images/96ebb6f0d7607f7ba9a49e7b1cd15230.png","images/BNG__3_Magic_Lamps_Hold_Win__246012.png"
"246013","BNG","3 China Pots","3","0","0","0","","2025-10-21 12:01:21","https://static.ptgaming.ph/images/0df5dea57923a8b4d19507e806e30acd.png","images/BNG__3_China_Pots__246013.png"
"246216","KM","Color Game Mega Bonus","3","0","0","0","","2025-11-04 16:04:15","https://static.ptgaming.ph/images/e698aff026e18585053dbc2e49c55712.png","images/KM__Color_Game_Mega_Bonus__246216.png"
"246313","BNG","Coin Express: Hold and Win","3","0","0","0","","0000-00-00 00:00:00","https://static.ptgaming.ph/images/2d133da4dafbf3ebc7faffdd406131c4.png","images/BNG__Coin_Express_Hold_and_Win__246313.png"
"246314","SparkGame","Top Ace Pinoy","3","0","0","0","","2025-12-15 11:29:32","https://static.ptgaming.ph/images/82ebb6e77dc4789bd6f06f415ca8831f.png","images/SparkGame__Top_Ace_Pinoy__246314.png"
"246318","5G","HAMMER OF VULCAN","3","0","0","0","","2025-12-24 18:01:28","https://static.ptgaming.ph/images/d2f00959f6f891d0f9454f69b52b0410.png","images/5G__HAMMER_OF_VULCAN__246318.png"
"246321","Jumbo","Power Lion","3","0","0","0","","2026-02-09 16:41:31","https://static.ptgaming.ph/images/addefba8df0b50f700e4b27e41888799.png","images/Jumbo__Power_Lion__246321.png"
"246322","Jumbo","Candy Blast 1000","3","0","0","1","","2026-02-09 16:45:46","https://static.ptgaming.ph/images/4011fb547a35be1d6a43255afaade394.png","images/Jumbo__Candy_Blast_1000__246322.png"
"246328","PragmaticPlay","Mr Null’s Wicked Wares","3","0","0","0","","2026-05-06 15:32:20","https://static.ptgaming.ph/images/5b41a81c432f8accd4f0f731f9a2a1d0.jpg","images/PragmaticPlay__Mr_Null_s_Wicked_Wares__246328.jpg"
"246329","PragmaticPlay","Sanatorium Secrets","3","0","0","0","","2026-06-01 11:21:31","https://static.ptgaming.ph/images/f6ba5a53e57c8949ba4689cb08c96b3b.png","images/PragmaticPlay__Sanatorium_Secrets__246329.png"
"246331","JILI","Plinko Football","3","0","0","0","","2026-06-10 18:04:39","https://static.ptgaming.ph/images/a499dff9e7e585a906acceba470cb8d2.png","images/JILI__Plinko_Football__246331.png"
"247002","JDB","Olympig","3","0","0","0","","2025-08-22 10:16:38","https://static.ptgaming.ph/images/e2c660cfef59afa3f4e66aaf2b6a2466.png","images/JDB__Olympig__247002.png"
"247003","KM","Sic Bo","3","0","0","0","","2025-09-09 19:22:12","https://static.ptgaming.ph/images/09d4836cf00906b9ba1a342a029d511f.png","images/KM__Sic_Bo__247003.png"
"247005","PragmaticPlay","Bee Keeper","3","0","0","0","","2025-10-08 15:27:48","https://static.ptgaming.ph/images/13a82d080a3e329a62fb5cb49c3917e9.png","images/PragmaticPlay__Bee_Keeper__247005.png"
"247006","BNG","Super Sticky Piggy","3","0","0","0","","2025-10-21 10:44:58","https://static.ptgaming.ph/images/ba20356deed142c5f436710c02b6ab6f.png","images/BNG__Super_Sticky_Piggy__247006.png"
"247007","BNG","Power Crown: Hold and Win","3","0","0","0","","2025-10-21 11:05:18","https://static.ptgaming.ph/images/bad2670a4b1599163d658d6a4b275cef.png","images/BNG__Power_Crown_Hold_and_Win__247007.png"
"247009","BNG","Forest Spirit","3","0","0","0","","2025-10-21 11:35:25","https://static.ptgaming.ph/images/7db1ae7d79ddc5b382a36cc5e69ef95e.png","images/BNG__Forest_Spirit__247009.png"
"247010","BNG","Candy Boom","3","0","0","0","","2025-10-21 11:46:34","https://static.ptgaming.ph/images/465ace0b3e840a9c2dee7a19157989d8.png","images/BNG__Candy_Boom__247010.png"
"247011","BNG","Buffalo Power Megaways","3","0","0","0","","2025-10-21 11:47:01","https://static.ptgaming.ph/images/26ec89688f11ae766f97fee157b78cba.png","images/BNG__Buffalo_Power_Megaways__247011.png"
"247012","BNG","Black Wolf 2","3","0","0","0","","2025-10-21 11:49:41","https://static.ptgaming.ph/images/069688719f9c63b273da954ddbdef419.png","images/BNG__Black_Wolf_2__247012.png"
"247013","BNG","African Spirit Sticky Wilds","3","0","0","0","","2025-10-21 11:52:52","https://static.ptgaming.ph/images/07585831f56577201aa63af82e936878.png","images/BNG__African_Spirit_Sticky_Wilds__247013.png"
"247014","BNG","3 Chillies and Joker: Hold and Win","3","0","0","0","","2025-10-21 12:01:42","https://static.ptgaming.ph/images/d2ea30f9d2cacf811a3a2c6eb4ffe4d5.png","images/BNG__3_Chillies_and_Joker_Hold_and_Win__247014.png"
"247333","BNG","Super Pink Joker: Hold and Win","3","0","0","0","","0000-00-00 00:00:00","https://static.ptgaming.ph/images/415e7d5fba4178f431f6e4c42ca6d220.png","images/BNG__Super_Pink_Joker_Hold_and_Win__247333.png"
"247334","CQ9","Turn & Earn","3","0","0","0","","2025-12-05 10:44:40","https://static.ptgaming.ph/images/1f0562a5a34c51cc889ce7b95c0c916e.png","images/CQ9__Turn_Earn__247334.png"
"247336","5G","NEKO TITAN","3","0","0","0","","2025-12-24 18:04:36","https://static.ptgaming.ph/images/5611149d07e5946f5833fa748a7059d7.png","images/5G__NEKO_TITAN__247336.png"
"247337","5G","FORTUNE TRIO","3","0","0","0","","2025-12-24 18:05:55","https://static.ptgaming.ph/images/0abe403d4563d5b2d9333533a99f414e.png","images/5G__FORTUNE_TRIO__247337.png"
"247338","JDB","Ragnarok : Thor VS Loki","3","0","0","0","","2026-01-15 16:30:18","https://static.ptgaming.ph/images/d4621f7d8478f1207f1c4529b4b33565.png","images/JDB__Ragnarok_Thor_VS_Loki__247338.png"
"247339","KM","7 Up 7 Down Rush","3","0","0","0","","2026-01-16 16:25:04","https://static.ptgaming.ph/images/cc6f8cee48ea39f99f79b288e78e2262.png","images/KM__7_Up_7_Down_Rush__247339.png"
"247346","PragmaticPlay","Big Bass Raceday Repeat","3","0","0","0","","2026-03-09 13:00:08","https://static.ptgaming.ph/images/4a91545664755e365574b5b70db8e66c.png","images/PragmaticPlay__Big_Bass_Raceday_Repeat__247346.png"
"247350","PlayStar","BOUNTY EXPRESS","3","0","0","0","","2026-05-28 11:28:28","https://static.ptgaming.ph/images/7f6588b4caadbefb1358d467f46eb97d.png","images/PlayStar__BOUNTY_EXPRESS__247350.png"
"248002","JDB","Koi Trio","3","0","0","0","","2025-08-22 10:17:04","https://static.ptgaming.ph/images/6a1890b7c8173dd8fec634bce6f26e1e.png","images/JDB__Koi_Trio__248002.png"
"248003","KM","Gems of Valhalla","3","0","0","0","","2025-09-09 18:56:00","https://static.ptgaming.ph/images/935544f3f7d74d1908e87943b9284c85.png","images/KM__Gems_of_Valhalla__248003.png"
"248004","KM","Andar Bahar","3","0","0","0","","2025-09-09 19:03:20","https://static.ptgaming.ph/images/1dc247fbc4278bdd311c9f57f90f347b.png","images/KM__Andar_Bahar__248004.png"
"248006","PlayTech","Spinions Game Day","3","0","0","0","","2025-09-17 17:21:29","https://static.ptgaming.ph/images/d19a3792d0db806a929aa4ea02d4e553.png","images/PlayTech__Spinions_Game_Day__248006.png"
"248007","PlayTech","Blackjack Soirée Gold 3","3","0","0","0","","2025-09-23 15:19:36","https://static.ptgaming.ph/images/1f616412d344eb10d7dfb1a0ac02fd15.png","images/PlayTech__Blackjack_Soir_e_Gold_3__248007.png"
"248008","PragmaticPlay","Mummy’s Jewels","3","0","0","0","","2025-10-08 15:37:13","https://static.ptgaming.ph/images/2eda73b542b32e639a647d18f0a55f2d.png","images/PragmaticPlay__Mummy_s_Jewels__248008.png"
"248009","PragmaticPlay","Temple Guardians","3","0","0","0","","2025-10-08 15:37:48","https://static.ptgaming.ph/images/672ae513cc343b43d86defeca3f8f38a.png","images/PragmaticPlay__Temple_Guardians__248009.png"
"248010","BNG","Wolf Power Megaways","3","0","0","0","","2025-10-21 10:38:09","https://static.ptgaming.ph/images/43eaf8aab8c3a24dacf98e2cd9cb3f25.png","images/BNG__Wolf_Power_Megaways__248010.png"
"248011","BNG","Piggy Power: Hit the Bonus","3","0","0","0","","2025-10-21 11:07:15","https://static.ptgaming.ph/images/175efdcb322854737fd9c0ad8a82c823.png","images/BNG__Piggy_Power_Hit_the_Bonus__248011.png"
"248013","BNG","Green Chilli 2","3","0","0","0","","2025-10-21 11:23:07","https://static.ptgaming.ph/images/f3bd3d0c9fc740360ddf15b62b46ca20.png","images/BNG__Green_Chilli_2__248013.png"
"248014","BNG","Fire Coins: Hold and Win","3","0","0","0","","2025-10-21 11:37:13","https://static.ptgaming.ph/images/f7f117bc87aa0894a92f1b94ef11b072.png","images/BNG__Fire_Coins_Hold_and_Win__248014.png"
"248015","BNG","Boom! Boom! Gold!","3","0","0","0","","2025-10-21 11:48:45","https://static.ptgaming.ph/images/6bfdfb6f51385a056c6811fc574a2d6d.png","images/BNG__Boom_Boom_Gold__248015.png"
"248018","SparkGame","PIGGY BANK 99","3","0","0","0","Exclusive ZI","2025-10-30 10:49:32","https://static.ptgaming.ph/images/098eab007e8e2ba05783828b7597478f.png","images/SparkGame__PIGGY_BANK_99__248018.png"
"248357","5G","GOD OF FORTUNE","3","0","0","0","","2025-12-24 17:55:56","https://static.ptgaming.ph/images/8f39ef31ddb77157a65adffe1be7cd93.png","images/5G__GOD_OF_FORTUNE__248357.png"
"248360","JILI","Golden Treasure","3","0","0","0","","2026-01-15 14:15:46","https://static.ptgaming.ph/images/59be6fe87d2bf19fb937f9d5cf743789.png","images/JILI__Golden_Treasure__248360.png"
"248361","KM","Xoc Dia Lightning","3","0","0","0","","2026-01-16 16:25:40","https://static.ptgaming.ph/images/67d982952c4cea3e1f6844c491624fdf.png","images/KM__Xoc_Dia_Lightning__248361.png"
"248363","JDB","Voyage of Blast Raider X-Lock","3","0","0","0","","2026-01-27 11:56:51","https://static.ptgaming.ph/images/d4a7220932510134c87da7b35408b967.png","images/JDB__Voyage_of_Blast_Raider_X-Lock__248363.png"
"248364","PragmaticPlay","Cyberheist City","3","0","0","1","","2026-01-29 15:11:33","https://static.ptgaming.ph/images/512af002e39b8511ec064822303dff5b.png","images/PragmaticPlay__Cyberheist_City__248364.png"
"248365","PragmaticPlay","Lucky Panda","3","0","0","0","Exclusive ZI","2026-02-06 10:33:46","https://static.ptgaming.ph/images/ba068984362539570777cd51d7cfdb74.png","images/PragmaticPlay__Lucky_Panda__248365.png"
"248366","PragmaticPlay","Rolling in Treasures","3","0","0","0","","2026-02-26 17:27:22","https://static.ptgaming.ph/images/b98e0f9ae78c0a219cc007f61e0279f8.png","images/PragmaticPlay__Rolling_in_Treasures__248366.png"
"248369","CQ9","WILD BANDITO 2","3","0","0","0","","2026-04-07 11:53:48","https://static.ptgaming.ph/images/1bf3562c11fb872e2b7c358a9c1a0389.png","images/CQ9__WILD_BANDITO_2__248369.png"
"248370","YGR","Cash Maker 4","3","0","0","0","","2026-04-27 15:41:01","https://static.ptgaming.ph/images/1d50fb08102cc8cfd87c5c5b6fde6856.png","images/YGR__Cash_Maker_4__248370.png"
"249004","BNG","Merry Giftmas: Hold and Win","3","0","0","0","","2025-10-21 11:11:42","https://static.ptgaming.ph/images/6d4a65c3c57b4471c9ca7b75cb746a8e.png","images/BNG__Merry_Giftmas_Hold_and_Win__249004.png"
"249005","BNG","Big Heist","3","0","0","0","","2025-10-21 11:50:31","https://static.ptgaming.ph/images/4c09c2dadafa5a70f9707ab422fc70ee.png","images/BNG__Big_Heist__249005.png"
"249006","BNG","777 Coins","3","0","0","0","","2025-10-21 11:53:11","https://static.ptgaming.ph/images/199268ba0be5b795fea37fdcad149d1a.png","images/BNG__777_Coins__249006.png"
"249007","RTG","Sparkling Fortune","3","0","0","0","","2025-10-24 15:14:50","https://static.ptgaming.ph/images/7c756b633f937ee63c5090dde2f1954d.png","images/RTG__Sparkling_Fortune__249007.png"
"249361","5G","SUGAR HIGH5","3","0","0","0","","2025-12-24 18:04:50","https://static.ptgaming.ph/images/5e44c3c1316d36f90deb23ab22c1f61d.png","images/5G__SUGAR_HIGH5__249361.png"
"249362","BNG","Rockin' Joker: Hold and Win","3","0","0","0","","0000-00-00 00:00:00","https://static.ptgaming.ph/images/ad498d98c11faa85c72db6227e313920.png","images/BNG__Rockin_Joker_Hold_and_Win__249362.png"
"249365","JILI","Keno Extra Bet","3","0","0","0","","2026-01-15 14:14:37","https://static.ptgaming.ph/images/4b2e64cfb02ac18eac1391c5095155a3.png","images/JILI__Keno_Extra_Bet__249365.png"
"249367","PragmaticPlay","Mystic Wishes","3","0","0","0","Exclusive ZI","2026-02-06 10:34:45","https://static.ptgaming.ph/images/0d1fcf2eaaca0dcfff41ccadd45653a6.png","images/PragmaticPlay__Mystic_Wishes__249367.png"
"249372","PGSoft","Funky Fortunez","3","0","0","0","","2026-04-27 15:50:11","https://static.ptgaming.ph/images/8057b833e4cfa2a8449e4f8f7da92b80.jpg","images/PGSoft__Funky_Fortunez__249372.jpg"
"250004","KM","Pirate's Treasure","3","0","0","0","","2025-09-09 18:51:54","https://static.ptgaming.ph/images/942d7de2fa89f78bf6715959660678ac.png","images/KM__Pirate_s_Treasure__250004.png"
"250005","PlayTech","Veils of Venice","3","0","0","0","","2025-09-17 17:24:27","https://static.ptgaming.ph/images/d335503528f8103976d8d094213d3534.png","images/PlayTech__Veils_of_Venice__250005.png"
"250006","BNG","Treasures of Fire: Scatter Pays","3","0","0","0","","2025-10-21 10:41:04","https://static.ptgaming.ph/images/c9b5462f7c358a2d1e9f083e19f285bf.png","images/BNG__Treasures_of_Fire_Scatter_Pays__250006.png"
"250007","BNG","Queen of the Sun","3","0","0","0","","2025-10-21 11:01:33","https://static.ptgaming.ph/images/6ce94b02ff28b0a170de0f6a5c0253cd.png","images/BNG__Queen_of_the_Sun__250007.png"
"250008","BNG","Luxor Gold: Hold and Win","3","0","0","0","","2025-10-21 11:14:09","https://static.ptgaming.ph/images/2f1ada7dcf55e4948e71ee57f19f7c1c.png","images/BNG__Luxor_Gold_Hold_and_Win__250008.png"
"250009","BNG","Lady Fortune","3","0","0","0","","2025-10-21 11:19:23","https://static.ptgaming.ph/images/0a1cfb1984e84277e558ad5b28b71f3f.png","images/BNG__Lady_Fortune__250009.png"
"250010","BNG","Hawaii Riches","3","0","0","0","","2025-10-21 11:22:15","https://static.ptgaming.ph/images/518ea691170535cfc87a2fe0daf00481.png","images/BNG__Hawaii_Riches__250010.png"
"250011","BNG","Aztec Sun","3","0","0","0","","2025-10-21 11:50:59","https://static.ptgaming.ph/images/26e1fd782b0b9fd67db5a7fa12b86d61.png","images/BNG__Aztec_Sun__250011.png"
"250312","JILI","10 Sparkling Crown","3","0","0","0","","2025-12-10 10:07:54","https://static.ptgaming.ph/images/efb5b667114c390d58c797ec03f253fd.png","images/JILI__10_Sparkling_Crown__250312.png"
"250315","5G","MASTER OF GOLD MINER","3","0","0","0","","2025-12-24 17:56:47","https://static.ptgaming.ph/images/1dd11386918079a19f27d8f586313b0b.png","images/5G__MASTER_OF_GOLD_MINER__250315.png"
"250316","5G","THRILLER TOWN","3","0","0","0","","2025-12-24 18:02:17","https://static.ptgaming.ph/images/bdf82f7b8b7bdd32b7c50cb51636543f.png","images/5G__THRILLER_TOWN__250316.png"
"250318","JILI","Go For Champion","3","0","0","0","","2026-01-15 14:13:06","https://static.ptgaming.ph/images/0d9b858dae9035ede7104b4ccd3ee038.png","images/JILI__Go_For_Champion__250318.png"
"250319","JDB","Dragon of Demons","3","0","0","0","","2026-01-15 16:33:34","https://static.ptgaming.ph/images/fdefeab5c6023a09bdd083d0e00426e6.png","images/JDB__Dragon_of_Demons__250319.png"
"250320","Evolution","Perya Classic Blackjack 4","3","0","0","0","","2026-01-19 17:12:26","https://static.ptgaming.ph/images/dbcb962a767724ba15d7817f291ce093.png","images/Evolution__Perya_Classic_Blackjack_4__250320.png"
"250322","Jumbo","Power Dragon","3","0","0","0","","2026-02-09 16:40:20","https://static.ptgaming.ph/images/90b8406dc1e03679f4a3527a3dc35d6b.png","images/Jumbo__Power_Dragon__250322.png"
"250327","PragmaticPlay","The Big Dog House","3","0","0","0","","2026-05-28 11:00:37","https://static.ptgaming.ph/images/3cedb2421e2e31642071d56614a03969.jpg","images/PragmaticPlay__The_Big_Dog_House__250327.jpg"
"251004","CQ9","Mahjong Wilds 2","3","0","0","0","","2025-09-03 16:51:52","https://static.ptgaming.ph/images/41c4f507e93b0aa495e6b4f1b71a97d8.png","images/CQ9__Mahjong_Wilds_2__251004.png"
"251006","PlayTech","Solar Eclipse: Northern Winds","3","0","0","0","","2025-09-17 17:25:11","https://static.ptgaming.ph/images/a0c51ae5c655a2b4bb495d21e15fb780.png","images/PlayTech__Solar_Eclipse_Northern_Winds__251006.png"
"252002","Evolution","Super Speed Dragon Tiger","3","0","0","0","","2025-09-01 18:01:14","https://static.ptgaming.ph/images/11b7df17d391d6fc89203d16c4abfef5.png","images/Evolution__Super_Speed_Dragon_Tiger__252002.png"
"252004","KM","Coin Toss","3","0","0","0","","2025-09-09 18:55:41","https://static.ptgaming.ph/images/22821f61a14fed5d926bcc02af5eb0e7.png","images/KM__Coin_Toss__252004.png"
"252005","KM","Tai Xiu","3","0","0","0","","2025-09-09 19:28:22","https://static.ptgaming.ph/images/3801530a2888595ae6854c972f35984b.png","images/KM__Tai_Xiu__252005.png"
"252006","PlayTech","Go High Safari","3","0","0","0","","2025-09-17 17:22:16","https://static.ptgaming.ph/images/df6bc9befdd6ffcb1ec01b909e245526.png","images/PlayTech__Go_High_Safari__252006.png"
"252007","PlayTech","Blackjack 7","3","0","0","0","","2025-09-23 14:50:28","https://static.ptgaming.ph/images/1658039699a0d00a6ca2ece3e33e4d5d.png","images/PlayTech__Blackjack_7__252007.png"
"252008","PragmaticPlay","Bigger Barn House Bonanza","3","0","0","0","","2025-10-08 15:28:31","https://static.ptgaming.ph/images/84353f3fe164e639c5c731a6816b5925.png","images/PragmaticPlay__Bigger_Barn_House_Bonanza__252008.png"
"252009","PragmaticPlay","Mermaid’s Treasure Trove","3","0","0","0","","2025-10-08 15:31:01","https://static.ptgaming.ph/images/8eaac5b5e7dfc570c2d1c4cd42898431.png","images/PragmaticPlay__Mermaid_s_Treasure_Trove__252009.png"
"252010","BNG","Hot Fire Fruits","3","0","0","0","","2025-10-21 11:20:39","https://static.ptgaming.ph/images/0e54caca9f1046d7001b6021fe61fa41.png","images/BNG__Hot_Fire_Fruits__252010.png"
"252011","BNG","Hit more Gold","3","0","0","0","","2025-10-21 11:21:42","https://static.ptgaming.ph/images/3efaf4ef32dd28058969ea2325d92a3b.png","images/BNG__Hit_more_Gold__252011.png"
"252012","BNG","Grab the Gold!","3","0","0","0","","2025-10-21 11:24:11","https://static.ptgaming.ph/images/6b9cc71c4d70492d27bfaebc74b8f3e9.png","images/BNG__Grab_the_Gold__252012.png"
"252013","BNG","Energy Coins: Hold and Win","3","0","0","0","","2025-10-21 11:38:04","https://static.ptgaming.ph/images/e5ecabff1ad79f15fe6e4eb584686638.png","images/BNG__Energy_Coins_Hold_and_Win__252013.png"
"252014","PGSoft","Grimms' Bounty: Hansel & Gretel","3","0","0","0","","2025-10-28 17:23:16","https://static.ptgaming.ph/images/4ae6550d1c9ca4fb6f7e2981edc10a8c.png","images/PGSoft__Grimms_Bounty_Hansel_Gretel__252014.png"
"252351","BNG","4 Pots Riches: Hold and Win","3","0","0","0","","0000-00-00 00:00:00","https://static.ptgaming.ph/images/afb0e73c97df04159be6692933946962.png","images/BNG__4_Pots_Riches_Hold_and_Win__252351.png"
"252352","BNG","Maya Lock: Break and Win","3","0","0","0","","0000-00-00 00:00:00","https://static.ptgaming.ph/images/0d9a11594c2364a029e863a716c18914.png","images/BNG__Maya_Lock_Break_and_Win__252352.png"
"252353","BNG","Flash Joker : Fever","3","0","0","0","","0000-00-00 00:00:00","https://static.ptgaming.ph/images/8c39780a6c4c07e7432d9377d8aac74d.png","images/BNG__Flash_Joker_Fever__252353.png"
"252355","Evolution","Perya Roulette","3","0","0","0","","2025-12-16 16:09:52","https://static.ptgaming.ph/images/5802e60ac1af7c913964519ef8671108.png","images/Evolution__Perya_Roulette__252355.png"
"252357","JILI","Gallina Fortunata","3","0","0","0","","2026-01-10 11:44:16","https://static.ptgaming.ph/images/1c9b82776e95a6f9c08e594b74a1a519.png","images/JILI__Gallina_Fortunata__252357.png"
"252358","JILI","European Roulette","3","0","0","0","","2026-01-15 14:09:58","https://static.ptgaming.ph/images/464bfe9d990b7343ab873a8accae2afd.png","images/JILI__European_Roulette__252358.png"
"252359","KM","Perya Roleta","3","0","0","0","","2026-01-16 16:20:52","https://static.ptgaming.ph/images/5c9ea5540622d1befdaf51bfe9b7fd46.png","images/KM__Perya_Roleta__252359.png"
"252364","PragmaticPlay","Dragon Tiger Fortunes","3","0","0","0","","2026-01-22 13:36:38","https://static.ptgaming.ph/images/58a5e459562a2c03d4b1055ec9e3bb0a.png","images/PragmaticPlay__Dragon_Tiger_Fortunes__252364.png"
"252366","PragmaticPlay","Lucky Dice","3","0","0","0","Exclusive ZI","2026-02-06 10:34:24","https://static.ptgaming.ph/images/9782efdb6a43f9deee1757e845c16ddd.png","images/PragmaticPlay__Lucky_Dice__252366.png"
"252367","PragmaticPlay","Pig Farm","3","0","0","0","Exclusive ZI","2026-02-06 10:37:45","https://static.ptgaming.ph/images/f8bbea1ee954ac5f61d979cd91572d44.png","images/PragmaticPlay__Pig_Farm__252367.png"
"252368","Evolution","Perya Blackjack 9","3","0","0","0","","2026-03-05 17:12:20","https://static.ptgaming.ph/images/f0097274ed7e18e3af4eb86dba659ee6.png","images/Evolution__Perya_Blackjack_9__252368.png"
"253008","PlayTech","Royale Blackjack 2","3","0","0","0","","2025-09-23 15:51:35","https://static.ptgaming.ph/images/1b4b69c819e93f7e143f2604f1060366.png","images/PlayTech__Royale_Blackjack_2__253008.png"
"253009","BNG","Supercharged Clovers: Hold and Win","3","0","0","0","","2025-10-21 10:44:38","https://static.ptgaming.ph/images/ef4ba32dc1424cd118e0df01230c2b29.png","images/BNG__Supercharged_Clovers_Hold_and_Win__253009.png"
"253010","BNG","Super China Pots: Hold and Win","3","0","0","0","","2025-10-21 10:46:34","https://static.ptgaming.ph/images/b0a5f525d8a15915678553ff16c76f1d.png","images/BNG__Super_China_Pots_Hold_and_Win__253010.png"
"253011","BNG","Sticky Piggy","3","0","0","0","","2025-10-21 10:51:06","https://static.ptgaming.ph/images/9b332df537e9aa18e2e4e5990b732a7f.png","images/BNG__Sticky_Piggy__253011.png"
"253012","BNG","Solar Queen","3","0","0","0","","2025-10-21 10:53:38","https://static.ptgaming.ph/images/6b7973f3df2feb4cbd1abe74e6b90bbf.png","images/BNG__Solar_Queen__253012.png"
"253013","BNG","Fishin’ Bear","3","0","0","0","","2025-10-21 11:36:10","https://static.ptgaming.ph/images/8638c55fca1d131b3f537130231f6602.png","images/BNG__Fishin_Bear__253013.png"
"253014","BNG","China Festival","3","0","0","0","","2025-10-21 11:45:55","https://static.ptgaming.ph/images/cf71e8d4cd618f0b9c478b29fc0c0489.png","images/BNG__China_Festival__253014.png"
"253015","BNG","3 Pots Riches Extra: Hold and Win","3","0","0","0","","2025-10-21 11:55:49","https://static.ptgaming.ph/images/b94b3e394468e185981b1b874b59a74d.png","images/BNG__3_Pots_Riches_Extra_Hold_and_Win__253015.png"
"253317","JILI","Frog Dash","3","0","0","0","","2025-11-05 14:16:42","https://static.ptgaming.ph/images/3d863f41127c46d54337d627b6945576.png","images/JILI__Frog_Dash__253317.png"
"253335","YGR","Golden Dragon","3","0","0","0","","2025-12-02 14:10:02","https://static.ptgaming.ph/images/167e0d8d4783aa813d61f8e8db19ddc9.png","images/YGR__Golden_Dragon__253335.png"
"253340","5G","LABUBY","3","0","0","0","","2025-12-24 18:06:26","https://static.ptgaming.ph/images/bb2d31c9e41a41322b6d75ae3ef76588.png","images/5G__LABUBY__253340.png"
"253342","JILI","Hawaii Beauty","3","0","0","0","","2026-01-15 11:49:33","https://static.ptgaming.ph/images/a0b49cfabcb80cb3e9700692a78e3f7f.png","images/JILI__Hawaii_Beauty__253342.png"
"253343","KM","Perya Drop Ball Color","3","0","0","0","","2026-01-16 16:19:52","https://static.ptgaming.ph/images/cf43f39d8de45bf2e13b923398966a92.png","images/KM__Perya_Drop_Ball_Color__253343.png"
"253344","KM","Dear Senpai","3","0","0","0","","2026-01-16 16:24:52","https://static.ptgaming.ph/images/eae8a401d686100edef622f1eb563ab9.png","images/KM__Dear_Senpai__253344.png"
"253346","Jumbo","Fortune Treasure","3","0","0","0","","2026-02-09 16:40:58","https://static.ptgaming.ph/images/793159a9433737ba99ba3ebde92add47.png","images/Jumbo__Fortune_Treasure__253346.png"
"253347","Jumbo","Legendary WuKong","3","0","0","0","","2026-02-09 16:42:39","https://static.ptgaming.ph/images/9d32c91b9f9d728dd1890d7da56651b8.png","images/Jumbo__Legendary_WuKong__253347.png"
"254003","KM","Olympus Glory","3","0","0","0","","2025-09-09 18:58:18","https://static.ptgaming.ph/images/e987594fcc4275d67617ccea1ea81427.png","images/KM__Olympus_Glory__254003.png"
"254004","KM","Fan Tan Classic","3","0","0","0","","2025-09-09 19:19:15","https://static.ptgaming.ph/images/ef7d41ff595d5e19ed4b714b4f15a058.png","images/KM__Fan_Tan_Classic__254004.png"
"254005","PlayTech","Leprechaun's Luck: Cash Collect: Megaways","3","0","0","0","","2025-09-17 17:23:34","https://static.ptgaming.ph/images/b2b3c3526b16e30f9ea7d8ab8a5cbd1a.png","images/PlayTech__Leprechaun_s_Luck_Cash_Collect_Megaways__254005.png"
"254006","PragmaticPlay","Sweet Rush Bonanza","3","0","0","1","1.5% cash 2%","2025-09-28 11:18:47","https://static.ptgaming.ph/images/dcfbe3a7378f2342eab76748f5985a44.png","images/PragmaticPlay__Sweet_Rush_Bonanza__254006.png"
"254008","BNG","Sunlight Princess","3","0","0","0","","2025-10-21 10:48:58","https://static.ptgaming.ph/images/59800f34bdda142682d7f9ca77518240.png","images/BNG__Sunlight_Princess__254008.png"
"254009","BNG","Scarab Boost","3","0","0","0","","2025-10-21 10:56:36","https://static.ptgaming.ph/images/8e57372bb331445d4e6dc636bbc4391e.png","images/BNG__Scarab_Boost__254009.png"
"254010","BNG","Pearl Diver 2: Treasure Chest","3","0","0","0","","2025-10-21 11:08:44","https://static.ptgaming.ph/images/d743d88ac4979111554f60fff39ef978.png","images/BNG__Pearl_Diver_2_Treasure_Chest__254010.png"
"254011","BNG","Little Farm","3","0","0","0","","2025-10-21 11:15:12","https://static.ptgaming.ph/images/97713619a3382c2cbbf475862b5fec95.png","images/BNG__Little_Farm__254011.png"
"254012","BNG","King of the Sky: Hit the Bonus","3","0","0","0","","2025-10-21 11:19:49","https://static.ptgaming.ph/images/189905c1cdaa57c592a0c92a965131fd.png","images/BNG__King_of_the_Sky_Hit_the_Bonus__254012.png"
"254013","BNG","Gold Nuggets","3","0","0","0","","2025-10-21 11:28:22","https://static.ptgaming.ph/images/54ffd91483fa5c8a86326aca1be8ea4e.png","images/BNG__Gold_Nuggets__254013.png"
"254014","BNG","Fruits Fever 5 lines","3","0","0","0","","2025-10-21 11:33:12","https://static.ptgaming.ph/images/d43d7a1ac917583777ea8bd47ab910da.png","images/BNG__Fruits_Fever_5_lines__254014.png"
"254015","BNG","3 Carts of Gold","3","0","0","0","","2025-10-21 12:02:03","https://static.ptgaming.ph/images/d7e171fe4b0cb391142100b3cb65bae9.png","images/BNG__3_Carts_of_Gold__254015.png"
"254016","PGSoft","Dead Man's Riches","3","0","0","0","","2025-10-28 17:30:22","https://static.ptgaming.ph/images/bdd4cfef6abdbfb68115a7abd1f55b4f.png","images/PGSoft__Dead_Man_s_Riches__254016.png"
"255004","KM","Hunk Cai Shen","3","0","0","0","","2025-09-09 18:54:22","https://static.ptgaming.ph/images/8b16603bb036ba5a00e4a1143c39730c.png","images/KM__Hunk_Cai_Shen__255004.png"
"255006","KM","Jhandi Munda","3","0","0","0","","2025-09-09 19:20:15","https://static.ptgaming.ph/images/955c73dba401eae0d264e5ef6c5abc8d.png","images/KM__Jhandi_Munda__255006.png"
"255007","KM","KM Pok Deng--999","3","0","0","0","","2025-09-09 19:20:52","https://static.ptgaming.ph/images/38f928ddbc923c5dab48fff2302f65b4.png","images/KM__KM_Pok_Deng--999__255007.png"
"255009","KM","Thai Fish Prawn Crab","3","0","0","0","","2025-09-09 19:28:55","https://static.ptgaming.ph/images/4bff128fc146722f9c278bb015a5fa5d.png","images/KM__Thai_Fish_Prawn_Crab__255009.png"
"255010","PlayTech","Blackjack 10","3","0","0","0","","2025-09-23 14:58:03","https://static.ptgaming.ph/images/7e1d10ed5287be55e447d1bf975b65e5.png","images/PlayTech__Blackjack_10__255010.png"
"255012","PragmaticPlay","Lobster House","3","0","0","0","","2025-10-08 15:26:54","https://static.ptgaming.ph/images/ee5a3b5125737ec4332772d0963fda62.png","images/PragmaticPlay__Lobster_House__255012.png"
"255013","PragmaticPlay","You Can Piggy Bank On It","3","0","0","0","","2025-10-08 15:35:52","https://static.ptgaming.ph/images/86fd1508487b92a5aa57d237e26b4a6e.png","images/PragmaticPlay__You_Can_Piggy_Bank_On_It__255013.png"
"255014","BNG","Wolf Saga","3","0","0","0","","2025-10-21 10:37:24","https://static.ptgaming.ph/images/ed816ede9f20cef6b017f533c8e41020.png","images/BNG__Wolf_Saga__255014.png"
"255015","BNG","Moon Sisters","3","0","0","0","","2025-10-21 11:11:08","https://static.ptgaming.ph/images/da4821cf88d94bf27bfed0d6547f98f1.png","images/BNG__Moon_Sisters__255015.png"
"255016","BNG","Lion Gems 3 Pots: Hold and Win","3","0","0","0","","2025-10-21 11:16:33","https://static.ptgaming.ph/images/b3e108859c702c2028092bfaa32c8e48.png","images/BNG__Lion_Gems_3_Pots_Hold_and_Win__255016.png"
"255017","BNG","Buffalo Power 2: Hold and Win","3","0","0","0","","2025-10-21 11:47:39","https://static.ptgaming.ph/images/8e5dc713cb28ea06727b3d5921229207.png","images/BNG__Buffalo_Power_2_Hold_and_Win__255017.png"
"255018","BNG","3 Egypt Chests","3","0","0","0","","2025-10-21 11:59:05","https://static.ptgaming.ph/images/5f367ff20898232cefcdd3ca1b928495.png","images/BNG__3_Egypt_Chests__255018.png"
"255298","BNG","Pig Up","3","0","0","0","","0000-00-00 00:00:00","https://static.ptgaming.ph/images/4eafbb20970b0f60fda7d8c7a61330d8.png","images/BNG__Pig_Up__255298.png"
"255299","BNG","Fruits & Joker: Fever","3","0","0","0","","0000-00-00 00:00:00","https://static.ptgaming.ph/images/9dae7778ab5c9c1c8e194c20787f9fc7.png","images/BNG__Fruits_Joker_Fever__255299.png"
"255300","JILI","Lucky Macaw","3","0","0","0","","2025-12-10 10:15:52","https://static.ptgaming.ph/images/f9977fe1acd797f7ea3708a238caa8ec.png","images/JILI__Lucky_Macaw__255300.png"
"255305","YGR","Lamp Treasure","3","0","0","0","","2026-01-14 15:58:36","https://static.ptgaming.ph/images/e4ca8944310627f97b2793e4d523d7b9.png","images/YGR__Lamp_Treasure__255305.png"
"255306","JILI","King Arthur","3","0","0","0","","2026-01-15 11:41:41","https://static.ptgaming.ph/images/7340bb18c941a3d22351b0dfa779cee8.png","images/JILI__King_Arthur__255306.png"
"255308","YGR","Mahjong Wins","3","0","0","0","","2026-01-23 09:36:32","https://static.ptgaming.ph/images/b6fbc57cdeae7c0d120820f9dcd91bc3.png","images/YGR__Mahjong_Wins__255308.png"
"255312","PragmaticPlay","Wealthy Frog","3","0","0","0","Exclusive ZI","2026-02-06 10:38:36","https://static.ptgaming.ph/images/6d0f51779f952d0e0df4b8887a17f2a3.png","images/PragmaticPlay__Wealthy_Frog__255312.png"
"255313","Evolution","Perya Blackjack 5","3","0","0","0","","2026-03-05 16:47:29","https://static.ptgaming.ph/images/9e99dae9400fe9b54d444fb3381b98a2.png","images/Evolution__Perya_Blackjack_5__255313.png"
"255316","Jumbo","Huang Chao Mei Ren","3","0","0","0","","2026-05-15 15:09:20","https://static.ptgaming.ph/images/3284db77e8462f65f20f6c49285859d0.png","images/Jumbo__Huang_Chao_Mei_Ren__255316.png"
"255317","PlayStar","MAHJONG: ORIGIN 2","3","0","0","0","","2026-06-08 14:16:37","https://static.ptgaming.ph/images/6b9b550750ce46a18a59eb05c87db070.png","images/PlayStar__MAHJONG_ORIGIN_2__255317.png"
"256004","KM","Sugar Blast","3","0","0","0","","2025-09-09 18:50:50","https://static.ptgaming.ph/images/d9aada50d55ad991b014286af7090b5a.png","images/KM__Sugar_Blast__256004.png"
"256006","PlayTech","Blackbeard’s Hoard Cash Sacks","3","0","0","0","","2025-09-17 17:20:39","https://static.ptgaming.ph/images/0e13315143de02ff552fcd568bc7a66e.png","images/PlayTech__Blackbeard_s_Hoard_Cash_Sacks__256006.png"
"256007","PlayTech","Royale Blackjack 3","3","0","0","0","","2025-09-23 15:51:59","https://static.ptgaming.ph/images/270647b447427428710eab6f0e6a4e2e.png","images/PlayTech__Royale_Blackjack_3__256007.png"
"256008","PragmaticPlay","Eye of Spartacus","3","0","0","0","","2025-10-08 15:39:02","https://static.ptgaming.ph/images/60c2b1c7e9b74b5e1efa7e46bed2c546.png","images/PragmaticPlay__Eye_of_Spartacus__256008.png"
"257004","PlayTech","Blackjack 1","3","0","0","0","","2025-09-23 14:35:32","https://static.ptgaming.ph/images/a90a771468db990b42841576dbb2ffa9.png","images/PlayTech__Blackjack_1__257004.png"
"257005","PlayTech","Blackjack 4","3","0","0","0","","2025-09-23 14:38:32","https://static.ptgaming.ph/images/e1dfe7a5650b1a4a7f9982c75d38806d.png","images/PlayTech__Blackjack_4__257005.png"
"257006","JILI","Jackpot Joker FEVER","3","0","0","0","","2025-09-24 11:52:48","https://static.ptgaming.ph/images/39f5e46b1d9693ec208530caab77ebbf.png","images/JILI__Jackpot_Joker_FEVER__257006.png"
"257007","PragmaticPlay","Alien Invaders","3","0","0","0","","2025-10-08 15:36:15","https://static.ptgaming.ph/images/aaaa2d61f7d902c439b1510c400eb141.png","images/PragmaticPlay__Alien_Invaders__257007.png"
"258004","PlayTech","Macabra Linx","3","0","0","0","","2025-09-17 17:24:01","https://static.ptgaming.ph/images/a8cefbbf060eb519d65a5a1ce5f7ecfc.png","images/PlayTech__Macabra_Linx__258004.png"
"258005","PlayTech","Rush Fever 7s Deluxe","3","0","0","0","","2025-10-08 15:06:18","https://static.ptgaming.ph/images/01de03fe45251725da6b3425b340efab.png","images/PlayTech__Rush_Fever_7s_Deluxe__258005.png"
"258007","BNG","Tiger’s Gold","3","0","0","0","","2025-10-21 10:41:28","https://static.ptgaming.ph/images/aaad4abfba0a43af629b486334c65548.png","images/BNG__Tiger_s_Gold__258007.png"
"258009","BNG","Lion Gems: Hold and Win","3","0","0","0","","2025-10-21 11:15:36","https://static.ptgaming.ph/images/90e6441fc3209a49850194b1a7fb1aa9.png","images/BNG__Lion_Gems_Hold_and_Win__258009.png"
"258011","BNG","Buffalo Power","3","0","0","0","","2025-10-21 11:48:09","https://static.ptgaming.ph/images/4db5107a60d86a81eb8570ee6d2dd6f5.png","images/BNG__Buffalo_Power__258011.png"
"258012","BNG","3 Aztec Temples","3","0","0","0","","2025-10-21 12:02:34","https://static.ptgaming.ph/images/bfd1f746bf619b1d80b5cc853de66d79.png","images/BNG__3_Aztec_Temples__258012.png"
"258216","YGR","Chill Penguin","3","0","0","0","","2025-11-04 11:23:07","https://static.ptgaming.ph/images/a2fc471302d62bf9f0bdb2130e6052c2.png","images/YGR__Chill_Penguin__258216.png"
"258325","JILI","Royal Quest","3","0","0","0","","2025-11-12 16:00:18","https://static.ptgaming.ph/images/2752a65985226f6fbb8727812d2d9bfd.png","images/JILI__Royal_Quest__258325.png"
"258326","PragmaticPlay","Sweet Craze","3","0","0","0","","2025-12-01 14:14:18","https://static.ptgaming.ph/images/11f11094f362281f4ee8670e458f0c6a.png","images/PragmaticPlay__Sweet_Craze__258326.png"
"258327","CQ9","Mahjong Wilds 3","3","0","0","0","","2025-12-05 10:45:12","https://static.ptgaming.ph/images/4e85ce4e1e9de35fc253dac0027d611b.png","images/CQ9__Mahjong_Wilds_3__258327.png"
"258328","SparkGame","Mahjong Wilds 2 Pinoy","3","0","0","0","","2025-12-16 10:51:08","https://static.ptgaming.ph/images/19250c08fdb37d008fa595be86563887.png","images/SparkGame__Mahjong_Wilds_2_Pinoy__258328.png"
"258329","PlayStar","MAHJONG： ORIGIN","3","0","0","1","","2026-01-09 12:43:42","https://static.ptgaming.ph/images/e75f4b2019fb9fc4dddd3d4cb17d1a45.png","images/PlayStar__MAHJONG_ORIGIN__258329.png"
"258330","Jumbo","Huang Chao Sheng Shi","3","0","0","1","","2026-03-23 14:28:59","https://static.ptgaming.ph/images/ce91afcde131685ce04f83d1eb9e3a4b.png","images/Jumbo__Huang_Chao_Sheng_Shi__258330.png"
"258332","PGSoft","Perfect Strike","3","0","0","0","","2026-04-07 11:19:09","https://static.ptgaming.ph/images/c455ada171faa3c50b4362b419c29606.png","images/PGSoft__Perfect_Strike__258332.png"
"259003","CQ9","Crazy Crazy 3","3","0","0","0","","2025-09-03 16:52:33","https://static.ptgaming.ph/images/3e0e04a173cea9f352a827db4682b32c.png","images/CQ9__Crazy_Crazy_3__259003.png"
"259004","KM","Elite Aviator Club","3","0","0","0","","2025-09-09 18:56:14","https://static.ptgaming.ph/images/c0e3a22aab2dac9d74919a312e363411.png","images/KM__Elite_Aviator_Club__259004.png"
"259006","KM","7 Up 7 Down","3","0","0","0","","2025-09-09 19:03:09","https://static.ptgaming.ph/images/ea4c5351ef3aef647100b2ff43ebcccd.png","images/KM__7_Up_7_Down__259006.png"
"260004","KM","Vietnam Fish Prawn Crab","3","0","0","0","","2025-09-09 19:01:08","https://static.ptgaming.ph/images/44f500976cff3966979f6ba281f22af9.png","images/KM__Vietnam_Fish_Prawn_Crab__260004.png"
"260005","PlayTech","Golden Ways","3","0","0","0","","2025-09-17 17:24:50","https://static.ptgaming.ph/images/e2360002a3ac250b67668d8c4627040b.png","images/PlayTech__Golden_Ways__260005.png"
"260006","KM","Gold Mine","3","0","0","0","","2025-09-22 15:16:29","https://static.ptgaming.ph/images/7e3f91a315bbfd7300f2dec8a9a76934.png","images/KM__Gold_Mine__260006.png"
"260007","FaChai","BUFFALO WAYS","3","0","0","0","","2025-10-02 04:33:42","https://static.ptgaming.ph/images/f723e7af9c5d65bca60433a5080d64d9.png","images/FaChai__BUFFALO_WAYS__260007.png"
"260009","BNG","Tiger Stone","3","0","0","0","","2025-10-21 10:42:02","https://static.ptgaming.ph/images/37b118dab0ec43388bbaaf33403a4a5f.png","images/BNG__Tiger_Stone__260009.png"
"260010","BNG","Lava Coins","3","0","0","0","","2025-10-21 11:18:19","https://static.ptgaming.ph/images/8c1c3162d7dc480c40be297b4088d7ee.png","images/BNG__Lava_Coins__260010.png"
"260011","BNG","Energy Joker: Hold and Win","3","0","0","0","","2025-10-21 11:37:39","https://static.ptgaming.ph/images/78b06f139b85b76f52d4dea091ce9f57.png","images/BNG__Energy_Joker_Hold_and_Win__260011.png"
"260012","BNG","3 Pots Riches: Hold and Win","3","0","0","0","","2025-10-21 11:55:23","https://static.ptgaming.ph/images/43f28ddc9bef02576ce00d5996338c5d.png","images/BNG__3_Pots_Riches_Hold_and_Win__260012.png"
"260326","BNG","15 Dragon Pearls","3","0","0","0","","0000-00-00 00:00:00","https://static.ptgaming.ph/images/de2535450b19e43c5b2e01ac918536a5.png","images/BNG__15_Dragon_Pearls__260326.png"
"260327","BNG","3 Fortune Trees: Hold and Win","3","0","0","0","","0000-00-00 00:00:00","https://static.ptgaming.ph/images/681bfa436e116ad6b20c76077e9adf19.png","images/BNG__3_Fortune_Trees_Hold_and_Win__260327.png"
"260328","CQ9","Legacy of Olympus","3","0","0","0","","2025-12-05 10:45:26","https://static.ptgaming.ph/images/fdf07a71892e8bf4c714842696da21e8.png","images/CQ9__Legacy_of_Olympus__260328.png"
"260329","5G","DJ SEAL","3","0","0","0","","2025-12-24 18:04:18","https://static.ptgaming.ph/images/e768e7d11b61eda1d6f827b64bb8fc1c.png","images/5G__DJ_SEAL__260329.png"
"260330","5G","GOVERNMENT DISCO 2","3","0","0","0","","2025-12-24 18:07:08","https://static.ptgaming.ph/images/aafa414b1ebcc811c986642b3d345d24.png","images/5G__GOVERNMENT_DISCO_2__260330.png"
"260334","PragmaticPlay","Dino Drop","3","0","0","0","Exclusive ZI","2026-02-06 10:36:02","https://static.ptgaming.ph/images/8c91c4ddfe27700b47ad8aa5dfd06b01.png","images/PragmaticPlay__Dino_Drop__260334.png"
"260335","PragmaticPlay","Olympus Wins","3","0","0","0","Exclusive ZI","2026-02-06 10:36:59","https://static.ptgaming.ph/images/9e7c68f5a19eba5b989dd61d15d82c8a.png","images/PragmaticPlay__Olympus_Wins__260335.png"
"260336","Jumbo","Golden Horse Treasure","3","0","0","0","","2026-02-09 16:41:14","https://static.ptgaming.ph/images/4760de769231cfbea3496f79445c0687.png","images/Jumbo__Golden_Horse_Treasure__260336.png"
"260340","PragmaticPlay","Caishen’s Cash Pots","3","0","0","0","","2026-06-04 14:07:09","https://static.ptgaming.ph/images/d46ec43c916256eec22de370185ea5de.jpg","images/PragmaticPlay__Caishen_s_Cash_Pots__260340.jpg"
"261004","CQ9","Crazy Crazy 2","3","0","0","0","","2025-09-03 16:50:42","https://static.ptgaming.ph/images/becbde2d981a6671e22be355db4e2369.png","images/CQ9__Crazy_Crazy_2__261004.png"
"261006","KM","KM Virtual Horse Racing","3","0","0","0","","2025-09-09 18:47:45","https://static.ptgaming.ph/images/03d6dd5c37fd8907e574fe08996cc60f.png","images/KM__KM_Virtual_Horse_Racing__261006.png"
"261008","KM","Belangkai 2","3","0","0","0","","2025-09-09 19:11:29","https://static.ptgaming.ph/images/b2355095de205f08beb4222e9267d556.png","images/KM__Belangkai_2__261008.png"
"261009","KM","Dragon Tiger 2","3","0","0","0","","2025-09-09 19:18:38","https://static.ptgaming.ph/images/94dc64024016e37cc3233a1f6c4dc508.png","images/KM__Dragon_Tiger_2__261009.png"
"261012","BNG","3 Pots of Egypt","3","0","0","0","","2025-10-21 11:54:42","https://static.ptgaming.ph/images/41f074aa4dcccdb418c62d4e8ca2bb13.png","images/BNG__3_Pots_of_Egypt__261012.png"
"261306","YellowBat","Tiger Boom","3","0","0","0","","2025-12-05 13:30:06","https://static.ptgaming.ph/images/ba5dc6d12178624a0458c7f4b1275428.png","images/YellowBat__Tiger_Boom__261306.png"
"261307","5G","MAHJONG WAYS 3","3","0","0","0","","2025-12-24 17:54:31","https://static.ptgaming.ph/images/07e8a30669fc6731aa212ff3f0ea3290.png","images/5G__MAHJONG_WAYS_3__261307.png"
"261310","SparkGame","Money Tree 2","3","0","0","0","","2026-01-29 10:35:24","https://static.ptgaming.ph/images/dea4891d31633c14bb2c38932e49fa0c.png","images/SparkGame__Money_Tree_2__261310.png"
"261312","Jumbo","Lucky Ace","3","0","0","0","","2026-02-09 16:44:20","https://static.ptgaming.ph/images/47c7ace7ed7eef8a3e4e97cb1beebae8.png","images/Jumbo__Lucky_Ace__261312.png"
"261314","YGR","Dragon Master 777","3","0","0","0","","2026-06-04 16:46:13","https://static.ptgaming.ph/images/b80df9bd04eb11263954bc99d9efddc2.png","images/YGR__Dragon_Master_777__261314.png"
"262003","KM","Dota Hi-Lo","3","0","0","0","","2025-09-09 19:18:22","https://static.ptgaming.ph/images/eed739d8b35ba767072f4dfea202c75a.png","images/KM__Dota_Hi-Lo__262003.png"
"262004","KM","European Roulette","3","0","0","0","","2025-09-09 19:18:57","https://static.ptgaming.ph/images/942cda8ba7f0806c4b2325809835774a.png","images/KM__European_Roulette__262004.png"
"262005","KM","Pai Kang","3","0","0","0","","2025-09-09 19:21:30","https://static.ptgaming.ph/images/777760da52b4dd99a0f2fda9931f30dd.png","images/KM__Pai_Kang__262005.png"
"262006","PlayTech","Blackjack Soirée 1","3","0","0","0","","2025-09-23 15:09:49","https://static.ptgaming.ph/images/39b7ef9ea878e2f2303c384730711ded.png","images/PlayTech__Blackjack_Soir_e_1__262006.png"
"262007","PlayTech","Blackjack Soirée Gold 2","3","0","0","0","","2025-09-23 15:19:04","https://static.ptgaming.ph/images/2e3d3cbe1374a49700618b197f93f642.png","images/PlayTech__Blackjack_Soir_e_Gold_2__262007.png"
"262011","PragmaticPlay","Fire Stampede 2","3","0","0","0","","2025-10-08 15:31:58","https://static.ptgaming.ph/images/fcb0db447ab500c05540a0bd11a7ce7b.png","images/PragmaticPlay__Fire_Stampede_2__262011.png"
"262012","PragmaticPlay","Argonauts","3","0","0","0","","2025-10-08 15:34:24","https://static.ptgaming.ph/images/1dd33a42c8baeb3f146ce2f98061fdfb.png","images/PragmaticPlay__Argonauts__262012.png"
"263002","JILI","Crystal 777 DELUXE","3","0","0","0","","2025-09-03 15:31:40","https://static.ptgaming.ph/images/bd87f6fe4be4b85c7409dbcd6ec2ad5d.png","images/JILI__Crystal_777_DELUXE__263002.png"
"263003","CQ9","Watah Master Turbo","3","0","0","0","","2025-09-03 16:49:22","https://static.ptgaming.ph/images/aa86b624b1cf9abd0c9395df5d8d082e.png","images/CQ9__Watah_Master_Turbo__263003.png"
"263005","PragmaticPlay","Genie’s Gem Bonanza","3","0","0","0","","2025-10-08 15:27:24","https://static.ptgaming.ph/images/77e0b260f89e8f5dec9ede81f1a34368.png","images/PragmaticPlay__Genie_s_Gem_Bonanza__263005.png"
"263006","BNG","Sun of Egypt 2","3","0","0","0","","2025-10-21 10:50:18","https://static.ptgaming.ph/images/98a7e0bee3baa3e0d4edb19c0d1b8914.png","images/BNG__Sun_of_Egypt_2__263006.png"
"263007","BNG","Sun of Egypt","3","0","0","0","","2025-10-21 10:50:43","https://static.ptgaming.ph/images/56622cc7d2baf8c4f26c0fdd4b6fe149.png","images/BNG__Sun_of_Egypt__263007.png"
"263008","BNG","Space Coins: Hold and Win","3","0","0","0","","2025-10-21 10:52:00","https://static.ptgaming.ph/images/f2591afe77c73d981234f6a3fcc36c1a.png","images/BNG__Space_Coins_Hold_and_Win__263008.png"
"263009","BNG","Legend of Cleopatra Megaways","3","0","0","0","","2025-10-21 11:17:57","https://static.ptgaming.ph/images/819f0a608585cb264c28b8d00776c10c.png","images/BNG__Legend_of_Cleopatra_Megaways__263009.png"
"263330","YGR","Maya Golden City9","3","0","0","0","","2025-12-02 14:10:33","https://static.ptgaming.ph/images/5fcc2379cccfaf7bc8310351a5ccfbe5.png","images/YGR__Maya_Golden_City9__263330.png"
"263331","SparkGame","Mahjong Wilds Pinoy","3","0","0","0","","2025-12-16 10:44:57","https://static.ptgaming.ph/images/fe631c2367f5f9fd562546904a905e5f.png","images/SparkGame__Mahjong_Wilds_Pinoy__263331.png"
"263333","5G","GEMS MINER","3","0","0","0","","2025-12-24 18:01:14","https://static.ptgaming.ph/images/cd83ff6d50227c669f0c42c033cde3e5.png","images/5G__GEMS_MINER__263333.png"
"263335","BNG","Magic Clovers: Hold and Win","3","0","0","0","","0000-00-00 00:00:00","https://static.ptgaming.ph/images/1eb6f2311dfde698db62df3cb3e496dc.png","images/BNG__Magic_Clovers_Hold_and_Win__263335.png"
"263337","JILI","Pearls of Bingo","3","0","0","0","","2026-01-15 14:08:12","https://static.ptgaming.ph/images/873f654fddd96a78c6ea30e898f0c913.png","images/JILI__Pearls_of_Bingo__263337.png"
"263338","KM","Thai Fish Prawn Crab GO!","3","0","0","0","","2026-01-16 16:24:17","https://static.ptgaming.ph/images/945a80fbd504c36c3b99d9c6cd388147.png","images/KM__Thai_Fish_Prawn_Crab_GO__263338.png"
"263341","PragmaticPlay","Happy Nets","3","0","0","0","Exclusive ZI","2026-02-06 10:34:05","https://static.ptgaming.ph/images/a4a9f0a96b0371685dc4f09e7d5455da.png","images/PragmaticPlay__Happy_Nets__263341.png"
"263343","CQ9","Lucky Neko 2","3","0","0","0","","2026-03-23 11:29:45","https://static.ptgaming.ph/images/675a5b1664705995dbac50164d106c76.png","images/CQ9__Lucky_Neko_2__263343.png"
"263346","Evolution","Perya Speed Baccarat 11","3","0","0","0","","2026-03-31 15:14:58","https://static.ptgaming.ph/images/7c07677fe1119fa16215f9a9486efb13.png","images/Evolution__Perya_Speed_Baccarat_11__263346.png"
"263347","YGR","Dragon Master 66","3","0","0","0","","2026-04-22 17:14:35","https://static.ptgaming.ph/images/8a9ad76a1e7ecef3eb63eb423326e1e6.png","images/YGR__Dragon_Master_66__263347.png"
"263351","Evolution","Bizarre","3","0","0","0","","2026-06-11 12:51:26","https://static.ptgaming.ph/images/e16530706059c634d2ffaf7bb8420108.png","images/Evolution__Bizarre__263351.png"
"263352","JDB","Running Chicken","3","0","0","0","","2026-06-11 15:51:31","https://static.ptgaming.ph/images/083773280a5f4439ed0751d72c7a1b2d.png","images/JDB__Running_Chicken__263352.png"
"264002","CQ9","Crazy Crazy","3","0","0","0","","2025-09-03 16:49:48","https://static.ptgaming.ph/images/20a8e4171e7c077bb4eea0c3f45d8305.png","images/CQ9__Crazy_Crazy__264002.png"
"264003","KM","Thai Hi Lo 2","3","0","0","0","","2025-09-09 16:48:36","https://static.ptgaming.ph/images/18e79d50cb25b97bf9c3dc88f3056162.png","images/KM__Thai_Hi_Lo_2__264003.png"
"264004","KM","Tongits","3","0","0","0","","2025-09-09 19:02:54","https://static.ptgaming.ph/images/49efc579b3f3249b4a0c99d905a797cf.png","images/KM__Tongits__264004.png"
"264005","KM","Blackjack--999","3","0","0","0","","2025-09-09 19:13:15","https://static.ptgaming.ph/images/4ed004f2cf0980a238f0840bf4bc4e0d.png","images/KM__Blackjack--999__264005.png"
"264006","PlayTech","Ka Ching Boom","3","0","0","0","","2025-09-17 17:19:03","https://static.ptgaming.ph/images/6a953fa8e9508f9e70cc73f52ebb62e3.png","images/PlayTech__Ka_Ching_Boom__264006.png"
"264008","PlayTech","Blackjack 3","3","0","0","0","","2025-09-23 14:42:55","https://static.ptgaming.ph/images/5eb731779afb7c4fc5d1ccdb72126c94.png","images/PlayTech__Blackjack_3__264008.png"
"264009","PlayTech","Royale Blackjack 4","3","0","0","0","","2025-09-23 15:52:27","https://static.ptgaming.ph/images/8ebf08dbe8aea6ece42518db66d70bbc.png","images/PlayTech__Royale_Blackjack_4__264009.png"
"264010","JILI","ROMA X 10000","3","0","0","0","","2025-10-08 15:08:59","https://static.ptgaming.ph/images/7d8df910bea02f652defda61443dca8d.png","images/JILI__ROMA_X_10000__264010.png"
"264011","BNG","Sun of Egypt 3","3","0","0","0","","2025-10-21 10:49:55","https://static.ptgaming.ph/images/a79dd6cab8fef7b0b6c028afddee3602.png","images/BNG__Sun_of_Egypt_3__264011.png"
"264012","BNG","Rocket Wins","3","0","0","0","","2025-10-21 11:00:12","https://static.ptgaming.ph/images/4ffbc7105057b3ddd4489ae25cad879f.png","images/BNG__Rocket_Wins__264012.png"
"264013","BNG","Magic Apple 2","3","0","0","0","","2025-10-21 11:13:11","https://static.ptgaming.ph/images/e9d7511973183cd04a86516ea5c04859.png","images/BNG__Magic_Apple_2__264013.png"
"264014","BNG","Fortune Globe","3","0","0","0","","2025-10-21 11:35:06","https://static.ptgaming.ph/images/fdd5e77f0f82087489cd7277965352ba.png","images/BNG__Fortune_Globe__264014.png"
"264015","BNG","Diamonds Power: Hold and Win","3","0","0","0","","2025-10-21 11:39:42","https://static.ptgaming.ph/images/022d1d3ff1024205a9cb07b618c86b7b.png","images/BNG__Diamonds_Power_Hold_and_Win__264015.png"
"264419","BNG","Coin Strike 2: Hold and Win","3","0","0","0","","0000-00-00 00:00:00","https://static.ptgaming.ph/images/30600c63e53e9b99cb50f200bfa3c86e.png","images/BNG__Coin_Strike_2_Hold_and_Win__264419.png"
"264422","5G","GOLDEN LEGEND","3","0","0","0","","2025-12-24 17:57:23","https://static.ptgaming.ph/images/9dd8fa2493179fba8adcfd84565f8edc.png","images/5G__GOLDEN_LEGEND__264422.png"
"264424","JILI","Sin City","3","0","0","0","","2026-01-15 11:46:18","https://static.ptgaming.ph/images/e4b1b058fa905cd92dc3801628a6d0f5.png","images/JILI__Sin_City__264424.png"
"264433","CQ9","WILD BOUNTY Deluxe","3","0","0","0","","2026-03-11 14:12:41","https://static.ptgaming.ph/images/9073cbbbf400cb7150e36221adcbff2c.png","images/CQ9__WILD_BOUNTY_Deluxe__264433.png"
"264434","YGR","Football Fever","3","0","0","0","","2026-04-22 17:14:59","https://static.ptgaming.ph/images/20d3ad1769e5752322e93d2d59e04a20.png","images/YGR__Football_Fever__264434.png"
"264435","PragmaticPlay","Dragon Pots Megaways","3","0","0","0","","2026-04-23 15:44:59","https://static.ptgaming.ph/images/adedd0219cf2ad684b971fddaba6686f.jpg","images/PragmaticPlay__Dragon_Pots_Megaways__264435.jpg"
"264436","YGR","Fortune Tree","3","0","0","0","","2026-04-27 15:44:23","https://static.ptgaming.ph/images/4e7408a1cda53a0506c7e00072655ea8.png","images/YGR__Fortune_Tree__264436.png"
"264437","JILI","100 Blazing Clover","3","0","0","0","","2026-04-29 11:10:04","https://static.ptgaming.ph/images/30aa7f2a6ad7670dca42580f3cf5efcc.png","images/JILI__100_Blazing_Clover__264437.png"
"264438","SAGaming","Thai Bacc R01","3","0","0","0","","2026-05-04 12:36:24","https://static.ptgaming.ph/images/1d5765e83af0805909ac899ef53fe0ce.png","images/SAGaming__Thai_Bacc_R01__264438.png"
"264439","JILI","Coin Toss","3","0","0","0","","2026-05-11 15:50:05","https://static.ptgaming.ph/images/0dc140c376404fd3d2e572592def486e.png","images/JILI__Coin_Toss__264439.png"
"264441","PragmaticPlay","Joker’s Revenge","3","0","0","0","","2026-06-08 11:06:20","https://static.ptgaming.ph/images/74f79792b533472dbdf74ad2844458f9.jpg","images/PragmaticPlay__Joker_s_Revenge__264441.jpg"
"265002","CQ9","Watah Master","3","0","0","0","","2025-09-03 16:54:03","https://static.ptgaming.ph/images/9a5f5f716e62de9d3ddc5369fd04c54d.png","images/CQ9__Watah_Master__265002.png"
"265004","PlayTech","Blackjack 8","3","0","0","0","","2025-09-23 14:51:00","https://static.ptgaming.ph/images/2183b09b96c7f036ea0c769ec7ec807b.png","images/PlayTech__Blackjack_8__265004.png"
"265005","PlayTech","Diamond Explosion Christmas Tango","3","0","0","0","","2025-10-08 15:05:43","https://static.ptgaming.ph/images/2bb061d7c4d72c785a0517cfff6f6e6b.png","images/PlayTech__Diamond_Explosion_Christmas_Tango__265005.png"
"265006","PlayTech","Zeus Rush Fever Deluxe","3","0","0","0","","2025-10-08 15:06:34","https://static.ptgaming.ph/images/325864551e07822a700fd744eafacd17.png","images/PlayTech__Zeus_Rush_Fever_Deluxe__265006.png"
"265007","PragmaticPlay","Finger Lick’n Free Spins","3","0","0","0","","2025-10-08 15:37:32","https://static.ptgaming.ph/images/58b10ce7a2d39eda9db249fd2f556edc.png","images/PragmaticPlay__Finger_Lick_n_Free_Spins__265007.png"
"265008","BNG","Sun of Egypt 4","3","0","0","0","","2025-10-21 10:49:22","https://static.ptgaming.ph/images/2b405eb7056ddc9546c8f1c3f4d4ce91.png","images/BNG__Sun_of_Egypt_4__265008.png"
"265009","BNG","Royal Coins 2: Hold and Win","3","0","0","0","","2025-10-21 10:59:01","https://static.ptgaming.ph/images/7dd4a3bf06602d6695c6153763228bcd.png","images/BNG__Royal_Coins_2_Hold_and_Win__265009.png"
"265010","BNG","Maya Sun","3","0","0","0","","2025-10-21 11:12:03","https://static.ptgaming.ph/images/07a92dc5295e0e848b56010b081e72d0.png","images/BNG__Maya_Sun__265010.png"
"265285","5G","MASTER OF GOLD MINER 2","3","0","0","0","","2025-12-24 17:57:07","https://static.ptgaming.ph/images/6eba0848131314d086a5547fe02f5d67.png","images/5G__MASTER_OF_GOLD_MINER_2__265285.png"
"265286","5G","TREASURES OF EGYPT","3","0","0","0","","2025-12-24 17:59:04","https://static.ptgaming.ph/images/78538cc6fce2b742b9be254f5bd47669.png","images/5G__TREASURES_OF_EGYPT__265286.png"
"265289","PragmaticPlay","777 Rush","3","0","0","0","Exclusive ZI","2026-02-06 10:36:20","https://static.ptgaming.ph/images/45f429153463988cb7993ecc60f7a21f.png","images/PragmaticPlay__777_Rush__265289.png"
"265290","Evolution","Salon Privé Auto-Roulette B","3","0","0","0","","2026-04-11 22:36:38","https://static.ptgaming.ph/images/0e2a1da6a46b47de48a08166b0dc6832.png","images/Evolution__Salon_Priv_Auto-Roulette_B__265290.png"
"265293","PragmaticPlay","Heartbreakers","3","0","0","0","","2026-05-11 16:12:41","https://static.ptgaming.ph/images/0f1796c06fbac65e03562013735a60e9.png","images/PragmaticPlay__Heartbreakers__265293.png"
"265296","PragmaticPlay","Mahjong Wins Triple Pot","3","0","0","0","","2026-06-11 15:41:46","https://static.ptgaming.ph/images/fc4f6ac898f4418bd61c5817acdd1606.png","images/PragmaticPlay__Mahjong_Wins_Triple_Pot__265296.png"
"266004","KM","Fish Prawn Crab 2","3","0","0","0","","2025-09-09 19:19:33","https://static.ptgaming.ph/images/d2e282f6c4d3c52d656f059c5d6c33e1.png","images/KM__Fish_Prawn_Crab_2__266004.png"
"266005","PlayTech","Mystic Mines","3","0","0","0","","2025-09-17 17:13:59","https://static.ptgaming.ph/images/b54ccc6b2e1f4582c3a9e2200a66ace3.png","images/PlayTech__Mystic_Mines__266005.png"
"266006","JILI","Dice & Drop","3","0","0","0","","2025-09-30 15:14:31","https://static.ptgaming.ph/images/f3bcfc2244c90ea4950d8cba3fb8da7a.png","images/JILI__Dice_Drop__266006.png"
"266008","BNG","Lion Coins","3","0","0","0","","2025-10-21 11:17:06","https://static.ptgaming.ph/images/de792e01f0efc95b687afd246a16192a.png","images/BNG__Lion_Coins__266008.png"
"266009","BNG","Jingle Coins: Hold and Win","3","0","0","0","","2025-10-21 11:20:18","https://static.ptgaming.ph/images/a35be5a4ae496185dc6320e7d766c6c7.png","images/BNG__Jingle_Coins_Hold_and_Win__266009.png"
"266010","BNG","Coin Strike: Hold and Win","3","0","0","0","","2025-10-21 11:42:39","https://static.ptgaming.ph/images/04285a92dfcab50680dce6a76595b86c.png","images/BNG__Coin_Strike_Hold_and_Win__266010.png"
"266011","PGSoft","Doomsday Rampage","3","0","0","0","","2025-10-28 17:33:57","https://static.ptgaming.ph/images/c19acc1d9ec08cb715db2dbae6f84247.png","images/PGSoft__Doomsday_Rampage__266011.png"
"266298","PragmaticPlay","Floating Dragon Wild Horses","3","0","0","0","","2026-01-19 11:46:40","https://static.ptgaming.ph/images/a54c05684fe54cba65b65e87450f3e8c.png","images/PragmaticPlay__Floating_Dragon_Wild_Horses__266298.png"
"266299","Evolution","Dragon Tiger Phoenix","3","0","0","0","","2026-01-20 12:39:52","https://static.ptgaming.ph/images/498a8c8a2f36a930fec78a3416292362.png","images/Evolution__Dragon_Tiger_Phoenix__266299.png"
"266301","PragmaticPlay","Code of Cairo","3","0","0","0","Exclusive ZI","2026-02-06 10:35:38","https://static.ptgaming.ph/images/26f0bd04551cc6db36f738cb3daf5c93.png","images/PragmaticPlay__Code_of_Cairo__266301.png"
"266304","Evolution","Perya Speed Baccarat 10","3","0","0","0","","2026-03-31 15:09:45","https://static.ptgaming.ph/images/040642c787b6a5808a433ee923e40d5f.png","images/Evolution__Perya_Speed_Baccarat_10__266304.png"
"267002","FaChai","SWORD OF KING","3","0","0","1","","2025-09-09 17:03:04","https://static.ptgaming.ph/images/68cc25baafa184070a13fc645d253c29.png","images/FaChai__SWORD_OF_KING__267002.png"
"267003","PlayTech","Toucan Mania","3","0","0","0","","2025-09-17 17:21:05","https://static.ptgaming.ph/images/26cbce447336112b7276fe07be5b8294.png","images/PlayTech__Toucan_Mania__267003.png"
"267005","BNG","Egypt Fire","3","0","0","0","","2025-10-21 11:38:25","https://static.ptgaming.ph/images/526ff17ed69c9746d01744f6bb6bcf51.png","images/BNG__Egypt_Fire__267005.png"
"267006","BNG","Crystal Scarabs","3","0","0","0","","2025-10-21 11:40:25","https://static.ptgaming.ph/images/12e66927ce09e4b98b201cb5f9fff7e3.png","images/BNG__Crystal_Scarabs__267006.png"
"267007","BNG","3 Super Hot Chillies : Hold and Win","3","0","0","0","","2025-10-21 11:54:22","https://static.ptgaming.ph/images/5f581f261c266728bd1b4e82a6d136d9.png","images/BNG__3_Super_Hot_Chillies_Hold_and_Win__267007.png"
"267333","5G","LUCKY TIGER","3","0","0","0","","2025-12-24 17:54:11","https://static.ptgaming.ph/images/b129ee4a58ab26d746039781ab82bee8.png","images/5G__LUCKY_TIGER__267333.png"
"267334","5G","KING’S REALM","3","0","0","0","","2025-12-24 18:00:58","https://static.ptgaming.ph/images/d79e67ba8897ae3849e6ca29470784f2.png","images/5G__KING_S_REALM__267334.png"
"267338","Evolution","Perya Classic Blackjack 3","3","0","0","0","","2026-01-19 17:10:48","https://static.ptgaming.ph/images/4249f042ee54efac4805747f98fbc192.png","images/Evolution__Perya_Classic_Blackjack_3__267338.png"
"267339","BNG","3 Royal Coins: Hold and Win","3","0","0","0","","2026-02-12 10:50:41","https://static.ptgaming.ph/images/0a3f39a15d16c4ba4127435600456df8.png","images/BNG__3_Royal_Coins_Hold_and_Win__267339.png"
"268002","KM","Egyptian Mines","3","0","0","0","","2025-09-09 18:56:03","https://static.ptgaming.ph/images/d93d2f8ee60e4e78251782af25307b10.png","images/KM__Egyptian_Mines__268002.png"
"268003","KM","KM Power Ball","3","0","0","0","","2025-09-09 18:57:02","https://static.ptgaming.ph/images/402b6454a22d92b48c0aa555c66fcb83.png","images/KM__KM_Power_Ball__268003.png"
"268004","KM","Triple Chance","3","0","0","0","","2025-09-09 19:02:18","https://static.ptgaming.ph/images/c59a2a159563a0c5dc413c6eb1f67103.png","images/KM__Triple_Chance__268004.png"
"268005","KM","Cards Hi Lo","3","0","0","0","","2025-09-09 19:17:42","https://static.ptgaming.ph/images/604c89919301ee053971a7b6b47fa31a.png","images/KM__Cards_Hi_Lo__268005.png"
"268008","PlayTech","Blackjack 5","3","0","0","0","","2025-09-23 14:49:32","https://static.ptgaming.ph/images/938dc16abe75bebb8d0564fa4dc084b2.png","images/PlayTech__Blackjack_5__268008.png"
"268009","PlayTech","Blackjack 6","3","0","0","0","","2025-09-23 14:50:02","https://static.ptgaming.ph/images/7c41c4f3ec79b03a6aedc6fb1e2b005a.png","images/PlayTech__Blackjack_6__268009.png"
"268010","PlayTech","Blackjack Soirée Gold 4","3","0","0","0","","2025-09-23 15:19:59","https://static.ptgaming.ph/images/47290a2fde070a52283cd49dbb0b7470.png","images/PlayTech__Blackjack_Soir_e_Gold_4__268010.png"
"268011","PlayTech","Grand Blackjack","3","0","0","0","","2025-09-23 15:49:57","https://static.ptgaming.ph/images/101701221fd27ec0001fbf8ecce826ee.png","images/PlayTech__Grand_Blackjack__268011.png"
"268012","PlayTech","Royale Blackjack 1","3","0","0","0","","2025-09-23 15:51:07","https://static.ptgaming.ph/images/10d8b671f0e3a6b0f841607531cf1346.png","images/PlayTech__Royale_Blackjack_1__268012.png"
"268013","PragmaticPlay","Hundreds and Thousands","3","0","0","0","","2025-10-08 15:30:40","https://static.ptgaming.ph/images/8446a74389b75936aa29419a30aac282.png","images/PragmaticPlay__Hundreds_and_Thousands__268013.png"
"268014","PragmaticPlay","Spell Master","3","0","0","0","","2025-10-08 15:33:15","https://static.ptgaming.ph/images/9fe3e2d5cd41ae745d5afd3044a07c53.png","images/PragmaticPlay__Spell_Master__268014.png"
"268015","BNG","Lamp of Wonder","3","0","0","0","","2025-10-21 11:18:55","https://static.ptgaming.ph/images/2e705e884420a7922c102876615e275b.png","images/BNG__Lamp_of_Wonder__268015.png"
"268017","BNG","3 Luxor Pots: Hold and Win","3","0","0","0","","2025-10-21 11:57:31","https://static.ptgaming.ph/images/989ce4e6f554b7ef7eb3090bbf94b3da.png","images/BNG__3_Luxor_Pots_Hold_and_Win__268017.png"
"268019","PGSoft","Jack the Giant Hunter","3","0","0","0","","2025-10-28 17:28:49","https://static.ptgaming.ph/images/65b9a4f3b25e865368a18b0c17a7dce4.png","images/PGSoft__Jack_the_Giant_Hunter__268019.png"
"268315","YGR","Summon Fortune Pig","3","0","0","0","","2025-12-02 14:11:54","https://static.ptgaming.ph/images/4391514e68cf923ad28410cc84e657aa.png","images/YGR__Summon_Fortune_Pig__268315.png"
"268317","5G","MAHJONG 5 DRAGONS","3","0","0","0","","2025-12-24 18:06:54","https://static.ptgaming.ph/images/66666f060d0901019c91816493927339.png","images/5G__MAHJONG_5_DRAGONS__268317.png"
"268319","JDB","Fishin' Fever X-Huge","3","0","0","0","","2026-01-15 16:31:42","https://static.ptgaming.ph/images/f04d8a70c13b29ebbee07a60971f868d.png","images/JDB__Fishin_Fever_X-Huge__268319.png"
"268320","KM","Perya Drop Ball Card","3","0","0","0","","2026-01-16 16:21:34","https://static.ptgaming.ph/images/45ce1c6bc4054efcf2213b3c81c6078f.png","images/KM__Perya_Drop_Ball_Card__268320.png"
"268321","KM","Teen Patti Blitz","3","0","0","0","","2026-01-16 16:25:30","https://static.ptgaming.ph/images/dd6d7ddfcf3251aeb4a1ffb7b1e94272.png","images/KM__Teen_Patti_Blitz__268321.png"
"268322","PlayStar","ZEUS OF OLYMPUS","3","0","0","0","","2026-02-04 10:44:19","https://static.ptgaming.ph/images/69d7b331e1f2527072c9e1e8e4b73cf9.png","images/PlayStar__ZEUS_OF_OLYMPUS__268322.png"
"268323","Jumbo","Jin Long Ying Cai","3","0","0","0","","2026-02-09 16:46:23","https://static.ptgaming.ph/images/c3714195492f4bf81b9b579022f56d3f.png","images/Jumbo__Jin_Long_Ying_Cai__268323.png"
"268324","JILI","Big Small Casino Royale","3","0","0","0","","2026-04-17 16:35:01","https://static.ptgaming.ph/images/3068481433dfd38f68f786dbcb7240b1.png","images/JILI__Big_Small_Casino_Royale__268324.png"
"268325","JILI","Fortune Hook Boom","3","0","0","0","","2026-05-13 15:27:32","https://static.ptgaming.ph/images/063a97350d0a25648d829b02f570c1c6.png","images/JILI__Fortune_Hook_Boom__268325.png"
"269003","KM","5 Card Poker","3","0","0","0","","2025-09-09 19:02:52","https://static.ptgaming.ph/images/bab40b6381d746111b48002e9033bc12.png","images/KM__5_Card_Poker__269003.png"
"269004","KM","Fruit Roulette","3","0","0","0","","2025-09-09 19:20:01","https://static.ptgaming.ph/images/2af438f9d19b525bc012e307d81e900a.png","images/KM__Fruit_Roulette__269004.png"
"269005","PlayTech","Blackjack Soirée 3","3","0","0","0","","2025-09-23 15:12:14","https://static.ptgaming.ph/images/1ca13f765b6cc2a3e2ee60aa0d833912.png","images/PlayTech__Blackjack_Soir_e_3__269005.png"
"269006","PragmaticPlay","Bounty Hunter","3","0","0","0","","2025-10-08 15:28:08","https://static.ptgaming.ph/images/d87203149ff171d4053ca0461648ba99.png","images/PragmaticPlay__Bounty_Hunter__269006.png"
"269007","BNG","Black Wolf","3","0","0","0","","2025-10-21 11:50:10","https://static.ptgaming.ph/images/a1f60e50b715884095cb61fbc5e54af8.png","images/BNG__Black_Wolf__269007.png"
"269008","BNG","3 Pirate Barrels: Hold and Win","3","0","0","0","","2025-10-21 11:56:08","https://static.ptgaming.ph/images/122438988b56178c94536f25da927cb8.png","images/BNG__3_Pirate_Barrels_Hold_and_Win__269008.png"
"269288","5G","SUPREME ACE","3","0","0","0","","2025-12-24 17:57:58","https://static.ptgaming.ph/images/c60dcd5cf88992b22588165a03778f41.png","images/5G__SUPREME_ACE__269288.png"
"269296","SAGaming","Thai Bacc R02","3","0","0","0","","2026-05-04 12:35:24","https://static.ptgaming.ph/images/12d6a2e399fe1db8badaa435599f7503.png","images/SAGaming__Thai_Bacc_R02__269296.png"
"269298","Jumbo","Lucky Festival","3","0","0","0","","2026-05-28 11:24:25","https://static.ptgaming.ph/images/46e7eb88d93a566541a086c1f6d8930f.png","images/Jumbo__Lucky_Festival__269298.png"
"270003","PlayTech","Blackjack Soirée Gold 1","3","0","0","0","","2025-09-23 15:17:39","https://static.ptgaming.ph/images/f30284f031a2cd1e29a739ce59d4ed8d.png","images/PlayTech__Blackjack_Soir_e_Gold_1__270003.png"
"271002","SAGaming","Carnival Treasure","3","0","0","0","","2025-10-13 15:35:55","https://static.ptgaming.ph/images/2d65f8e834fe227f4cf52c0e7c20699c.png","images/SAGaming__Carnival_Treasure__271002.png"
"271003","BNG","Solar Temple","3","0","0","0","","2025-10-21 10:53:14","https://static.ptgaming.ph/images/64038b0d61553081d37e2853cb8e3df6.png","images/BNG__Solar_Temple__271003.png"
"271004","BNG","Scarab Riches","3","0","0","0","","2025-10-21 10:55:49","https://static.ptgaming.ph/images/719713be536e9b0fa3bbeab3bfeefdf9.png","images/BNG__Scarab_Riches__271004.png"
"271006","BNG","Gold Express","3","0","0","0","","2025-10-21 11:32:31","https://static.ptgaming.ph/images/d293f83fc92331600159208e12613c53.png","images/BNG__Gold_Express__271006.png"
"271007","BNG","Fruits & Sevens: Fever","3","0","0","0","","2025-10-21 11:34:25","https://static.ptgaming.ph/images/0f9838d2f95fc6d6b2b1c638acb7a42a.png","images/BNG__Fruits_Sevens_Fever__271007.png"
"271008","BNG","3 Coins","3","0","0","0","","2025-10-21 11:59:58","https://static.ptgaming.ph/images/9edb8e1e898c9908a445260f8dfaad84.png","images/BNG__3_Coins__271008.png"
"271317","JILI","Money Pot DELUXE","3","0","0","0","","2025-12-03 10:50:12","https://static.ptgaming.ph/images/8a7c85973457348f6b38205578e09082.png","images/JILI__Money_Pot_DELUXE__271317.png"
"271319","5G","MEGA ACE","3","0","0","0","","2025-12-24 18:05:09","https://static.ptgaming.ph/images/168c8eb200886b17ec17ba5d2e5e06d1.png","images/5G__MEGA_ACE__271319.png"
"271322","Jumbo","Fortune Panda","3","0","0","0","","2026-02-09 16:43:11","https://static.ptgaming.ph/images/9900a90ccfe4201bdc85b96acd48b0cc.png","images/Jumbo__Fortune_Panda__271322.png"
"271324","Evolution","Perya Blackjack 7","3","0","0","0","","2026-03-05 15:09:14","https://static.ptgaming.ph/images/bb12fb14efe317b9624e9f48a2582bef.png","images/Evolution__Perya_Blackjack_7__271324.png"
"271326","CQ9","Neko Gems","3","0","0","0","","2026-03-23 11:30:28","https://static.ptgaming.ph/images/9a488bc45482c21369e23079d11b90c2.png","images/CQ9__Neko_Gems__271326.png"
"271327","PlayStar","Deng Deng","3","0","0","0","","2026-04-17 16:59:58","https://static.ptgaming.ph/images/8a231bca752d26796727856a1fc419d2.png","images/PlayStar__Deng_Deng__271327.png"
"271331","Evolution","Freak Show Revelation","3","0","0","1","Exclusive ZI","2026-06-09 17:40:34","https://static.ptgaming.ph/images/c3863133a3a394f3a9da481c54614528.png","images/Evolution__Freak_Show_Revelation__271331.png"
"272003","BNG","Tiger Gems-Hold and win","3","0","0","0","","2025-10-21 10:42:44","https://static.ptgaming.ph/images/46be5e4e737eacd0ea75c78a2f425d0e.png","images/BNG__Tiger_Gems-Hold_and_win__272003.png"
"272004","BNG","Royal Express: Hold and Win","3","0","0","0","","2025-10-21 10:58:22","https://static.ptgaming.ph/images/b80106d3a51241aa65cb5321823091b9.png","images/BNG__Royal_Express_Hold_and_Win__272004.png"
"272005","BNG","Pink Joker: Hold and Win","3","0","0","0","","2025-10-21 11:06:43","https://static.ptgaming.ph/images/f230a59e05b0b100327ee616178a633a.png","images/BNG__Pink_Joker_Hold_and_Win__272005.png"
"272006","BNG","Great Panda","3","0","0","0","","2025-10-21 11:23:52","https://static.ptgaming.ph/images/bd87891d37716d9f73e0c5cfdf5c0bad.png","images/BNG__Great_Panda__272006.png"
"272007","BNG","Aztec Fire-Hold & win","3","0","0","0","","2025-10-21 11:52:01","https://static.ptgaming.ph/images/a730a53a913896ff7521adc38cf9c9e4.png","images/BNG__Aztec_Fire-Hold_win__272007.png"
"272008","BNG","3 Hot Chillies","3","0","0","0","","2025-10-21 11:58:14","https://static.ptgaming.ph/images/c2158675eae81b9e79a2d3a39b56ef78.png","images/BNG__3_Hot_Chillies__272008.png"
"272009","BNG","3 Coins: Egypt","3","0","0","0","","2025-10-21 11:59:40","https://static.ptgaming.ph/images/1afeffb90c8f936942ef646c6e58590d.png","images/BNG__3_Coins_Egypt__272009.png"
"272010","BNG","3 Clover Pots","3","0","0","0","","2025-10-21 12:01:02","https://static.ptgaming.ph/images/49ebff1b14b19fa86db7d2318d1945f9.png","images/BNG__3_Clover_Pots__272010.png"
"272011","BNG","3 African Drums","3","0","0","0","","2025-10-21 12:03:01","https://static.ptgaming.ph/images/a81b5d45c6c34fc2ea9bd8d903f2f39b.png","images/BNG__3_African_Drums__272011.png"
"272171","BNG","Thunder Coins XXL: Hold and Win","3","0","0","0","","2025-11-04 10:03:06","https://static.ptgaming.ph/images/9778814a2b7e945c4bc27ccdcc3417bf.png","images/BNG__Thunder_Coins_XXL_Hold_and_Win__272171.png"
"272349","PragmaticPlay","Lucky Phoenix","3","0","0","0","Exclusive ZI","2026-02-06 10:38:04","https://static.ptgaming.ph/images/fcc5a1786d2f4039c73a3790875cd2e9.png","images/PragmaticPlay__Lucky_Phoenix__272349.png"
"272350","Jumbo","Fu Lu Ju","3","0","0","0","","2026-02-09 16:43:27","https://static.ptgaming.ph/images/8b1b96330ca8201d9d17ead115c868ab.png","images/Jumbo__Fu_Lu_Ju__272350.png"
"272353","Jumbo","Super gems 1000","3","0","0","1","1.5% cash 2%","2026-06-15 14:52:42","https://static.ptgaming.ph/images/e01b7c6a177963049b0e810aa74db7da.png","images/Jumbo__Super_gems_1000__272353.png"
"273002","BNG","Wild Cats Fire : Hold and Win","3","0","0","0","","2025-10-21 10:39:20","https://static.ptgaming.ph/images/3f4dbac361ee9199b3f5778bc55631ec.png","images/BNG__Wild_Cats_Fire_Hold_and_Win__273002.png"
"273004","BNG","Olympian Gods","3","0","0","0","","2025-10-21 11:09:16","https://static.ptgaming.ph/images/bcca7e285c1c5855a2e95522b3163363.png","images/BNG__Olympian_Gods__273004.png"
"273005","BNG","Mammoth Peak: Hold & Win","3","0","0","0","","2025-10-21 11:12:48","https://static.ptgaming.ph/images/bd9fdc94c7cefcef8406d300f9e186dd.png","images/BNG__Mammoth_Peak_Hold_Win__273005.png"
"273006","BNG","Coin UP : Lightning","3","0","0","0","","2025-10-21 11:41:55","https://static.ptgaming.ph/images/5a4f9ef596fa581ed9c8d8dc53831175.png","images/BNG__Coin_UP_Lightning__273006.png"
"273284","BNG","3 Hot Teapots: Hold and Win","3","0","0","0","","0000-00-00 00:00:00","https://static.ptgaming.ph/images/9d3069cb6e3682c815d4b995c3e3b58c.png","images/BNG__3_Hot_Teapots_Hold_and_Win__273284.png"
"273288","BNG","Coin Volcano 2: Hold and Win","3","0","0","0","","2025-12-11 10:14:52","https://static.ptgaming.ph/images/f9af9e7dcaac3c85ee275bb820c07641.png","images/BNG__Coin_Volcano_2_Hold_and_Win__273288.png"
"273289","PGSoft","Poker Kingdom Win","3","0","0","0","","2025-12-16 11:01:09","https://static.ptgaming.ph/images/4364e3dffa554bee0c2993014ee05e55.png","images/PGSoft__Poker_Kingdom_Win__273289.png"
"273291","KM","Teen Patti Versus","3","0","0","0","","2026-01-16 16:23:41","https://static.ptgaming.ph/images/248f33a93aedb22e4e712c85a161089d.png","images/KM__Teen_Patti_Versus__273291.png"
"273292","Evolution","Perya Classic Blackjack 2","3","0","0","0","","2026-01-19 17:09:38","https://static.ptgaming.ph/images/c7423630e2647a3ed35c55c7bdbc342e.png","images/Evolution__Perya_Classic_Blackjack_2__273292.png"
"273294","Jumbo","Money Boost","3","0","0","0","","2026-02-09 16:44:03","https://static.ptgaming.ph/images/746beef17d414f207e4342bfbdafc16d.png","images/Jumbo__Money_Boost__273294.png"
"273297","PGSoft","Reel Royale Showdown","3","0","0","0","","2026-05-11 16:03:32","https://static.ptgaming.ph/images/38499641c9c1585374816fb2a2a107dc.png","images/PGSoft__Reel_Royale_Showdown__273297.png"
"274002","BNG","Thunder of Olympus","3","0","0","0","","2025-10-21 10:43:51","https://static.ptgaming.ph/images/c44da038c1a93290675727ffa75d63b4.png","images/BNG__Thunder_of_Olympus__274002.png"
"274003","BNG","Golden Teapot","3","0","0","0","","2025-10-21 11:26:52","https://static.ptgaming.ph/images/641411fc16440851a70bbf1230c697e4.png","images/BNG__Golden_Teapot__274003.png"
"274004","BNG","Dragon Wealth","3","0","0","0","","2025-10-21 11:38:46","https://static.ptgaming.ph/images/299de5331d1b624d58c7e7e1e92b3eb9.png","images/BNG__Dragon_Wealth__274004.png"
"274005","BNG","Clover Charm: Hit the Bonus","3","0","0","0","","2025-10-21 11:45:36","https://static.ptgaming.ph/images/55889a4930da0dcadc85ee96c0aefc33.png","images/BNG__Clover_Charm_Hit_the_Bonus__274005.png"
"274006","BNG","Book of Sun: Multichance","3","0","0","0","","2025-10-21 11:49:04","https://static.ptgaming.ph/images/cee5503e05ea4fcf9973c7086c9b5161.png","images/BNG__Book_of_Sun_Multichance__274006.png"
"274007","BNG","Arizona Heist: Hold and Win","3","0","0","0","","2025-10-21 11:52:31","https://static.ptgaming.ph/images/78a73a3f302f9018301a2625b7ddcc9e.png","images/BNG__Arizona_Heist_Hold_and_Win__274007.png"
"274293","JILI","Fortune Roulette","3","0","0","0","","2026-01-15 14:11:18","https://static.ptgaming.ph/images/c8c20c9fcf6d0edadf17ab09ec1673c5.png","images/JILI__Fortune_Roulette__274293.png"
"274294","YellowBat","Mega Bandit","3","0","0","0","1.5% cash 2%","2026-01-15 14:43:22","https://static.ptgaming.ph/images/44c2e06018d535b273f531f7bf7596c1.png","images/YellowBat__Mega_Bandit__274294.png"
"274298","PragmaticPlay","3 Magic Eggs","3","0","0","0","","2026-02-05 10:49:52","https://static.ptgaming.ph/images/3e48d640e67dcbe2a30d838f4d52725c.png","images/PragmaticPlay__3_Magic_Eggs__274298.png"
"274299","Evolution","Perya Blackjack 6","3","0","0","0","","2026-03-05 16:45:37","https://static.ptgaming.ph/images/a119fc5d36b7ca9b719bdbdfdd93c875.png","images/Evolution__Perya_Blackjack_6__274299.png"
"274303","BNG","3 Super Coin Volcanoes: Hit the Bonus","3","0","0","0","","2026-04-30 17:33:24","https://static.ptgaming.ph/images/769cca2a4959751f016f287d33989b09.png","images/BNG__3_Super_Coin_Volcanoes_Hit_the_Bonus__274303.png"
"274305","PGSoft","Mighty Mania","3","0","0","0","","2026-05-28 11:11:50","https://static.ptgaming.ph/images/4ef397970d20d82670a35952a5193a3d.png","images/PGSoft__Mighty_Mania__274305.png"
"274306","CQ9","Sugar Combo","3","0","0","0","","2026-06-17 17:11:42","https://static.ptgaming.ph/images/8ffd90146ec8d8ed8d4a8252a4fc6aa0.png","images/CQ9__Sugar_Combo__274306.png"
"275002","BNG","Scarab Temple","3","0","0","0","","2025-10-21 10:55:23","https://static.ptgaming.ph/images/19bb23a5b8d9d37f2a47a056faaa3fec.png","images/BNG__Scarab_Temple__275002.png"
"275004","BNG","Fire temple: Hold and Win","3","0","0","0","","2025-10-21 11:36:40","https://static.ptgaming.ph/images/56f80d8edc36e5cb9e16a52bf67212ca.png","images/BNG__Fire_temple_Hold_and_Win__275004.png"
"275005","BNG","3 Clover Pots Extra","3","0","0","0","","2025-10-21 12:00:36","https://static.ptgaming.ph/images/6c3c2ae508901cb3c94803d136076e2c.png","images/BNG__3_Clover_Pots_Extra__275005.png"
"275006","PGSoft","Knockout Riches","3","0","0","0","","2025-10-28 17:32:17","https://static.ptgaming.ph/images/247dc61a9c32c2add9738ddacf345219.png","images/PGSoft__Knockout_Riches__275006.png"
"275007","FaChai","CYBER GOD OF FORTUNE⁺","3","0","0","0","","2025-10-29 10:00:43","https://static.ptgaming.ph/images/3ba1ca4b3581cc3228f38d18efd6843d.png","images/FaChai__CYBER_GOD_OF_FORTUNE__275007.png"
"275321","5G","MAHJONG WAYS 3+","3","0","0","0","","2025-12-24 17:55:29","https://static.ptgaming.ph/images/154563bee2519f0b91879da132d6a780.png","images/5G__MAHJONG_WAYS_3__275321.png"
"275322","YellowBat","MAGIC LAMP JP","3","0","0","0","","2026-01-15 15:45:49","https://static.ptgaming.ph/images/c40f4a2acfcc9070d051f4d8337e3bdc.png","images/YellowBat__MAGIC_LAMP_JP__275322.png"
"275323","KM","Chicken Crossy","3","0","0","0","","2026-01-16 16:25:16","https://static.ptgaming.ph/images/4db58d7edda485a6038541b83ca8ea95.png","images/KM__Chicken_Crossy__275323.png"
"275324","PragmaticPlay","DJ Neko","3","0","0","0","Exclusive ZI","2026-02-06 10:33:23","https://static.ptgaming.ph/images/26a3a120ed169d586b3fce0681f12214.png","images/PragmaticPlay__DJ_Neko__275324.png"
"275328","Evolution","Perya Speed Baccarat 9","3","0","0","0","1% Cashback EVO","2026-03-31 15:15:25","https://static.ptgaming.ph/images/9a01b63b20ee063b06f8c7e21f857f4b.png","images/Evolution__Perya_Speed_Baccarat_9__275328.png"
"275329","PragmaticPlay","Inca Queen","3","0","0","0","","2026-04-07 11:45:33","https://static.ptgaming.ph/images/f8f30e3c57b1b858a2de460bad8e6848.png","images/PragmaticPlay__Inca_Queen__275329.png"
"275330","5G","OLYMPUS APOLLO","3","0","0","0","","2026-05-06 15:58:15","https://static.ptgaming.ph/images/f159fd92498b5eedf2b6b818ef4a8e1c.png","images/5G__OLYMPUS_APOLLO__275330.png"
"275331","PragmaticPlay","Launch to Riches","3","0","0","0","","2026-05-07 14:28:33","https://static.ptgaming.ph/images/37cf960d2e65d0a6e257ad0a880929f6.png","images/PragmaticPlay__Launch_to_Riches__275331.png"
"275333","Jumbo","Goal Rush","3","0","0","0","","2026-05-28 11:22:50","https://static.ptgaming.ph/images/24682cff64b4f71c6d8fa36d7fa13882.png","images/Jumbo__Goal_Rush__275333.png"
"276002","BNG","Rio Gems","3","0","0","0","","2025-10-21 11:00:57","https://static.ptgaming.ph/images/bc4a14bb20473103253bd595f01d084c.png","images/BNG__Rio_Gems__276002.png"
"276003","BNG","Power Sun","3","0","0","0","","2025-10-21 11:02:30","https://static.ptgaming.ph/images/d423ea9c0e50190fe663a72a7059bd60.png","images/BNG__Power_Sun__276003.png"
"276005","BNG","3 Coin Volcanoes","3","0","0","0","","2025-10-21 12:00:19","https://static.ptgaming.ph/images/96fbff43cb1074352db4d497041553b0.png","images/BNG__3_Coin_Volcanoes__276005.png"
"276338","JILI","Circus Jackpot","3","0","0","0","","2025-12-03 14:19:00","https://static.ptgaming.ph/images/9db4f7aaca15aef2698ee9d745d82f11.png","images/JILI__Circus_Jackpot__276338.png"
"276339","SparkGame","Top Ace 2 Pinoy","3","0","0","0","","2025-12-16 10:50:26","https://static.ptgaming.ph/images/883ebe0ed1ba19db8f2e874aa477d2a1.png","images/SparkGame__Top_Ace_2_Pinoy__276339.png"
"276345","KM","Mahjong Beauty","3","0","0","0","","2026-01-16 16:24:05","https://static.ptgaming.ph/images/5107140f4d2187fa64cad63e9551c9c8.png","images/KM__Mahjong_Beauty__276345.png"
"276347","YGR","Gallop to Riches","3","0","0","0","","2026-01-23 09:36:11","https://static.ptgaming.ph/images/f9850c28b9c9b69129b8fc2724b71a96.png","images/YGR__Gallop_to_Riches__276347.png"
"276348","Evolution","Perya Blackjack 8","3","0","0","0","","2026-03-05 19:02:16","https://static.ptgaming.ph/images/060d51975dd29fdc2a96e40effa70615.png","images/Evolution__Perya_Blackjack_8__276348.png"
"276352","PGSoft","Super Wildrix","3","0","0","0","","2026-06-11 15:45:43","https://static.ptgaming.ph/images/a2e8de9b8cbbe58e08ff5d857526b4cf.png","images/PGSoft__Super_Wildrix__276352.png"
"277003","5G","GOD OF FORTUNE 2","3","0","0","0","","2025-12-24 17:56:17","https://static.ptgaming.ph/images/e243c6e5a465d440c58e44b898062343.png","images/5G__GOD_OF_FORTUNE_2__277003.png"
"277004","5G","GOLDEN ISLAND","3","0","0","0","","2025-12-24 18:01:42","https://static.ptgaming.ph/images/0fca5c43d4e4d119176f01fb3c2e5639.png","images/5G__GOLDEN_ISLAND__277004.png"
"277007","BNG","Charge the Clovers: Hit The Bonus","3","0","0","0","","2026-01-16 04:40:37","https://static.ptgaming.ph/images/1b4ed66ddbb7d654d8b3fc8f3c0be0ea.png","images/BNG__Charge_the_Clovers_Hit_The_Bonus__277007.png"
"277014","BNG","Sun of Egypt 5: Hold and Win","3","0","0","0","","2026-01-29 14:18:38","https://static.ptgaming.ph/images/9a6adc068a59c94ac322bedb39ddf60c.png","images/BNG__Sun_of_Egypt_5_Hold_and_Win__277014.png"
"277021","BNG","Egypt Power x1000","3","0","0","0","","2026-03-12 10:23:48","https://static.ptgaming.ph/images/8bba49e2f3d5bf1691f5951f001484de.png","images/BNG__Egypt_Power_x1000__277021.png"
"277035","BNG","Coin Tornado","3","0","0","0","","2026-04-03 00:09:13","https://static.ptgaming.ph/images/3e483cd755a64c835eb0adce9be1b8f9.png","images/BNG__Coin_Tornado__277035.png"
"277048","BNG","Diamonds Power XXL: Hold and win","3","0","0","0","","2026-05-21 23:43:33","https://static.ptgaming.ph/images/5241e1aa6b6d06a42eee426fb5afd7df.png","images/BNG__Diamonds_Power_XXL_Hold_and_win__277048.png"
"277049","BNG","Lava Coins 2","3","0","0","0","","2026-05-22 01:44:42","https://static.ptgaming.ph/images/2d2905fbe513c873805e87734d101457.png","images/BNG__Lava_Coins_2__277049.png"
"277050","BNG","Coin Strike XXL: Hold and Win","3","0","0","0","","2026-05-23 14:14:54","https://static.ptgaming.ph/images/8eb56350ef18024ff66f2305a2c89411.png","images/BNG__Coin_Strike_XXL_Hold_and_Win__277050.png"
"277051","BNG","4 Supercharged Clovers: Hold and Win","3","0","0","0","","2026-05-28 10:36:07","https://static.ptgaming.ph/images/ceaef34fbd925ec616204f5f90bcad1a.png","images/BNG__4_Supercharged_Clovers_Hold_and_Win__277051.png"
"277052","BNG","Tornado Power: Hold and Win","3","0","0","0","","2026-06-04 14:19:57","https://static.ptgaming.ph/images/81c81791b7e0adfa77833349b940099f.png","images/BNG__Tornado_Power_Hold_and_Win__277052.png"
"277053","BNG","Sugar Teddy x1000","3","0","0","0","","2026-06-11 08:19:01","https://static.ptgaming.ph/images/8791fdc8ae516ddd2d9b76147593039e.png","images/BNG__Sugar_Teddy_x1000__277053.png"
"278002","PragmaticPlay","Bear Crazy","3","0","0","0","","2026-06-18 10:33:49","https://static.ptgaming.ph/images/81f5431abc728f832d689974f55b5231.jpg","images/PragmaticPlay__Bear_Crazy__278002.jpg"
"278003","BNG","4 Fairy Flowers: Hold and Win","3","0","0","0","","2026-06-18 14:14:12","https://static.ptgaming.ph/images/0a472e5b9d9f4cd19552fd6890588784.png","images/BNG__4_Fairy_Flowers_Hold_and_Win__278003.png"
"279002","Evolution","Duck Hunters Happy Hour","3","0","0","0","","2026-06-18 14:57:30","https://static.ptgaming.ph/images/0cf3cd35b2870e8615a7c005cf697909.png","images/Evolution__Duck_Hunters_Happy_Hour__279002.png"
"280003","PlayTech","Sports Unlimited Blackjack","3","0","0","0","","2026-06-22 17:52:46","https://static.ptgaming.ph/images/bdbf67dcf71e965e953c5dd5bc06a2a4.png","images/PlayTech__Sports_Unlimited_Blackjack__280003.png"
"280004","JILI","Lucky Caramelo","3","0","0","0","","2026-06-24 16:39:12","https://static.ptgaming.ph/images/551b4566cfdf154b6b6db854fad32ce4.png","images/JILI__Lucky_Caramelo__280004.png"
"280006","Evolution","Tombstone Begins","3","0","0","0","","2026-06-29 16:49:47","https://static.ptgaming.ph/images/741ff09a77381f98a930abc0a5a5848e.png","images/Evolution__Tombstone_Begins__280006.png"
"280007","PlayTech","Robbits","3","0","0","0","","2026-07-03 17:39:12","https://static.ptgaming.ph/images/2ad6551d61779cf960eee7869d1e7471.png","images/PlayTech__Robbits__280007.png"
"281002","PragmaticPlay","Better Barn House Bonanza","3","0","0","0","","2026-06-22 11:10:49","https://static.ptgaming.ph/images/592a1f3f84b34b884ea1c7443c9cf3a7.png","images/PragmaticPlay__Better_Barn_House_Bonanza__281002.png"
"284002","PGSoft","Zombie Blasters","3","0","0","0","","2026-06-22 15:18:11","https://static.ptgaming.ph/images/e188f650e1742ee50c3deddf78294c87.png","images/PGSoft__Zombie_Blasters__284002.png"
"285002","PlayTech","Sports Blackjack 1","3","0","0","0","","2026-06-22 17:47:40","https://static.ptgaming.ph/images/7262d3af9dedb6a05cf17f63801debe7.png","images/PlayTech__Sports_Blackjack_1__285002.png"
"286002","PlayTech","Sports Blackjack 2","3","0","0","0","","2026-06-22 17:48:10","https://static.ptgaming.ph/images/c427f4131aa14b83f2baa0cd086de367.png","images/PlayTech__Sports_Blackjack_2__286002.png"
"287002","PlayTech","Sports Roulette","3","0","0","0","","2026-06-22 17:48:50","https://static.ptgaming.ph/images/f3421d9886268e31708f9de326995f9a.png","images/PlayTech__Sports_Roulette__287002.png"
"287003","PragmaticPlay","Hell Butcher","3","0","0","0","","2026-06-29 15:28:42","https://static.ptgaming.ph/images/8ce49e191c041566d272bf585a4efef4.png","images/PragmaticPlay__Hell_Butcher__287003.png"
"288004","PragmaticPlay","Luxor of Cleopatra","3","0","0","0","","2026-07-02 11:26:44","https://static.ptgaming.ph/images/40345bb6d63d6037f5542cddaa51eee6.png","images/PragmaticPlay__Luxor_of_Cleopatra__288004.png"
"289003","Jumbo","Sugar Pop","3","0","0","0","","2026-07-02 14:33:12","https://static.ptgaming.ph/images/17cc897883f76f6bec8690fb3fff6b5c.png","images/Jumbo__Sugar_Pop__289003.png"
"290002","PlayTech","Sports All Bets Blackjack","3","0","0","0","","2026-06-22 17:50:56","https://static.ptgaming.ph/images/075487a6c5b9b7caba247e475b6a9616.png","images/PlayTech__Sports_All_Bets_Blackjack__290002.png"
"290003","PlayTech","Sports Football Roulette","3","0","0","0","","2026-06-22 17:53:14","https://static.ptgaming.ph/images/4d9fd74942ec61c233dddfc3d87f85c2.png","images/PlayTech__Sports_Football_Roulette__290003.png"
"292002","JILI","Cash Balloon","3","0","0","0","","2026-06-24 16:39:28","https://static.ptgaming.ph/images/d619693ea7ca15ef51cf0a180cad6442.png","images/JILI__Cash_Balloon__292002.png"
"293003","Evolution","Fire In The Hole 3","3","0","0","0","","2026-06-27 08:55:32","https://static.ptgaming.ph/images/cc09f244e01b68b9906077004122824f.png","images/Evolution__Fire_In_The_Hole_3__293003.png"
"294003","BNG","Thunder Coins XXL: Multicoin","3","0","0","0","","2026-06-25 09:59:48","https://static.ptgaming.ph/images/223bd33574c62e2d8d22304b424bc3a6.png","images/BNG__Thunder_Coins_XXL_Multicoin__294003.png"
"294004","BNG","Purple Diamond: Hold and Win","3","0","0","0","","2026-06-25 15:26:16","https://static.ptgaming.ph/images/bebb6e64b345864c65448c5cd7ffd018.png","images/BNG__Purple_Diamond_Hold_and_Win__294004.png"
"296004","Evolution","The Crypt 2","3","0","0","0","","2026-06-29 16:46:37","https://static.ptgaming.ph/images/6c49af602621d6c1868e70eac22f1b8b.png","images/Evolution__The_Crypt_2__296004.png"
"299003","JILI","Speed AndarBahar","3","0","0","0","","2026-07-02 11:21:43","https://static.ptgaming.ph/images/573d0746081e5238fb24e532602f88b1.png","images/JILI__Speed_AndarBahar__299003.png"
"302002","Evolution","Crazy Ex-Girlfriend","3","0","0","0","","2026-06-29 16:47:35","https://static.ptgaming.ph/images/adcf5355d4c1420060ef321347660389.png","images/Evolution__Crazy_Ex-Girlfriend__302002.png"